control_dt_s,duration_s,replicate,group,sensor_seed,initial_state_seed,controller_seed,comfort_residence_fraction,deadband_fraction,effective_control_decisions,maximum_rate_fraction,minimum_rate_fraction,reached,restricted_first_entry_s,rms_temperature_error_K,turn_count
0.1,180.0,0,response,71000,72000,73000,0.4433333338219737,0.08004446914952751,1799,0.0011117287381878821,0.519733185102835,1.0,63.69999998534292,0.5100504201656076,10
0.1,180.0,0,no_response,71000,72000,73000,0.0,0.06559199555308505,1799,0.0,0.0,0.0,180.0,1.1522236627013382,16
0.1,180.0,1,response,71001,72001,73001,0.4816666669109255,0.1000555864369094,1799,0.0,0.5252918287937743,1.0,86.09999998534293,0.7521455326080339,12
0.1,180.0,1,no_response,71001,72001,73001,0.0,0.13952195664257921,1799,0.0,0.0,0.0,180.0,1.3306252281456923,15
0.1,180.0,2,response,71002,72002,73002,0.5088888890518127,0.07893274041133963,1799,0.0,0.49082823790994995,1.0,87.49999998534292,0.6101872900092963,15
0.1,180.0,2,no_response,71002,72002,73002,0.0,0.0906058921623124,1799,0.0,0.0,0.0,180.0,1.3050825261262213,15
0.1,180.0,3,response,71003,72003,73003,0.6916666669109135,0.1272929405225125,1799,0.0,0.4613674263479711,1.0,47.49999998534292,0.41964907032212173,19
0.1,180.0,3,no_response,71003,72003,73003,0.435000000244451,0.12506948304613674,1799,0.0,0.0,1.0,90.89999998534293,0.5336390332216843,17
0.1,180.0,4,response,71004,72004,73004,0.7161111116814485,0.10783768760422457,1799,0.0,0.4847137298499166,1.0,47.49999998534292,0.4160256135277117,17
0.1,180.0,4,no_response,71004,72004,73004,0.21555555604439833,0.12340188993885493,1799,0.0,0.0,1.0,105.89999998534293,0.5437330145495199,16
0.1,180.0,5,response,71005,72005,73005,0.40611111135537425,0.08337965536409116,1799,0.0011117287381878821,0.5052807115063924,1.0,77.49999998534292,0.6885902055004218,16
0.1,180.0,5,no_response,71005,72005,73005,0.16111111143710055,0.07059477487493052,1799,0.0,0.0,1.0,91.09999998534293,0.8118489952639494,21
0.1,180.0,6,response,71006,72006,73006,0.600000000325775,0.11450806003335186,1799,0.0016675931072818232,0.4302390216787104,1.0,47.49999998534292,0.4362630501072512,17
0.1,180.0,6,no_response,71006,72006,73006,0.2938888889703019,0.10617009449694274,1799,0.0,0.0,1.0,127.09999998534293,0.9192399372428423,22
0.1,180.0,7,response,71007,72007,73007,0.7294444445258329,0.08337965536409116,1799,0.0011117287381878821,0.4858254585881045,1.0,48.69999998534292,0.4221949102277548,16
0.1,180.0,7,no_response,71007,72007,73007,0.0,0.06670372429127293,1799,0.0,0.0,0.0,180.0,1.273944096104691,17
0.1,180.0,8,response,71008,72008,73008,0.5694444446888878,0.10505836575875487,1799,0.0,0.47971095052807117,1.0,47.49999998534292,0.43897080641983405,19
0.1,180.0,8,no_response,71008,72008,73008,0.0,0.11895497498610338,1799,0.0,0.0,0.0,180.0,1.0841148996096102,23
0.1,180.0,9,response,71009,72009,73009,0.25277777785919314,0.12673707615341856,1799,0.0,0.4924958310172318,1.0,134.49999998534292,0.9458941495866358,16
0.1,180.0,9,no_response,71009,72009,73009,0.0,0.07392996108949416,1799,0.0,0.0,0.0,180.0,1.1623949586951925,18
0.1,180.0,10,response,71010,72010,73010,0.37500000024445435,0.07337409672040023,1799,0.0,0.4886047804335742,1.0,105.89999998534293,0.7512720146524825,15
0.1,180.0,10,no_response,71010,72010,73010,0.13500000024427847,0.06448026681489717,1799,0.0,0.0,1.0,130.09999998534292,0.7922810780693084,14
0.1,180.0,11,response,71011,72011,73011,0.7183333335775788,0.11450806003335186,1799,0.0,0.47581989994441354,1.0,48.49999998534292,0.42399205443288884,22
0.1,180.0,11,no_response,71011,72011,73011,0.0,0.09116175653140633,1799,0.0,0.0,0.0,180.0,1.1852797231971106,21
0.1,180.0,12,response,71012,72012,73012,0.6894444448519269,0.08615897720956087,1799,0.0,0.48916064480266813,1.0,47.49999998534292,0.4180247148461653,16
0.1,180.0,12,no_response,71012,72012,73012,0.29000000048855434,0.08893829905503058,1799,0.0,0.0,1.0,51.49999998534292,0.5422528561473903,16
0.1,180.0,13,response,71013,72013,73013,0.6150000002444408,0.10505836575875487,1799,0.0,0.49082823790994995,1.0,50.89999998534292,0.4530715567717222,18
0.1,180.0,13,no_response,71013,72013,73013,0.0,0.06281267370761534,1799,0.0,0.0,0.0,180.0,1.1690191786279627,12
0.1,180.0,14,response,71014,72014,73014,0.6438888896222762,0.09449694274596998,1799,0.0,0.4974986103390773,1.0,51.89999998534292,0.46119005482194214,13
0.1,180.0,14,no_response,71014,72014,73014,0.09777777794063015,0.054474708171206226,1799,0.0,0.0,1.0,152.49999998534292,0.988541538496655,13
0.1,180.0,15,response,71015,72015,73015,0.23500000024446233,0.0405780989438577,1799,0.0,0.5630906058921623,1.0,58.89999998534292,0.5092262627424518,13
0.1,180.0,15,no_response,71015,72015,73015,0.0,0.08060033351862146,1799,0.0,0.0,0.0,180.0,0.9417462904389657,18
0.1,180.0,16,response,71016,72016,73016,0.6038888891331408,0.12340188993885493,1799,0.0,0.4396887159533074,1.0,59.09999998534292,0.5186165271394905,19
0.1,180.0,16,no_response,71016,72016,73016,0.0,0.08504724847137299,1799,0.0,0.0,0.0,180.0,1.231807717678912,21
0.1,180.0,17,response,71017,72017,73017,0.5905555557999977,0.09171762090050027,1799,0.0,0.4991662034463591,1.0,64.29999998534292,0.5722738777116346,18
0.1,180.0,17,no_response,71017,72017,73017,0.0,0.08504724847137299,1799,0.0,0.0,0.0,180.0,0.9752538336248648,17
0.1,180.0,18,response,71018,72018,73018,0.5661111113553652,0.10672595886603668,1799,0.0,0.5075041689827682,1.0,68.89999998534293,0.6121664842544435,7
0.1,180.0,18,no_response,71018,72018,73018,0.0,0.11395219566425792,1799,0.0,0.0,0.0,180.0,1.0325802244862128,19
0.1,180.0,19,response,71019,72019,73019,0.4088888890517237,0.09949972206781545,1799,0.0005558643690939411,0.4313507504168983,1.0,47.49999998534292,0.48193447687418955,24
0.1,180.0,19,no_response,71019,72019,73019,0.21777777794062342,0.04613674263479711,1799,0.0,0.0,1.0,49.89999998534292,0.6669567035756081,16
0.1,180.0,20,response,71020,72020,73020,0.645000000407106,0.1406336853807671,1799,0.0,0.43468593663146193,1.0,47.49999998534292,0.4182078696321039,13
0.1,180.0,20,no_response,71020,72020,73020,0.0,0.06170094496942746,1799,0.0,0.0,0.0,180.0,0.8370933281301427,13
0.1,180.0,21,response,71021,72021,73021,0.6438888889702822,0.09727626459143969,1799,0.0,0.4785992217898833,1.0,64.09999998534293,0.4218156258630324,15
0.1,180.0,21,no_response,71021,72021,73021,0.5127777781850807,0.11839911061700945,1799,0.0,0.0,1.0,73.29999998534292,0.488213054584437,17
0.1,180.0,22,response,71022,72022,73022,0.42833333357759523,0.07837687604224569,1799,0.0,0.5308504724847137,1.0,100.69999998534293,0.6696474893554072,16
0.1,180.0,22,no_response,71022,72022,73022,0.0,0.08060033351862146,1799,0.0,0.0,0.0,180.0,1.316734837053806,19
0.1,180.0,23,response,71023,72023,73023,0.40611111151860957,0.0867148415786548,1799,0.0,0.4963868816008894,1.0,66.89999998534293,0.6093743348714252,20
0.1,180.0,23,no_response,71023,72023,73023,0.0,0.0678154530294608,1799,0.0,0.0,0.0,180.0,1.0166632305952834,17
0.1,180.0,24,response,71024,72024,73024,0.5805555557998088,0.10394663702056699,1799,0.0,0.45136186770428016,1.0,72.09999998534293,0.5160127776195734,19
0.1,180.0,24,no_response,71024,72024,73024,0.0,0.061145080600333516,1799,0.0,0.0,0.0,180.0,0.9565182300638311,14
0.1,180.0,25,response,71025,72025,73025,0.49722222246648023,0.07337409672040023,1799,0.0,0.49416342412451364,1.0,47.49999998534292,0.45439425857092874,12
0.1,180.0,25,no_response,71025,72025,73025,0.0,0.1056142301278488,1799,0.0,0.0,0.0,180.0,1.1725123680939713,13
0.1,180.0,26,response,71026,72026,73026,0.39166666674807427,0.0906058921623124,1799,0.0,0.5069483046136742,1.0,109.49999998534292,0.8380625354550435,22
0.1,180.0,26,no_response,71026,72026,73026,0.0,0.11284046692607004,1799,0.0,0.0,0.0,180.0,0.9244285610280787,22
0.1,180.0,27,response,71027,72027,73027,0.6405555564516099,0.08615897720956087,1799,0.0,0.49972206781545303,1.0,47.49999998534292,0.4261015997779527,16
0.1,180.0,27,no_response,71027,72027,73027,0.17888888921468787,0.0528071150639244,1799,0.0,0.0,1.0,104.89999998534293,0.6210753255443174,14
0.1,180.0,28,response,71028,72028,73028,0.3261111111925224,0.09005002779321845,1799,0.0027793218454697055,0.5097276264591439,1.0,121.29999998534294,0.7158805300700196,18
0.1,180.0,28,no_response,71028,72028,73028,0.0,0.09949972206781545,1799,0.0,0.0,0.0,180.0,1.0914086718039615,19
0.1,180.0,29,response,71029,72029,73029,0.48722222246667024,0.1178432462479155,1799,0.0,0.46748193440800445,1.0,83.89999998534293,0.6921655903354657,17
0.1,180.0,29,no_response,71029,72029,73029,0.0,0.09116175653140633,1799,0.0,0.0,0.0,180.0,1.2742604181772783,15
0.1,180.0,30,response,71030,72030,73030,0.5644444446072704,0.11061700944969427,1799,0.0027793218454697055,0.42857142857142855,1.0,58.09999998534292,0.5217286097409489,18
0.1,180.0,30,no_response,71030,72030,73030,0.0,0.08337965536409116,1799,0.0,0.0,0.0,180.0,1.1102139813767629,19
0.1,180.0,31,response,71031,72031,73031,0.5727777781850774,0.07948860478043357,1799,0.0,0.5147304057809894,1.0,59.09999998534292,0.5296427349323936,16
0.1,180.0,31,no_response,71031,72031,73031,0.0,0.09171762090050027,1799,0.0,0.0,0.0,180.0,1.2060436070981102,14
0.1,180.0,32,response,71032,72032,73032,0.6794444448519275,0.09949972206781545,1799,0.0,0.4563646470261256,1.0,47.49999998534292,0.4145958835621278,15
0.1,180.0,32,no_response,71032,72032,73032,0.0,0.0689271817676487,1799,0.0,0.0,0.0,180.0,1.1588941318726602,19
0.1,180.0,33,response,71033,72033,73033,0.5450000004071117,0.06614785992217899,1799,0.0,0.5186214563646471,1.0,47.49999998534292,0.4417960263389529,8
0.1,180.0,33,no_response,71033,72033,73033,0.0,0.07893274041133963,1799,0.0,0.0,0.0,180.0,1.0743024444830334,20
0.1,180.0,34,response,71034,72034,73034,0.7027777780220241,0.08560311284046693,1799,0.0,0.5247359644246804,1.0,47.49999998534292,0.41413259819638487,10
0.1,180.0,34,no_response,71034,72034,73034,0.22166666674808388,0.06670372429127293,1799,0.0,0.0,1.0,140.09999998534292,0.7033115036106748,16
0.1,180.0,35,response,71035,72035,73035,0.5005555558000029,0.09505280711506392,1799,0.0005558643690939411,0.5319622012229016,1.0,85.29999998534294,0.6846673709830843,15
0.1,180.0,35,no_response,71035,72035,73035,0.0,0.0717065036131184,1799,0.0,0.0,0.0,180.0,1.10114918759146,16
0.1,180.0,36,response,71036,72036,73036,0.4438888891331499,0.05892162312395775,1799,0.0,0.5058365758754864,1.0,56.89999998534292,0.5365517848053254,23
0.1,180.0,36,no_response,71036,72036,73036,0.0,0.08337965536409116,1799,0.0,0.0,0.0,180.0,1.0629814067570098,21
0.1,180.0,37,response,71037,72037,73037,0.49500000057053933,0.07893274041133963,1799,0.0,0.5425236242356865,1.0,75.49999998534292,0.5299268922324163,11
0.1,180.0,37,no_response,71037,72037,73037,0.0,0.08949416342412451,1799,0.0,0.0,0.0,180.0,1.155213692593518,11
0.1,180.0,38,response,71038,72038,73038,0.505000000244447,0.11450806003335186,1799,0.0,0.43913285158421345,1.0,83.09999998534293,0.5193691943117138,20
0.1,180.0,38,no_response,71038,72038,73038,0.0,0.09505280711506392,1799,0.0,0.0,0.0,180.0,1.301798968948568,18
0.1,180.0,39,response,71039,72039,73039,0.4944444446072744,0.11951083935519734,1799,0.0022234574763757642,0.3841022790439133,1.0,47.89999998534292,0.49375923957599543,20
0.1,180.0,39,no_response,71039,72039,73039,0.29666666699245897,0.0744858254585881,1799,0.0,0.0,1.0,55.89999998534292,0.6095828336748602,14
0.1,180.0,40,response,71040,72040,73040,0.5138888889702895,0.13062812673707616,1799,0.0,0.4291272929405225,1.0,87.49999998534292,0.7136896680085989,19
0.1,180.0,40,no_response,71040,72040,73040,0.0,0.07837687604224569,1799,0.0,0.0,0.0,180.0,1.1334248394431206,20
0.1,180.0,41,response,71041,72041,73041,0.7050000002444357,0.09949972206781545,1799,0.0,0.4830461367426348,1.0,49.69999998534292,0.4335977705969749,15
0.1,180.0,41,no_response,71041,72041,73041,0.037777777940632674,0.07281823235130629,1799,0.0,0.0,1.0,155.29999998534294,0.9318173283070742,16
0.1,180.0,42,response,71042,72042,73042,0.7083333335775793,0.12618121178432462,1799,0.0005558643690939411,0.4924958310172318,1.0,47.49999998534292,0.41277521997113686,16
0.1,180.0,42,no_response,71042,72042,73042,0.0,0.07726514730405781,1799,0.0,0.0,0.0,180.0,1.2438839817281997,19
0.1,180.0,43,response,71043,72043,73043,0.4627777780222272,0.09449694274596998,1799,0.0,0.481378543635353,1.0,86.09999998534293,0.7433969927897797,19
0.1,180.0,43,no_response,71043,72043,73043,0.0,0.11617565314063369,1799,0.0,0.0,0.0,180.0,1.175288303164613,25
0.1,180.0,44,response,71044,72044,73044,0.3005555558000141,0.09227348526959422,1799,0.0,0.5630906058921623,1.0,110.49999998534292,0.8324849121088534,18
0.1,180.0,44,no_response,71044,72044,73044,0.0,0.08560311284046693,1799,0.0,0.0,0.0,180.0,1.0613593799148953,17
0.1,180.0,45,response,71045,72045,73045,0.6050000002444413,0.11450806003335186,1799,0.0,0.4641467481934408,1.0,70.09999998534293,0.6194825223971664,20
0.1,180.0,45,no_response,71045,72045,73045,0.0,0.07615341856586992,1799,0.0,0.0,0.0,180.0,0.9891405921865247,20
0.1,180.0,46,response,71046,72046,73046,0.4872222226293372,0.11450806003335186,1799,0.0022234574763757642,0.44858254585881047,1.0,57.69999998534292,0.4577225506060806,16
0.1,180.0,46,no_response,71046,72046,73046,0.0,0.11951083935519734,1799,0.0,0.0,0.0,180.0,0.8878827149773517,18
0.1,180.0,47,response,71047,72047,73047,0.40944444501498867,0.09227348526959422,1799,0.0,0.49082823790994995,1.0,86.89999998534293,0.7047658271448087,14
0.1,180.0,47,no_response,71047,72047,73047,0.0,0.08171206225680934,1799,0.0,0.0,0.0,180.0,1.1503664594863283,12
0.1,180.0,48,response,71048,72048,73048,0.38166666691093115,0.07893274041133963,1799,0.0,0.5330739299610895,1.0,96.49999998534292,0.7950547150982765,14
0.1,180.0,48,no_response,71048,72048,73048,0.34111111143680606,0.07559755419677598,1799,0.0,0.0,1.0,103.49999998534292,0.576902472019514,20
0.1,180.0,49,response,71049,72049,73049,0.44277777818508474,0.06170094496942746,1799,0.0,0.5258476931628683,1.0,69.29999998534292,0.6155886144351772,15
0.1,180.0,49,no_response,71049,72049,73049,0.0,0.07782101167315175,1799,0.0,0.0,0.0,180.0,1.2797864144718316,21
0.1,180.0,50,response,71050,72050,73050,0.6288888892146623,0.12784880489160644,1799,0.0,0.4296831573096164,1.0,64.69999998534293,0.4552440956966573,21
0.1,180.0,50,no_response,71050,72050,73050,0.0,0.09505280711506392,1799,0.0,0.0,0.0,180.0,0.998276779700343,22
0.1,180.0,51,response,71051,72051,73051,0.47333333349625917,0.11728738187882157,1799,0.005558643690939411,0.4074485825458588,1.0,56.49999998534292,0.4842117489051272,21
0.1,180.0,51,no_response,71051,72051,73051,0.0,0.06170094496942746,1799,0.0,0.0,0.0,180.0,0.9928660153537552,18
0.1,180.0,52,response,71052,72052,73052,0.6716666669109147,0.1245136186770428,1799,0.0016675931072818232,0.47804335742078935,1.0,53.29999998534292,0.4529599933278407,10
0.1,180.0,52,no_response,71052,72052,73052,0.331666666910934,0.0744858254585881,1799,0.0,0.0,1.0,99.09999998534293,0.6779544166912052,14
0.1,180.0,53,response,71053,72053,73053,0.37222222254791554,0.07948860478043357,1799,0.0005558643690939411,0.47026125625347415,1.0,55.69999998534292,0.5327195259546403,20
0.1,180.0,53,no_response,71053,72053,73053,0.0,0.07670928293496387,1799,0.0,0.0,0.0,180.0,1.0959298963792234,18
0.1,180.0,54,response,71054,72054,73054,0.6827777780222147,0.10227904391328516,1799,0.0,0.4819344080044469,1.0,47.49999998534292,0.4174258576881202,17
0.1,180.0,54,no_response,71054,72054,73054,0.0,0.08782657031684268,1799,0.0,0.0,0.0,180.0,1.0568012953142025,22
0.1,180.0,55,response,71055,72055,73055,0.5200000001629232,0.05947748749305169,1799,0.0016675931072818232,0.462479155086159,1.0,70.29999998534292,0.6234944711507477,17
0.1,180.0,55,no_response,71055,72055,73055,0.491666666910925,0.07281823235130629,1799,0.0,0.0,1.0,87.89999998534293,0.6709011584760052,19
0.1,180.0,56,response,71056,72056,73056,0.3472222224664887,0.07670928293496387,1799,0.0,0.5208449138410228,1.0,75.09999998534293,0.5946812255317999,27
0.1,180.0,56,no_response,71056,72056,73056,0.0,0.09783212896053363,1799,0.0,0.0,0.0,180.0,1.1291391627646643,19
0.1,180.0,57,response,71057,72057,73057,0.4283333335777847,0.07281823235130629,1799,0.0,0.5225125069483046,1.0,98.09999998534293,0.5149094030344848,16
0.1,180.0,57,no_response,71057,72057,73057,0.0,0.06559199555308505,1799,0.0,0.0,0.0,180.0,1.2279986862099381,21
0.1,180.0,58,response,71058,72058,73058,0.6777777781036431,0.0678154530294608,1799,0.0011117287381878821,0.5019455252918288,1.0,47.49999998534292,0.4185334342147015,19
0.1,180.0,58,no_response,71058,72058,73058,0.0,0.07337409672040023,1799,0.0,0.0,0.0,180.0,0.908350265285612,21
0.1,180.0,59,response,71059,72059,73059,0.5394444445258436,0.11561978877153975,1799,0.0,0.5036131183991106,1.0,82.89999998534293,0.726470689169373,24
0.1,180.0,59,no_response,71059,72059,73059,0.0,0.10339077265147303,1799,0.0,0.0,0.0,180.0,1.3054541993753246,23
0.1,180.0,60,response,71060,72060,73060,0.25166666691112805,0.02612562534741523,1799,0.0027793218454697055,0.5697609783212896,1.0,86.49999998534292,0.7882669006539926,14
0.1,180.0,60,no_response,71060,72060,73060,0.0,0.08893829905503058,1799,0.0,0.0,0.0,180.0,1.197300162866436,21
0.1,180.0,61,response,71061,72061,73061,0.5961111115184093,0.0906058921623124,1799,0.0,0.5208449138410228,1.0,63.49999998534292,0.5650030481727025,13
0.1,180.0,61,no_response,71061,72061,73061,0.0,0.0744858254585881,1799,0.0,0.0,0.0,180.0,1.23611981619906,13
0.1,180.0,62,response,71062,72062,73062,0.6827777778591687,0.13896609227348528,1799,0.0,0.37409672040022235,1.0,57.09999998534292,0.48081431851484013,21
0.1,180.0,62,no_response,71062,72062,73062,0.0,0.11117287381878821,1799,0.0,0.0,0.0,180.0,0.932969886378378,27
0.1,180.0,63,response,71063,72063,73063,0.298333333740459,0.08504724847137299,1799,0.0,0.5041689827682045,1.0,89.69999998534293,0.5711556977839869,15
0.1,180.0,63,no_response,71063,72063,73063,0.0,0.09005002779321845,1799,0.0,0.0,0.0,180.0,1.16106947059836,15
0.1,180.0,64,response,71064,72064,73064,0.6050000004071082,0.09616453585325181,1799,0.0005558643690939411,0.4947192884936076,1.0,62.29999998534292,0.4597283352396532,18
0.1,180.0,64,no_response,71064,72064,73064,0.0,0.09949972206781545,1799,0.0,0.0,0.0,180.0,0.933395557449607,29
0.1,180.0,65,response,71065,72065,73065,0.32444444477023515,0.0933852140077821,1799,0.0016675931072818232,0.4424680377987771,1.0,47.49999998534292,0.5199141253877929,21
0.1,180.0,65,no_response,71065,72065,73065,0.15166666691094424,0.08615897720956087,1799,0.0,0.0,1.0,146.89999998534293,0.8976365386700547,26
0.1,180.0,66,response,71066,72066,73066,0.5705555559628552,0.09616453585325181,1799,0.0,0.5141745414118954,1.0,47.49999998534292,0.4314241635431245,14
0.1,180.0,66,no_response,71066,72066,73066,0.0,0.06948304613674264,1799,0.0,0.0,0.0,180.0,1.226101701418859,10
0.1,180.0,67,response,71067,72067,73067,0.7361111111924992,0.14563646470261257,1799,0.0,0.4474708171206226,1.0,47.49999998534292,0.40907728691124623,17
0.1,180.0,67,no_response,71067,72067,73067,0.0,0.07670928293496387,1799,0.0,0.0,0.0,180.0,0.9363252616241603,27
0.1,180.0,68,response,71068,72068,73068,0.48611111151822606,0.1122846025569761,1799,0.0,0.5202890494719289,1.0,69.09999998534293,0.6212258598037353,16
0.1,180.0,68,no_response,71068,72068,73068,0.34111111143690087,0.08949416342412451,1799,0.0,0.0,1.0,74.09999998534293,0.5486403517383183,18
0.1,180.0,69,response,71069,72069,73069,0.7016666670739589,0.09672040022234575,1799,0.0,0.5147304057809894,1.0,48.89999998534292,0.4293887697128943,15
0.1,180.0,69,no_response,71069,72069,73069,0.0,0.08838243468593664,1799,0.0,0.0,0.0,180.0,1.0099429466834011,13
0.1,180.0,70,response,71070,72070,73070,0.40722222279276654,0.09783212896053363,1799,0.0,0.48638132295719844,1.0,51.29999998534292,0.4941455611007175,16
0.1,180.0,70,no_response,71070,72070,73070,0.07166666674809204,0.0689271817676487,1799,0.0,0.0,1.0,167.09999998534295,0.9801261732835999,19
0.1,180.0,71,response,71071,72071,73071,0.6194444446886955,0.09894385769872151,1799,0.0,0.5047248471372985,1.0,47.49999998534292,0.42535484271631896,16
0.1,180.0,71,no_response,71071,72071,73071,0.0,0.09394107837687604,1799,0.0,0.0,0.0,180.0,1.2342604767408065,22
0.1,180.0,72,response,71072,72072,73072,0.5161111115186033,0.07059477487493052,1799,0.0,0.5508615897720957,1.0,60.29999998534292,0.4444974690591549,15
0.1,180.0,72,no_response,71072,72072,73072,0.05555555571840975,0.06003335186214564,1799,0.0,0.0,1.0,65.69999998534293,0.6236493459201765,23
0.1,180.0,73,response,71073,72073,73073,0.4616666670739725,0.07392996108949416,1799,0.0,0.5586436909394108,1.0,65.09999998534293,0.5296813549463225,15
0.1,180.0,73,no_response,71073,72073,73073,0.0,0.09949972206781545,1799,0.0,0.0,0.0,180.0,1.1482327270878303,22
0.1,180.0,74,response,71074,72074,73074,0.3955555560445776,0.07948860478043357,1799,0.0,0.49972206781545303,1.0,97.69999998534293,0.6977454072463187,21
0.1,180.0,74,no_response,71074,72074,73074,0.26111111143681065,0.0689271817676487,1799,0.0,0.0,1.0,88.09999998534293,0.587127504607532,19
0.1,180.0,75,response,71075,72075,73075,0.47055555596305043,0.10172317954419122,1799,0.0005558643690939411,0.4613674263479711,1.0,50.29999998534292,0.4752140757361536,20
0.1,180.0,75,no_response,71075,72075,73075,0.0,0.06837131739855476,1799,0.0,0.0,0.0,180.0,1.0435731950051854,18
0.1,180.0,76,response,71076,72076,73076,0.5327777780220337,0.10227904391328516,1799,0.0011117287381878821,0.5036131183991106,1.0,47.49999998534292,0.4488779344097893,11
0.1,180.0,76,no_response,71076,72076,73076,0.0,0.10116731517509728,1799,0.0,0.0,0.0,180.0,0.8959774029888611,19
0.1,180.0,77,response,71077,72077,73077,0.6205555556369501,0.1434130072262368,1799,0.0,0.45525291828793774,1.0,68.29999998534292,0.4872591644426335,17
0.1,180.0,77,no_response,71077,72077,73077,0.12111111143681856,0.09116175653140633,1799,0.0,0.0,1.0,72.09999998534293,0.6394486270738792,16
0.1,180.0,78,response,71078,72078,73078,0.38944444485194385,0.04502501389660923,1799,0.0,0.5314063368538077,1.0,86.69999998534293,0.7645565192391637,17
0.1,180.0,78,no_response,71078,72078,73078,0.0,0.11172873818788216,1799,0.0,0.0,0.0,180.0,1.125186684757491,18
0.1,180.0,79,response,71079,72079,73079,0.516111112007741,0.07115063924402446,1799,0.0,0.5236242356864925,1.0,47.49999998534292,0.44224468340500134,16
0.1,180.0,79,no_response,71079,72079,73079,0.0,0.0689271817676487,1799,0.0,0.0,0.0,180.0,1.0012158075726376,18
0.1,180.0,80,response,71080,72080,73080,0.6405555557999949,0.10061145080600334,1799,0.0,0.5069483046136742,1.0,61.49999998534292,0.5434539825147213,12
0.1,180.0,80,no_response,71080,72080,73080,0.0,0.08560311284046693,1799,0.0,0.0,0.0,180.0,1.3504502738798725,10
0.1,180.0,81,response,71081,72081,73081,0.4638888892960052,0.07059477487493052,1799,0.0011117287381878821,0.5469705391884381,1.0,53.89999998534292,0.45037739730142085,19
0.1,180.0,81,no_response,71081,72081,73081,0.0,0.09783212896053363,1799,0.0,0.0,0.0,180.0,1.2471211025575846,22
0.1,180.0,82,response,71082,72082,73082,0.45055555628857485,0.06058921623123958,1799,0.0,0.5764313507504168,1.0,59.89999998534292,0.5472599016920587,13
0.1,180.0,82,no_response,71082,72082,73082,0.0,0.07059477487493052,1799,0.0,0.0,0.0,180.0,0.9146170783448102,16
0.1,180.0,83,response,71083,72083,73083,0.6094444446886961,0.08004446914952751,1799,0.0,0.528627015008338,1.0,47.49999998534292,0.427482334917672,15
0.1,180.0,83,no_response,71083,72083,73083,0.0,0.1028349082823791,1799,0.0,0.0,0.0,180.0,1.1121954124862927,18
0.1,180.0,84,response,71084,72084,73084,0.7283333337408137,0.10450250138966093,1799,0.0,0.43357420789327406,1.0,47.49999998534292,0.41285756489240255,17
0.1,180.0,84,no_response,71084,72084,73084,0.0,0.07115063924402446,1799,0.0,0.0,0.0,180.0,0.9173806310481042,21
0.1,180.0,85,response,71085,72085,73085,0.0,0.06559199555308505,1799,0.0,0.46914952751528627,0.0,180.0,0.8535014313598602,23
0.1,180.0,85,no_response,71085,72085,73085,0.0,0.10116731517509728,1799,0.0,0.0,0.0,180.0,0.7988657653893458,19
0.1,180.0,86,response,71086,72086,73086,0.5605555561259017,0.07559755419677598,1799,0.0,0.5208449138410228,1.0,54.89999998534292,0.4960293808502347,19
0.1,180.0,86,no_response,71086,72086,73086,0.0,0.08171206225680934,1799,0.0,0.0,0.0,180.0,1.2534369620279173,17
0.1,180.0,87,response,71087,72087,73087,0.39833333357778644,0.0744858254585881,1799,0.0044469149527515284,0.5525291828793775,1.0,84.89999998534293,0.639620408263105,11
0.1,180.0,87,no_response,71087,72087,73087,0.0,0.06559199555308505,1799,0.0,0.0,0.0,180.0,1.148592795070946,21
0.1,180.0,88,response,71088,72088,73088,0.6066666671555819,0.09116175653140633,1799,0.0,0.44080044469149526,1.0,48.69999998534292,0.43930758144050797,22
0.1,180.0,88,no_response,71088,72088,73088,0.0,0.08949416342412451,1799,0.0,0.0,0.0,180.0,1.2858183161793206,19
0.1,180.0,89,response,71089,72089,73089,0.6338888891333286,0.14285714285714285,1799,0.0,0.4313507504168983,1.0,61.69999998534292,0.5421671042113199,14
0.1,180.0,89,no_response,71089,72089,73089,0.0,0.10061145080600334,1799,0.0,0.0,0.0,180.0,1.1433755502409908,17
0.1,180.0,90,response,71090,72090,73090,0.647777777940599,0.1150639244024458,1799,0.0,0.41856586992773764,1.0,47.49999998534292,0.4218965012627822,18
0.1,180.0,90,no_response,71090,72090,73090,0.28666666731874074,0.03724291272929405,1799,0.0,0.0,1.0,52.69999998534292,0.4898913076727469,14
0.1,180.0,91,response,71091,72091,73091,0.6905555557999921,0.10617009449694274,1799,0.0,0.47026125625347415,1.0,47.49999998534292,0.4146307004766717,15
0.1,180.0,91,no_response,71091,72091,73091,0.25222222254820653,0.08337965536409116,1799,0.0,0.0,1.0,82.89999998534293,0.6085685791720883,18
0.1,180.0,92,response,71092,72092,73092,0.22833333357779603,0.05058365758754864,1799,0.0005558643690939411,0.5703168426903835,1.0,72.89999998534293,0.70615373837586,18
0.1,180.0,92,no_response,71092,72092,73092,0.0,0.10672595886603668,1799,0.0,0.0,0.0,180.0,1.299632016294526,20
0.1,180.0,93,response,71093,72093,73093,0.7227777780222125,0.09394107837687604,1799,0.0,0.4869371873262924,1.0,49.29999998534292,0.4287059805715068,14
0.1,180.0,93,no_response,71093,72093,73093,0.0,0.055030572540300166,1799,0.0,0.0,0.0,180.0,1.2553217790227678,17
0.1,180.0,94,response,71094,72094,73094,0.5216666673998714,0.11061700944969427,1799,0.0011117287381878821,0.45803224013340743,1.0,59.09999998534292,0.4703966269720325,17
0.1,180.0,94,no_response,71094,72094,73094,0.042222222547933334,0.07893274041133963,1799,0.0,0.0,1.0,140.09999998534292,0.9998301477973386,15
0.1,180.0,95,response,71095,72095,73095,0.6505555557998048,0.10450250138966093,1799,0.0,0.4936075597554197,1.0,61.49999998534292,0.5431433001008533,14
0.1,180.0,95,no_response,71095,72095,73095,0.0,0.09005002779321845,1799,0.0,0.0,0.0,180.0,1.0823719734402246,14
0.1,180.0,96,response,71096,72096,73096,0.3916666669111201,0.1028349082823791,1799,0.0,0.49305169538632576,1.0,104.69999998534293,0.6993821781480503,13
0.1,180.0,96,no_response,71096,72096,73096,0.0,0.11006114508060033,1799,0.0,0.0,0.0,180.0,1.2291559109133925,20
0.1,180.0,97,response,71097,72097,73097,0.1822222227108774,0.057809894385769875,1799,0.0,0.5308504724847137,1.0,104.09999998534293,0.6723728694374518,12
0.1,180.0,97,no_response,71097,72097,73097,0.0,0.06392440244580322,1799,0.0,0.0,0.0,180.0,1.0354794638234,15
0.1,180.0,98,response,71098,72098,73098,0.33500000040712347,0.0744858254585881,1799,0.0027793218454697055,0.5414118954974986,1.0,103.69999998534293,0.7492200210885982,10
0.1,180.0,98,no_response,71098,72098,73098,0.0,0.07837687604224569,1799,0.0,0.0,0.0,180.0,1.248444924251322,17
0.1,180.0,99,response,71099,72099,73099,0.3766666673183567,0.05169538632573652,1799,0.0005558643690939411,0.4841578654808227,1.0,76.89999998534293,0.6731222408382527,21
0.1,180.0,99,no_response,71099,72099,73099,0.0,0.08504724847137299,1799,0.0,0.0,0.0,180.0,1.252527270938418,17
0.1,180.0,100,response,71100,72100,73100,0.6127777780220292,0.10617009449694274,1799,0.0,0.4641467481934408,1.0,67.29999998534292,0.4525320713005404,15
0.1,180.0,100,no_response,71100,72100,73100,0.0,0.1000555864369094,1799,0.0,0.0,0.0,180.0,0.690358866419807,23
0.1,180.0,101,response,71101,72101,73101,0.1955555557184972,0.05725403001667593,1799,0.0016675931072818232,0.45136186770428016,1.0,106.49999998534292,0.7817807336814745,18
0.1,180.0,101,no_response,71101,72101,73101,0.03166666691095,0.05947748749305169,1799,0.0,0.0,1.0,116.09999998534293,0.7791303585123325,17
0.1,180.0,102,response,71102,72102,73102,0.7188888892148467,0.15730961645358532,1799,0.0,0.4018899388549194,1.0,47.49999998534292,0.4095327473000269,14
0.1,180.0,102,no_response,71102,72102,73102,0.0,0.11284046692607004,1799,0.0,0.0,0.0,180.0,1.2588329957190951,16
0.1,180.0,103,response,71103,72103,73103,0.6761111115182153,0.12229016120066703,1799,0.0,0.4874930516953863,1.0,47.49999998534292,0.416760250823739,17
0.1,180.0,103,no_response,71103,72103,73103,0.0,0.05725403001667593,1799,0.0,0.0,0.0,180.0,1.1067470332264517,13
0.1,180.0,104,response,71104,72104,73104,0.5372222224664779,0.10116731517509728,1799,0.0,0.5247359644246804,1.0,66.69999998534293,0.5833802381142364,15
0.1,180.0,104,no_response,71104,72104,73104,0.0,0.07281823235130629,1799,0.0,0.0,0.0,180.0,1.2880146220702096,17
0.1,180.0,105,response,71105,72105,73105,0.7238888889702777,0.15119510839355196,1799,0.0,0.4296831573096164,1.0,49.69999998534292,0.42876028008407924,17
0.1,180.0,105,no_response,71105,72105,73105,0.0,0.05113952195664258,1799,0.0,0.0,0.0,180.0,1.082338002248424,14
0.1,180.0,106,response,71106,72106,73106,0.2527777780222391,0.0678154530294608,1799,0.0,0.5380767092829349,1.0,83.29999998534294,0.617273935227383,13
0.1,180.0,106,no_response,71106,72106,73106,0.0,0.10950528071150639,1799,0.0,0.0,0.0,180.0,0.9200238595939887,19
0.1,180.0,107,response,71107,72107,73107,0.5583333339034902,0.06559199555308505,1799,0.0016675931072818232,0.5275152862701501,1.0,53.49999998534292,0.4843413534550492,19
0.1,180.0,107,no_response,71107,72107,73107,0.0,0.08060033351862146,1799,0.0,0.0,0.0,180.0,0.7118573483812871,15
0.1,180.0,108,response,71108,72108,73108,0.4216666672368312,0.05169538632573652,1799,0.0,0.5341856586992774,1.0,51.09999998534292,0.47823467042864987,18
0.1,180.0,108,no_response,71108,72108,73108,0.0,0.0933852140077821,1799,0.0,0.0,0.0,180.0,1.0912615899855431,19
0.1,180.0,109,response,71109,72109,73109,0.3927777780220417,0.08004446914952751,1799,0.0,0.5152862701500833,1.0,105.09999998534293,0.8476332147023667,18
0.1,180.0,109,no_response,71109,72109,73109,0.0,0.09227348526959422,1799,0.0,0.0,0.0,180.0,1.2612751466494356,21
0.1,180.0,110,response,71110,72110,73110,0.4516666670741626,0.12062256809338522,1799,0.0,0.4735964424680378,1.0,70.09999998534293,0.6137483487192045,20
0.1,180.0,110,no_response,71110,72110,73110,0.0,0.06281267370761534,1799,0.0,0.0,0.0,180.0,1.0750367642292251,19
0.1,180.0,111,response,71111,72111,73111,0.6261111113553617,0.08504724847137299,1799,0.0,0.4974986103390773,1.0,66.29999998534292,0.5804962091942474,12
0.1,180.0,111,no_response,71111,72111,73111,0.0,0.13952195664257921,1799,0.0,0.0,0.0,180.0,1.195622820495196,18
0.1,180.0,112,response,71112,72112,73112,0.7027777781852594,0.0867148415786548,1799,0.0,0.528071150639244,1.0,51.89999998534292,0.4431733094650666,18
0.1,180.0,112,no_response,71112,72112,73112,0.0,0.08560311284046693,1799,0.0,0.0,0.0,180.0,1.0721934236777313,21
0.1,180.0,113,response,71113,72113,73113,0.5727777781850774,0.12117843246247915,1799,0.0,0.443023902167871,1.0,67.69999998534293,0.5945479776921097,23
0.1,180.0,113,no_response,71113,72113,73113,0.4494444446888946,0.12117843246247915,1799,0.0,0.0,1.0,93.49999998534292,0.6489101153301384,22
0.1,180.0,114,response,71114,72114,73114,0.24833333374046174,0.06670372429127293,1799,0.0,0.5158421345191774,1.0,107.69999998534293,0.7491483431203733,23
0.1,180.0,114,no_response,71114,72114,73114,0.0,0.10894941634241245,1799,0.0,0.0,0.0,180.0,1.302989383430783,21
0.1,180.0,115,response,71115,72115,73115,0.20388888913335299,0.039466370205669815,1799,0.0011117287381878821,0.5414118954974986,1.0,47.49999998534292,0.6060303916104471,17
0.1,180.0,115,no_response,71115,72115,73115,0.12055555563697849,0.0678154530294608,1799,0.0,0.0,1.0,158.29999998534294,0.826284626774844,14
0.1,180.0,116,response,71116,72116,73116,0.6794444450147838,0.0933852140077821,1799,0.0,0.5186214563646471,1.0,47.49999998534292,0.4179791967178352,11
0.1,180.0,116,no_response,71116,72116,73116,0.0,0.05169538632573652,1799,0.0,0.0,0.0,180.0,1.1669110429772358,10
0.1,180.0,117,response,71117,72117,73117,0.5950000002442525,0.15063924402445802,1799,0.0,0.4252362423568649,1.0,72.69999998534293,0.4969189202811008,19
0.1,180.0,117,no_response,71117,72117,73117,0.17333333349627622,0.0811561978877154,1799,0.0,0.0,1.0,118.09999998534293,0.6791258826200306,19
0.1,180.0,118,response,71118,72118,73118,0.4183333334147394,0.0933852140077821,1799,0.0005558643690939411,0.5247359644246804,1.0,104.69999998534293,0.7374098875267563,19
0.1,180.0,118,no_response,71118,72118,73118,0.14388888913316683,0.09005002779321845,1799,0.0,0.0,1.0,149.29999998534294,0.8764489919872998,18
0.1,180.0,119,response,71119,72119,73119,0.5166666671555871,0.07837687604224569,1799,0.0,0.4886047804335742,1.0,47.89999998534292,0.44850278334326965,22
0.1,180.0,119,no_response,71119,72119,73119,0.08055555563698058,0.07281823235130629,1799,0.0,0.0,1.0,165.49999998534292,0.8995819646430846,16
0.1,180.0,120,response,71120,72120,73120,0.2605555557998269,0.061145080600333516,1799,0.0005558643690939411,0.5441912173429683,1.0,114.29999998534294,0.7367991494747175,20
0.1,180.0,120,no_response,71120,72120,73120,0.1988888893779221,0.08782657031684268,1799,0.0,0.0,1.0,77.49999998534292,0.6359939133181706,17
0.1,180.0,121,response,71121,72121,73121,0.41944444452585045,0.14118954974986103,1799,0.0,0.46914952751528627,1.0,104.49999998534292,0.8723512977388581,16
0.1,180.0,121,no_response,71121,72121,73121,0.0,0.0744858254585881,1799,0.0,0.0,0.0,180.0,1.2057974862213703,20
0.1,180.0,122,response,71122,72122,73122,0.6477777781037396,0.06948304613674264,1799,0.0,0.48916064480266813,1.0,47.49999998534292,0.4233427925452324,16
0.1,180.0,122,no_response,71122,72122,73122,0.023333333496188793,0.07226236798221233,1799,0.0,0.0,1.0,167.29999998534294,0.8348352092878351,11
0.1,180.0,123,response,71123,72123,73123,0.40833333390368803,0.08060033351862146,1799,0.0,0.556420233463035,1.0,81.29999998534294,0.6503849800097022,16
0.1,180.0,123,no_response,71123,72123,73123,0.0,0.08449138410227905,1799,0.0,0.0,0.0,180.0,1.1838233745885496,18
0.1,180.0,124,response,71124,72124,73124,0.6583333335777717,0.13729849916620346,1799,0.0,0.4508060033351862,1.0,47.49999998534292,0.4164650072001472,16
0.1,180.0,124,no_response,71124,72124,73124,0.32944444468871187,0.08337965536409116,1799,0.0,0.0,1.0,47.49999998534292,0.5271318578454117,18
0.1,180.0,125,response,71125,72125,73125,0.47388888913314814,0.08782657031684268,1799,0.0,0.4913841022790439,1.0,78.89999998534293,0.6969395255129561,15
0.1,180.0,125,no_response,71125,72125,73125,0.0,0.06614785992217899,1799,0.0,0.0,0.0,180.0,0.8577278511664778,14
0.1,180.0,126,response,71126,72126,73126,0.4783333335775924,0.1028349082823791,1799,0.0005558643690939411,0.48249027237354086,1.0,88.89999998534293,0.5186720051139151,14
0.1,180.0,126,no_response,71126,72126,73126,0.0,0.07615341856586992,1799,0.0,0.0,0.0,180.0,0.8871733539731672,17
0.1,180.0,127,response,71127,72127,73127,0.47166666707416144,0.13007226236798222,1799,0.0,0.46859366314619233,1.0,69.89999998534293,0.49049177136601496,18
0.1,180.0,127,no_response,71127,72127,73127,0.0,0.13007226236798222,1799,0.0,0.0,0.0,180.0,1.3541043928245224,19
0.1,360.0,0,response,71000,72000,73000,0.45555555604433656,0.07891080855793275,3599,0.0005557099194220616,0.4131703250903029,1.0,63.69999998534292,0.4228586840383692,42
0.1,360.0,0,no_response,71000,72000,73000,0.11055555571840643,0.07363156432342317,3599,0.0,0.0,1.0,187.49999998534292,0.98697738688494,33
0.1,360.0,1,response,71001,72001,73001,0.6452777780628354,0.12475687691025285,3599,0.0005557099194220616,0.3901083634342873,1.0,86.09999998534293,0.5475169099367303,31
0.1,360.0,1,no_response,71001,72001,73001,0.0,0.11419838844123367,3599,0.0,0.0,0.0,360.0,1.2547394072077267,26
0.1,360.0,2,response,71002,72002,73002,0.7125000001221978,0.15893303695470964,3599,0.0,0.3084190052792442,1.0,87.49999998534292,0.4400977441937686,36
0.1,360.0,2,no_response,71002,72002,73002,0.0038888889703169263,0.09974993053626008,3599,0.0,0.0,1.0,326.29999998534294,1.0438837898284787,33
0.1,360.0,3,response,71003,72003,73003,0.8269444447294299,0.15282022784106697,3599,0.0,0.3531536537927202,1.0,47.49999998534292,0.30952312065857607,49
0.1,360.0,3,no_response,71003,72003,73003,0.24500000024436625,0.10252848013337038,3599,0.0,0.0,1.0,90.89999998534293,0.5535146088607051,43
0.1,360.0,4,response,71004,72004,73004,0.7988888894590562,0.12920255626562935,3599,0.0,0.3589886079466518,1.0,47.49999998534292,0.3151187994674048,36
0.1,360.0,4,no_response,71004,72004,73004,0.28888888937786883,0.11781050291747708,3599,0.0,0.0,1.0,105.89999998534293,0.505100797421199,34
0.1,360.0,5,response,71005,72005,73005,0.6536111115592141,0.09613781606001667,3599,0.0008335648791330926,0.40427896637954985,1.0,77.49999998534292,0.49941521580522236,39
0.1,360.0,5,no_response,71005,72005,73005,0.1677777781850995,0.06501806057238121,3599,0.0,0.0,1.0,91.09999998534293,0.7120457241872267,33
0.1,360.0,6,response,71006,72006,73006,0.7497222225889026,0.1430953042511809,3599,0.0008335648791330926,0.3731592108919144,1.0,47.49999998534292,0.32542062694985985,33
0.1,360.0,6,no_response,71006,72006,73006,0.1561111111925312,0.08363434287302028,3599,0.0,0.0,1.0,127.09999998534293,1.0427649303654212,36
0.1,360.0,7,response,71007,72007,73007,0.7880555557592935,0.10419560989163656,3599,0.0013892747985551543,0.37427063073075856,1.0,48.69999998534292,0.32225642653707,40
0.1,360.0,7,no_response,71007,72007,73007,0.0,0.08280077799388719,3599,0.0,0.0,0.0,360.0,1.3058276770777322,41
0.1,360.0,8,response,71008,72008,73008,0.5883333337406312,0.0955821061405946,3599,0.0002778549597110308,0.3773270352875799,1.0,47.49999998534292,0.3727931151009376,32
0.1,360.0,8,no_response,71008,72008,73008,0.0,0.08946929702695193,3599,0.0,0.0,0.0,360.0,0.979732519052465,38
0.1,360.0,9,response,71009,72009,73009,0.6263888889295681,0.14531814392886913,3599,0.0,0.32564601278132815,1.0,134.49999998534292,0.6729370814240784,34
0.1,360.0,9,no_response,71009,72009,73009,0.0,0.08057793831619894,3599,0.0,0.0,0.0,360.0,1.127277160043417,39
0.1,360.0,10,response,71010,72010,73010,0.627500000285248,0.126146151708808,3599,0.0,0.37982772992497915,1.0,105.89999998534293,0.543467942425716,39
0.1,360.0,10,no_response,71010,72010,73010,0.21444444468871765,0.07252014448457905,3599,0.0,0.0,1.0,130.09999998534292,0.6556508369551552,37
0.1,360.0,11,response,71011,72011,73011,0.7163888894184182,0.10975270908585719,3599,0.0,0.3826062795220895,1.0,48.49999998534292,0.3359171657153289,49
0.1,360.0,11,no_response,71011,72011,73011,0.0,0.09502639622117255,3599,0.0,0.0,0.0,360.0,1.088099950474321,37
0.1,360.0,12,response,71012,72012,73012,0.8305555558814455,0.13003612114476243,3599,0.0008335648791330926,0.3578771881078077,1.0,47.49999998534292,0.3075717405022009,31
0.1,360.0,12,no_response,71012,72012,73012,0.2888888893774425,0.08280077799388719,3599,0.0,0.0,1.0,51.49999998534292,0.5712216927097759,29
0.1,360.0,13,response,71013,72013,73013,0.7969444446481845,0.1378160600166713,3599,0.0,0.35426507363156434,1.0,50.89999998534292,0.33123631040894586,44
0.1,360.0,13,no_response,71013,72013,73013,0.0,0.0775215337593776,3599,0.0,0.0,0.0,360.0,1.098866447248659,32
0.1,360.0,14,response,71014,72014,73014,0.6286111119666408,0.08946929702695193,3599,0.0,0.39316476799110867,1.0,51.89999998534292,0.37304749474206,42
0.1,360.0,14,no_response,71014,72014,73014,0.09555555579983549,0.0847457627118644,3599,0.0,0.0,1.0,152.49999998534292,0.7654769667773584,33
0.1,360.0,15,response,71015,72015,73015,0.4794444450149365,0.08669074742984162,3599,0.0005557099194220616,0.40733537093637123,1.0,58.89999998534292,0.38915066205489673,45
0.1,360.0,15,no_response,71015,72015,73015,0.09222222238507415,0.09752709085857182,3599,0.0,0.0,1.0,231.29999998534294,0.773015612893929,45
0.1,360.0,16,response,71016,72016,73016,0.6547222225888022,0.14809669352597943,3599,0.0,0.3287024173381495,1.0,59.09999998534292,0.4062451832193025,44
0.1,360.0,16,no_response,71016,72016,73016,0.0,0.08335648791330925,3599,0.0,0.0,0.0,360.0,1.146561557198061,34
0.1,360.0,17,response,71017,72017,73017,0.7897222224259606,0.1225340372325646,3599,0.0,0.3853848291191998,1.0,64.29999998534292,0.4144114782837618,33
0.1,360.0,17,no_response,71017,72017,73017,0.0,0.09308141150319534,3599,0.0,0.0,0.0,360.0,0.9572034672825702,34
0.1,360.0,18,response,71018,72018,73018,0.7830555556776747,0.1414281744929147,3599,0.0,0.3556543484301195,1.0,68.89999998534293,0.44006401049544347,31
0.1,360.0,18,no_response,71018,72018,73018,0.0,0.09780494581828286,3599,0.0,0.0,0.0,360.0,1.026094200787085,36
0.1,360.0,19,response,71019,72019,73019,0.6180555559221377,0.1008613503751042,3599,0.0002778549597110308,0.40316754654070575,1.0,47.49999998534292,0.36737918044198054,45
0.1,360.0,19,no_response,71019,72019,73019,0.3950000004888792,0.07001944984717977,3599,0.0,0.0,1.0,49.89999998534292,0.5167647842318706,34
0.1,360.0,20,response,71020,72020,73020,0.6841666670331503,0.13059183106418448,3599,0.0,0.3567657682689636,1.0,47.49999998534292,0.33983502206543975,30
0.1,360.0,20,no_response,71020,72020,73020,0.0,0.08113364823562101,3599,0.0,0.0,0.0,360.0,1.0741046576360973,25
0.1,360.0,21,response,71021,72021,73021,0.6786111113961668,0.0972492358988608,3599,0.0,0.3826062795220895,1.0,64.09999998534293,0.3344084162949342,42
0.1,360.0,21,no_response,71021,72021,73021,0.6175000003666768,0.12475687691025285,3599,0.0,0.0,1.0,73.29999998534292,0.3872628507300271,38
0.1,360.0,22,response,71022,72022,73022,0.5586111113961737,0.08891358710752988,3599,0.0011114198388441233,0.43400944706863015,1.0,100.69999998534293,0.5144548895027938,39
0.1,360.0,22,no_response,71022,72022,73022,0.0,0.09669352597943873,3599,0.0,0.0,0.0,360.0,1.2273175763971342,33
0.1,360.0,23,response,71023,72023,73023,0.668611111477785,0.11225340372325646,3599,0.0,0.36982495137538207,1.0,66.89999998534293,0.44203734382213616,45
0.1,360.0,23,no_response,71023,72023,73023,0.0,0.06112809113642678,3599,0.0,0.0,0.0,360.0,1.1203989725886823,34
0.1,360.0,24,response,71024,72024,73024,0.6497222225887078,0.10558488469019171,3599,0.003612114476243401,0.38594053903862185,1.0,72.09999998534293,0.4015235706378578,40
0.1,360.0,24,no_response,71024,72024,73024,0.0,0.06946373992775771,3599,0.0,0.0,0.0,360.0,1.0710375966012258,29
0.1,360.0,25,response,71025,72025,73025,0.494166667114684,0.06724090025006946,3599,0.0011114198388441233,0.41594887468741315,1.0,47.49999998534292,0.38708905377904335,31
0.1,360.0,25,no_response,71025,72025,73025,0.0,0.08724645734926369,3599,0.0,0.0,0.0,360.0,1.1505129020475091,29
0.1,360.0,26,response,71026,72026,73026,0.6819444446481665,0.12836899138649624,3599,0.0,0.3684356765768269,1.0,109.49999998534292,0.5998914494399047,54
0.1,360.0,26,no_response,71026,72026,73026,0.0,0.10391775493192554,3599,0.0,0.0,0.0,360.0,0.8016966051235739,49
0.1,360.0,27,response,71027,72027,73027,0.7369444451369295,0.1189219227563212,3599,0.0005557099194220616,0.3981661572659072,1.0,47.49999998534292,0.3236064104570329,38
0.1,360.0,27,no_response,71027,72027,73027,0.2366666669926037,0.05251458738538483,3599,0.0,0.0,1.0,104.89999998534293,0.5858138820857731,30
0.1,360.0,28,response,71028,72028,73028,0.6330555558405191,0.12836899138649624,3599,0.0013892747985551543,0.360100027785496,1.0,121.29999998534294,0.5160866981428603,41
0.1,360.0,28,no_response,71028,72028,73028,0.0,0.10780772436787997,3599,0.0,0.0,0.0,360.0,1.1629513737804253,39
0.1,360.0,29,response,71029,72029,73029,0.6238888892148987,0.13114754098360656,3599,0.0005557099194220616,0.3459294248402334,1.0,83.89999998534293,0.5102465830905193,45
0.1,360.0,29,no_response,71029,72029,73029,0.09805555584054944,0.0747429841622673,3599,0.0,0.0,1.0,239.29999998534294,0.9526166735191397,31
0.1,360.0,30,response,71030,72030,73030,0.5216666669109224,0.11614337315921089,3599,0.0016671297582661851,0.3459294248402334,1.0,58.09999998534292,0.4415881188015223,45
0.1,360.0,30,no_response,71030,72030,73030,0.0,0.1008613503751042,3599,0.0,0.0,0.0,360.0,1.1056532347691805,43
0.1,360.0,31,response,71031,72031,73031,0.7563888893369043,0.10641844956932481,3599,0.0,0.3820505696026674,1.0,59.09999998534292,0.38752657829997716,41
0.1,360.0,31,no_response,71031,72031,73031,0.0,0.09474854126146151,3599,0.0,0.0,0.0,360.0,1.1674200929114293,34
0.1,360.0,32,response,71032,72032,73032,0.7002777781444499,0.12559044178938594,3599,0.0002778549597110308,0.3756599055293137,1.0,47.49999998534292,0.3469776713917502,38
0.1,360.0,32,no_response,71032,72032,73032,0.0,0.10113920533481523,3599,0.0,0.0,0.0,360.0,1.1609837830238796,45
0.1,360.0,33,response,71033,72033,73033,0.7375000003665829,0.09585996110030565,3599,0.0,0.41372603500972494,1.0,47.49999998534292,0.32786508743011217,32
0.1,360.0,33,no_response,71033,72033,73033,0.0,0.08307863295359823,3599,0.0,0.0,0.0,360.0,1.0528444456170456,36
0.1,360.0,34,response,71034,72034,73034,0.7363888890924256,0.13809391497638232,3599,0.0002778549597110308,0.34731869963878853,1.0,47.49999998534292,0.32566739679208556,29
0.1,360.0,34,no_response,71034,72034,73034,0.4111111112740871,0.10614059460961378,3599,0.0,0.0,1.0,140.09999998534292,0.5402478279045131,33
0.1,360.0,35,response,71035,72035,73035,0.6622222226296106,0.11308696860238955,3599,0.0005557099194220616,0.3748263406501806,1.0,85.29999998534294,0.500992188894531,36
0.1,360.0,35,no_response,71035,72035,73035,0.0,0.08585718255070852,3599,0.0,0.0,0.0,360.0,1.14507590626609,33
0.1,360.0,36,response,71036,72036,73036,0.6469444448925479,0.09752709085857182,3599,0.0,0.37010280633509307,1.0,56.89999998534292,0.39749163792741815,55
0.1,360.0,36,no_response,71036,72036,73036,0.2488888892960639,0.08419005279244235,3599,0.0,0.0,1.0,210.09999998534295,0.7799895668817932,41
0.1,360.0,37,response,71037,72037,73037,0.6427777781853095,0.11308696860238955,3599,0.0005557099194220616,0.3589886079466518,1.0,75.49999998534292,0.39731718647279846,31
0.1,360.0,37,no_response,71037,72037,73037,0.0019444444851584636,0.07001944984717977,3599,0.0,0.0,1.0,359.29999998534294,1.1355587689669684,26
0.1,360.0,38,response,71038,72038,73038,0.6588888892147545,0.13059183106418448,3599,0.0,0.36093359266462904,1.0,83.09999998534293,0.3892825708916344,41
0.1,360.0,38,no_response,71038,72038,73038,0.13111111119253266,0.0775215337593776,3599,0.0,0.0,1.0,277.29999998534294,1.051676769100976,32
0.1,360.0,39,response,71039,72039,73039,0.6858333335369604,0.12058905251458739,3599,0.0011114198388441233,0.38093914976382326,1.0,47.89999998534292,0.3693892978056236,35
0.1,360.0,39,no_response,71039,72039,73039,0.21111111135552665,0.07335370936371215,3599,0.0,0.0,1.0,55.89999998534292,0.6635998141449896,29
0.1,360.0,40,response,71040,72040,73040,0.7569444444851293,0.1658794109474854,3599,0.0011114198388441233,0.3250903028619061,1.0,87.49999998534292,0.510702476986358,42
0.1,360.0,40,no_response,71040,72040,73040,0.0,0.0972492358988608,3599,0.0,0.0,0.0,360.0,1.2159488366429438,42
0.1,360.0,41,response,71041,72041,73041,0.5958333336999166,0.10225062517365935,3599,0.0008335648791330926,0.3901083634342873,1.0,49.69999998534292,0.3893161468809287,35
0.1,360.0,41,no_response,71041,72041,73041,0.2116666671552246,0.06974159488746874,3599,0.0,0.0,1.0,155.29999998534294,0.699066302689208,31
0.1,360.0,42,response,71042,72042,73042,0.740833333699917,0.12308974715198666,3599,0.0008335648791330926,0.40427896637954985,1.0,47.49999998534292,0.3226649173506245,42
0.1,360.0,42,no_response,71042,72042,73042,0.0,0.09363712142261739,3599,0.0,0.0,0.0,360.0,1.2824344774252179,38
0.1,360.0,43,response,71043,72043,73043,0.6913888892556563,0.14587385384829119,3599,0.0,0.3106418449569325,1.0,86.09999998534293,0.5340624599343313,44
0.1,360.0,43,no_response,71043,72043,73043,0.041111111192537686,0.09335926646290636,3599,0.0,0.0,1.0,342.69999998534297,1.069286302997368,44
0.1,360.0,44,response,71044,72044,73044,0.6230555558407092,0.13198110586273964,3599,0.0,0.3884412336760211,1.0,110.49999998534292,0.596062494859202,35
0.1,360.0,44,no_response,71044,72044,73044,0.07611111127401132,0.08530147263128647,3599,0.0,0.0,1.0,324.09999998534295,0.9234455719989357,30
0.1,360.0,45,response,71045,72045,73045,0.7363888892553768,0.1250347318699639,3599,0.0,0.37954987496526815,1.0,70.09999998534293,0.4529053936039586,44
0.1,360.0,45,no_response,71045,72045,73045,0.3919444447295164,0.09363712142261739,3599,0.0,0.0,1.0,198.29999998534294,0.715207006552803,36
0.1,360.0,46,response,71046,72046,73046,0.6680555560036577,0.13948318977493748,3599,0.0011114198388441233,0.3459294248402334,1.0,57.69999998534292,0.34533202380703715,45
0.1,360.0,46,no_response,71046,72046,73046,0.20944444477047774,0.0955821061405946,3599,0.0,0.0,1.0,207.49999998534292,0.6884932421196519,38
0.1,360.0,47,response,71047,72047,73047,0.6686111115592133,0.11753264795776605,3599,0.0,0.38510697415948875,1.0,86.89999998534293,0.5079388611503012,31
0.1,360.0,47,no_response,71047,72047,73047,0.0,0.061405946096137816,3599,0.0,0.0,0.0,360.0,1.0901225180888812,25
0.1,360.0,48,response,71048,72048,73048,0.6236111114776928,0.10641844956932481,3599,0.0005557099194220616,0.42761878299527645,1.0,96.49999998534292,0.5754873393722709,32
0.1,360.0,48,no_response,71048,72048,73048,0.19777777802205193,0.0747429841622673,3599,0.0,0.0,1.0,103.49999998534292,0.6337545827140899,32
0.1,360.0,49,response,71049,72049,73049,0.6202777784705462,0.1189219227563212,3599,0.0,0.37899416504584604,1.0,69.29999998534292,0.4523880733274083,41
0.1,360.0,49,no_response,71049,72049,73049,0.0,0.06890803000833565,3599,0.0,0.0,0.0,360.0,1.1828915710617314,40
0.1,360.0,50,response,71050,72050,73050,0.7286111114775973,0.13559322033898305,3599,0.0008335648791330926,0.34704084467907753,1.0,64.69999998534293,0.34928322159658626,45
0.1,360.0,50,no_response,71050,72050,73050,0.15833333341475334,0.09530425118088358,3599,0.0,0.0,1.0,276.89999998534296,0.7816349602666892,45
0.1,360.0,51,response,71051,72051,73051,0.6958333335369598,0.1542095026396221,3599,0.0027785495971103086,0.35426507363156434,1.0,56.49999998534292,0.35949719516753653,41
0.1,360.0,51,no_response,71051,72051,73051,0.0,0.06946373992775771,3599,0.0,0.0,0.0,360.0,0.9600209962981704,35
0.1,360.0,52,response,71052,72052,73052,0.7758333336999249,0.13364823562100583,3599,0.0008335648791330926,0.37982772992497915,1.0,53.29999998534292,0.3394120504637397,30
0.1,360.0,52,no_response,71052,72052,73052,0.36500000040735786,0.07863295359822173,3599,0.0,0.0,1.0,99.09999998534293,0.6047667649598264,30
0.1,360.0,53,response,71053,72053,73053,0.4847222226703348,0.07613225896082246,3599,0.0002778549597110308,0.4181717143651014,1.0,55.69999998534292,0.4430636422807704,41
0.1,360.0,53,no_response,71053,72053,73053,0.10583333345547039,0.06112809113642678,3599,0.0,0.0,1.0,255.89999998534293,0.8578416818452621,36
0.1,360.0,54,response,71054,72054,73054,0.8013888894184374,0.11642122811892193,3599,0.0002778549597110308,0.36982495137538207,1.0,47.49999998534292,0.3132286137064167,38
0.1,360.0,54,no_response,71054,72054,73054,0.14555555563697628,0.09669352597943873,3599,0.0,0.0,1.0,190.29999998534294,0.9675602984368008,39
0.1,360.0,55,response,71055,72055,73055,0.6413888891739468,0.0855793275909975,3599,0.0011114198388441233,0.3948318977493748,1.0,70.29999998534292,0.4670379213725529,34
0.1,360.0,55,no_response,71055,72055,73055,0.40722222246662665,0.07585440400111142,3599,0.0,0.0,1.0,87.89999998534293,0.7034776107942898,35
0.1,360.0,56,response,71056,72056,73056,0.5752777780629341,0.13892747985551543,3599,0.0,0.3523200889135871,1.0,75.09999998534293,0.440367614108432,59
0.1,360.0,56,no_response,71056,72056,73056,0.019444444607300066,0.07974437343706585,3599,0.0,0.0,1.0,192.09999998534295,1.0078023351166967,41
0.1,360.0,57,response,71057,72057,73057,0.6530555560038481,0.11225340372325646,3599,0.0002778549597110308,0.3728813559322034,1.0,98.09999998534293,0.38360398850897615,41
0.1,360.0,57,no_response,71057,72057,73057,0.0,0.09530425118088358,3599,0.0,0.0,0.0,360.0,1.1895187336808857,45
0.1,360.0,58,response,71058,72058,73058,0.7780555558407195,0.09752709085857182,3599,0.0005557099194220616,0.4017782717421506,1.0,47.49999998534292,0.3170287789249785,37
0.1,360.0,58,no_response,71058,72058,73058,0.0,0.060850236176715755,3599,0.0,0.0,0.0,360.0,1.0629285959084906,35
0.1,360.0,59,response,71059,72059,73059,0.7266666669111521,0.1333703806612948,3599,0.0,0.3684356765768269,1.0,82.89999998534293,0.5238699138781173,49
0.1,360.0,59,no_response,71059,72059,73059,0.0,0.09391497638232843,3599,0.0,0.0,0.0,360.0,1.3154969867780864,38
0.1,360.0,60,response,71060,72060,73060,0.6258333334555357,0.09891636565712698,3599,0.0013892747985551543,0.396499027507641,1.0,86.49999998534292,0.563798856961509,39
0.1,360.0,60,no_response,71060,72060,73060,0.05222222230364822,0.08085579327590997,3599,0.0,0.0,1.0,206.89999998534293,1.0664747285644711,40
0.1,360.0,61,response,71061,72061,73061,0.764166667196112,0.14087246457349265,3599,0.0,0.3898305084745763,1.0,63.49999998534292,0.411014060316407,44
0.1,360.0,61,no_response,71061,72061,73061,0.0,0.09391497638232843,3599,0.0,0.0,0.0,360.0,1.2509015566560162,39
0.1,360.0,62,response,71062,72062,73062,0.8052777780629478,0.13475965545984997,3599,0.0002778549597110308,0.31119755487635453,1.0,57.09999998534292,0.3539391724262498,41
0.1,360.0,62,no_response,71062,72062,73062,0.04333333349618802,0.0972492358988608,3599,0.0,0.0,1.0,189.49999998534292,0.7665291586828957,40
0.1,360.0,63,response,71063,72063,73063,0.6213888891738532,0.13726035009724924,3599,0.0,0.37454848569046956,1.0,89.69999998534293,0.4130376845868808,35
0.1,360.0,63,no_response,71063,72063,73063,0.0,0.08224506807446513,3599,0.0,0.0,0.0,360.0,1.1639242911613945,35
0.1,360.0,64,response,71064,72064,73064,0.7986111113960902,0.13031397610447346,3599,0.0002778549597110308,0.36787996665740486,1.0,62.29999998534292,0.33568900951790653,35
0.1,360.0,64,no_response,71064,72064,73064,0.30305555575910964,0.11864406779661017,3599,0.0,0.0,1.0,207.29999998534294,0.6917428150853625,42
0.1,360.0,65,response,71065,72065,73065,0.5552777782256969,0.09947207557654904,3599,0.0008335648791330926,0.39594331758821893,1.0,47.49999998534292,0.3936675670325447,46
0.1,360.0,65,no_response,71065,72065,73065,0.08555555571845526,0.07446512920255627,3599,0.0,0.0,1.0,146.89999998534293,0.804122746296275,44
0.1,360.0,66,response,71066,72066,73066,0.750833333618491,0.13392609058071686,3599,0.0,0.3487079744373437,1.0,47.49999998534292,0.31717802221745317,36
0.1,360.0,66,no_response,71066,72066,73066,0.07861111115182151,0.06974159488746874,3599,0.0,0.0,1.0,331.69999998534297,1.1081404333386642,22
0.1,360.0,67,response,71067,72067,73067,0.8680555555962659,0.1828285634898583,3599,0.0,0.2986940816893582,1.0,47.49999998534292,0.29663769146890046,45
0.1,360.0,67,no_response,71067,72067,73067,0.0,0.07279799944429008,3599,0.0,0.0,0.0,360.0,0.9586705702284901,45
0.1,360.0,68,response,71068,72068,73068,0.6752777781443565,0.135037510419561,3599,0.0,0.3389830508474576,1.0,69.09999998534293,0.4535726868124009,48
0.1,360.0,68,no_response,71068,72068,73068,0.4650000004889226,0.0964156710197277,3599,0.0,0.0,1.0,74.09999998534293,0.4367256296069005,45
0.1,360.0,69,response,71069,72069,73069,0.7725000004479243,0.10780772436787997,3599,0.0,0.4026118366212837,1.0,48.89999998534292,0.3291119363782875,42
0.1,360.0,69,no_response,71069,72069,73069,0.09166666674813784,0.08141150319533204,3599,0.0,0.0,1.0,195.89999998534293,0.821644938184622,34
0.1,360.0,70,response,71070,72070,73070,0.6147222228331839,0.126146151708808,3599,0.0,0.3559322033898305,1.0,51.29999998534292,0.37257406124300524,45
0.1,360.0,70,no_response,71070,72070,73070,0.36527777822561297,0.10530702973048069,3599,0.0,0.0,1.0,167.09999998534295,0.7144026409059082,47
0.1,360.0,71,response,71071,72071,73071,0.800833333618313,0.18505140316754654,3599,0.0,0.31731036398999724,1.0,47.49999998534292,0.31083487220352235,45
0.1,360.0,71,no_response,71071,72071,73071,0.0,0.11336482356210058,3599,0.0,0.0,0.0,360.0,0.9750656148861606,50
0.1,360.0,72,response,71072,72072,73072,0.6530555560851815,0.09836065573770492,3599,0.0002778549597110308,0.42011669908307864,1.0,60.29999998534292,0.34120914407441777,37
0.1,360.0,72,no_response,71072,72072,73072,0.2466666669109854,0.07668796888024451,3599,0.0,0.0,1.0,65.69999998534293,0.49025193070048445,42
0.1,360.0,73,response,71073,72073,73073,0.5936111114776946,0.09530425118088358,3599,0.0005557099194220616,0.43734370658516253,1.0,65.09999998534293,0.4062133949320464,29
0.1,360.0,73,no_response,71073,72073,73073,0.0,0.08335648791330925,3599,0.0,0.0,0.0,360.0,1.0814582192576836,34
0.1,360.0,74,response,71074,72074,73074,0.6702777782259746,0.12031119755487635,3599,0.0005557099194220616,0.3834398444012226,1.0,97.69999998534293,0.5024744261043419,32
0.1,360.0,74,no_response,71074,72074,73074,0.2963888893370122,0.08835787718810781,3599,0.0,0.0,1.0,88.09999998534293,0.49091613902533865,31
0.1,360.0,75,response,71075,72075,73075,0.651111111437072,0.1550430675187552,3599,0.0005557099194220616,0.3189774937482634,1.0,50.29999998534292,0.36193951612573094,41
0.1,360.0,75,no_response,71075,72075,73075,0.038333333414760015,0.08030008335648792,3599,0.0,0.0,1.0,337.09999998534295,0.992046132439861,36
0.1,360.0,76,response,71076,72076,73076,0.6525000002850572,0.11086412892470131,3599,0.0005557099194220616,0.3864962489580439,1.0,47.49999998534292,0.3519302613997387,33
0.1,360.0,76,no_response,71076,72076,73076,0.0,0.08641289247013059,3599,0.0,0.0,0.0,360.0,0.937610804118637,36
0.1,360.0,77,response,71077,72077,73077,0.7825000002037368,0.16282300639066408,3599,0.0,0.3284245623784385,1.0,68.29999998534292,0.3572143303085377,39
0.1,360.0,77,no_response,71077,72077,73077,0.06055555571840928,0.07585440400111142,3599,0.0,0.0,1.0,72.09999998534293,0.7937425527209676,32
0.1,360.0,78,response,71078,72078,73078,0.6441666671962931,0.09474854126146151,3599,0.0,0.3973325923867741,1.0,86.69999998534293,0.5512328667027481,42
0.1,360.0,78,no_response,71078,72078,73078,0.03166666682952181,0.10752986940816893,3599,0.0,0.0,1.0,218.69999998534294,0.8863342346742312,34
0.1,360.0,79,response,71079,72079,73079,0.6247222228335623,0.11947763267574327,3599,0.0005557099194220616,0.387607668796888,1.0,47.49999998534292,0.3549241170854391,49
0.1,360.0,79,no_response,71079,72079,73079,0.17277777818490972,0.08252292303417616,3599,0.0,0.0,1.0,260.29999998534294,0.7734634086008485,47
0.1,360.0,80,response,71080,72080,73080,0.6997222225887997,0.10669630452903585,3599,0.0013892747985551543,0.4065018060572381,1.0,61.49999998534292,0.41679175455695316,31
0.1,360.0,80,no_response,71080,72080,73080,0.07277777785925,0.06223951097527091,3599,0.0,0.0,1.0,248.69999998534294,1.1268549369323697,21
0.1,360.0,81,response,71081,72081,73081,0.5477777781850306,0.09836065573770492,3599,0.0011114198388441233,0.41483745484856904,1.0,53.89999998534292,0.3708849087729965,52
0.1,360.0,81,no_response,71081,72081,73081,0.0,0.08835787718810781,3599,0.0,0.0,0.0,360.0,1.191880638132677,47
0.1,360.0,82,response,71082,72082,73082,0.7252777781442632,0.15726590719644346,3599,0.0,0.36815782161711585,1.0,59.89999998534292,0.3942232531616268,36
0.1,360.0,82,no_response,71082,72082,73082,0.017222222303649733,0.07641011392053348,3599,0.0,0.0,1.0,287.6999999853429,0.7655443292194082,37
0.1,360.0,83,response,71083,72083,73083,0.8047222223443463,0.16699083078632954,3599,0.0,0.34231731036399,1.0,47.49999998534292,0.30880181706431403,41
0.1,360.0,83,no_response,71083,72083,73083,0.0,0.09113642678521812,3599,0.0,0.0,0.0,360.0,1.1961808772552387,39
0.1,360.0,84,response,71084,72084,73084,0.7147222226704176,0.11308696860238955,3599,0.0,0.3717699360933593,1.0,47.49999998534292,0.3294098561569275,42
0.1,360.0,84,no_response,71084,72084,73084,0.0,0.07335370936371215,3599,0.0,0.0,0.0,360.0,1.0260327003669119,40
0.1,360.0,85,response,71085,72085,73085,0.38194444464799404,0.08446790775215338,3599,0.0,0.4353987218671853,1.0,210.69999998534294,0.631630676195442,44
0.1,360.0,85,no_response,71085,72085,73085,0.0,0.09196999166435121,3599,0.0,0.0,0.0,360.0,0.7277824278053263,41
0.1,360.0,86,response,71086,72086,73086,0.7558333336999203,0.1250347318699639,3599,0.0005557099194220616,0.35871075298694083,1.0,54.89999998534292,0.3625772132326518,40
0.1,360.0,86,no_response,71086,72086,73086,0.0,0.09836065573770492,3599,0.0,0.0,0.0,360.0,1.2160705169611745,34
0.1,360.0,87,response,71087,72087,73087,0.5858333337001067,0.10252848013337038,3599,0.0027785495971103086,0.43289802722978604,1.0,84.89999998534293,0.4732092889104179,37
0.1,360.0,87,no_response,71087,72087,73087,0.0,0.08808002222839678,3599,0.0,0.0,0.0,360.0,1.2629503535592954,43
0.1,360.0,88,response,71088,72088,73088,0.7172222227109428,0.11419838844123367,3599,0.0,0.3853848291191998,1.0,48.69999998534292,0.33412563172821474,41
0.1,360.0,88,no_response,71088,72088,73088,0.0,0.09308141150319534,3599,0.0,0.0,0.0,360.0,1.273264657833904,38
0.1,360.0,89,response,71089,72089,73089,0.7672222224665748,0.18366212836899137,3599,0.0,0.29285912753542653,1.0,61.69999998534292,0.3945661837174268,36
0.1,360.0,89,no_response,71089,72089,73089,0.13250000020356373,0.09836065573770492,3599,0.0,0.0,1.0,255.49999998534292,0.8795832624348617,37
0.1,360.0,90,response,71090,72090,73090,0.6636111114775959,0.10419560989163656,3599,0.0008335648791330926,0.3942761878299528,1.0,47.49999998534292,0.35517641000243194,36
0.1,360.0,90,no_response,71090,72090,73090,0.2122222226297783,0.04945818282856349,3599,0.0,0.0,1.0,52.69999998534292,0.5188436073508548,25
0.1,360.0,91,response,71091,72091,73091,0.780555555718483,0.14087246457349265,3599,0.0,0.31203111975548764,1.0,47.49999998534292,0.3186327771379862,40
0.1,360.0,91,no_response,71091,72091,73091,0.1452777779815303,0.06168380105584885,3599,0.0,0.0,1.0,82.89999998534293,0.8204089359716431,31
0.1,360.0,92,response,71092,72092,73092,0.555833333618396,0.08391219783273131,3599,0.0002778549597110308,0.4384551264240067,1.0,72.89999998534293,0.5130848359568612,41
0.1,360.0,92,no_response,71092,72092,73092,0.103333333496232,0.0847457627118644,3599,0.0,0.0,1.0,260.29999998534294,1.0217328341814347,33
0.1,360.0,93,response,71093,72093,73093,0.8105555558000128,0.1180883578771881,3599,0.0,0.35871075298694083,1.0,49.29999998534292,0.32063563605923506,29
0.1,360.0,93,no_response,71093,72093,73093,0.10166666682951805,0.0558488469019172,3599,0.0,0.0,1.0,295.29999998534294,0.9781225985416026,27
0.1,360.0,94,response,71094,72094,73094,0.7608333336999216,0.1280911364267852,3599,0.0005557099194220616,0.3717699360933593,1.0,59.09999998534292,0.3426045696004514,33
0.1,360.0,94,no_response,71094,72094,73094,0.076388889173884,0.07529869408168936,3599,0.0,0.0,1.0,140.09999998534292,0.8014846432298821,28
0.1,360.0,95,response,71095,72095,73095,0.8191666669518399,0.1603223117532648,3599,0.0,0.31953320366768545,1.0,61.49999998534292,0.39259307459788656,42
0.1,360.0,95,no_response,71095,72095,73095,0.0,0.08085579327590997,3599,0.0,0.0,0.0,360.0,0.973485306628827,32
0.1,360.0,96,response,71096,72096,73096,0.5216666669925876,0.09363712142261739,3599,0.0022228396776882466,0.39121978327313145,1.0,104.69999998534293,0.5245162723881825,35
0.1,360.0,96,no_response,71096,72096,73096,0.043333333414759825,0.08502361767157544,3599,0.0,0.0,1.0,305.29999998534294,1.0273093464645071,31
0.1,360.0,97,response,71097,72097,73097,0.5475000007739166,0.10419560989163656,3599,0.0,0.41567101972770215,1.0,104.09999998534293,0.48809037869822286,38
0.1,360.0,97,no_response,71097,72097,73097,0.0,0.07946651847735482,3599,0.0,0.0,0.0,360.0,1.1496667430172962,31
0.1,360.0,98,response,71098,72098,73098,0.5391666670331584,0.07502083912197832,3599,0.001944984717977216,0.44095582106140596,1.0,103.69999998534293,0.5605602891552085,27
0.1,360.0,98,no_response,71098,72098,73098,0.07861111115182151,0.06696304529035843,3599,0.0,0.0,1.0,331.69999998534297,1.0994453328838132,27
0.1,360.0,99,response,71099,72099,73099,0.4930555560850959,0.06946373992775771,3599,0.0002778549597110308,0.41928313420394553,1.0,76.89999998534293,0.5120404714907186,45
0.1,360.0,99,no_response,71099,72099,73099,0.0,0.08030008335648792,3599,0.0,0.0,0.0,360.0,1.1516190544909657,31
0.1,360.0,100,response,71100,72100,73100,0.7580555560035711,0.11392053348152265,3599,0.0,0.37343706585162545,1.0,67.29999998534292,0.33732549727394134,39
0.1,360.0,100,no_response,71100,72100,73100,0.10777777785920062,0.08641289247013059,3599,0.0,0.0,1.0,293.6999999853429,0.6111390385537816,38
0.1,360.0,101,response,71101,72101,73101,0.5036111113962716,0.090025006946374,3599,0.0008335648791330926,0.3989997221450403,1.0,106.49999998534292,0.5690810760437414,40
0.1,360.0,101,no_response,71101,72101,73101,0.31805555608510583,0.07446512920255627,3599,0.0,0.0,1.0,116.09999998534293,0.5884544049173717,39
0.1,360.0,102,response,71102,72102,73102,0.7630555561666184,0.13309252570158378,3599,0.0002778549597110308,0.34815226451792164,1.0,47.49999998534292,0.3154699844852265,39
0.1,360.0,102,no_response,71102,72102,73102,0.0027777778592058613,0.10058349541539316,3599,0.0,0.0,1.0,324.69999998534297,1.0671523873270283,37
0.1,360.0,103,response,71103,72103,73103,0.8008333336998359,0.14726312864684635,3599,0.0,0.342039455404279,1.0,47.49999998534292,0.30919412456685796,36
0.1,360.0,103,no_response,71103,72103,73103,0.0,0.07224228952486803,3599,0.0,0.0,0.0,360.0,1.2450199962695812,28
0.1,360.0,104,response,71104,72104,73104,0.768611111233227,0.16449013614893027,3599,0.0,0.3548207835509864,1.0,66.69999998534293,0.4206008453523496,41
0.1,360.0,104,no_response,71104,72104,73104,0.0844444447701532,0.07085301472631286,3599,0.0,0.0,1.0,245.69999998534294,0.9685062828913398,40
0.1,360.0,105,response,71105,72105,73105,0.8511111112739599,0.1811614337315921,3599,0.0,0.30452903584328983,1.0,49.69999998534292,0.3141179254851801,46
0.1,360.0,105,no_response,71105,72105,73105,0.0,0.08113364823562101,3599,0.0,0.0,0.0,360.0,0.9897233934567546,41
0.1,360.0,106,response,71106,72106,73106,0.5930555559222338,0.13892747985551543,3599,0.0,0.3342595165323701,1.0,83.29999998534294,0.444997131076888,38
0.1,360.0,106,no_response,71106,72106,73106,0.0,0.10558488469019171,3599,0.0,0.0,0.0,360.0,1.1188240185321576,39
0.1,360.0,107,response,71107,72107,73107,0.6527777783480705,0.08946929702695193,3599,0.0016671297582661851,0.3867741039177549,1.0,53.49999998534292,0.3699603252001769,41
0.1,360.0,107,no_response,71107,72107,73107,0.0,0.06890803000833565,3599,0.0,0.0,0.0,360.0,0.8893651543532468,30
0.1,360.0,108,response,71108,72108,73108,0.7108333336183872,0.10502917477076966,3599,0.0,0.38705195887746596,1.0,51.09999998534292,0.34776902296399753,36
0.1,360.0,108,no_response,71108,72108,73108,0.15611111127400676,0.06696304529035843,3599,0.0,0.0,1.0,183.49999998534292,0.926903255169819,33
0.1,360.0,109,response,71109,72109,73109,0.5480555559222364,0.1008613503751042,3599,0.0,0.4034454015004168,1.0,105.09999998534293,0.6204255278077696,41
0.1,360.0,109,no_response,71109,72109,73109,0.0,0.08946929702695193,3599,0.0,0.0,0.0,360.0,1.1401346275282112,41
0.1,360.0,110,response,71110,72110,73110,0.6286111114778821,0.11586551819949986,3599,0.0,0.4015004167824396,1.0,70.09999998534293,0.4543542328281779,34
0.1,360.0,110,no_response,71110,72110,73110,0.11722222230364453,0.06474020561267019,3599,0.0,0.0,1.0,316.29999998534294,1.0397440326028962,30
0.1,360.0,111,response,71111,72111,73111,0.733888889133139,0.13559322033898305,3599,0.0,0.32370102806335094,1.0,66.29999998534292,0.4276790437284093,45
0.1,360.0,111,no_response,71111,72111,73111,0.0,0.13225896082245067,3599,0.0,0.0,0.0,360.0,1.26495478092214,38
0.1,360.0,112,response,71112,72112,73112,0.6733333338221493,0.10558488469019171,3599,0.0,0.35537649347040845,1.0,51.89999998534292,0.3683538847961884,47
0.1,360.0,112,no_response,71112,72112,73112,0.0,0.08530147263128647,3599,0.0,0.0,0.0,360.0,1.098871650578193,37
0.1,360.0,113,response,71113,72113,73113,0.7394444448517419,0.12781328146707419,3599,0.0,0.3287024173381495,1.0,67.69999998534293,0.4316155310767515,46
0.1,360.0,113,no_response,71113,72113,73113,0.2633333334962703,0.08613503751041957,3599,0.0,0.0,1.0,93.49999998534292,0.7466776770021512,40
0.1,360.0,114,response,71114,72114,73114,0.5380555559220473,0.10419560989163656,3599,0.0,0.3989997221450403,1.0,107.69999998534293,0.5445857038969044,48
0.1,360.0,114,no_response,71114,72114,73114,0.0,0.08752431230897471,3599,0.0,0.0,0.0,360.0,1.149033665496554,42
0.1,360.0,115,response,71115,72115,73115,0.5902777780629332,0.13920533481522646,3599,0.0005557099194220616,0.360377882745207,1.0,47.49999998534292,0.4355092166392761,39
0.1,360.0,115,no_response,71115,72115,73115,0.23611111127404966,0.07891080855793275,3599,0.0,0.0,1.0,158.29999998534294,0.7971903188351208,38
0.1,360.0,116,response,71116,72116,73116,0.8225000004480304,0.14087246457349265,3599,0.0,0.3642678521811614,1.0,47.49999998534292,0.3074397321246686,29
0.1,360.0,116,no_response,71116,72116,73116,0.0166666667480942,0.06446235065295916,3599,0.0,0.0,1.0,332.09999998534295,1.0645806258282602,27
0.1,360.0,117,response,71117,72117,73117,0.741388889173855,0.153098082800778,3599,0.0,0.3378716310086135,1.0,72.69999998534293,0.3668497754909774,36
0.1,360.0,117,no_response,71117,72117,73117,0.2300000002445092,0.09752709085857182,3599,0.0,0.0,1.0,118.09999998534293,0.5807568299689015,34
0.1,360.0,118,response,71118,72118,73118,0.6997222223443256,0.12086690747429842,3599,0.0002778549597110308,0.38510697415948875,1.0,104.69999998534293,0.5281859079276292,40
0.1,360.0,118,no_response,71118,72118,73118,0.15555555571840388,0.07696582383995554,3599,0.0,0.0,1.0,149.29999998534294,0.8743388435459852,35
0.1,360.0,119,response,71119,72119,73119,0.4705555559630022,0.11141983884412336,3599,0.0011114198388441233,0.3614893025840511,1.0,47.89999998534292,0.41243402974157256,52
0.1,360.0,119,no_response,71119,72119,73119,0.04777777785920403,0.07529869408168936,3599,0.0,0.0,1.0,165.49999998534292,0.8566890139757046,36
0.1,360.0,120,response,71120,72120,73120,0.6141666670331541,0.11364267852181162,3599,0.0002778549597110308,0.39566546262850794,1.0,114.29999998534294,0.5284462192755915,46
0.1,360.0,120,no_response,71120,72120,73120,0.09944444468896105,0.10336204501250347,3599,0.0,0.0,1.0,77.49999998534292,0.9259480714980977,40
0.1,360.0,121,response,71121,72121,73121,0.574444444688792,0.14920811336482356,3599,0.0,0.3550986385106974,1.0,104.49999998534292,0.6339610783706592,38
0.1,360.0,121,no_response,71121,72121,73121,0.0,0.0747429841622673,3599,0.0,0.0,0.0,360.0,1.212994026732567,36
0.1,360.0,122,response,71122,72122,73122,0.5891666669518222,0.08835787718810781,3599,0.0,0.4087246457349264,1.0,47.49999998534292,0.4356483163694472,35
0.1,360.0,122,no_response,71122,72122,73122,0.011666666748094396,0.06696304529035843,3599,0.0,0.0,1.0,167.29999998534294,0.930470499860746,28
0.1,360.0,123,response,71123,72123,73123,0.5900000004072977,0.12642400666851902,3599,0.0,0.3648235621005835,1.0,81.29999998534294,0.4887043073270381,37
0.1,360.0,123,no_response,71123,72123,73123,0.0,0.07113086968602389,3599,0.0,0.0,0.0,360.0,1.0911660847205813,35
0.1,360.0,124,response,71124,72124,73124,0.7888888890518182,0.15115309808280078,3599,0.0,0.3170325090302862,1.0,47.49999998534292,0.3114368100701413,46
0.1,360.0,124,no_response,71124,72124,73124,0.17111111127395856,0.08057793831619894,3599,0.0,0.0,1.0,47.49999998534292,0.7522872102240363,42
0.1,360.0,125,response,71125,72125,73125,0.5319444447296031,0.09863851069741594,3599,0.0002778549597110308,0.37427063073075856,1.0,78.89999998534293,0.5332190064962798,43
0.1,360.0,125,no_response,71125,72125,73125,0.0,0.06612948041122534,3599,0.0,0.0,0.0,360.0,0.8488831695560644,29
0.1,360.0,126,response,71126,72126,73126,0.5336111113960803,0.10586273964990275,3599,0.0002778549597110308,0.39594331758821893,1.0,88.89999998534293,0.4621380770096999,48
0.1,360.0,126,no_response,71126,72126,73126,0.23833333341474877,0.09169213670464017,3599,0.0,0.0,1.0,237.29999998534294,0.6759818455813404,37
0.1,360.0,127,response,71127,72127,73127,0.590277778063028,0.15448735759933316,3599,0.0008335648791330926,0.34231731036399,1.0,69.89999998534293,0.3904697598192752,46
0.1,360.0,127,no_response,71127,72127,73127,0.0,0.11781050291747708,3599,0.0,0.0,0.0,360.0,1.2982013582902596,44
0.1,90.0,0,response,71000,72000,73000,0.2922222223850652,0.054505005561735265,899,0.0,0.7808676307007787,1.0,63.69999998534292,0.6719583651123371,3
0.1,90.0,0,no_response,71000,72000,73000,0.0,0.10233592880978866,899,0.0,0.0,0.0,90.0,1.229202820259267,13
0.1,90.0,1,response,71001,72001,73001,0.04333333349618799,0.05005561735261402,899,0.0,0.6796440489432704,1.0,86.09999998534293,1.0539645492667729,3
0.1,90.0,1,no_response,71001,72001,73001,0.0,0.16129032258064516,899,0.0,0.0,0.0,90.0,1.3672863765705985,9
0.1,90.0,2,response,71002,72002,73002,0.027777777940633044,0.042269187986651836,899,0.0,0.6774193548387096,1.0,87.49999998534292,0.8542460743577079,7
0.1,90.0,2,no_response,71002,72002,73002,0.0,0.09566184649610679,899,0.0,0.0,0.0,90.0,1.3297879697321853,9
0.1,90.0,3,response,71003,72003,73003,0.47222222238505496,0.09566184649610679,899,0.0,0.6941045606229144,1.0,47.49999998534292,0.5671476390186636,3
0.1,90.0,3,no_response,71003,72003,73003,0.0,0.054505005561735265,899,0.0,0.0,0.0,90.0,0.7394451313128098,6
0.1,90.0,4,response,71004,72004,73004,0.4677777782663236,0.06562847608453838,899,0.0,0.6718576195773082,1.0,47.49999998534292,0.571105259805737,4
0.1,90.0,4,no_response,71004,72004,73004,0.0,0.08231368186874305,899,0.0,0.0,0.0,90.0,0.7243915024963277,4
0.1,90.0,5,response,71005,72005,73005,0.1388888890517398,0.028921023359288096,899,0.0,0.7352614015572859,1.0,77.49999998534292,0.9467068254392885,4
0.1,90.0,5,no_response,71005,72005,73005,0.0,0.05784204671857619,899,0.0,0.0,0.0,90.0,1.0190563914175161,10
0.1,90.0,6,response,71006,72006,73006,0.472222222385055,0.08342602892102335,899,0.0,0.7230255839822024,1.0,47.49999998534292,0.5691873036766237,4
0.1,90.0,6,no_response,71006,72006,73006,0.0,0.1067853170189099,899,0.0,0.0,0.0,90.0,1.2325316782045728,9
0.1,90.0,7,response,71007,72007,73007,0.4588888890517224,0.06340378197997776,899,0.0,0.7274749721913237,1.0,48.69999998534292,0.5854299920191595,7
0.1,90.0,7,no_response,71007,72007,73007,0.0,0.058954393770856504,899,0.0,0.0,0.0,90.0,1.1924042379439406,8
0.1,90.0,8,response,71008,72008,73008,0.472222222385055,0.07119021134593993,899,0.0,0.6840934371523916,1.0,47.49999998534292,0.5688744051975685,6
0.1,90.0,8,no_response,71008,72008,73008,0.0,0.09232480533926585,899,0.0,0.0,0.0,90.0,0.9846475015061092,12
0.1,90.0,9,response,71009,72009,73009,0.0,0.10122358175750834,899,0.0,0.44048943270300334,0.0,90.0,1.2420759110814812,9
0.1,90.0,9,no_response,71009,72009,73009,0.0,0.0967741935483871,899,0.0,0.0,0.0,90.0,1.3606668757145035,7
0.1,90.0,10,response,71010,72010,73010,0.0,0.047830923248053395,899,0.0,0.6507230255839822,0.0,90.0,1.042381005199155,3
0.1,90.0,10,no_response,71010,72010,73010,0.0,0.07007786429365963,899,0.0,0.0,0.0,90.0,1.0596513976041562,5
0.1,90.0,11,response,71011,72011,73011,0.46111111127394455,0.06896551724137931,899,0.0,0.7419354838709677,1.0,48.49999998534292,0.5845911011600784,4
0.1,90.0,11,no_response,71011,72011,73011,0.0,0.10456062291434928,899,0.0,0.0,0.0,90.0,1.0876794871039301,8
0.1,90.0,12,response,71012,72012,73012,0.385555556044485,0.05116796440489433,899,0.0,0.6651835372636262,1.0,47.49999998534292,0.578850040069864,5
0.1,90.0,12,no_response,71012,72012,73012,0.4111111114368038,0.06451612903225806,899,0.0,0.0,1.0,51.49999998534292,0.6150687332865078,5
0.1,90.0,13,response,71013,72013,73013,0.34222222254810825,0.05116796440489433,899,0.0,0.6518353726362626,1.0,50.89999998534292,0.6228392408960735,10
0.1,90.0,13,no_response,71013,72013,73013,0.0,0.06340378197997776,899,0.0,0.0,0.0,90.0,1.0260439886606545,6
0.1,90.0,14,response,71014,72014,73014,0.33000000081502434,0.07119021134593993,899,0.0,0.6796440489432704,1.0,51.89999998534292,0.6368408138791197,6
0.1,90.0,14,no_response,71014,72014,73014,0.0,0.07563959955506118,899,0.0,0.0,0.0,90.0,1.2465102789610512,6
0.1,90.0,15,response,71015,72015,73015,0.27777777810366744,0.03114571746384872,899,0.0,0.6629588431590656,1.0,58.89999998534292,0.586973404659679,5
0.1,90.0,15,no_response,71015,72015,73015,0.0,0.08453837597330367,899,0.0,0.0,0.0,90.0,0.9220867011536622,10
0.1,90.0,16,response,71016,72016,73016,0.3433333334961734,0.07341490545050056,899,0.0,0.7052280311457174,1.0,59.09999998534292,0.7159772001335744,5
0.1,90.0,16,no_response,71016,72016,73016,0.0,0.060066740823136816,899,0.0,0.0,0.0,90.0,1.2694565836521472,10
0.1,90.0,17,response,71017,72017,73017,0.2855555557183989,0.03670745272525028,899,0.0,0.731924360400445,1.0,64.29999998534292,0.7940462063241518,5
0.1,90.0,17,no_response,71017,72017,73017,0.0,0.09788654060066741,899,0.0,0.0,0.0,90.0,1.0749027325504592,6
0.1,90.0,18,response,71018,72018,73018,0.23444444460729072,0.054505005561735265,899,0.0,0.7508342602892102,1.0,68.89999998534293,0.852998997003449,2
0.1,90.0,18,no_response,71018,72018,73018,0.0,0.11790878754171301,899,0.0,0.0,0.0,90.0,1.213705532656089,9
0.1,90.0,19,response,71019,72019,73019,0.472222222385055,0.08565072302558398,899,0.0,0.7252502780867631,1.0,47.49999998534292,0.5684882486814371,2
0.1,90.0,19,no_response,71019,72019,73019,0.43555555588124684,0.06229143492769744,899,0.0,0.0,1.0,49.89999998534292,0.5738341765895634,3
0.1,90.0,20,response,71020,72020,73020,0.472222222385055,0.07119021134593993,899,0.0,0.692992213570634,1.0,47.49999998534292,0.5678955302987801,2
0.1,90.0,20,no_response,71020,72020,73020,0.0,0.07007786429365963,899,0.0,0.0,0.0,90.0,0.9768703314383368,5
0.1,90.0,21,response,71021,72021,73021,0.28777777794062104,0.07230255839822025,899,0.0,0.7675194660734149,1.0,64.09999998534293,0.5870327494176877,3
0.1,90.0,21,no_response,71021,72021,73021,0.16444444477015074,0.027808676307007785,899,0.0,0.0,1.0,73.29999998534292,0.6720346419642358,3
0.1,90.0,22,response,71022,72022,73022,0.0,0.05339265850945495,899,0.0,0.6017797552836485,0.0,90.0,0.9293699275435063,8
0.1,90.0,22,no_response,71022,72022,73022,0.0,0.08008898776418243,899,0.0,0.0,0.0,90.0,1.3083284467000047,8
0.1,90.0,23,response,71023,72023,73023,0.25666666682951156,0.05561735261401557,899,0.0,0.7219132369299222,1.0,66.89999998534293,0.8175918188327379,5
0.1,90.0,23,no_response,71023,72023,73023,0.0,0.08120133481646273,899,0.0,0.0,0.0,90.0,0.916621477674033,7
0.1,90.0,24,response,71024,72024,73024,0.19888888905173718,0.04004449388209121,899,0.0,0.7474972191323693,1.0,72.09999998534293,0.7171266926654835,3
0.1,90.0,24,no_response,71024,72024,73024,0.0,0.041156840934371525,899,0.0,0.0,0.0,90.0,1.0576207427785995,4
0.1,90.0,25,response,71025,72025,73025,0.472222222385055,0.07119021134593993,899,0.0,0.657397107897664,1.0,47.49999998534292,0.572119513543961,4
0.1,90.0,25,no_response,71025,72025,73025,0.0,0.10233592880978866,899,0.0,0.0,0.0,90.0,0.9937797878135124,7
0.1,90.0,26,response,71026,72026,73026,0.0,0.06674082313681869,899,0.0,0.5005561735261401,0.0,90.0,1.1610179365061042,16
0.1,90.0,26,no_response,71026,72026,73026,0.0,0.11012235817575083,899,0.0,0.0,0.0,90.0,1.0214250132916178,13
0.1,90.0,27,response,71027,72027,73027,0.36555555604448614,0.04560622914349277,899,0.0,0.71412680756396,1.0,47.49999998534292,0.5789621595771323,1
0.1,90.0,27,no_response,71027,72027,73027,0.0,0.06117908787541713,899,0.0,0.0,0.0,90.0,0.7498641358420973,4
0.1,90.0,28,response,71028,72028,73028,0.0,0.07341490545050056,899,0.004449388209121246,0.44160177975528364,0.0,90.0,0.9461160229532568,11
0.1,90.0,28,no_response,71028,72028,73028,0.0,0.0878754171301446,899,0.0,0.0,0.0,90.0,1.2565716710337091,7
0.1,90.0,29,response,71029,72029,73029,0.06777777794063147,0.03781979977753059,899,0.0,0.6874304783092324,1.0,83.89999998534293,0.9689993005386774,5
0.1,90.0,29,no_response,71029,72029,73029,0.0,0.08453837597330367,899,0.0,0.0,0.0,90.0,1.3183829455477316,8
0.1,90.0,30,response,71030,72030,73030,0.3544444446072839,0.06117908787541713,899,0.0,0.6863181312569522,1.0,58.09999998534292,0.7143932499370044,6
0.1,90.0,30,no_response,71030,72030,73030,0.0,0.10344827586206896,899,0.0,0.0,0.0,90.0,1.2296974117417854,10
0.1,90.0,31,response,71031,72031,73031,0.3433333334961734,0.06340378197997776,899,0.0,0.71412680756396,1.0,59.09999998534292,0.7255304144019211,3
0.1,90.0,31,no_response,71031,72031,73031,0.0,0.10789766407119021,899,0.0,0.0,0.0,90.0,1.2789391784687114,6
0.1,90.0,32,response,71032,72032,73032,0.4055555560444839,0.03114571746384872,899,0.0,0.7474972191323693,1.0,47.49999998534292,0.5757497295797076,5
0.1,90.0,32,no_response,71032,72032,73032,0.0,0.07007786429365963,899,0.0,0.0,0.0,90.0,1.0455930842243453,10
0.1,90.0,33,response,71033,72033,73033,0.472222222385055,0.035595105672969966,899,0.0,0.7508342602892102,1.0,47.49999998534292,0.5696025983086794,1
0.1,90.0,33,no_response,71033,72033,73033,0.0,0.067853170189099,899,0.0,0.0,0.0,90.0,1.1575515424089493,8
0.1,90.0,34,response,71034,72034,73034,0.472222222385055,0.05339265850945495,899,0.0,0.7007786429365962,1.0,47.49999998534292,0.569964965784935,4
0.1,90.0,34,no_response,71034,72034,73034,0.0,0.06340378197997776,899,0.0,0.0,0.0,90.0,0.8502823112877779,11
0.1,90.0,35,response,71035,72035,73035,0.052222222385076525,0.07007786429365963,899,0.0,0.7007786429365962,1.0,85.29999998534294,0.9592289357140518,8
0.1,90.0,35,no_response,71035,72035,73035,0.0,0.07119021134593993,899,0.0,0.0,0.0,90.0,0.921905162632735,9
0.1,90.0,36,response,71036,72036,73036,0.004444444770157053,0.03781979977753059,899,0.0,0.5583982202447163,1.0,56.89999998534292,0.7405929936356567,13
0.1,90.0,36,no_response,71036,72036,73036,0.0,0.08453837597330367,899,0.0,0.0,0.0,90.0,1.3522842797774948,14
0.1,90.0,37,response,71037,72037,73037,0.16111111127396116,0.05116796440489433,899,0.0,0.7664071190211346,1.0,75.49999998534292,0.7309949627429415,5
0.1,90.0,37,no_response,71037,72037,73037,0.0,0.09454949944382647,899,0.0,0.0,0.0,90.0,0.9001560309190828,6
0.1,90.0,38,response,71038,72038,73038,0.07666666682952002,0.06229143492769744,899,0.0,0.7152391546162402,1.0,83.09999998534293,0.7231813665249474,5
0.1,90.0,38,no_response,71038,72038,73038,0.0,0.12791991101223582,899,0.0,0.0,0.0,90.0,1.3909884990338515,7
0.1,90.0,39,response,71039,72039,73039,0.4677777779406108,0.08565072302558398,899,0.0,0.696329254727475,1.0,47.89999998534292,0.5726352106222989,6
0.1,90.0,39,no_response,71039,72039,73039,0.3500000004885525,0.08453837597330367,899,0.0,0.0,1.0,55.89999998534292,0.5843675403564297,8
0.1,90.0,40,response,71040,72040,73040,0.027777777940633044,0.05005561735261402,899,0.0,0.6618464961067854,1.0,87.49999998534292,1.0055169593575026,7
0.1,90.0,40,no_response,71040,72040,73040,0.0,0.035595105672969966,899,0.0,0.0,0.0,90.0,0.9076915824710986,8
0.1,90.0,41,response,71041,72041,73041,0.44777777794061197,0.08231368186874305,899,0.0,0.681868743047831,1.0,49.69999998534292,0.59924584455983,3
0.1,90.0,41,no_response,71041,72041,73041,0.0,0.08231368186874305,899,0.0,0.0,0.0,90.0,1.1834151295673425,5
0.1,90.0,42,response,71042,72042,73042,0.472222222385055,0.026696329254727477,899,0.0,0.7385984427141268,1.0,47.49999998534292,0.5703191387284839,7
0.1,90.0,42,no_response,71042,72042,73042,0.0,0.11345939933259176,899,0.0,0.0,0.0,90.0,1.1819818987145658,10
0.1,90.0,43,response,71043,72043,73043,0.04333333349618799,0.030033370411568408,899,0.0,0.6696329254727474,1.0,86.09999998534293,1.0417181917923446,7
0.1,90.0,43,no_response,71043,72043,73043,0.0,0.10344827586206896,899,0.0,0.0,0.0,90.0,1.2660168508620524,15
0.1,90.0,44,response,71044,72044,73044,0.0,0.08565072302558398,899,0.0,0.5461624026696329,0.0,90.0,1.1439276550551614,10
0.1,90.0,44,no_response,71044,72044,73044,0.0,0.12124582869855395,899,0.0,0.0,0.0,90.0,1.3118010553772583,11
0.1,90.0,45,response,71045,72045,73045,0.22111111127395813,0.04560622914349277,899,0.0,0.7552836484983315,1.0,70.09999998534293,0.8686638679924228,1
0.1,90.0,45,no_response,71045,72045,73045,0.0,0.06896551724137931,899,0.0,0.0,0.0,90.0,1.161959322294316,6
0.1,90.0,46,response,71046,72046,73046,0.3588888890517281,0.06117908787541713,899,0.0,0.7374860956618465,1.0,57.69999998534292,0.6086085185806123,3
0.1,90.0,46,no_response,71046,72046,73046,0.0,0.15350389321468297,899,0.0,0.0,0.0,90.0,0.8710401036819264,10
0.1,90.0,47,response,71047,72047,73047,0.03444444460729945,0.05228031145717464,899,0.0,0.6651835372636262,1.0,86.89999998534293,0.9783397046924848,5
0.1,90.0,47,no_response,71047,72047,73047,0.0,0.12680756395995552,899,0.0,0.0,0.0,90.0,1.3348403283622443,7
0.1,90.0,48,response,71048,72048,73048,0.0,0.06896551724137931,899,0.0,0.5984427141268076,0.0,90.0,1.1065057513532315,7
0.1,90.0,48,no_response,71048,72048,73048,0.0,0.06674082313681869,899,0.0,0.0,0.0,90.0,0.7813164560179474,9
0.1,90.0,49,response,71049,72049,73049,0.23000000016284652,0.020022246941045607,899,0.0,0.728587319243604,1.0,69.29999998534292,0.8443286511253261,3
0.1,90.0,49,no_response,71049,72049,73049,0.0,0.08565072302558398,899,0.0,0.0,0.0,90.0,1.341553480939998,11
0.1,90.0,50,response,71050,72050,73050,0.27444444493300113,0.06562847608453838,899,0.0,0.7497219132369299,1.0,64.69999998534293,0.6321061443917315,6
0.1,90.0,50,no_response,71050,72050,73050,0.0,0.12235817575083426,899,0.0,0.0,0.0,90.0,0.9288128767410575,13
0.1,90.0,51,response,71051,72051,73051,0.37222222238506053,0.09232480533926585,899,0.0,0.7296996662958843,1.0,56.49999998534292,0.5803186557592497,6
0.1,90.0,51,no_response,71051,72051,73051,0.0,0.05672969966629588,899,0.0,0.0,0.0,90.0,1.2025034072485807,7
0.1,90.0,52,response,71052,72052,73052,0.4077777779406142,0.07007786429365963,899,0.0,0.7530589543937709,1.0,53.29999998534292,0.6285747829636331,4
0.1,90.0,52,no_response,71052,72052,73052,0.0,0.05784204671857619,899,0.0,0.0,0.0,90.0,0.9301236811425787,8
0.1,90.0,53,response,71053,72053,73053,0.3811111112739491,0.05339265850945495,899,0.0,0.7341490545050056,1.0,55.69999998534292,0.680345892420417,2
0.1,90.0,53,no_response,71053,72053,73053,0.0,0.07452725250278086,899,0.0,0.0,0.0,90.0,1.2982711581175956,8
0.1,90.0,54,response,71054,72054,73054,0.472222222385055,0.07563959955506118,899,0.0,0.6918798665183538,1.0,47.49999998534292,0.5684045507676129,4
0.1,90.0,54,no_response,71054,72054,73054,0.0,0.11902113459399333,899,0.0,0.0,0.0,90.0,1.2518763907741777,10
0.1,90.0,55,response,71055,72055,73055,0.21888888905173604,0.027808676307007785,899,0.0,0.7341490545050056,1.0,70.29999998534292,0.8577481526260105,3
0.1,90.0,55,no_response,71055,72055,73055,0.023333333496188772,0.027808676307007785,899,0.0,0.0,1.0,87.89999998534293,0.9394209185568645,9
0.1,90.0,56,response,71056,72056,73056,0.1655555557184054,0.07007786429365963,899,0.0,0.728587319243604,1.0,75.09999998534293,0.789748016071513,12
0.1,90.0,56,no_response,71056,72056,73056,0.0,0.0867630700778643,899,0.0,0.0,0.0,90.0,1.1168317012374296,11
0.1,90.0,57,response,71057,72057,73057,0.0,0.07897664071190211,899,0.0,0.5773081201334817,0.0,90.0,0.7072521913873547,8
0.1,90.0,57,no_response,71057,72057,73057,0.0,0.067853170189099,899,0.0,0.0,0.0,90.0,1.240195683484399,14
0.1,90.0,58,response,71058,72058,73058,0.35666666715559775,0.02224694104560623,899,0.002224694104560623,0.7119021134593994,1.0,47.49999998534292,0.5800407342017694,5
0.1,90.0,58,no_response,71058,72058,73058,0.0,0.07230255839822025,899,0.0,0.0,0.0,90.0,0.9244184814730223,10
0.1,90.0,59,response,71059,72059,73059,0.07888888905174216,0.03225806451612903,899,0.0,0.6985539488320356,1.0,82.89999998534293,1.0199868888046237,9
0.1,90.0,59,no_response,71059,72059,73059,0.0,0.11457174638487208,899,0.0,0.0,0.0,90.0,1.2983758401257426,11
0.1,90.0,60,response,71060,72060,73060,0.038888889051743716,0.017797552836484983,899,0.0,0.660734149054505,1.0,86.49999998534292,1.0508690879457823,7
0.1,90.0,60,no_response,71060,72060,73060,0.0,0.12680756395995552,899,0.0,0.0,0.0,90.0,1.3713726651303306,12
0.1,90.0,61,response,71061,72061,73061,0.2944444446072873,0.07452725250278086,899,0.0,0.7263626251390434,1.0,63.49999998534292,0.7823709151603797,2
0.1,90.0,61,no_response,71061,72061,73061,0.0,0.1067853170189099,899,0.0,0.0,0.0,90.0,1.3303953698055335,7
0.1,90.0,62,response,71062,72062,73062,0.36555555571839426,0.08120133481646273,899,0.0,0.6340378197997776,1.0,57.09999998534292,0.6752311670005259,7
0.1,90.0,62,no_response,71062,72062,73062,0.0,0.06562847608453838,899,0.0,0.0,0.0,90.0,1.1823277567766255,10
0.1,90.0,63,response,71063,72063,73063,0.0033333334961895924,0.07563959955506118,899,0.0,0.6418242491657397,1.0,89.69999998534293,0.7590997182335276,9
0.1,90.0,63,no_response,71063,72063,73063,0.0,0.11902113459399333,899,0.0,0.0,0.0,90.0,1.2557094957743136,10
0.1,90.0,64,response,71064,72064,73064,0.3077777779406199,0.0878754171301446,899,0.0,0.7196885428253615,1.0,62.29999998534292,0.6310941468768514,3
0.1,90.0,64,no_response,71064,72064,73064,0.0,0.07341490545050056,899,0.0,0.0,0.0,90.0,1.108987361915766,14
0.1,90.0,65,response,71065,72065,73065,0.44555555604410263,0.10011123470522804,899,0.0,0.6829810901001112,1.0,47.49999998534292,0.5700420101477905,10
0.1,90.0,65,no_response,71065,72065,73065,0.0,0.08008898776418243,899,0.0,0.0,0.0,90.0,1.1030745638139505,17
0.1,90.0,66,response,71066,72066,73066,0.3066666669925547,0.034482758620689655,899,0.0,0.6484983314794216,1.0,47.49999998534292,0.5838174448309011,6
0.1,90.0,66,no_response,71066,72066,73066,0.0,0.054505005561735265,899,0.0,0.0,0.0,90.0,1.1262153376094055,4
0.1,90.0,67,response,71067,72067,73067,0.472222222385055,0.0389321468298109,899,0.0,0.696329254727475,1.0,47.49999998534292,0.5709405728950939,4
0.1,90.0,67,no_response,71067,72067,73067,0.0,0.10456062291434928,899,0.0,0.0,0.0,90.0,0.8167058657259102,15
0.1,90.0,68,response,71068,72068,73068,0.18000000032570565,0.03781979977753059,899,0.0,0.7408231368186874,1.0,69.09999998534293,0.8592879791496636,7
0.1,90.0,68,no_response,71068,72068,73068,0.1766666668295161,0.03781979977753059,899,0.0,0.0,1.0,74.09999998534293,0.7051531086697894,9
0.1,90.0,69,response,71069,72069,73069,0.41888888937781643,0.06117908787541713,899,0.0,0.7007786429365962,1.0,48.89999998534292,0.5951126279957394,8
0.1,90.0,69,no_response,71069,72069,73069,0.0,0.08342602892102335,899,0.0,0.0,0.0,90.0,1.1622773124823145,7
0.1,90.0,70,response,71070,72070,73070,0.4300000001628352,0.07563959955506118,899,0.0,0.6952169076751946,1.0,51.29999998534292,0.6200867609545564,7
0.1,90.0,70,no_response,71070,72070,73070,0.0,0.08008898776418243,899,0.0,0.0,0.0,90.0,1.1979679535687837,9
0.1,90.0,71,response,71071,72071,73071,0.472222222385055,0.067853170189099,899,0.0,0.7074527252502781,1.0,47.49999998534292,0.5687915298634855,5
0.1,90.0,71,no_response,71071,72071,73071,0.0,0.1067853170189099,899,0.0,0.0,0.0,90.0,1.2162682416126624,13
0.1,90.0,72,response,71072,72072,73072,0.27777777810366744,0.048943270300333706,899,0.0,0.6829810901001112,1.0,60.29999998534292,0.5954888113511805,4
0.1,90.0,72,no_response,71072,72072,73072,0.1111111114368195,0.05228031145717464,899,0.0,0.0,1.0,65.69999998534293,0.6228420880662039,11
0.1,90.0,73,response,71073,72073,73073,0.2766666668295105,0.05561735261401557,899,0.0,0.7341490545050056,1.0,65.09999998534293,0.7079011355957683,4
0.1,90.0,73,no_response,71073,72073,73073,0.0,0.12235817575083426,899,0.0,0.0,0.0,90.0,1.2787017304889985,11
0.1,90.0,74,response,71074,72074,73074,0.0,0.05116796440489433,899,0.0,0.6273637374860956,0.0,90.0,0.9679787830549005,10
0.1,90.0,74,no_response,71074,72074,73074,0.021111111273966636,0.025583982202447165,899,0.0,0.0,1.0,88.09999998534293,0.7741550519401402,10
0.1,90.0,75,response,71075,72075,73075,0.44111111127394564,0.07675194660734148,899,0.0,0.760845383759733,1.0,50.29999998534292,0.6081191038311847,4
0.1,90.0,75,no_response,71075,72075,73075,0.0,0.07007786429365963,899,0.0,0.0,0.0,90.0,1.1958523394540732,11
0.1,90.0,76,response,71076,72076,73076,0.472222222385055,0.14126807563959956,899,0.0,0.6384872080088988,1.0,47.49999998534292,0.5663595167578819,4
0.1,90.0,76,no_response,71076,72076,73076,0.0,0.11902113459399333,899,0.0,0.0,0.0,90.0,0.8233007227010039,13
0.1,90.0,77,response,71077,72077,73077,0.24111111127395699,0.03670745272525028,899,0.0,0.7586206896551724,1.0,68.29999998534292,0.6837383840167067,5
0.1,90.0,77,no_response,71077,72077,73077,0.12000000032570804,0.06451612903225806,899,0.0,0.0,1.0,72.09999998534293,0.799104142844419,6
0.1,90.0,78,response,71078,72078,73078,0.036666666829521584,0.017797552836484983,899,0.0,0.6729699666295884,1.0,86.69999998534293,1.0597303220893302,8
0.1,90.0,78,no_response,71078,72078,73078,0.0,0.13681868743047831,899,0.0,0.0,0.0,90.0,1.1903816792198307,12
0.1,90.0,79,response,71079,72079,73079,0.34888888986695804,0.060066740823136816,899,0.0,0.6696329254727474,1.0,47.49999998534292,0.579728158517224,6
0.1,90.0,79,no_response,71079,72079,73079,0.0,0.09788654060066741,899,0.0,0.0,0.0,90.0,1.0086169496449646,7
0.1,90.0,80,response,71080,72080,73080,0.3166666668295083,0.04671857619577308,899,0.0,0.7385984427141268,1.0,61.49999998534292,0.7568642502677302,2
0.1,90.0,80,no_response,71080,72080,73080,0.0,0.06896551724137931,899,0.0,0.0,0.0,90.0,1.3562454350153597,3
0.1,90.0,81,response,71081,72081,73081,0.40111111127394794,0.06117908787541713,899,0.0,0.7563959955506118,1.0,53.89999998534292,0.5805765180691792,3
0.1,90.0,81,no_response,71081,72081,73081,0.0,0.06674082313681869,899,0.0,0.0,0.0,90.0,1.1625057877992135,10
0.1,90.0,82,response,71082,72082,73082,0.18111111192538587,0.06117908787541713,899,0.0,0.6852057842046718,1.0,59.89999998534292,0.7464684736961263,5
0.1,90.0,82,no_response,71082,72082,73082,0.0,0.04560622914349277,899,0.0,0.0,0.0,90.0,1.0992768370362602,10
0.1,90.0,83,response,71083,72083,73083,0.472222222385055,0.05784204671857619,899,0.0,0.7708565072302559,1.0,47.49999998534292,0.5706407626519481,3
0.1,90.0,83,no_response,71083,72083,73083,0.0,0.10567296996662959,899,0.0,0.0,0.0,90.0,1.2378413612234642,11
0.1,90.0,84,response,71084,72084,73084,0.472222222385055,0.06674082313681869,899,0.0,0.6662958843159066,1.0,47.49999998534292,0.5674906949800044,2
0.1,90.0,84,no_response,71084,72084,73084,0.0,0.09899888765294772,899,0.0,0.0,0.0,90.0,0.9828768703261972,12
0.1,90.0,85,response,71085,72085,73085,0.0,0.05005561735261402,899,0.0,0.4682981090100111,0.0,90.0,0.8937577648458337,13
0.1,90.0,85,no_response,71085,72085,73085,0.0,0.11790878754171301,899,0.0,0.0,0.0,90.0,0.9073825360159099,10
0.1,90.0,86,response,71086,72086,73086,0.33888888970391273,0.04338153503893215,899,0.0,0.6774193548387096,1.0,54.89999998534292,0.6749330106676417,8
0.1,90.0,86,no_response,71086,72086,73086,0.0,0.10011123470522804,899,0.0,0.0,0.0,90.0,1.254383063944629,9
0.1,90.0,87,response,71087,72087,73087,0.0566666668295208,0.054505005561735265,899,0.0,0.7219132369299222,1.0,84.89999998534293,0.8778983337747284,5
0.1,90.0,87,no_response,71087,72087,73087,0.0,0.060066740823136816,899,0.0,0.0,0.0,90.0,1.1894118434475653,14
0.1,90.0,88,response,71088,72088,73088,0.4588888890517224,0.09010011123470522,899,0.0,0.681868743047831,1.0,48.69999998534292,0.5828848104233133,4
0.1,90.0,88,no_response,71088,72088,73088,0.0,0.07007786429365963,899,0.0,0.0,0.0,90.0,1.3021391903752508,8
0.1,90.0,89,response,71089,72089,73089,0.31444444460728616,0.04671857619577308,899,0.0,0.7341490545050056,1.0,61.69999998534292,0.7585104935918083,4
0.1,90.0,89,no_response,71089,72089,73089,0.0,0.10233592880978866,899,0.0,0.0,0.0,90.0,1.2587927161460002,9
0.1,90.0,90,response,71090,72090,73090,0.472222222385055,0.06674082313681869,899,0.0,0.7174638487208009,1.0,47.49999998534292,0.5701586134089724,2
0.1,90.0,90,no_response,71090,72090,73090,0.27777777810366744,0.03114571746384872,899,0.0,0.0,1.0,52.69999998534292,0.5890854833270474,4
0.1,90.0,91,response,71091,72091,73091,0.472222222385055,0.06451612903225806,899,0.0,0.6907675194660734,1.0,47.49999998534292,0.5692803332083224,5
0.1,90.0,91,no_response,71091,72091,73091,0.07888888905174216,0.048943270300333706,899,0.0,0.0,1.0,82.89999998534293,0.7404292028576699,10
0.1,90.0,92,response,71092,72092,73092,0.1900000001628488,0.028921023359288096,899,0.0,0.7741935483870968,1.0,72.89999998534293,0.9009560206309262,5
0.1,90.0,92,no_response,71092,72092,73092,0.0,0.07341490545050056,899,0.0,0.0,0.0,90.0,1.2720285112108665,9
0.1,90.0,93,response,71093,72093,73093,0.4455555560444816,0.048943270300333706,899,0.0,0.7263626251390434,1.0,49.29999998534292,0.5950035518101247,5
0.1,90.0,93,no_response,71093,72093,73093,0.0,0.06117908787541713,899,0.0,0.0,0.0,90.0,1.3010120778327416,7
0.1,90.0,94,response,71094,72094,73094,0.3433333334961734,0.0778642936596218,899,0.0,0.7397107897664071,1.0,59.09999998534292,0.6355504001344899,3
0.1,90.0,94,no_response,71094,72094,73094,0.0,0.10011123470522804,899,0.0,0.0,0.0,90.0,1.2819792440684155,8
0.1,90.0,95,response,71095,72095,73095,0.3166666668295083,0.04560622914349277,899,0.0,0.7708565072302559,1.0,61.49999998534292,0.7564243371136192,2
0.1,90.0,95,no_response,71095,72095,73095,0.0,0.06562847608453838,899,0.0,0.0,0.0,90.0,1.2582977142861624,4
0.1,90.0,96,response,71096,72096,73096,0.0,0.08565072302558398,899,0.0,0.4983314794215795,0.0,90.0,0.9682004016616491,8
0.1,90.0,96,no_response,71096,72096,73096,0.0,0.11568409343715239,899,0.0,0.0,0.0,90.0,1.0910177389330884,11
0.1,90.0,97,response,71097,72097,73097,0.0,0.05228031145717464,899,0.0,0.5828698553948832,0.0,90.0,0.8989668786384089,3
0.1,90.0,97,no_response,71097,72097,73097,0.0,0.0778642936596218,899,0.0,0.0,0.0,90.0,1.0735380922703934,7
0.1,90.0,98,response,71098,72098,73098,0.0,0.06229143492769744,899,0.0055617352614015575,0.5517241379310345,0.0,90.0,1.034465165086662,4
0.1,90.0,98,no_response,71098,72098,73098,0.0,0.07563959955506118,899,0.0,0.0,0.0,90.0,1.2281476313719153,9
0.1,90.0,99,response,71099,72099,73099,0.1455555557184062,0.024471635150166853,899,0.0,0.7196885428253615,1.0,76.89999998534293,0.9263748269464158,5
0.1,90.0,99,no_response,71099,72099,73099,0.0,0.07230255839822025,899,0.0,0.0,0.0,90.0,1.2050280218041958,7
0.1,90.0,100,response,71100,72100,73100,0.25222222238506736,0.07119021134593993,899,0.0,0.7330367074527252,1.0,67.29999998534292,0.6270094736126393,3
0.1,90.0,100,no_response,71100,72100,73100,0.0,0.07563959955506118,899,0.0,0.0,0.0,90.0,0.8015245639820805,11
0.1,90.0,101,response,71101,72101,73101,0.0,0.04449388209121246,899,0.0,0.5261401557285873,0.0,90.0,1.0399880725811776,9
0.1,90.0,101,no_response,71101,72101,73101,0.0,0.06229143492769744,899,0.0,0.0,0.0,90.0,0.9935713048280836,9
0.1,90.0,102,response,71102,72102,73102,0.472222222385055,0.04671857619577308,899,0.0,0.7308120133481646,1.0,47.49999998534292,0.571094512512788,3
0.1,90.0,102,no_response,71102,72102,73102,0.0,0.05339265850945495,899,0.0,0.0,0.0,90.0,1.143472613479562,6
0.1,90.0,103,response,71103,72103,73103,0.37444444493299556,0.04338153503893215,899,0.0,0.7452725250278087,1.0,47.49999998534292,0.5781048347834505,4
0.1,90.0,103,no_response,71103,72103,73103,0.0,0.025583982202447165,899,0.0,0.0,0.0,90.0,0.8710961676722787,5
0.1,90.0,104,response,71104,72104,73104,0.25888888905173374,0.04449388209121246,899,0.0,0.7630700778642937,1.0,66.69999998534293,0.8057539629991834,6
0.1,90.0,104,no_response,71104,72104,73104,0.0,0.06562847608453838,899,0.0,0.0,0.0,90.0,1.3304629135922756,8
0.1,90.0,105,response,71105,72105,73105,0.44777777794061197,0.067853170189099,899,0.0,0.7308120133481646,1.0,49.69999998534292,0.6001163442755629,9
0.1,90.0,105,no_response,71105,72105,73105,0.0,0.021134593993325918,899,0.0,0.0,0.0,90.0,0.9841932285436179,7
0.1,90.0,106,response,71106,72106,73106,0.07444444460729788,0.06340378197997776,899,0.0,0.6618464961067854,1.0,83.29999998534294,0.8190504149453949,6
0.1,90.0,106,no_response,71106,72106,73106,0.0,0.12791991101223582,899,0.0,0.0,0.0,90.0,0.8199594569922998,11
0.1,90.0,107,response,71107,72107,73107,0.35000000048893143,0.047830923248053395,899,0.0033370411568409346,0.7018909899888766,1.0,53.49999998534292,0.6548582951041124,9
0.1,90.0,107,no_response,71107,72107,73107,0.0,0.09010011123470522,899,0.0,0.0,0.0,90.0,0.71825237285449,8
0.1,90.0,108,response,71108,72108,73108,0.3266666669925536,0.05116796440489433,899,0.0,0.6529477196885428,1.0,51.09999998534292,0.6274512464460189,9
0.1,90.0,108,no_response,71108,72108,73108,0.0,0.10789766407119021,899,0.0,0.0,0.0,90.0,1.2982339354334849,11
0.1,90.0,109,response,71109,72109,73109,0.0,0.05672969966629588,899,0.0,0.5494994438264739,0.0,90.0,1.1795450799166414,12
0.1,90.0,109,no_response,71109,72109,73109,0.0,0.12680756395995552,899,0.0,0.0,0.0,90.0,1.3870017575892102,14
0.1,90.0,110,response,71110,72110,73110,0.22111111127395813,0.07897664071190211,899,0.0,0.7552836484983315,1.0,70.09999998534293,0.8372006954395382,5
0.1,90.0,110,no_response,71110,72110,73110,0.0,0.05784204671857619,899,0.0,0.0,0.0,90.0,1.3074004878213703,8
0.1,90.0,111,response,71111,72111,73111,0.2633333334961778,0.06340378197997776,899,0.0,0.7252502780867631,1.0,66.29999998534292,0.8092495179005202,4
0.1,90.0,111,no_response,71111,72111,73111,0.0,0.1446051167964405,899,0.0,0.0,0.0,90.0,1.0516946620679521,10
0.1,90.0,112,response,71112,72112,73112,0.42111111160003856,0.04671857619577308,899,0.0,0.7263626251390434,1.0,51.89999998534292,0.6163728308959309,9
0.1,90.0,112,no_response,71112,72112,73112,0.0,0.07897664071190211,899,0.0,0.0,0.0,90.0,1.3400780806438943,7
0.1,90.0,113,response,71113,72113,73113,0.24777777794062328,0.06340378197997776,899,0.0,0.7152391546162402,1.0,67.69999998534293,0.8257017163870042,4
0.1,90.0,113,no_response,71113,72113,73113,0.0,0.08008898776418243,899,0.0,0.0,0.0,90.0,0.9020707535689433,7
0.1,90.0,114,response,71114,72114,73114,0.0,0.07563959955506118,899,0.0,0.525027808676307,0.0,90.0,1.0174204549851658,12
0.1,90.0,114,no_response,71114,72114,73114,0.0,0.17797552836484984,899,0.0,0.0,0.0,90.0,1.3895341409583608,11
0.1,90.0,115,response,71115,72115,73115,0.27777777810366744,0.027808676307007785,899,0.0,0.6117908787541713,1.0,47.49999998534292,0.5910339640550769,6
0.1,90.0,115,no_response,71115,72115,73115,0.0,0.07675194660734148,899,0.0,0.0,0.0,90.0,0.9509824300281373,4
0.1,90.0,116,response,71116,72116,73116,0.4422222225479131,0.05784204671857619,899,0.0,0.67853170189099,1.0,47.49999998534292,0.5715150236189968,3
0.1,90.0,116,no_response,71116,72116,73116,0.0,0.07452725250278086,899,0.0,0.0,0.0,90.0,1.1341806989090315,7
0.1,90.0,117,response,71117,72117,73117,0.1922222223850709,0.058954393770856504,899,0.0,0.7552836484983315,1.0,72.69999998534293,0.6915728032696346,3
0.1,90.0,117,no_response,71117,72117,73117,0.0,0.09454949944382647,899,0.0,0.0,0.0,90.0,0.8767933748735904,8
0.1,90.0,118,response,71118,72118,73118,0.0,0.0778642936596218,899,0.0011123470522803114,0.5661846496106785,0.0,90.0,1.0232919948219419,11
0.1,90.0,118,no_response,71118,72118,73118,0.0,0.09343715239154617,899,0.0,0.0,0.0,90.0,1.159891573476685,10
0.1,90.0,119,response,71119,72119,73119,0.46777777794061065,0.06340378197997776,899,0.0,0.731924360400445,1.0,47.89999998534292,0.5751970947229992,5
0.1,90.0,119,no_response,71119,72119,73119,0.0,0.10233592880978866,899,0.0,0.0,0.0,90.0,1.0357304883242773,7
0.1,90.0,120,response,71120,72120,73120,0.0,0.08565072302558398,899,0.0011123470522803114,0.4671857619577308,0.0,90.0,0.9899306193421394,11
0.1,90.0,120,no_response,71120,72120,73120,0.1388888890517398,0.07007786429365963,899,0.0,0.0,1.0,77.49999998534292,0.8185033170366518,7
0.1,90.0,121,response,71121,72121,73121,0.0,0.08565072302558398,899,0.0,0.5595105672969967,0.0,90.0,1.2199519954125702,9
0.1,90.0,121,no_response,71121,72121,73121,0.0,0.08565072302558398,899,0.0,0.0,0.0,90.0,1.202931319735255,9
0.1,90.0,122,response,71122,72122,73122,0.37222222271115246,0.0389321468298109,899,0.0,0.7208008898776418,1.0,47.49999998534292,0.5782971708194432,5
0.1,90.0,122,no_response,71122,72122,73122,0.0,0.11234705228031146,899,0.0,0.0,0.0,90.0,0.9068429730541968,7
0.1,90.0,123,response,71123,72123,73123,0.09666666682951923,0.06229143492769744,899,0.0,0.692992213570634,1.0,81.29999998534294,0.8964997366300661,7
0.1,90.0,123,no_response,71123,72123,73123,0.0,0.08231368186874305,899,0.0,0.0,0.0,90.0,1.2817220950303114,9
0.1,90.0,124,response,71124,72124,73124,0.472222222385055,0.14349276974416017,899,0.0,0.6629588431590656,1.0,47.49999998534292,0.5662932259684708,4
0.1,90.0,124,no_response,71124,72124,73124,0.47222222238505485,0.09788654060066741,899,0.0,0.0,1.0,47.49999998534292,0.5708129641134666,7
0.1,90.0,125,response,71125,72125,73125,0.015555555881267705,0.03114571746384872,899,0.0,0.6585094549499444,1.0,78.89999998534293,0.9758177653184603,8
0.1,90.0,125,no_response,71125,72125,73125,0.0,0.060066740823136816,899,0.0,0.0,0.0,90.0,0.9981093905757806,6
0.1,90.0,126,response,71126,72126,73126,0.012222222385078115,0.08120133481646273,899,0.0,0.6229143492769744,1.0,88.89999998534293,0.722257393331643,9
0.1,90.0,126,no_response,71126,72126,73126,0.0,0.09566184649610679,899,0.0,0.0,0.0,90.0,1.1156158000554393,9
0.1,90.0,127,response,71127,72127,73127,0.22333333349618023,0.06451612903225806,899,0.0,0.7341490545050056,1.0,69.89999998534293,0.6657592891662191,4
0.1,90.0,127,no_response,71127,72127,73127,0.0,0.08008898776418243,899,0.0,0.0,0.0,90.0,1.3090464111965887,9
0.2,180.0,0,response,71000,72000,73000,0.17555555588154417,0.05672969966629588,899,0.0011123470522803114,0.5150166852057843,1.0,143.49999998534292,0.6787357135799511,21
0.2,180.0,0,no_response,71000,72000,73000,0.0,0.06562847608453838,899,0.0,0.0,0.0,180.0,0.9818166201259538,22
0.2,180.0,1,response,71001,72001,73001,0.4811111112739418,0.10122358175750834,899,0.0,0.44382647385984425,1.0,79.89999998534293,0.7038860513842679,21
0.2,180.0,1,no_response,71001,72001,73001,0.0,0.0878754171301446,899,0.0,0.0,0.0,180.0,1.3008525887962001,17
0.2,180.0,2,response,71002,72002,73002,0.6483333335775827,0.13014460511679643,899,0.002224694104560623,0.4872080088987764,1.0,52.69999998534292,0.46494421170716993,14
0.2,180.0,2,no_response,71002,72002,73002,0.0,0.0967741935483871,899,0.0,0.0,0.0,180.0,1.1439122421662318,13
0.2,180.0,3,response,71003,72003,73003,0.42777777794070626,0.1067853170189099,899,0.0055617352614015575,0.39599555061179087,1.0,62.29999998534292,0.553660915081493,21
0.2,180.0,3,no_response,71003,72003,73003,0.2383333337404624,0.08342602892102335,899,0.0,0.0,1.0,95.49999998534292,0.763413829816802,16
0.2,180.0,4,response,71004,72004,73004,0.532777778347936,0.07675194660734148,899,0.0,0.5116796440489433,1.0,55.89999998534292,0.5077776591295717,10
0.2,180.0,4,no_response,71004,72004,73004,0.14388888913316691,0.08453837597330367,899,0.0,0.0,1.0,153.49999998534292,0.9633143158445786,12
0.2,180.0,5,response,71005,72005,73005,0.4061111116816555,0.08008898776418243,899,0.0,0.5094549499443827,1.0,87.49999998534292,0.6320221937031393,19
0.2,180.0,5,no_response,71005,72005,73005,0.0,0.10122358175750834,899,0.0,0.0,0.0,180.0,1.2411666196678746,19
0.2,180.0,6,response,71006,72006,73006,0.7361111111924992,0.135706340378198,899,0.0,0.4460511679644049,1.0,47.49999998534292,0.41042443072182266,15
0.2,180.0,6,no_response,71006,72006,73006,0.0,0.08342602892102335,899,0.0,0.0,0.0,180.0,1.2553799035440318,15
0.2,180.0,7,response,71007,72007,73007,0.5861111116814558,0.08565072302558398,899,0.0,0.5328142380422692,1.0,57.89999998534292,0.5063324511732495,10
0.2,180.0,7,no_response,71007,72007,73007,0.0,0.06896551724137931,899,0.0,0.0,0.0,180.0,1.0053163570626793,17
0.2,180.0,8,response,71008,72008,73008,0.5588888893776175,0.13904338153503892,899,0.0011123470522803114,0.41824249165739713,1.0,47.49999998534292,0.433582779485838,19
0.2,180.0,8,no_response,71008,72008,73008,0.0,0.067853170189099,899,0.0,0.0,0.0,180.0,1.1411718265790545,20
0.2,180.0,9,response,71009,72009,73009,0.5661111116814569,0.11568409343715239,899,0.0,0.48053392658509453,1.0,55.89999998534292,0.5014766461827181,14
0.2,180.0,9,no_response,71009,72009,73009,0.0,0.07341490545050056,899,0.0,0.0,0.0,180.0,0.868629878985672,18
0.2,180.0,10,response,71010,72010,73010,0.5200000003256849,0.06896551724137931,899,0.0,0.4905450500556173,1.0,57.49999998534292,0.5218197219559879,11
0.2,180.0,10,no_response,71010,72010,73010,0.13888888905183366,0.06117908787541713,899,0.0,0.0,1.0,99.89999998534293,0.8349332694559639,10
0.2,180.0,11,response,71011,72011,73011,0.5583333337406338,0.10344827586206896,899,0.0,0.4916573971078977,1.0,49.49999998534292,0.45380430437212343,16
0.2,180.0,11,no_response,71011,72011,73011,0.0,0.10122358175750834,899,0.0,0.0,0.0,180.0,1.0635298209265214,22
0.2,180.0,12,response,71012,72012,73012,0.5716666670739663,0.09010011123470522,899,0.0,0.48053392658509453,1.0,55.49999998534292,0.47357620060321437,12
0.2,180.0,12,no_response,71012,72012,73012,0.0,0.11457174638487208,899,0.0,0.0,0.0,180.0,1.2792495161009219,12
0.2,180.0,13,response,71013,72013,73013,0.625000000407486,0.1167964404894327,899,0.0,0.4771968854282536,1.0,54.29999998534292,0.4771303851615837,17
0.2,180.0,13,no_response,71013,72013,73013,0.28722222230363564,0.08231368186874305,899,0.0,0.0,1.0,128.29999998534294,0.8754291595173945,13
0.2,180.0,14,response,71014,72014,73014,0.6838888891331363,0.13904338153503892,899,0.0,0.42825361512791993,1.0,56.29999998534292,0.49200766028363857,12
0.2,180.0,14,no_response,71014,72014,73014,0.0,0.06674082313681869,899,0.0,0.0,0.0,180.0,1.0961398775298283,13
0.2,180.0,15,response,71015,72015,73015,0.6077777782664088,0.09566184649610679,899,0.0,0.45272525027808674,1.0,47.49999998534292,0.423189665910373,22
0.2,180.0,15,no_response,71015,72015,73015,0.04944444452587068,0.06340378197997776,899,0.0,0.0,1.0,171.09999998534295,0.8598440995643063,20
0.2,180.0,16,response,71016,72016,73016,0.608888889540471,0.07675194660734148,899,0.0,0.4738598442714127,1.0,52.69999998534292,0.47348422008201,21
0.2,180.0,16,no_response,71016,72016,73016,0.0,0.09566184649610679,899,0.0,0.0,0.0,180.0,1.1974964105722117,18
0.2,180.0,17,response,71017,72017,73017,0.3944444449330876,0.08120133481646273,899,0.0,0.5027808676307007,1.0,96.69999998534293,0.8366946396386208,14
0.2,180.0,17,no_response,71017,72017,73017,0.0,0.06340378197997776,899,0.0,0.0,0.0,180.0,1.0816748330456996,11
0.2,180.0,18,response,71018,72018,73018,0.3850000004074997,0.07563959955506118,899,0.0,0.5417130144605117,1.0,57.09999998534292,0.5494164014863498,17
0.2,180.0,18,no_response,71018,72018,73018,0.0,0.09566184649610679,899,0.0,0.0,0.0,180.0,1.0759793306564942,21
0.2,180.0,19,response,71019,72019,73019,0.7361111111924992,0.15350389321468297,899,0.0,0.41490545050055616,1.0,47.49999998534292,0.4067449542130493,12
0.2,180.0,19,no_response,71019,72019,73019,0.09555555588126445,0.04671857619577308,899,0.0,0.0,1.0,112.69999998534293,0.7019931243727865,9
0.2,180.0,20,response,71020,72020,73020,0.529444444851936,0.10122358175750834,899,0.0,0.4771968854282536,1.0,64.69999998534293,0.5786100433126082,16
0.2,180.0,20,no_response,71020,72020,73020,0.0,0.04560622914349277,899,0.0,0.0,0.0,180.0,1.1833947552134343,11
0.2,180.0,21,response,71021,72021,73021,0.7361111111924992,0.10456062291434928,899,0.0,0.5038932146829811,1.0,47.49999998534292,0.41524054608276306,15
0.2,180.0,21,no_response,71021,72021,73021,0.0,0.05672969966629588,899,0.0,0.0,0.0,180.0,1.080999093431626,13
0.2,180.0,22,response,71022,72022,73022,0.49166666707378126,0.09454949944382647,899,0.0,0.5239154616240267,1.0,78.29999998534294,0.4511893221746791,13
0.2,180.0,22,no_response,71022,72022,73022,0.0,0.0878754171301446,899,0.0,0.0,0.0,180.0,1.1944133808880584,15
0.2,180.0,23,response,71023,72023,73023,0.5011111115998429,0.10233592880978866,899,0.0,0.4482758620689655,1.0,61.09999998534292,0.5031338589282186,14
0.2,180.0,23,no_response,71023,72023,73023,0.0,0.1067853170189099,899,0.0,0.0,0.0,180.0,1.3208962479232726,16
0.2,180.0,24,response,71024,72024,73024,0.6094444445258397,0.1067853170189099,899,0.0,0.4794215795328142,1.0,70.29999998534292,0.6194881901842672,13
0.2,180.0,24,no_response,71024,72024,73024,0.0,0.09566184649610679,899,0.0,0.0,0.0,180.0,1.2620612839495733,15
0.2,180.0,25,response,71025,72025,73025,0.7305555557999899,0.09566184649610679,899,0.0,0.42936596218020023,1.0,47.49999998534292,0.41125762674454225,13
0.2,180.0,25,no_response,71025,72025,73025,0.0,0.0878754171301446,899,0.0,0.0,0.0,180.0,1.07956812764282,17
0.2,180.0,26,response,71026,72026,73026,0.5516666670741569,0.135706340378198,899,0.0,0.4916573971078977,1.0,73.89999998534293,0.4699679799967418,21
0.2,180.0,26,no_response,71026,72026,73026,0.0,0.10011123470522804,899,0.0,0.0,0.0,180.0,1.2041774103326945,29
0.2,180.0,27,response,71027,72027,73027,0.6883333335777699,0.11457174638487208,899,0.0,0.45161290322580644,1.0,47.49999998534292,0.4143237596104918,15
0.2,180.0,27,no_response,71027,72027,73027,0.0,0.06562847608453838,899,0.0,0.0,0.0,180.0,1.097853922685325,9
0.2,180.0,28,response,71028,72028,73028,0.23833333341474955,0.0967741935483871,899,0.0,0.525027808676307,1.0,137.09999998534292,0.7348607366176396,17
0.2,180.0,28,no_response,71028,72028,73028,0.020555555636982928,0.07341490545050056,899,0.0,0.0,1.0,176.29999998534294,0.9469287900013049,17
0.2,180.0,29,response,71029,72029,73029,0.47222222238514816,0.10789766407119021,899,0.0011123470522803114,0.474972191323693,1.0,92.69999998534293,0.5935669053368031,15
0.2,180.0,29,no_response,71029,72029,73029,0.0,0.08565072302558398,899,0.0,0.0,0.0,180.0,1.1901884071206725,20
0.2,180.0,30,response,71030,72030,73030,0.5711111114368879,0.1067853170189099,899,0.0,0.44493882091212456,1.0,49.49999998534292,0.4491883841379287,19
0.2,180.0,30,no_response,71030,72030,73030,0.0,0.06896551724137931,899,0.0,0.0,0.0,180.0,1.1139415504315187,19
0.2,180.0,31,response,71031,72031,73031,0.19388888929639944,0.07230255839822025,899,0.0,0.4794215795328142,1.0,78.29999998534294,0.7404553313858706,22
0.2,180.0,31,no_response,71031,72031,73031,0.09388888929602608,0.07341490545050056,899,0.0,0.0,1.0,137.49999998534292,0.8531214737004855,16
0.2,180.0,32,response,71032,72032,73032,0.6505555557999944,0.1167964404894327,899,0.0,0.5027808676307007,1.0,58.29999998534292,0.4387920388217316,16
0.2,180.0,32,no_response,71032,72032,73032,0.3055555557184909,0.08342602892102335,899,0.0,0.0,1.0,70.29999998534292,0.6440889655595157,20
0.2,180.0,33,response,71033,72033,73033,0.6511111114370728,0.0967741935483871,899,0.0,0.4916573971078977,1.0,47.49999998534292,0.4196020124938426,8
0.2,180.0,33,no_response,71033,72033,73033,0.027222222303649332,0.10011123470522804,899,0.0,0.0,1.0,175.09999998534295,0.7431348135507506,16
0.2,180.0,34,response,71034,72034,73034,0.6133333336591076,0.07230255839822025,899,0.0,0.4738598442714127,1.0,47.49999998534292,0.4272878394920414,18
0.2,180.0,34,no_response,71034,72034,73034,0.15888888937745058,0.054505005561735265,899,0.0,0.0,1.0,57.89999998534292,0.7173290210527151,16
0.2,180.0,35,response,71035,72035,73035,0.4461111113555615,0.12013348164627363,899,0.0,0.5027808676307007,1.0,91.49999998534292,0.5084212426718594,17
0.2,180.0,35,no_response,71035,72035,73035,0.0,0.11457174638487208,899,0.0,0.0,0.0,180.0,1.134137487256285,18
0.2,180.0,36,response,71036,72036,73036,0.31277777834832743,0.067853170189099,899,0.0,0.5005561735261401,1.0,66.29999998534292,0.6070616736012441,22
0.2,180.0,36,no_response,71036,72036,73036,0.031666666748093604,0.10789766407119021,899,0.0,0.0,1.0,174.29999998534294,1.071732885460635,22
0.2,180.0,37,response,71037,72037,73037,0.403888889458865,0.06117908787541713,899,0.0,0.5539488320355951,1.0,51.89999998534292,0.5020060734471056,16
0.2,180.0,37,no_response,71037,72037,73037,0.0,0.07119021134593993,899,0.0,0.0,0.0,180.0,1.1651624741258668,19
0.2,180.0,38,response,71038,72038,73038,0.5305555561257139,0.07230255839822025,899,0.0,0.5127919911012235,1.0,57.89999998534292,0.5254829228645028,13
0.2,180.0,38,no_response,71038,72038,73038,0.0,0.08008898776418243,899,0.0,0.0,0.0,180.0,1.2272480071734118,14
0.2,180.0,39,response,71039,72039,73039,0.5727777783479338,0.12458286985539488,899,0.0,0.41824249165739713,1.0,71.49999998534292,0.615248257029451,24
0.2,180.0,39,no_response,71039,72039,73039,0.0,0.10789766407119021,899,0.0,0.0,0.0,180.0,1.1537883495492371,17
0.2,180.0,40,response,71040,72040,73040,0.32944444452585553,0.07563959955506118,899,0.0,0.5239154616240267,1.0,120.69999998534293,0.8710869633841262,16
0.2,180.0,40,no_response,71040,72040,73040,0.0,0.06451612903225806,899,0.0,0.0,0.0,180.0,1.0271615430668903,17
0.2,180.0,41,response,71041,72041,73041,0.6272222223036165,0.08342602892102335,899,0.0,0.5083426028921023,1.0,67.09999998534293,0.5858503411471422,12
0.2,180.0,41,no_response,71041,72041,73041,0.19500000056998784,0.08565072302558398,899,0.0,0.0,1.0,70.69999998534293,0.6649072516775065,15
0.2,180.0,42,response,71042,72042,73042,0.7250000004071016,0.08231368186874305,899,0.0011123470522803114,0.4983314794215795,1.0,47.49999998534292,0.41296981864430593,10
0.2,180.0,42,no_response,71042,72042,73042,0.0,0.0778642936596218,899,0.0,0.0,0.0,180.0,0.8467143713594707,17
0.2,180.0,43,response,71043,72043,73043,0.687222222303613,0.1746384872080089,899,0.0,0.39265850945494996,1.0,56.29999998534292,0.49042417921178877,21
0.2,180.0,43,no_response,71043,72043,73043,0.0,0.1167964404894327,899,0.0,0.0,0.0,180.0,1.2314347621101707,26
0.2,180.0,44,response,71044,72044,73044,0.5161111118446952,0.08898776418242492,899,0.0,0.4961067853170189,1.0,55.49999998534292,0.5047404437486158,14
0.2,180.0,44,no_response,71044,72044,73044,0.0,0.07230255839822025,899,0.0,0.0,0.0,180.0,1.1396835428213297,23
0.2,180.0,45,response,71045,72045,73045,0.6738888892959932,0.09788654060066741,899,0.0,0.48053392658509453,1.0,51.89999998534292,0.4558522957664679,13
0.2,180.0,45,no_response,71045,72045,73045,0.0,0.06229143492769744,899,0.0,0.0,0.0,180.0,0.8949791207992849,14
0.2,180.0,46,response,71046,72046,73046,0.6672222226293268,0.15350389321468297,899,0.0,0.44048943270300334,1.0,47.49999998534292,0.4145517525660163,13
0.2,180.0,46,no_response,71046,72046,73046,0.0,0.10344827586206896,899,0.0,0.0,0.0,180.0,0.830489440698138,17
0.2,180.0,47,response,71047,72047,73047,0.3183333337406473,0.06340378197997776,899,0.0,0.5394883203559511,1.0,100.69999998534293,0.7282951294328097,15
0.2,180.0,47,no_response,71047,72047,73047,0.0,0.08565072302558398,899,0.0,0.0,0.0,180.0,1.2359568349168901,14
0.2,180.0,48,response,71048,72048,73048,0.6572222224666606,0.14794215795328142,899,0.0,0.44271412680756395,1.0,56.69999998534292,0.4984921619800596,24
0.2,180.0,48,no_response,71048,72048,73048,0.2011111112739577,0.0878754171301446,899,0.0,0.0,1.0,105.89999998534293,0.6665811411807102,19
0.2,180.0,49,response,71049,72049,73049,0.5566666671555848,0.12680756395995552,899,0.0,0.44382647385984425,1.0,63.09999998534292,0.5492436820048273,20
0.2,180.0,49,no_response,71049,72049,73049,0.0,0.09454949944382647,899,0.0,0.0,0.0,180.0,1.0011524914372967,24
0.2,180.0,50,response,71050,72050,73050,0.40500000040730905,0.10344827586206896,899,0.002224694104560623,0.4916573971078977,1.0,92.29999998534294,0.7597211652237216,18
0.2,180.0,50,no_response,71050,72050,73050,0.30277777785919036,0.11568409343715239,899,0.0,0.0,1.0,125.49999998534292,0.5526422994226092,14
0.2,180.0,51,response,71051,72051,73051,0.293888888970302,0.067853170189099,899,0.0,0.5205784204671857,1.0,127.09999998534293,0.7166761797818212,18
0.2,180.0,51,no_response,71051,72051,73051,0.0,0.058954393770856504,899,0.0,0.0,0.0,180.0,1.0370023636531496,15
0.2,180.0,52,response,71052,72052,73052,0.6783333334147247,0.13459399332591768,899,0.0,0.4382647385984427,1.0,57.89999998534292,0.46353497770454877,17
0.2,180.0,52,no_response,71052,72052,73052,0.0,0.0867630700778643,899,0.0,0.0,0.0,180.0,0.9090410282881135,16
0.2,180.0,53,response,71053,72053,73053,0.4394444450149869,0.06896551724137931,899,0.0,0.5183537263626251,1.0,63.89999998534292,0.5895195482575346,17
0.2,180.0,53,no_response,71053,72053,73053,0.0,0.08120133481646273,899,0.0,0.0,0.0,180.0,0.9777973796014959,21
0.2,180.0,54,response,71054,72054,73054,0.6972222224664688,0.08120133481646273,899,0.0,0.4827586206896552,1.0,47.49999998534292,0.4148950710721917,11
0.2,180.0,54,no_response,71054,72054,73054,0.0,0.07563959955506118,899,0.0,0.0,0.0,180.0,1.1630542778964927,15
0.2,180.0,55,response,71055,72055,73055,0.322777778185281,0.10233592880978866,899,0.0,0.4938820912124583,1.0,76.29999998534292,0.6055810066007232,20
0.2,180.0,55,no_response,71055,72055,73055,0.13444444460729474,0.058954393770856504,899,0.0,0.0,1.0,119.49999998534292,0.9305072260749937,17
0.2,180.0,56,response,71056,72056,73056,0.27500000024446003,0.0778642936596218,899,0.0,0.5383759733036707,1.0,117.49999998534292,0.7820454320420107,25
0.2,180.0,56,no_response,71056,72056,73056,0.01666666682952239,0.0867630700778643,899,0.0,0.0,1.0,169.49999998534292,0.9716775322434227,24
0.2,180.0,57,response,71057,72057,73057,0.641666666911106,0.08898776418242492,899,0.0,0.4883203559510567,1.0,47.49999998534292,0.41992761280963103,23
0.2,180.0,57,no_response,71057,72057,73057,0.14388888913316691,0.067853170189099,899,0.0,0.0,1.0,138.69999998534294,0.7387720983722458,24
0.2,180.0,58,response,71058,72058,73058,0.6250000007331988,0.07563959955506118,899,0.002224694104560623,0.5383759733036707,1.0,47.49999998534292,0.42527723768018216,10
0.2,180.0,58,no_response,71058,72058,73058,0.0,0.0867630700778643,899,0.0,0.0,0.0,180.0,1.2885371826653333,17
0.2,180.0,59,response,71059,72059,73059,0.38944444485175445,0.08898776418242492,899,0.0,0.5050055617352615,1.0,85.09999998534293,0.5873857714010808,16
0.2,180.0,59,no_response,71059,72059,73059,0.0,0.10344827586206896,899,0.0,0.0,0.0,180.0,1.3165015862757878,20
0.2,180.0,60,response,71060,72060,73060,0.5150000008966299,0.11345939933259176,899,0.0,0.44271412680756395,1.0,67.89999998534293,0.5136991596904376,24
0.2,180.0,60,no_response,71060,72060,73060,0.0,0.08898776418242492,899,0.0,0.0,0.0,180.0,1.0438356958832153,22
0.2,180.0,61,response,71061,72061,73061,0.43388888929619635,0.08342602892102335,899,0.0,0.5361512791991101,1.0,83.49999998534292,0.7390086091815461,16
0.2,180.0,61,no_response,71061,72061,73061,0.0,0.09343715239154617,899,0.0,0.0,0.0,180.0,1.2223736471853974,17
0.2,180.0,62,response,71062,72062,73062,0.2483333335777949,0.06229143492769744,899,0.0,0.5339265850945495,1.0,75.49999998534292,0.5058781232229165,13
0.2,180.0,62,no_response,71062,72062,73062,0.2500000004888408,0.09899888765294772,899,0.0,0.0,1.0,69.49999998534292,0.5997351415416498,18
0.2,180.0,63,response,71063,72063,73063,0.33333333365921824,0.04671857619577308,899,0.004449388209121246,0.5205784204671857,1.0,51.89999998534292,0.537642822368554,14
0.2,180.0,63,no_response,71063,72063,73063,0.0,0.09899888765294772,899,0.0,0.0,0.0,180.0,0.9872942508582612,19
0.2,180.0,64,response,71064,72064,73064,0.5461111116814581,0.10011123470522804,899,0.004449388209121246,0.5305895439377085,1.0,58.29999998534292,0.4363946022682729,13
0.2,180.0,64,no_response,71064,72064,73064,0.0,0.09232480533926585,899,0.0,0.0,0.0,180.0,1.1506815912512207,21
0.2,180.0,65,response,71065,72065,73065,0.6283333339034861,0.1067853170189099,899,0.0,0.4994438264738598,1.0,47.49999998534292,0.42147373188214693,16
0.2,180.0,65,no_response,71065,72065,73065,0.21833333406655528,0.08342602892102335,899,0.0,0.0,1.0,96.69999998534293,0.660995962334279,23
0.2,180.0,66,response,71066,72066,73066,0.6827777778591688,0.15127919911012236,899,0.0,0.42602892102335926,1.0,57.09999998534292,0.4955103317680577,13
0.2,180.0,66,no_response,71066,72066,73066,0.034444444607299465,0.067853170189099,899,0.0,0.0,1.0,75.89999998534293,0.9227723831536739,14
0.2,180.0,67,response,71067,72067,73067,0.7361111111924992,0.17018909899888765,899,0.0,0.42157953281423804,1.0,47.49999998534292,0.40815578725122165,17
0.2,180.0,67,no_response,71067,72067,73067,0.0,0.08231368186874305,899,0.0,0.0,0.0,180.0,1.2154469210038652,21
0.2,180.0,68,response,71068,72068,73068,0.6133333336592971,0.10233592880978866,899,0.0,0.4994438264738598,1.0,53.49999998534292,0.4788346965985887,23
0.2,180.0,68,no_response,71068,72068,73068,0.07388888897031418,0.058954393770856504,899,0.0,0.0,1.0,166.69999998534294,0.7687785405722786,19
0.2,180.0,69,response,71069,72069,73069,0.7083333335777688,0.09899888765294772,899,0.0,0.4671857619577308,1.0,50.29999998534292,0.4412655335635317,16
0.2,180.0,69,no_response,71069,72069,73069,0.0,0.05784204671857619,899,0.0,0.0,0.0,180.0,0.9546799440417462,22
0.2,180.0,70,response,71070,72070,73070,0.34611111135537764,0.07675194660734148,899,0.0,0.5228031145717463,1.0,111.89999998534293,0.7808328317323193,21
0.2,180.0,70,no_response,71070,72070,73070,0.1516666667480878,0.10789766407119021,899,0.0,0.0,1.0,152.69999998534294,0.9946496513289944,21
0.2,180.0,71,response,71071,72071,73071,0.20944444452586236,0.06117908787541713,899,0.0,0.5539488320355951,1.0,142.29999998534294,0.8082949076777467,13
0.2,180.0,71,no_response,71071,72071,73071,0.0,0.08120133481646273,899,0.0,0.0,0.0,180.0,1.0777389665405992,21
0.2,180.0,72,response,71072,72072,73072,0.5305555557998116,0.0867630700778643,899,0.0011123470522803114,0.4961067853170189,1.0,47.49999998534292,0.4516071055439431,14
0.2,180.0,72,no_response,71072,72072,73072,0.0,0.058954393770856504,899,0.0,0.0,0.0,180.0,1.0163801213675463,13
0.2,180.0,73,response,71073,72073,73073,0.6227777778591722,0.0778642936596218,899,0.0,0.5094549499443827,1.0,67.89999998534293,0.46124951068928915,17
0.2,180.0,73,no_response,71073,72073,73073,0.0,0.08898776418242492,899,0.0,0.0,0.0,180.0,1.2691085655337415,24
0.2,180.0,74,response,71074,72074,73074,0.5216666672372045,0.09566184649610679,899,0.0,0.5061179087875417,1.0,59.89999998534292,0.4476610225506633,14
0.2,180.0,74,no_response,71074,72074,73074,0.0,0.042269187986651836,899,0.0,0.0,0.0,180.0,0.9128119971945043,16
0.2,180.0,75,response,71075,72075,73075,0.442222222874098,0.07897664071190211,899,0.0,0.5239154616240267,1.0,65.49999998534292,0.5873652507407795,13
0.2,180.0,75,no_response,71075,72075,73075,0.005555555718411723,0.11012235817575083,899,0.0,0.0,1.0,156.29999998534294,0.9490264297923672,22
0.2,180.0,76,response,71076,72076,73076,0.49833333374082656,0.08342602892102335,899,0.004449388209121246,0.4783092324805339,1.0,47.49999998534292,0.439252860611684,17
0.2,180.0,76,no_response,71076,72076,73076,0.0,0.08453837597330367,899,0.0,0.0,0.0,180.0,0.6950483916006575,25
0.2,180.0,77,response,71077,72077,73077,0.43166666739968707,0.05228031145717464,899,0.0,0.5684093437152391,1.0,47.49999998534292,0.46045453871388403,14
0.2,180.0,77,no_response,71077,72077,73077,0.0,0.06229143492769744,899,0.0,0.0,0.0,180.0,1.1517131124257167,14
0.2,180.0,78,response,71078,72078,73078,0.6783333334147247,0.09232480533926585,899,0.0,0.46162402669632924,1.0,57.89999998534292,0.5078150144382196,15
0.2,180.0,78,no_response,71078,72078,73078,0.0,0.08453837597330367,899,0.0,0.0,0.0,180.0,1.184729429963745,20
0.2,180.0,79,response,71079,72079,73079,0.6572222224664711,0.11902113459399333,899,0.0,0.4849833147942158,1.0,47.49999998534292,0.4181562493720357,18
0.2,180.0,79,no_response,71079,72079,73079,0.0,0.08565072302558398,899,0.0,0.0,0.0,180.0,0.8317086241921198,21
0.2,180.0,80,response,71080,72080,73080,0.5494444445258431,0.14126807563959956,899,0.0,0.45272525027808674,1.0,81.09999998534293,0.715754743842704,16
0.2,180.0,80,no_response,71080,72080,73080,0.0,0.06451612903225806,899,0.0,0.0,0.0,180.0,0.9670723746327236,10
0.2,180.0,81,response,71081,72081,73081,0.717222222792749,0.16017797552836485,899,0.0011123470522803114,0.4360400444938821,1.0,47.49999998534292,0.41184441506741165,17
0.2,180.0,81,no_response,71081,72081,73081,0.0,0.10344827586206896,899,0.0,0.0,0.0,180.0,0.923025498624556,23
0.2,180.0,82,response,71082,72082,73082,0.12777777794062845,0.07897664071190211,899,0.004449388209121246,0.46273637374860954,1.0,74.69999998534293,0.7890693702781205,19
0.2,180.0,82,no_response,71082,72082,73082,0.0,0.09010011123470522,899,0.0,0.0,0.0,180.0,1.252214919430544,15
0.2,180.0,83,response,71083,72083,73083,0.695000000570149,0.08120133481646273,899,0.0011123470522803114,0.5328142380422692,1.0,47.49999998534292,0.41812784860348284,10
0.2,180.0,83,no_response,71083,72083,73083,0.27000000016293735,0.10456062291434928,899,0.0,0.0,1.0,129.49999998534292,0.8128909835341457,14
0.2,180.0,84,response,71084,72084,73084,0.6655555560445623,0.0967741935483871,899,0.0,0.4738598442714127,1.0,47.49999998534292,0.42091620702145377,19
0.2,180.0,84,no_response,71084,72084,73084,0.0,0.0878754171301446,899,0.0,0.0,0.0,180.0,1.1926793440727386,23
0.2,180.0,85,response,71085,72085,73085,0.5783333340665349,0.11345939933259176,899,0.0011123470522803114,0.5050055617352615,1.0,59.89999998534292,0.4626106402196592,14
0.2,180.0,85,no_response,71085,72085,73085,0.0,0.10233592880978866,899,0.0,0.0,0.0,180.0,1.2300202708356753,21
0.2,180.0,86,response,71086,72086,73086,0.5972222224664745,0.15127919911012236,899,0.0,0.41268075639599555,1.0,65.49999998534292,0.572826008099805,17
0.2,180.0,86,no_response,71086,72086,73086,0.0,0.11012235817575083,899,0.0,0.0,0.0,180.0,1.3601599513782678,18
0.2,180.0,87,response,71087,72087,73087,0.37055555579982075,0.09566184649610679,899,0.0,0.5094549499443827,1.0,113.09999998534293,0.8373678124536046,23
0.2,180.0,87,no_response,71087,72087,73087,0.0,0.07563959955506118,899,0.0,0.0,0.0,180.0,0.8558561249805154,23
0.2,180.0,88,response,71088,72088,73088,0.6338888892959955,0.11234705228031146,899,0.0,0.46051167964404893,1.0,49.89999998534292,0.44203034586628537,25
0.2,180.0,88,no_response,71088,72088,73088,0.0,0.048943270300333706,899,0.0,0.0,0.0,180.0,1.1139568234202089,16
0.2,180.0,89,response,71089,72089,73089,0.2288888892148745,0.0967741935483871,899,0.0,0.4738598442714127,1.0,127.49999998534292,0.8264843454859457,20
0.2,180.0,89,no_response,71089,72089,73089,0.0,0.09232480533926585,899,0.0,0.0,0.0,180.0,1.2204502921280962,18
0.2,180.0,90,response,71090,72090,73090,0.5422222225481901,0.07007786429365963,899,0.0011123470522803114,0.4671857619577308,1.0,47.49999998534292,0.43456370968796876,12
0.2,180.0,90,no_response,71090,72090,73090,0.3116666670741705,0.06340378197997776,899,0.0,0.0,1.0,62.29999998534292,0.5900088737562244,7
0.2,180.0,91,response,71091,72091,73091,0.4394444450149869,0.09010011123470522,899,0.0,0.4860956618464961,1.0,47.49999998534292,0.4566569147377098,22
0.2,180.0,91,no_response,71091,72091,73091,0.22555555604420827,0.07452725250278086,899,0.0,0.0,1.0,62.69999998534292,0.5391573342829619,20
0.2,180.0,92,response,71092,72092,73092,0.6316666667480606,0.14905450500556172,899,0.0,0.42380422691879865,1.0,66.29999998534292,0.5802289203409294,15
0.2,180.0,92,no_response,71092,72092,73092,0.047777778266345064,0.0778642936596218,899,0.0,0.0,1.0,97.89999998534293,0.7708116357306621,21
0.2,180.0,93,response,71093,72093,73093,0.32611111168147056,0.05228031145717464,899,0.0,0.48164627363737483,1.0,51.09999998534292,0.49673977090625093,22
0.2,180.0,93,no_response,71093,72093,73093,0.0,0.05784204671857619,899,0.0,0.0,0.0,180.0,0.9456169955231452,15
0.2,180.0,94,response,71094,72094,73094,0.41055555580000797,0.08453837597330367,899,0.0,0.5205784204671857,1.0,100.69999998534293,0.6645090953311146,17
0.2,180.0,94,no_response,71094,72094,73094,0.0,0.06229143492769744,899,0.0,0.0,0.0,180.0,1.0480595402933932,13
0.2,180.0,95,response,71095,72095,73095,0.5883333339034883,0.06229143492769744,899,0.0,0.5628476084538376,1.0,61.09999998534292,0.5458317526694683,10
0.2,180.0,95,no_response,71095,72095,73095,0.0,0.09566184649610679,899,0.0,0.0,0.0,180.0,1.3303048405868807,10
0.2,180.0,96,response,71096,72096,73096,0.6638888894590396,0.08342602892102335,899,0.0,0.525027808676307,1.0,47.49999998534292,0.4194371678544681,14
0.2,180.0,96,no_response,71096,72096,73096,0.0,0.1067853170189099,899,0.0,0.0,0.0,180.0,1.19807527123948,21
0.2,180.0,97,response,71097,72097,73097,0.28555555604448907,0.030033370411568408,899,0.0,0.5517241379310345,1.0,68.29999998534292,0.6583951127130493,9
0.2,180.0,97,no_response,71097,72097,73097,0.0,0.042269187986651836,899,0.0,0.0,0.0,180.0,1.081899810518514,9
0.2,180.0,98,response,71098,72098,73098,0.4994444446887023,0.07897664071190211,899,0.0,0.5183537263626251,1.0,85.89999998534293,0.6263165546803519,22
0.2,180.0,98,no_response,71098,72098,73098,0.0,0.09010011123470522,899,0.0,0.0,0.0,180.0,1.1894927097997134,20
0.2,180.0,99,response,71099,72099,73099,0.5555555558812384,0.07230255839822025,899,0.0,0.5172413793103449,1.0,66.69999998534293,0.5902965281204974,16
0.2,180.0,99,no_response,71099,72099,73099,0.0,0.07230255839822025,899,0.0,0.0,0.0,180.0,1.1662339311742815,18
0.2,180.0,100,response,71100,72100,73100,0.7283333335777677,0.11902113459399333,899,0.0,0.45161290322580644,1.0,47.49999998534292,0.4098205135584743,15
0.2,180.0,100,no_response,71100,72100,73100,0.0,0.15127919911012236,899,0.0,0.0,0.0,180.0,1.2036460166233809,24
0.2,180.0,101,response,71101,72101,73101,0.07833333341475844,0.04449388209121246,899,0.0,0.5339265850945495,1.0,165.89999998534293,0.879599545247722,17
0.2,180.0,101,no_response,71101,72101,73101,0.3450000000814102,0.0967741935483871,899,0.0,0.0,1.0,117.89999998534293,0.5988984258156328,18
0.2,180.0,102,response,71102,72102,73102,0.576666667155489,0.11902113459399333,899,0.0,0.40600667408231367,1.0,47.49999998534292,0.4387340981606981,16
0.2,180.0,102,no_response,71102,72102,73102,0.0,0.09454949944382647,899,0.0,0.0,0.0,180.0,1.313515276737284,16
0.2,180.0,103,response,71103,72103,73103,0.42555555604438644,0.03225806451612903,899,0.0,0.5661846496106785,1.0,47.49999998534292,0.47521866779643673,16
0.2,180.0,103,no_response,71103,72103,73103,0.3594444450149915,0.08453837597330367,899,0.0,0.0,1.0,58.29999998534292,0.46918546913180564,15
0.2,180.0,104,response,71104,72104,73104,0.4527777783483195,0.06674082313681869,899,0.0,0.5328142380422692,1.0,83.09999998534293,0.6990337203756477,19
0.2,180.0,104,no_response,71104,72104,73104,0.036111111192537876,0.07452725250278086,899,0.0,0.0,1.0,173.49999998534292,1.0714516176145743,18
0.2,180.0,105,response,71105,72105,73105,0.6594444446888826,0.13014460511679643,899,0.0,0.45272525027808674,1.0,60.29999998534292,0.5290871299806021,19
0.2,180.0,105,no_response,71105,72105,73105,0.0,0.07341490545050056,899,0.0,0.0,0.0,180.0,1.3116611757614853,18
0.2,180.0,106,response,71106,72106,73106,0.33722222246648925,0.07452725250278086,899,0.0011123470522803114,0.5072302558398221,1.0,75.49999998534292,0.5035416257757537,14
0.2,180.0,106,no_response,71106,72106,73106,0.04277777785920428,0.08342602892102335,899,0.0,0.0,1.0,172.29999998534294,1.086872356811047,20
0.2,180.0,107,response,71107,72107,73107,0.6694444445258363,0.13014460511679643,899,0.0,0.4560622914349277,1.0,59.49999998534292,0.5195061928836313,20
0.2,180.0,107,no_response,71107,72107,73107,0.027222222303649332,0.07675194660734148,899,0.0,0.0,1.0,175.09999998534295,1.1556176684161392,20
0.2,180.0,108,response,71108,72108,73108,0.6527777780222164,0.1946607341490545,899,0.0,0.40155728587319245,1.0,54.69999998534292,0.4735290862825173,17
0.2,180.0,108,no_response,71108,72108,73108,0.0,0.08008898776418243,899,0.0,0.0,0.0,180.0,0.9758762763110195,23
0.2,180.0,109,response,71109,72109,73109,0.13888888905183372,0.06674082313681869,899,0.0,0.44271412680756395,1.0,79.09999998534293,0.7493966521290185,23
0.2,180.0,109,no_response,71109,72109,73109,0.0,0.13014460511679643,899,0.0,0.0,0.0,180.0,1.3219542705151852,25
0.2,180.0,110,response,71110,72110,73110,0.343888889133345,0.08453837597330367,899,0.0011123470522803114,0.5361512791991101,1.0,114.29999998534294,0.7714540614248445,13
0.2,180.0,110,no_response,71110,72110,73110,0.0,0.09010011123470522,899,0.0,0.0,0.0,180.0,0.9627495255199494,19
0.2,180.0,111,response,71111,72111,73111,0.5994444446888861,0.18020022246941045,899,0.0,0.43381535038932145,1.0,65.89999998534293,0.577316581743115,14
0.2,180.0,111,no_response,71111,72111,73111,0.0,0.13793103448275862,899,0.0,0.0,0.0,180.0,1.3431346155749073,16
0.2,180.0,112,response,71112,72112,73112,0.6727777780220258,0.11123470522803114,899,0.0,0.4972191323692992,1.0,56.29999998534292,0.44955579062991785,18
0.2,180.0,112,no_response,71112,72112,73112,0.0,0.0878754171301446,899,0.0,0.0,0.0,180.0,1.0755840253348654,19
0.2,180.0,113,response,71113,72113,73113,0.5216666669111127,0.12903225806451613,899,0.0,0.45383759733036705,1.0,81.49999998534292,0.696252929776401,16
0.2,180.0,113,no_response,71113,72113,73113,0.09055555579983654,0.06896551724137931,899,0.0,0.0,1.0,163.49999998534292,1.0226825031368347,16
0.2,180.0,114,response,71114,72114,73114,0.03833333341476001,0.0778642936596218,899,0.0,0.5228031145717463,1.0,173.09999998534295,0.7430828516689376,21
0.2,180.0,114,no_response,71114,72114,73114,0.18611111135557623,0.07007786429365963,899,0.0,0.0,1.0,144.69999998534294,0.7544532560441053,23
0.2,180.0,115,response,71115,72115,73115,0.6727777780222153,0.1067853170189099,899,0.0,0.4783092324805339,1.0,57.89999998534292,0.503642059844533,11
0.2,180.0,115,no_response,71115,72115,73115,0.13000000016285054,0.03781979977753059,899,0.0,0.0,1.0,47.49999998534292,0.6592821955227764,9
0.2,180.0,116,response,71116,72116,73116,0.5366666668294943,0.1067853170189099,899,0.0,0.3882091212458287,1.0,47.49999998534292,0.4615926438851553,15
0.2,180.0,116,no_response,71116,72116,73116,0.0,0.054505005561735265,899,0.0,0.0,0.0,180.0,1.0291588280403223,12
0.2,180.0,117,response,71117,72117,73117,0.5116666670739696,0.06451612903225806,899,0.0033370411568409346,0.5383759733036707,1.0,47.49999998534292,0.45655537329976537,9
0.2,180.0,117,no_response,71117,72117,73117,0.0,0.0867630700778643,899,0.0,0.0,0.0,180.0,1.2490805863158352,13
0.2,180.0,118,response,71118,72118,73118,0.3705555558000102,0.08231368186874305,899,0.0,0.5305895439377085,1.0,79.09999998534293,0.6036342969418121,17
0.2,180.0,118,no_response,71118,72118,73118,0.041666666910949605,0.0867630700778643,899,0.0,0.0,1.0,157.49999998534292,1.034945082815725,20
0.2,180.0,119,response,71119,72119,73119,0.6266666673185319,0.08565072302558398,899,0.0011123470522803114,0.4783092324805339,1.0,48.29999998534292,0.43355395409464953,14
0.2,180.0,119,no_response,71119,72119,73119,0.0,0.07230255839822025,899,0.0,0.0,0.0,180.0,1.1777477262413478,17
0.2,180.0,120,response,71120,72120,73120,0.4494444448519405,0.05672969966629588,899,0.0,0.5539488320355951,1.0,75.89999998534293,0.6097753320326686,16
0.2,180.0,120,no_response,71120,72120,73120,0.0,0.06117908787541713,899,0.0,0.0,0.0,180.0,0.9406312584878517,19
0.2,180.0,121,response,71121,72121,73121,0.5438888891331443,0.11902113459399333,899,0.0,0.4972191323692992,1.0,78.29999998534294,0.6470344795895951,15
0.2,180.0,121,no_response,71121,72121,73121,0.13611111119253316,0.07675194660734148,899,0.0,0.0,1.0,155.49999998534292,0.8258291025791397,20
0.2,180.0,122,response,71122,72122,73122,0.5150000005703487,0.034482758620689655,899,0.0,0.5617352614015573,1.0,49.09999998534292,0.451465839731468,19
0.2,180.0,122,no_response,71122,72122,73122,0.0,0.08453837597330367,899,0.0,0.0,0.0,180.0,1.288219484404734,13
0.2,180.0,123,response,71123,72123,73123,0.330555555799823,0.09454949944382647,899,0.0,0.5139043381535039,1.0,119.89999998534293,0.7890244215344532,14
0.2,180.0,123,no_response,71123,72123,73123,0.0,0.07230255839822025,899,0.0,0.0,0.0,180.0,1.2278584789968436,18
0.2,180.0,124,response,71124,72124,73124,0.6116666670737746,0.0878754171301446,899,0.0,0.4849833147942158,1.0,47.49999998534292,0.4274392588427049,13
0.2,180.0,124,no_response,71124,72124,73124,0.13777777810348427,0.09232480533926585,899,0.0,0.0,1.0,107.49999998534292,0.7400829262844678,15
0.2,180.0,125,response,71125,72125,73125,0.330555555799823,0.060066740823136816,899,0.0,0.5328142380422692,1.0,117.49999998534292,0.917855490925573,20
0.2,180.0,125,no_response,71125,72125,73125,0.0,0.0967741935483871,899,0.0,0.0,0.0,180.0,1.1831517682303756,15
0.2,180.0,126,response,71126,72126,73126,0.3450000000814102,0.07897664071190211,899,0.0,0.5183537263626251,1.0,117.89999998534293,0.7449072127154882,13
0.2,180.0,126,no_response,71126,72126,73126,0.0,0.09566184649610679,899,0.0,0.0,0.0,180.0,1.2158611470430694,13
0.2,180.0,127,response,71127,72127,73127,0.6394444450149755,0.07675194660734148,899,0.0,0.5228031145717463,1.0,51.09999998534292,0.4550683660481943,13
0.2,180.0,127,no_response,71127,72127,73127,0.0,0.06451612903225806,899,0.0,0.0,0.0,180.0,1.2482367439267643,16
0.2,360.0,0,response,71000,72000,73000,0.40388888929633937,0.0811561978877154,1799,0.0016675931072818232,0.4207893274041134,1.0,143.49999998534292,0.5131844286197412,38
0.2,360.0,0,no_response,71000,72000,73000,0.06805555559626658,0.06614785992217899,1799,0.0,0.0,1.0,335.4999999853429,0.8426991132993745,32
0.2,360.0,1,response,71001,72001,73001,0.5986111115592172,0.10894941634241245,1799,0.0,0.41078376876042244,1.0,79.89999998534293,0.524283214387877,38
0.2,360.0,1,no_response,71001,72001,73001,0.0,0.06948304613674264,1799,0.0,0.0,0.0,360.0,1.1885941798799315,30
0.2,360.0,2,response,71002,72002,73002,0.701666666911007,0.13173985547526404,1799,0.0022234574763757642,0.3368538076709283,1.0,52.69999998534292,0.37718715660943597,38
0.2,360.0,2,no_response,71002,72002,73002,0.0,0.08504724847137299,1799,0.0,0.0,0.0,360.0,1.0241198367378679,26
0.2,360.0,3,response,71003,72003,73003,0.6336111113148359,0.17898832684824903,1799,0.0027793218454697055,0.33740967204002226,1.0,62.29999998534292,0.4176073647711445,41
0.2,360.0,3,no_response,71003,72003,73003,0.15277777802210185,0.09116175653140633,1799,0.0,0.0,1.0,95.49999998534292,0.7743545670786076,42
0.2,360.0,4,response,71004,72004,73004,0.7119444450552114,0.11172873818788216,1799,0.0,0.38354641467481937,1.0,55.89999998534292,0.3770711220858884,36
0.2,360.0,4,no_response,71004,72004,73004,0.1827777781852408,0.0811561978877154,1799,0.0,0.0,1.0,153.49999998534292,0.85381828928119,35
0.2,360.0,5,response,71005,72005,73005,0.605277778226073,0.10672595886603668,1799,0.0,0.3985547526403558,1.0,87.49999998534292,0.46704828206275534,47
0.2,360.0,5,no_response,71005,72005,73005,0.0,0.08449138410227905,1799,0.0,0.0,0.0,360.0,1.0392684350060872,41
0.2,360.0,6,response,71006,72006,73006,0.7230555558406122,0.14508060033351863,1799,0.0,0.34741523068371316,1.0,47.49999998534292,0.33439930887754227,38
0.2,360.0,6,no_response,71006,72006,73006,0.10694444448515324,0.09227348526959422,1799,0.0,0.0,1.0,321.4999999853429,1.0414336784772538,35
0.2,360.0,7,response,71007,72007,73007,0.7930555558407228,0.1517509727626459,1799,0.0,0.3657587548638132,1.0,57.89999998534292,0.36520781298688965,34
0.2,360.0,7,no_response,71007,72007,73007,0.24750000028498545,0.08727070594774874,1799,0.0,0.0,1.0,229.09999998534295,0.7641116265165576,36
0.2,360.0,8,response,71008,72008,73008,0.6930555560034668,0.13952195664257921,1799,0.0005558643690939411,0.3674263479710951,1.0,47.49999998534292,0.33583697103075427,41
0.2,360.0,8,no_response,71008,72008,73008,0.17500000008146643,0.08449138410227905,1799,0.0,0.0,1.0,243.09999998534295,0.9154756966250353,40
0.2,360.0,9,response,71009,72009,73009,0.7158333338627677,0.1272929405225125,1799,0.0005558643690939411,0.38743746525847694,1.0,55.89999998534292,0.3726818601554014,33
0.2,360.0,9,no_response,71009,72009,73009,0.07555555571840843,0.061145080600333516,1799,0.0,0.0,1.0,326.69999998534297,0.8573760901728009,39
0.2,360.0,10,response,71010,72010,73010,0.7275000002850577,0.10394663702056699,1799,0.0,0.3941078376876042,1.0,57.49999998534292,0.38254141968913374,36
0.2,360.0,10,no_response,71010,72010,73010,0.09305555567776438,0.07003891050583658,1799,0.0,0.0,1.0,99.89999998534293,0.9092194454585595,28
0.2,360.0,11,response,71011,72011,73011,0.7736111114776075,0.12673707615341856,1799,0.0,0.35519733185102836,1.0,49.49999998534292,0.33293928709133963,43
0.2,360.0,11,no_response,71011,72011,73011,0.008888889051744925,0.09449694274596998,1799,0.0,0.0,1.0,332.29999998534294,0.9781058702069699,46
0.2,360.0,12,response,71012,72012,73012,0.7655555558814308,0.14952751528627015,1799,0.0,0.31739855475264034,1.0,55.49999998534292,0.34617631987824404,38
0.2,360.0,12,no_response,71012,72012,73012,0.0,0.1178432462479155,1799,0.0,0.0,0.0,360.0,1.24324406471314,35
0.2,360.0,13,response,71013,72013,73013,0.7902777781443727,0.1311839911061701,1799,0.0,0.3568649249583102,1.0,54.29999998534292,0.3495640968088353,35
0.2,360.0,13,no_response,71013,72013,73013,0.22555555571854202,0.06281267370761534,1799,0.0,0.0,1.0,128.29999998534294,0.7321575301045923,25
0.2,360.0,14,response,71014,72014,73014,0.79750000044793,0.13674263479710952,1799,0.0,0.3540856031128405,1.0,56.29999998534292,0.3636115876408071,31
0.2,360.0,14,no_response,71014,72014,73014,0.12166666674808872,0.07392996108949416,1799,0.0,0.0,1.0,300.6999999853429,0.9896414973783841,26
0.2,360.0,15,response,71015,72015,73015,0.7486111115591247,0.11172873818788216,1799,0.0011117287381878821,0.3763201778765981,1.0,47.49999998534292,0.31842707869219206,40
0.2,360.0,15,no_response,71015,72015,73015,0.0633333334961869,0.05336297943301834,1799,0.0,0.0,1.0,171.09999998534295,0.7512192637454251,31
0.2,360.0,16,response,71016,72016,73016,0.6230555561666115,0.09560867148415786,1799,0.0027793218454697055,0.4002223457476376,1.0,52.69999998534292,0.3791733699041146,44
0.2,360.0,16,no_response,71016,72016,73016,0.0,0.10505836575875487,1799,0.0,0.0,0.0,360.0,1.254104181389161,40
0.2,360.0,17,response,71017,72017,73017,0.6391666673591498,0.10116731517509728,1799,0.0,0.42412451361867703,1.0,96.69999998534293,0.6022525716009844,30
0.2,360.0,17,no_response,71017,72017,73017,0.007222222303650126,0.07003891050583658,1799,0.0,0.0,1.0,337.4999999853429,1.022748914554408,27
0.2,360.0,18,response,71018,72018,73018,0.5411111116001714,0.09616453585325181,1799,0.0,0.37576431350750417,1.0,57.09999998534292,0.430014924805572,40
0.2,360.0,18,no_response,71018,72018,73018,0.0,0.1028349082823791,1799,0.0,0.0,0.0,360.0,1.101321283227056,39
0.2,360.0,19,response,71019,72019,73019,0.8675000001221383,0.17954419121734297,1799,0.0,0.28515842134519176,1.0,47.49999998534292,0.29732926753572697,33
0.2,360.0,19,no_response,71019,72019,73019,0.047777777940632225,0.05669816564758199,1799,0.0,0.0,1.0,112.69999998534293,0.8227447072654612,31
0.2,360.0,20,response,71020,72020,73020,0.67916666703334,0.12896053362979434,1799,0.0005558643690939411,0.3707615341856587,1.0,64.69999998534293,0.4267236420292004,41
0.2,360.0,20,no_response,71020,72020,73020,0.0,0.07948860478043357,1799,0.0,0.0,0.0,360.0,1.2778896005176301,31
0.2,360.0,21,response,71021,72021,73021,0.8619444445666763,0.12840466926070038,1799,0.0,0.3807670928293496,1.0,47.49999998534292,0.30724771041547877,39
0.2,360.0,21,no_response,71021,72021,73021,0.2583333334147476,0.09116175653140633,1799,0.0,0.0,1.0,213.09999998534295,0.7972282093464685,39
0.2,360.0,22,response,71022,72022,73022,0.6550000004071519,0.12229016120066703,1799,0.0005558643690939411,0.3424124513618677,1.0,78.29999998534294,0.35601528057092835,47
0.2,360.0,22,no_response,71022,72022,73022,0.0,0.09783212896053363,1799,0.0,0.0,0.0,360.0,1.1920930463311605,37
0.2,360.0,23,response,71023,72023,73023,0.6308333337813429,0.11951083935519734,1799,0.0,0.3852140077821012,1.0,61.09999998534292,0.39921429500123545,34
0.2,360.0,23,no_response,71023,72023,73023,0.0,0.11839911061700945,1799,0.0,0.0,0.0,360.0,1.3149689916073644,38
0.2,360.0,24,response,71024,72024,73024,0.7652777778998929,0.1378543635352974,1799,0.0,0.3496386881600889,1.0,70.29999998534292,0.44918080497229285,40
0.2,360.0,24,no_response,71024,72024,73024,0.0,0.0867148415786548,1799,0.0,0.0,0.0,360.0,1.2140889954566294,31
0.2,360.0,25,response,71025,72025,73025,0.8430555558407342,0.09894385769872151,1799,0.0,0.3540856031128405,1.0,47.49999998534292,0.30603619248564395,30
0.2,360.0,25,no_response,71025,72025,73025,0.0,0.08782657031684268,1799,0.0,0.0,0.0,360.0,1.2076756665411268,34
0.2,360.0,26,response,71026,72026,73026,0.7558333336999203,0.17120622568093385,1799,0.0,0.3035019455252918,1.0,73.89999998534293,0.3429395541167248,48
0.2,360.0,26,no_response,71026,72026,73026,0.0,0.10894941634241245,1799,0.0,0.0,0.0,360.0,1.2564298132229896,45
0.2,360.0,27,response,71027,72027,73027,0.7658333336999227,0.11450806003335186,1799,0.0,0.35797665369649806,1.0,47.49999998534292,0.31691754272820866,41
0.2,360.0,27,no_response,71027,72027,73027,0.0,0.07837687604224569,1799,0.0,0.0,0.0,360.0,1.1523121722095182,25
0.2,360.0,28,response,71028,72028,73028,0.5313888890926195,0.13896609227348528,1799,0.0,0.3802112284602557,1.0,137.09999998534292,0.5344248164563842,39
0.2,360.0,28,no_response,71028,72028,73028,0.49694444464817705,0.1272929405225125,1799,0.0,0.0,1.0,176.29999998534294,0.6750748830891119,37
0.2,360.0,29,response,71029,72029,73029,0.589722222507283,0.0867148415786548,1799,0.0011117287381878821,0.42301278488048916,1.0,92.69999998534293,0.44975029121106863,33
0.2,360.0,29,no_response,71029,72029,73029,0.0,0.09282934963868816,1799,0.0,0.0,0.0,360.0,1.2741136178187231,41
0.2,360.0,30,response,71030,72030,73030,0.6280555560848987,0.1056142301278488,1799,0.0,0.37965536409116174,1.0,49.49999998534292,0.35232371478514,39
0.2,360.0,30,no_response,71030,72030,73030,0.2700000001628418,0.09282934963868816,1799,0.0,0.0,1.0,197.09999998534295,0.8305864487751342,38
0.2,360.0,31,response,71031,72031,73031,0.5891666670333452,0.12673707615341856,1799,0.0,0.37298499166203447,1.0,78.29999998534294,0.5300588981948579,44
0.2,360.0,31,no_response,71031,72031,73031,0.06277777802205957,0.0906058921623124,1799,0.0,0.0,1.0,137.49999998534292,0.8920446625589981,38
0.2,360.0,32,response,71032,72032,73032,0.7869444446481821,0.1539744302390217,1799,0.0,0.3529738743746526,1.0,58.29999998534292,0.32507388561849915,42
0.2,360.0,32,no_response,71032,72032,73032,0.15277777785924546,0.08615897720956087,1799,0.0,0.0,1.0,70.29999998534292,0.8714817318158626,39
0.2,360.0,33,response,71033,72033,73033,0.6366666669926757,0.10227904391328516,1799,0.0,0.36631461923290715,1.0,47.49999998534292,0.3701378001651506,35
0.2,360.0,33,no_response,71033,72033,73033,0.23166666691093887,0.0906058921623124,1799,0.0,0.0,1.0,175.09999998534295,0.6036578574729954,34
0.2,360.0,34,response,71034,72034,73034,0.6658333338628638,0.07670928293496387,1799,0.0,0.41856586992773764,1.0,47.49999998534292,0.3384507448162328,38
0.2,360.0,34,no_response,71034,72034,73034,0.1911111114368612,0.05225125069483046,1799,0.0,0.0,1.0,57.89999998534292,0.7964188401141946,25
0.2,360.0,35,response,71035,72035,73035,0.658055556085276,0.14785992217898833,1799,0.0005558643690939411,0.38465814341300725,1.0,91.49999998534292,0.3757435768653325,39
0.2,360.0,35,no_response,71035,72035,73035,0.0,0.09838799332962757,1799,0.0,0.0,0.0,360.0,1.1811318037280072,38
0.2,360.0,36,response,71036,72036,73036,0.5777777784297872,0.09449694274596998,1799,0.0,0.3779877709838799,1.0,66.29999998534292,0.448338859941143,43
0.2,360.0,36,no_response,71036,72036,73036,0.14333333349627708,0.09616453585325181,1799,0.0,0.0,1.0,174.29999998534294,0.8076353522612859,38
0.2,360.0,37,response,71037,72037,73037,0.639444445014501,0.10116731517509728,1799,0.0005558643690939411,0.38243468593663144,1.0,51.89999998534292,0.37298993730841584,36
0.2,360.0,37,no_response,71037,72037,73037,0.12027777798153172,0.058365758754863814,1799,0.0,0.0,1.0,203.89999998534293,0.8814059980130117,33
0.2,360.0,38,response,71038,72038,73038,0.5827777781849812,0.11895497498610338,1799,0.0,0.3357420789327404,1.0,57.89999998534292,0.43409481811133194,45
0.2,360.0,38,no_response,71038,72038,73038,0.0,0.0717065036131184,1799,0.0,0.0,0.0,360.0,1.1929080359450257,36
0.2,360.0,39,response,71039,72039,73039,0.6350000004073426,0.10116731517509728,1799,0.0,0.3529738743746526,1.0,71.49999998534292,0.4863125104063927,47
0.2,360.0,39,no_response,71039,72039,73039,0.0,0.07059477487493052,1799,0.0,0.0,0.0,360.0,1.032154630964865,30
0.2,360.0,40,response,71040,72040,73040,0.5780555557590941,0.12006670372429128,1799,0.0,0.37576431350750417,1.0,120.69999998534293,0.6288950027186159,37
0.2,360.0,40,no_response,71040,72040,73040,0.022500000040713206,0.07726514730405781,1799,0.0,0.0,1.0,351.89999998534296,0.8491301274441555,37
0.2,360.0,41,response,71041,72041,73041,0.7369444446479814,0.12006670372429128,1799,0.0,0.38354641467481937,1.0,67.09999998534293,0.4328579135621009,31
0.2,360.0,41,no_response,71041,72041,73041,0.28750000061079073,0.0811561978877154,1799,0.0,0.0,1.0,70.69999998534293,0.5329941421400014,32
0.2,360.0,42,response,71042,72042,73042,0.7827777781849903,0.10950528071150639,1799,0.0011117287381878821,0.3624235686492496,1.0,47.49999998534292,0.31815976419961495,29
0.2,360.0,42,no_response,71042,72042,73042,0.0,0.07615341856586992,1799,0.0,0.0,0.0,360.0,1.0370896628975173,31
0.2,360.0,43,response,71043,72043,73043,0.8136111114778061,0.16397998888271262,1799,0.0,0.3357420789327404,1.0,56.29999998534292,0.36128346519349924,41
0.2,360.0,43,no_response,71043,72043,73043,0.0,0.09949972206781545,1799,0.0,0.0,0.0,360.0,1.0990647498871242,47
0.2,360.0,44,response,71044,72044,73044,0.670000000651862,0.08949416342412451,1799,0.0,0.3790994997220678,1.0,55.49999998534292,0.3787751487800272,43
0.2,360.0,44,no_response,71044,72044,73044,0.2100000001629874,0.08004446914952751,1799,0.0,0.0,1.0,226.69999998534294,0.8534440969780362,34
0.2,360.0,45,response,71045,72045,73045,0.8086111115592332,0.1178432462479155,1799,0.0,0.3368538076709283,1.0,51.89999998534292,0.3355780154367156,42
0.2,360.0,45,no_response,71045,72045,73045,0.0,0.07059477487493052,1799,0.0,0.0,0.0,360.0,0.9871243533055426,38
0.2,360.0,46,response,71046,72046,73046,0.8080555559219649,0.1539744302390217,1799,0.0,0.3407448582545859,1.0,47.49999998534292,0.30922121531357005,38
0.2,360.0,46,no_response,71046,72046,73046,0.0,0.0906058921623124,1799,0.0,0.0,0.0,360.0,1.0082506037687238,33
0.2,360.0,47,response,71047,72047,73047,0.5672222226295213,0.09394107837687604,1799,0.0,0.40689271817676487,1.0,100.69999998534293,0.5326459737323957,34
0.2,360.0,47,no_response,71047,72047,73047,0.0,0.06281267370761534,1799,0.0,0.0,0.0,360.0,1.1280094956259104,24
0.2,360.0,48,response,71048,72048,73048,0.7286111115594044,0.12229016120066703,1799,0.0005558643690939411,0.38299055030572543,1.0,56.69999998534292,0.37720188523152637,46
0.2,360.0,48,no_response,71048,72048,73048,0.10222222238507361,0.0811561978877154,1799,0.0,0.0,1.0,105.89999998534293,0.5900581666242737,36
0.2,360.0,49,response,71049,72049,73049,0.572500000692487,0.09616453585325181,1799,0.0005558643690939411,0.4046692607003891,1.0,63.09999998534292,0.4441806639445413,40
0.2,360.0,49,no_response,71049,72049,73049,0.0,0.09894385769872151,1799,0.0,0.0,0.0,360.0,1.0867344845913356,44
0.2,360.0,50,response,71050,72050,73050,0.6930555558407051,0.15730961645358532,1799,0.0011117287381878821,0.3357420789327404,1.0,92.29999998534294,0.5420154815337122,41
0.2,360.0,50,no_response,71050,72050,73050,0.20666666682965426,0.08504724847137299,1799,0.0,0.0,1.0,125.49999998534292,0.6663706276039465,30
0.2,360.0,51,response,71051,72051,73051,0.5986111112332202,0.12840466926070038,1799,0.0,0.37409672040022235,1.0,127.09999998534293,0.5174973623121184,39
0.2,360.0,51,no_response,71051,72051,73051,0.1327777778591992,0.07392996108949416,1799,0.0,0.0,1.0,308.69999998534297,0.9661746241981518,32
0.2,360.0,52,response,71052,72052,73052,0.7636111113148435,0.13729849916620346,1799,0.0,0.3435241801000556,1.0,57.89999998534292,0.3517089705992699,41
0.2,360.0,52,no_response,71052,72052,73052,0.2561111111925729,0.10394663702056699,1799,0.0,0.0,1.0,210.29999998534294,0.7289188828516938,31
0.2,360.0,53,response,71053,72053,73053,0.6458333338630544,0.09394107837687604,1799,0.0,0.4163424124513619,1.0,63.89999998534292,0.43376034345655473,37
0.2,360.0,53,no_response,71053,72053,73053,0.24500000024441357,0.09227348526959422,1799,0.0,0.0,1.0,229.09999998534295,0.7303524141733793,41
0.2,360.0,54,response,71054,72054,73054,0.6175000002849644,0.09560867148415786,1799,0.0,0.3674263479710951,1.0,47.49999998534292,0.38568957004881915,40
0.2,360.0,54,no_response,71054,72054,73054,0.33500000024450316,0.11561978877153975,1799,0.0,0.0,1.0,220.69999998534294,0.8439641803878742,39
0.2,360.0,55,response,71055,72055,73055,0.5811111114370285,0.11728738187882157,1799,0.0011117287381878821,0.339633129516398,1.0,76.29999998534292,0.45067272185280305,45
0.2,360.0,55,no_response,71055,72055,73055,0.06722222230364737,0.07726514730405781,1799,0.0,0.0,1.0,119.49999998534292,1.0323556320915321,38
0.2,360.0,56,response,71056,72056,73056,0.5752777782260747,0.09838799332962757,1799,0.0,0.3968871595330739,1.0,117.49999998534292,0.5632790506390994,53
0.2,360.0,56,no_response,71056,72056,73056,0.12305555584054804,0.0811561978877154,1799,0.0,0.0,1.0,169.49999998534292,0.741206116182718,45
0.2,360.0,57,response,71057,72057,73057,0.7758333337000197,0.10172317954419122,1799,0.0,0.39633129516397997,1.0,47.49999998534292,0.31588948841151043,42
0.2,360.0,57,no_response,71057,72057,73057,0.31055555579991806,0.08560311284046693,1799,0.0,0.0,1.0,138.69999998534294,0.5999284401770911,41
0.2,360.0,58,response,71058,72058,73058,0.759722222833379,0.10950528071150639,1799,0.0011117287381878821,0.37576431350750417,1.0,47.49999998534292,0.3181575849934814,35
0.2,360.0,58,no_response,71058,72058,73058,0.0,0.07559755419677598,1799,0.0,0.0,0.0,360.0,1.1899816992056835,40
0.2,360.0,59,response,71059,72059,73059,0.596944444810933,0.12673707615341856,1799,0.0005558643690939411,0.39021678710394664,1.0,85.09999998534293,0.4335493820393094,43
0.2,360.0,59,no_response,71059,72059,73059,0.0,0.1000555864369094,1799,0.0,0.0,0.0,360.0,1.3181908882167925,40
0.2,360.0,60,response,71060,72060,73060,0.6758333340260987,0.11561978877153975,1799,0.0,0.3802112284602557,1.0,67.89999998534293,0.3833432114669231,47
0.2,360.0,60,no_response,71060,72060,73060,0.0472222223036485,0.08004446914952751,1799,0.0,0.0,1.0,243.49999998534292,0.8862716814461171,39
0.2,360.0,61,response,71061,72061,73061,0.656944444811119,0.11895497498610338,1799,0.0005558643690939411,0.3624235686492496,1.0,83.49999998534292,0.5349833974578582,38
0.2,360.0,61,no_response,71061,72061,73061,0.26666666682950874,0.07615341856586992,1799,0.0,0.0,1.0,251.89999998534293,0.9686241972796028,32
0.2,360.0,62,response,71062,72062,73062,0.3500000003258832,0.11061700944969427,1799,0.0,0.3807670928293496,1.0,75.49999998534292,0.4320099793085968,42
0.2,360.0,62,no_response,71062,72062,73062,0.1250000002444204,0.10617009449694274,1799,0.0,0.0,1.0,69.49999998534292,0.7275041412634573,46
0.2,360.0,63,response,71063,72063,73063,0.4430555560037653,0.07059477487493052,1799,0.0038910505836575876,0.43635352973874375,1.0,51.89999998534292,0.4320149997395733,32
0.2,360.0,63,no_response,71063,72063,73063,0.07000000016299532,0.08060033351862146,1799,0.0,0.0,1.0,194.29999998534294,0.7823041636374045,33
0.2,360.0,64,response,71064,72064,73064,0.6119444450555009,0.10450250138966093,1799,0.0044469149527515284,0.415230683713174,1.0,58.29999998534292,0.3519636092300168,39
0.2,360.0,64,no_response,71064,72064,73064,0.0,0.09171762090050027,1799,0.0,0.0,0.0,360.0,1.0488907241038565,43
0.2,360.0,65,response,71065,72065,73065,0.6919444450555912,0.10617009449694274,1799,0.0,0.39466370205669815,1.0,47.49999998534292,0.328031434808032,41
0.2,360.0,65,no_response,71065,72065,73065,0.14000000048889363,0.0811561978877154,1799,0.0,0.0,1.0,96.69999998534293,0.9283154827726965,39
0.2,360.0,66,response,71066,72066,73066,0.8136111113146655,0.14952751528627015,1799,0.0,0.3235130628126737,1.0,57.09999998534292,0.36145257565059213,30
0.2,360.0,66,no_response,71066,72066,73066,0.017222222303649733,0.06559199555308505,1799,0.0,0.0,1.0,75.89999998534293,0.9311338464474355,24
0.2,360.0,67,response,71067,72067,73067,0.8130555556777763,0.17954419121734297,1799,0.0,0.31072818232351307,1.0,47.49999998534292,0.3066372739537302,43
0.2,360.0,67,no_response,71067,72067,73067,0.0,0.09727626459143969,1799,0.0,0.0,0.0,360.0,1.288806828039021,46
0.2,360.0,68,response,71068,72068,73068,0.6113888892554714,0.11117287381878821,1799,0.0,0.4102279043913285,1.0,53.49999998534292,0.4019362470176787,42
0.2,360.0,68,no_response,71068,72068,73068,0.16000000016289545,0.06670372429127293,1799,0.0,0.0,1.0,166.69999998534294,0.6373105435255761,35
0.2,360.0,69,response,71069,72069,73069,0.8047222225888204,0.1339633129516398,1799,0.0,0.35908838243468594,1.0,50.29999998534292,0.3280553340859144,36
0.2,360.0,69,no_response,71069,72069,73069,0.0,0.07559755419677598,1799,0.0,0.0,0.0,360.0,1.1412671164592043,36
0.2,360.0,70,response,71070,72070,73070,0.6030555558405208,0.11172873818788216,1799,0.0011117287381878821,0.3924402445803224,1.0,111.89999998534293,0.5656650913354617,44
0.2,360.0,70,no_response,71070,72070,73070,0.2225000002037481,0.1056142301278488,1799,0.0,0.0,1.0,152.69999998534294,0.8120817036070326,39
0.2,360.0,71,response,71071,72071,73071,0.5858333335368714,0.12117843246247915,1799,0.0,0.38632573652028906,1.0,142.29999998534294,0.5790884484352208,38
0.2,360.0,71,no_response,71071,72071,73071,0.0,0.1028349082823791,1799,0.0,0.0,0.0,360.0,1.215487567466927,42
0.2,360.0,72,response,71072,72072,73072,0.7141666671145777,0.10839355197331851,1799,0.0005558643690939411,0.39299610894941633,1.0,47.49999998534292,0.33880687386441655,36
0.2,360.0,72,no_response,71072,72072,73072,0.13222222238507186,0.07615341856586992,1799,0.0,0.0,1.0,201.89999998534293,0.7730249500070052,34
0.2,360.0,73,response,71073,72073,73073,0.8086111113963768,0.11617565314063369,1799,0.0,0.3529738743746526,1.0,67.89999998534293,0.33739762233239473,45
0.2,360.0,73,no_response,71073,72073,73073,0.0,0.0689271817676487,1799,0.0,0.0,0.0,360.0,1.1623141132145722,44
0.2,360.0,74,response,71074,72074,73074,0.727500000448293,0.1178432462479155,1799,0.0,0.37409672040022235,1.0,59.89999998534292,0.32986009155397333,32
0.2,360.0,74,no_response,71074,72074,73074,0.027222222303649343,0.0500277932184547,1799,0.0,0.0,1.0,299.09999998534295,0.8371818971340019,35
0.2,360.0,75,response,71075,72075,73075,0.6586111115592138,0.11673151750972763,1799,0.0,0.40967204002223456,1.0,65.49999998534292,0.43176057151054353,35
0.2,360.0,75,no_response,71075,72075,73075,0.0027777778592058613,0.0839355197331851,1799,0.0,0.0,1.0,156.29999998534294,1.0244441831766367,44
0.2,360.0,76,response,71076,72076,73076,0.5677777781036959,0.11061700944969427,1799,0.0027793218454697055,0.3896609227348527,1.0,47.49999998534292,0.36436718964374926,39
0.2,360.0,76,no_response,71076,72076,73076,0.27305555567768314,0.09394107837687604,1799,0.0,0.0,1.0,259.4999999853429,0.5887998188405486,42
0.2,360.0,77,response,71077,72077,73077,0.6986111117218785,0.11117287381878821,1799,0.0,0.37965536409116174,1.0,47.49999998534292,0.33721491992825675,40
0.2,360.0,77,no_response,71077,72077,73077,0.0,0.07281823235130629,1799,0.0,0.0,0.0,360.0,1.1991573708233632,35
0.2,360.0,78,response,71078,72078,73078,0.8075000001221248,0.13896609227348528,1799,0.0,0.32518065591995554,1.0,57.89999998534292,0.37185746373218714,42
0.2,360.0,78,no_response,71078,72078,73078,0.012777777859205464,0.06503613118399111,1799,0.0,0.0,1.0,211.09999998534295,1.0650730261869887,38
0.2,360.0,79,response,71079,72079,73079,0.7363888893368997,0.14007782101167315,1799,0.0,0.3790994997220678,1.0,47.49999998534292,0.32417910001862527,39
0.2,360.0,79,no_response,71079,72079,73079,0.004722222262936127,0.09894385769872151,1799,0.0,0.0,1.0,358.29999998534294,0.8652543055849715,40
0.2,360.0,80,response,71080,72080,73080,0.7158333338628624,0.13229571984435798,1799,0.0,0.3657587548638132,1.0,81.09999998534293,0.5188304797009005,34
0.2,360.0,80,no_response,71080,72080,73080,0.16611111151838553,0.06503613118399111,1799,0.0,0.0,1.0,204.69999998534294,0.7316674897489667,23
0.2,360.0,81,response,71081,72081,73081,0.7083333339038124,0.12618121178432462,1799,0.0005558643690939411,0.349082823790995,1.0,47.49999998534292,0.32932345464265184,40
0.2,360.0,81,no_response,71081,72081,73081,0.0,0.07615341856586992,1799,0.0,0.0,0.0,360.0,1.001368681133753,40
0.2,360.0,82,response,71082,72082,73082,0.48972222250738334,0.11339633129516398,1799,0.0022234574763757642,0.41078376876042244,1.0,74.69999998534293,0.5713436482927257,35
0.2,360.0,82,no_response,71082,72082,73082,0.0,0.07559755419677598,1799,0.0,0.0,0.0,360.0,1.2282480097005388,33
0.2,360.0,83,response,71083,72083,73083,0.7719444448925581,0.12117843246247915,1799,0.0016675931072818232,0.39633129516397997,1.0,47.49999998534292,0.32086100833018455,28
0.2,360.0,83,no_response,71083,72083,73083,0.4069444448109437,0.08893829905503058,1799,0.0,0.0,1.0,129.49999998534292,0.6347125193520451,30
0.2,360.0,84,response,71084,72084,73084,0.7211111116001642,0.13007226236798222,1799,0.0,0.3318510283490828,1.0,47.49999998534292,0.3498596289942445,43
0.2,360.0,84,no_response,71084,72084,73084,0.018611111233252667,0.07059477487493052,1799,0.0,0.0,1.0,351.4999999853429,1.0812806974447793,44
0.2,360.0,85,response,71085,72085,73085,0.6466666673183405,0.1217342968315731,1799,0.0005558643690939411,0.38743746525847694,1.0,59.89999998534292,0.36232731672403606,37
0.2,360.0,85,no_response,71085,72085,73085,0.0,0.09949972206781545,1799,0.0,0.0,0.0,360.0,1.030582092260916,38
0.2,360.0,86,response,71086,72086,73086,0.7986111112332338,0.20733740967204004,1799,0.0,0.2723735408560311,1.0,65.49999998534292,0.4103402165683182,41
0.2,360.0,86,no_response,71086,72086,73086,0.0,0.10450250138966093,1799,0.0,0.0,0.0,360.0,1.2804979795202984,39
0.2,360.0,87,response,71087,72087,73087,0.685277777899882,0.12117843246247915,1799,0.0,0.37131739855475265,1.0,113.09999998534293,0.5985903737578442,45
0.2,360.0,87,no_response,71087,72087,73087,0.0,0.09394107837687604,1799,0.0,0.0,0.0,360.0,1.0022615582327348,40
0.2,360.0,88,response,71088,72088,73088,0.7819444447294198,0.13952195664257921,1799,0.0,0.36075597554196775,1.0,49.89999998534292,0.32864137833747903,46
0.2,360.0,88,no_response,71088,72088,73088,0.03555555571841055,0.055030572540300166,1799,0.0,0.0,1.0,337.89999998534296,1.053476133780185,36
0.2,360.0,89,response,71089,72089,73089,0.5508333336184911,0.12117843246247915,1799,0.0,0.3746525847693163,1.0,127.49999998534292,0.5944112156860204,43
0.2,360.0,89,no_response,71089,72089,73089,0.0,0.0906058921623124,1799,0.0,0.0,0.0,360.0,1.2257261176770107,34
0.2,360.0,90,response,71090,72090,73090,0.7275000002851524,0.17398554752640355,1799,0.0005558643690939411,0.33351862145636463,1.0,47.49999998534292,0.3200636603344131,38
0.2,360.0,90,no_response,71090,72090,73090,0.48638888950014203,0.08782657031684268,1799,0.0,0.0,1.0,62.29999998534292,0.4489620820415653,25
0.2,360.0,91,response,71091,72091,73091,0.6480555560852765,0.1122846025569761,1799,0.0005558643690939411,0.38632573652028906,1.0,47.49999998534292,0.3432845013816966,35
0.2,360.0,91,no_response,71091,72091,73091,0.11277777802210413,0.07059477487493052,1799,0.0,0.0,1.0,62.69999998534292,0.6259521458457029,39
0.2,360.0,92,response,71092,72092,73092,0.8063888890111082,0.17398554752640355,1799,0.0,0.30127848804891605,1.0,66.29999998534292,0.4180395940843666,40
0.2,360.0,92,no_response,71092,72092,73092,0.023888889133172532,0.06837131739855476,1799,0.0,0.0,1.0,97.89999998534293,0.8051640992162185,40
0.2,360.0,93,response,71093,72093,73093,0.6391666670332475,0.11728738187882157,1799,0.0,0.3763201778765981,1.0,51.09999998534292,0.3617139201081397,41
0.2,360.0,93,no_response,71093,72093,73093,0.2052777778999092,0.08893829905503058,1799,0.0,0.0,1.0,269.89999998534296,0.8442926612127903,41
0.2,360.0,94,response,71094,72094,73094,0.699166666870293,0.11339633129516398,1799,0.0,0.3807670928293496,1.0,100.69999998534293,0.4776071840144589,41
0.2,360.0,94,no_response,71094,72094,73094,0.16694444481086262,0.07948860478043357,1799,0.0,0.0,1.0,205.49999998534292,0.780188102674963,34
0.2,360.0,95,response,71095,72095,73095,0.5630555560035689,0.09894385769872151,1799,0.0022234574763757642,0.4074485825458588,1.0,61.09999998534292,0.4575522508110098,37
0.2,360.0,95,no_response,71095,72095,73095,0.044444444607299086,0.08949416342412451,1799,0.0,0.0,1.0,339.89999998534296,1.140581559264103,27
0.2,360.0,96,response,71096,72096,73096,0.8269444448110476,0.11450806003335186,1799,0.0,0.35797665369649806,1.0,47.49999998534292,0.3076022251039279,32
0.2,360.0,96,no_response,71096,72096,73096,0.0,0.1000555864369094,1799,0.0,0.0,0.0,360.0,0.991476976815677,37
0.2,360.0,97,response,71097,72097,73097,0.5997222226704231,0.09116175653140633,1799,0.0,0.3968871595330739,1.0,68.29999998534292,0.4769418133623052,24
0.2,360.0,97,no_response,71097,72097,73097,0.02138888892960214,0.0528071150639244,1799,0.0,0.0,1.0,352.29999998534294,1.062773386527489,23
0.2,360.0,98,response,71098,72098,73098,0.7236111114775013,0.13674263479710952,1799,0.0,0.3674263479710951,1.0,85.89999998534293,0.4519731752118829,46
0.2,360.0,98,no_response,71098,72098,73098,0.10944444452591456,0.0811561978877154,1799,0.0,0.0,1.0,300.29999998534294,0.9692058513144766,36
0.2,360.0,99,response,71099,72099,73099,0.6863888891739441,0.10505836575875487,1799,0.0005558643690939411,0.40077821011673154,1.0,66.69999998534293,0.43862143637132583,41
0.2,360.0,99,no_response,71099,72099,73099,0.12555555571840557,0.08282379099499722,1799,0.0,0.0,1.0,240.69999998534294,0.9041031701206568,35
0.2,360.0,100,response,71100,72100,73100,0.8569444446481981,0.18065591995553085,1799,0.0,0.2934963868816009,1.0,47.49999998534292,0.30022983788349894,47
0.2,360.0,100,no_response,71100,72100,73100,0.0,0.11284046692607004,1799,0.0,0.0,0.0,360.0,1.1418197717289331,46
0.2,360.0,101,response,71101,72101,73101,0.5119444447296044,0.08560311284046693,1799,0.0,0.4002223457476376,1.0,165.89999998534293,0.6292092391777678,32
0.2,360.0,101,no_response,71101,72101,73101,0.1827777778591964,0.07337409672040023,1799,0.0,0.0,1.0,117.89999998534293,0.7821160357218935,29
0.2,360.0,102,response,71102,72102,73102,0.6830555560037517,0.1122846025569761,1799,0.0,0.38910505836575876,1.0,47.49999998534292,0.35272740497757116,36
0.2,360.0,102,no_response,71102,72102,73102,0.0,0.08171206225680934,1799,0.0,0.0,0.0,360.0,1.2257977792260655,34
0.2,360.0,103,response,71103,72103,73103,0.6152777783889288,0.07504168982768204,1799,0.0011117287381878821,0.43079488604780436,1.0,47.49999998534292,0.3582515813720197,37
0.2,360.0,103,no_response,71103,72103,73103,0.24166666707422108,0.07948860478043357,1799,0.0,0.0,1.0,58.29999998534292,0.528364301931456,29
0.2,360.0,104,response,71104,72104,73104,0.6519444448926422,0.08727070594774874,1799,0.0,0.39966648137854366,1.0,83.09999998534293,0.5088279866516766,39
0.2,360.0,104,no_response,71104,72104,73104,0.1758333335370841,0.08171206225680934,1799,0.0,0.0,1.0,173.49999998534292,0.8202287702559167,33
0.2,360.0,105,response,71105,72105,73105,0.8005555558000105,0.15008337965536409,1799,0.0,0.3196220122290161,1.0,60.29999998534292,0.38437028443358534,40
0.2,360.0,105,no_response,71105,72105,73105,0.10138888909245439,0.07003891050583658,1799,0.0,0.0,1.0,297.09999998534295,1.0685649026199175,33
0.2,360.0,106,response,71106,72106,73106,0.6275000002851534,0.11117287381878821,1799,0.0005558643690939411,0.4013340744858255,1.0,75.49999998534292,0.3714564248408604,36
0.2,360.0,106,no_response,71106,72106,73106,0.16861111123324463,0.08782657031684268,1799,0.0,0.0,1.0,172.29999998534294,0.861185023351221,34
0.2,360.0,107,response,71107,72107,73107,0.7863888891740547,0.1339633129516398,1799,0.0,0.3529738743746526,1.0,59.49999998534292,0.3810861203338583,44
0.2,360.0,107,no_response,71107,72107,73107,0.08722222230369363,0.07115063924402446,1799,0.0,0.0,1.0,175.09999998534295,0.9638509520552052,40
0.2,360.0,108,response,71108,72108,73108,0.8086111113961872,0.18343524180100054,1799,0.0,0.31183991106170095,1.0,54.69999998534292,0.3472579316748755,40
0.2,360.0,108,no_response,71108,72108,73108,0.0,0.07948860478043357,1799,0.0,0.0,0.0,360.0,1.159573676447988,41
0.2,360.0,109,response,71109,72109,73109,0.4527777780221796,0.08560311284046693,1799,0.0,0.4091161756531406,1.0,79.09999998534293,0.5537111160162638,42
0.2,360.0,109,no_response,71109,72109,73109,0.0,0.10339077265147303,1799,0.0,0.0,0.0,360.0,1.1296870835176744,43
0.2,360.0,110,response,71110,72110,73110,0.6375000002852474,0.11839911061700945,1799,0.0005558643690939411,0.3690939410783769,1.0,114.29999998534294,0.55434532358249,40
0.2,360.0,110,no_response,71110,72110,73110,0.3663888891738675,0.10339077265147303,1799,0.0,0.0,1.0,201.49999998534292,0.6954103888272687,45
0.2,360.0,111,response,71111,72111,73111,0.7519444448925535,0.15119510839355196,1799,0.0,0.35519733185102836,1.0,65.89999998534293,0.42182932830970993,39
0.2,360.0,111,no_response,71111,72111,73111,0.0,0.10172317954419122,1799,0.0,0.0,0.0,360.0,1.2653530521821446,33
0.2,360.0,112,response,71112,72112,73112,0.7225000002036284,0.1356309060589216,1799,0.0,0.3690939410783769,1.0,56.29999998534292,0.35438989200533244,41
0.2,360.0,112,no_response,71112,72112,73112,0.0,0.08504724847137299,1799,0.0,0.0,0.0,360.0,1.0243842855317749,39
0.2,360.0,113,response,71113,72113,73113,0.6661111115185467,0.14952751528627015,1799,0.0011117287381878821,0.3285158421345192,1.0,81.49999998534292,0.5195018810788262,44
0.2,360.0,113,no_response,71113,72113,73113,0.32027777814428204,0.08727070594774874,1799,0.0,0.0,1.0,163.49999998534292,0.7459148834373358,38
0.2,360.0,114,response,71114,72114,73114,0.4102777781441822,0.12284602556976097,1799,0.0,0.4013340744858255,1.0,173.09999998534295,0.5417578630921951,43
0.2,360.0,114,no_response,71114,72114,73114,0.3375000004483104,0.08504724847137299,1799,0.0,0.0,1.0,144.69999998534294,0.5896733408327628,41
0.2,360.0,115,response,71115,72115,73115,0.716388889173944,0.12562534741523068,1799,0.0,0.3818788215675375,1.0,57.89999998534292,0.38203720586700524,35
0.2,360.0,115,no_response,71115,72115,73115,0.06972222234436133,0.05614230127848805,1799,0.0,0.0,1.0,47.49999998534292,0.8641690266763007,29
0.2,360.0,116,response,71116,72116,73116,0.5233333334962083,0.10450250138966093,1799,0.0,0.3718732629238466,1.0,47.49999998534292,0.4260026499656702,29
0.2,360.0,116,no_response,71116,72116,73116,0.06944444452591686,0.05725403001667593,1799,0.0,0.0,1.0,292.29999998534294,0.8403349385149187,20
0.2,360.0,117,response,71117,72117,73117,0.6502777781444528,0.11561978877153975,1799,0.0016675931072818232,0.3818788215675375,1.0,47.49999998534292,0.3530077745445339,42
0.2,360.0,117,no_response,71117,72117,73117,0.0,0.10061145080600334,1799,0.0,0.0,0.0,360.0,1.165631914456701,37
0.2,360.0,118,response,71118,72118,73118,0.4075000004482118,0.0811561978877154,1799,0.0005558643690939411,0.42412451361867703,1.0,79.09999998534293,0.4731312996057808,45
0.2,360.0,118,no_response,71118,72118,73118,0.22944444485162055,0.11339633129516398,1799,0.0,0.0,1.0,157.49999998534292,0.7650252690089561,41
0.2,360.0,119,response,71119,72119,73119,0.7227777783482594,0.0933852140077821,1799,0.0011117287381878821,0.3924402445803224,1.0,48.29999998534292,0.3302684160900952,33
0.2,360.0,119,no_response,71119,72119,73119,0.0,0.08060033351862146,1799,0.0,0.0,0.0,360.0,1.1783038053820303,35
0.2,360.0,120,response,71120,72120,73120,0.499722222670334,0.09171762090050027,1799,0.0033351862145636463,0.4352418010005559,1.0,75.89999998534293,0.5084895104347843,42
0.2,360.0,120,no_response,71120,72120,73120,0.0,0.0689271817676487,1799,0.0,0.0,0.0,360.0,0.9587327654542488,39
0.2,360.0,121,response,71121,72121,73121,0.7655555558813834,0.12618121178432462,1799,0.0,0.367982212340189,1.0,78.29999998534294,0.4666629904617102,35
0.2,360.0,121,no_response,71121,72121,73121,0.2738888892960151,0.07782101167315175,1799,0.0,0.0,1.0,155.49999998534292,0.6337978086284486,38
0.2,360.0,122,response,71122,72122,73122,0.7541666671147763,0.09282934963868816,1799,0.0,0.37409672040022235,1.0,49.09999998534292,0.32944632339729857,41
0.2,360.0,122,no_response,71122,72122,73122,0.011666666748094396,0.0744858254585881,1799,0.0,0.0,1.0,336.69999998534297,1.183675788944479,28
0.2,360.0,123,response,71123,72123,73123,0.659722222507279,0.10617009449694274,1799,0.0,0.37854363535297386,1.0,119.89999998534293,0.565112189451499,33
0.2,360.0,123,no_response,71123,72123,73123,0.0,0.07059477487493052,1799,0.0,0.0,0.0,360.0,1.0848299651711946,34
0.2,360.0,124,response,71124,72124,73124,0.6791666671960069,0.11395219566425792,1799,0.0,0.39577543079488603,1.0,47.49999998534292,0.33343467792724457,35
0.2,360.0,124,no_response,71124,72124,73124,0.09333333365904159,0.09171762090050027,1799,0.0,0.0,1.0,107.49999998534292,0.6317212324716933,35
0.2,360.0,125,response,71125,72125,73125,0.5802777781442673,0.09560867148415786,1799,0.0,0.4180100055586437,1.0,117.49999998534292,0.6621145520225346,41
0.2,360.0,125,no_response,71125,72125,73125,0.0,0.07337409672040023,1799,0.0,0.0,0.0,360.0,1.056937016939882,32
0.2,360.0,126,response,71126,72126,73126,0.6058333336999161,0.1028349082823791,1799,0.0,0.3952195664257921,1.0,117.89999998534293,0.5394463169666541,29
0.2,360.0,126,no_response,71126,72126,73126,0.2916666669109355,0.11172873818788216,1799,0.0,0.0,1.0,192.69999998534294,0.8827950561206774,32
0.2,360.0,127,response,71127,72127,73127,0.780277778307511,0.11284046692607004,1799,0.0,0.3841022790439133,1.0,51.09999998534292,0.3378333580003248,35
0.2,360.0,127,no_response,71127,72127,73127,0.10833333357784942,0.0689271817676487,1799,0.0,0.0,1.0,299.89999998534296,0.9819230836589087,32
0.2,90.0,0,response,71000,72000,73000,0.0,0.060133630289532294,449,0.0022271714922048997,0.5033407572383074,0.0,90.0,0.7603754861908675,13
0.2,90.0,0,no_response,71000,72000,73000,0.0,0.05790645879732739,449,0.0,0.0,0.0,90.0,1.1842992714869187,11
0.2,90.0,1,response,71001,72001,73001,0.11222222238507418,0.028953229398663696,449,0.0,0.7238307349665924,1.0,79.89999998534293,0.9839659976058353,7
0.2,90.0,1,no_response,71001,72001,73001,0.0,0.1091314031180401,449,0.0,0.0,0.0,90.0,1.3733696564775761,7
0.2,90.0,2,response,71002,72002,73002,0.4144444446072805,0.07126948775055679,449,0.0,0.7171492204899778,1.0,52.69999998534292,0.6398668194762621,2
0.2,90.0,2,no_response,71002,72002,73002,0.0,0.13140311804008908,449,0.0,0.0,0.0,90.0,1.370209651436192,5
0.2,90.0,3,response,71003,72003,73003,0.3077777779406199,0.07126948775055679,449,0.0,0.7171492204899778,1.0,62.29999998534292,0.698917563093102,5
0.2,90.0,3,no_response,71003,72003,73003,0.0,0.09131403118040089,449,0.0,0.0,0.0,90.0,1.0310441051025256,8
0.2,90.0,4,response,71004,72004,73004,0.27777777810366744,0.0378619153674833,449,0.0,0.6792873051224945,1.0,55.89999998534292,0.6886035595480318,3
0.2,90.0,4,no_response,71004,72004,73004,0.0,0.09799554565701558,449,0.0,0.0,0.0,90.0,1.2797271097994125,6
0.2,90.0,5,response,71005,72005,73005,0.027777777940633044,0.08685968819599109,449,0.0,0.6414253897550112,1.0,87.49999998534292,0.8717319873549316,8
0.2,90.0,5,no_response,71005,72005,73005,0.0,0.11804008908685969,449,0.0,0.0,0.0,90.0,1.2918483846368707,8
0.2,90.0,6,response,71006,72006,73006,0.472222222385055,0.10022271714922049,449,0.0,0.6837416481069042,1.0,47.49999998534292,0.5698739041811505,5
0.2,90.0,6,no_response,71006,72006,73006,0.0,0.05790645879732739,449,0.0,0.0,0.0,90.0,1.2842339419972442,6
0.2,90.0,7,response,71007,72007,73007,0.35666666682950604,0.062360801781737196,449,0.0,0.7193763919821826,1.0,57.89999998534292,0.6943263145748627,3
0.2,90.0,7,no_response,71007,72007,73007,0.0,0.10244988864142539,449,0.0,0.0,0.0,90.0,1.1624261830805063,11
0.2,90.0,8,response,71008,72008,73008,0.3855555560441061,0.06904231625835189,449,0.0,0.6859688195991092,1.0,47.49999998534292,0.577362216367584,5
0.2,90.0,8,no_response,71008,72008,73008,0.0,0.0957683741648107,449,0.0,0.0,0.0,90.0,1.3389201088107452,11
0.2,90.0,9,response,71009,72009,73009,0.37888888905172696,0.10022271714922049,449,0.0,0.7060133630289532,1.0,55.89999998534292,0.6816400092587173,4
0.2,90.0,9,no_response,71009,72009,73009,0.0,0.133630289532294,449,0.0,0.0,0.0,90.0,0.8937166938627055,10
0.2,90.0,10,response,71010,72010,73010,0.36111111127395024,0.0400890868596882,449,0.0,0.732739420935412,1.0,57.49999998534292,0.7039235817110331,2
0.2,90.0,10,no_response,71010,72010,73010,0.0,0.051224944320712694,449,0.0,0.0,0.0,90.0,1.0987009379768047,4
0.2,90.0,11,response,71011,72011,73011,0.45000000016283404,0.08685968819599109,449,0.0,0.7015590200445434,1.0,49.49999998534292,0.5957108918482743,3
0.2,90.0,11,no_response,71011,72011,73011,0.0,0.12026726057906459,449,0.0,0.0,0.0,90.0,1.1912938698929199,10
0.2,90.0,12,response,71012,72012,73012,0.38333333349617116,0.08463251670378619,449,0.0,0.6659242761692651,1.0,55.49999998534292,0.6376380303728589,3
0.2,90.0,12,no_response,71012,72012,73012,0.0,0.13140311804008908,449,0.0,0.0,0.0,90.0,1.200060679947293,6
0.2,90.0,13,response,71013,72013,73013,0.36777777826670827,0.08463251670378619,449,0.0,0.6971046770601337,1.0,54.29999998534292,0.6593057088921469,3
0.2,90.0,13,no_response,71013,72013,73013,0.0,0.0801781737193764,449,0.0,0.0,0.0,90.0,1.1547484497596108,6
0.2,90.0,14,response,71014,72014,73014,0.37444444460728277,0.060133630289532294,449,0.0,0.6926503340757239,1.0,56.29999998534292,0.6875872146700943,3
0.2,90.0,14,no_response,71014,72014,73014,0.0,0.0779510022271715,449,0.0,0.0,0.0,90.0,1.217090271462594,6
0.2,90.0,15,response,71015,72015,73015,0.430000000488548,0.05790645879732739,449,0.0,0.6837416481069042,1.0,47.49999998534292,0.5712420152614824,6
0.2,90.0,15,no_response,71015,72015,73015,0.0,0.066815144766147,449,0.0,0.0,0.0,90.0,0.8570811863528424,10
0.2,90.0,16,response,71016,72016,73016,0.3455555560441082,0.0400890868596882,449,0.0,0.7527839643652561,1.0,52.69999998534292,0.646281287228886,5
0.2,90.0,16,no_response,71016,72016,73016,0.0,0.08240534521158129,449,0.0,0.0,0.0,90.0,1.168574075054248,7
0.2,90.0,17,response,71017,72017,73017,0.0,0.08240534521158129,449,0.0,0.579064587973274,0.0,90.0,1.16929483783081,7
0.2,90.0,17,no_response,71017,72017,73017,0.0,0.09131403118040089,449,0.0,0.0,0.0,90.0,1.331895277831975,6
0.2,90.0,18,response,71018,72018,73018,0.28222222254811163,0.06904231625835189,449,0.0,0.6993318485523385,1.0,57.09999998534292,0.7050326265106053,6
0.2,90.0,18,no_response,71018,72018,73018,0.0,0.09131403118040089,449,0.0,0.0,0.0,90.0,0.955730543150688,8
0.2,90.0,19,response,71019,72019,73019,0.472222222385055,0.066815144766147,449,0.0,0.7305122494432071,1.0,47.49999998534292,0.5686550838992318,2
0.2,90.0,19,no_response,71019,72019,73019,0.0,0.031180400890868598,449,0.0,0.0,0.0,90.0,0.9142559622143255,4
0.2,90.0,20,response,71020,72020,73020,0.2811111112739547,0.0556792873051225,449,0.0,0.7015590200445434,1.0,64.69999998534293,0.7953732876245383,4
0.2,90.0,20,no_response,71020,72020,73020,0.0,0.031180400890868598,449,0.0,0.0,0.0,90.0,1.0852822920021008,5
0.2,90.0,21,response,71021,72021,73021,0.472222222385055,0.035634743875278395,449,0.0,0.7238307349665924,1.0,47.49999998534292,0.5708776557002191,6
0.2,90.0,21,no_response,71021,72021,73021,0.0,0.031180400890868598,449,0.0,0.0,0.0,90.0,1.0881323122161624,5
0.2,90.0,22,response,71022,72022,73022,0.13000000016285126,0.0467706013363029,449,0.0,0.7505567928730512,1.0,78.29999998534294,0.6171237657246913,5
0.2,90.0,22,no_response,71022,72022,73022,0.0,0.04899777282850779,449,0.0,0.0,0.0,90.0,1.1800365192089048,8
0.2,90.0,23,response,71023,72023,73023,0.3211111112739525,0.0801781737193764,449,0.0,0.7037861915367484,1.0,61.09999998534292,0.6753718054194718,5
0.2,90.0,23,no_response,71023,72023,73023,0.0,0.0757238307349666,449,0.0,0.0,0.0,90.0,1.3556906890749254,9
0.2,90.0,24,response,71024,72024,73024,0.21888888905173604,0.042316258351893093,449,0.0,0.7461024498886414,1.0,70.29999998534292,0.8691468511643419,5
0.2,90.0,24,no_response,71024,72024,73024,0.0,0.111358574610245,449,0.0,0.0,0.0,90.0,1.324776033062864,7
0.2,90.0,25,response,71025,72025,73025,0.472222222385055,0.024498886414253896,449,0.0,0.7260579064587973,1.0,47.49999998534292,0.569637202280733,1
0.2,90.0,25,no_response,71025,72025,73025,0.0,0.051224944320712694,449,0.0,0.0,0.0,90.0,1.1990563104189733,6
0.2,90.0,26,response,71026,72026,73026,0.1788888890517383,0.0334075723830735,449,0.0,0.7527839643652561,1.0,73.89999998534293,0.650028101956624,6
0.2,90.0,26,no_response,71026,72026,73026,0.0,0.11581291759465479,449,0.0,0.0,0.0,90.0,1.2892945323358487,14
0.2,90.0,27,response,71027,72027,73027,0.37666666715559666,0.06904231625835189,449,0.0,0.6525612472160356,1.0,47.49999998534292,0.5783866603656099,7
0.2,90.0,27,no_response,71027,72027,73027,0.0,0.10690423162583519,449,0.0,0.0,0.0,90.0,1.2330169251789616,6
0.2,90.0,28,response,71028,72028,73028,0.0,0.10244988864142539,449,0.0,0.5723830734966593,0.0,90.0,0.9370702333455173,8
0.2,90.0,28,no_response,71028,72028,73028,0.0,0.07349665924276169,449,0.0,0.0,0.0,90.0,1.213102600772087,7
0.2,90.0,29,response,71029,72029,73029,0.0,0.0378619153674833,449,0.0,0.6369710467706013,0.0,90.0,0.8294432081556603,7
0.2,90.0,29,no_response,71029,72029,73029,0.0,0.09131403118040089,449,0.0,0.0,0.0,90.0,1.2642270682120367,10
0.2,90.0,30,response,71030,72030,73030,0.21666666715522662,0.0334075723830735,449,0.0,0.7193763919821826,1.0,49.49999998534292,0.6196514575863532,7
0.2,90.0,30,no_response,71030,72030,73030,0.0,0.10022271714922049,449,0.0,0.0,0.0,90.0,1.3965225892273372,12
0.2,90.0,31,response,71031,72031,73031,0.13000000016285126,0.0200445434298441,449,0.0,0.7394209354120267,1.0,78.29999998534294,0.9644208947457662,7
0.2,90.0,31,no_response,71031,72031,73031,0.0,0.0556792873051225,449,0.0,0.0,0.0,90.0,1.1211590827750044,6
0.2,90.0,32,response,71032,72032,73032,0.30111111160004533,0.066815144766147,449,0.0,0.7126948775055679,1.0,58.29999998534292,0.6109787266709381,3
0.2,90.0,32,no_response,71032,72032,73032,0.21888888905173592,0.0645879732739421,449,0.0,0.0,1.0,70.29999998534292,0.7190560231612322,9
0.2,90.0,33,response,71033,72033,73033,0.3588888893778199,0.0334075723830735,449,0.0,0.7505567928730512,1.0,47.49999998534292,0.5796077140810124,1
0.2,90.0,33,no_response,71033,72033,73033,0.0,0.08463251670378619,449,0.0,0.0,0.0,90.0,0.8758990099067098,9
0.2,90.0,34,response,71034,72034,73034,0.3622222225479175,0.017817371937639197,449,0.0,0.6681514476614699,1.0,47.49999998534292,0.5785086727478216,9
0.2,90.0,34,no_response,71034,72034,73034,0.14000000032570725,0.0556792873051225,449,0.0,0.0,1.0,57.89999998534292,0.6985815724261097,8
0.2,90.0,35,response,71035,72035,73035,0.0,0.0556792873051225,449,0.0,0.6770601336302895,0.0,90.0,0.7050919813912374,6
0.2,90.0,35,no_response,71035,72035,73035,0.0,0.10690423162583519,449,0.0,0.0,0.0,90.0,1.2077411348831721,7
0.2,90.0,36,response,71036,72036,73036,0.26333333349617793,0.053452115812917596,449,0.0,0.7126948775055679,1.0,66.29999998534292,0.8027774009995278,5
0.2,90.0,36,no_response,71036,72036,73036,0.0,0.10690423162583519,449,0.0,0.0,0.0,90.0,1.2965171807577422,12
0.2,90.0,37,response,71037,72037,73037,0.4233333334961689,0.060133630289532294,449,0.0,0.7282850779510023,1.0,51.89999998534292,0.6297917539419958,4
0.2,90.0,37,no_response,71037,72037,73037,0.0,0.07349665924276169,449,0.0,0.0,0.0,90.0,1.3267088502506248,10
0.2,90.0,38,response,71038,72038,73038,0.1588888893774518,0.05790645879732739,449,0.0,0.7171492204899778,1.0,57.89999998534292,0.7257339089960382,5
0.2,90.0,38,no_response,71038,72038,73038,0.0,0.111358574610245,449,0.0,0.0,0.0,90.0,1.0618515317856618,8
0.2,90.0,39,response,71039,72039,73039,0.20555555571840348,0.09131403118040089,449,0.0,0.6904231625835189,1.0,71.49999998534292,0.8587406179335468,8
0.2,90.0,39,no_response,71039,72039,73039,0.0,0.11581291759465479,449,0.0,0.0,0.0,90.0,1.300346237652795,7
0.2,90.0,40,response,71040,72040,73040,0.0,0.044543429844097995,449,0.0,0.43429844097995546,0.0,90.0,1.1801937919963266,11
0.2,90.0,40,no_response,71040,72040,73040,0.0,0.07349665924276169,449,0.0,0.0,0.0,90.0,1.2514902476647598,10
0.2,90.0,41,response,71041,72041,73041,0.2544444446072896,0.0645879732739421,449,0.0,0.7216035634743875,1.0,67.09999998534293,0.8203379249499025,8
0.2,90.0,41,no_response,71041,72041,73041,0.07777777810348747,0.0645879732739421,449,0.0,0.0,1.0,70.69999998534293,0.8702063918660019,6
0.2,90.0,42,response,71042,72042,73042,0.472222222385055,0.0378619153674833,449,0.0,0.7505567928730512,1.0,47.49999998534292,0.5687459889968441,2
0.2,90.0,42,no_response,71042,72042,73042,0.0,0.0957683741648107,449,0.0,0.0,0.0,90.0,0.9903123996441165,10
0.2,90.0,43,response,71043,72043,73043,0.37444444460728277,0.07349665924276169,449,0.0,0.6792873051224945,1.0,56.29999998534292,0.6871755784044979,4
0.2,90.0,43,no_response,71043,72043,73043,0.0,0.13140311804008908,449,0.0,0.0,0.0,90.0,1.3295904264931455,11
0.2,90.0,44,response,71044,72044,73044,0.38333333349617116,0.0467706013363029,449,0.0,0.7483296213808464,1.0,55.49999998534292,0.6771109346169054,2
0.2,90.0,44,no_response,71044,72044,73044,0.0,0.08908685968819599,449,0.0,0.0,0.0,90.0,1.3576640592494817,11
0.2,90.0,45,response,71045,72045,73045,0.4233333334961689,0.0556792873051225,449,0.0,0.6770601336302895,1.0,51.89999998534292,0.6301805596634833,6
0.2,90.0,45,no_response,71045,72045,73045,0.0,0.0779510022271715,449,0.0,0.0,0.0,90.0,0.8128848599620673,7
0.2,90.0,46,response,71046,72046,73046,0.3344444452587105,0.026726057906458798,449,0.0,0.6926503340757239,1.0,47.49999998534292,0.5811848740097939,6
0.2,90.0,46,no_response,71046,72046,73046,0.0,0.111358574610245,449,0.0,0.0,0.0,90.0,0.8480857818247693,10
0.2,90.0,47,response,71047,72047,73047,0.0,0.066815144766147,449,0.0,0.5902004454342984,0.0,90.0,1.0032748864482643,7
0.2,90.0,47,no_response,71047,72047,73047,0.0,0.111358574610245,449,0.0,0.0,0.0,90.0,1.3048842537005179,8
0.2,90.0,48,response,71048,72048,73048,0.3700000001628386,0.08463251670378619,449,0.0,0.7104677060133631,1.0,56.69999998534292,0.6924308998817948,9
0.2,90.0,48,no_response,71048,72048,73048,0.0,0.08463251670378619,449,0.0,0.0,0.0,90.0,0.8507785088441712,11
0.2,90.0,49,response,71049,72049,73049,0.2988888890517315,0.09131403118040089,449,0.0,0.6792873051224945,1.0,63.09999998534292,0.7575537707354886,6
0.2,90.0,49,no_response,71049,72049,73049,0.0,0.07349665924276169,449,0.0,0.0,0.0,90.0,1.198014891393258,12
0.2,90.0,50,response,71050,72050,73050,0.0,0.031180400890868598,449,0.004454342984409799,0.6547884187082406,0.0,90.0,1.0594975748490942,7
0.2,90.0,50,no_response,71050,72050,73050,0.0,0.08685968819599109,449,0.0,0.0,0.0,90.0,0.7140385299283338,8
0.2,90.0,51,response,71051,72051,73051,0.0,0.042316258351893093,449,0.0,0.6013363028953229,0.0,90.0,0.9358638077555227,9
0.2,90.0,51,no_response,71051,72051,73051,0.0,0.062360801781737196,449,0.0,0.0,0.0,90.0,0.8754329976265065,8
0.2,90.0,52,response,71052,72052,73052,0.35666666682950604,0.07126948775055679,449,0.0,0.7238307349665924,1.0,57.89999998534292,0.6484751070353021,6
0.2,90.0,52,no_response,71052,72052,73052,0.0,0.0957683741648107,449,0.0,0.0,0.0,90.0,0.9934489060283327,10
0.2,90.0,53,response,71053,72053,73053,0.2900000001628431,0.04899777282850779,449,0.0,0.734966592427617,1.0,63.89999998534292,0.7887222409272691,3
0.2,90.0,53,no_response,71053,72053,73053,0.0,0.10690423162583519,449,0.0,0.0,0.0,90.0,1.1233292423268737,13
0.2,90.0,54,response,71054,72054,73054,0.472222222385055,0.05790645879732739,449,0.0,0.7015590200445434,1.0,47.49999998534292,0.5688907569413756,3
0.2,90.0,54,no_response,71054,72054,73054,0.0,0.09131403118040089,449,0.0,0.0,0.0,90.0,1.2362756974073388,7
0.2,90.0,55,response,71055,72055,73055,0.1522222223850726,0.066815144766147,449,0.0,0.7171492204899778,1.0,76.29999998534292,0.8047400905468394,5
0.2,90.0,55,no_response,71055,72055,73055,0.0,0.0556792873051225,449,0.0,0.0,0.0,90.0,1.2429063288205695,6
0.2,90.0,56,response,71056,72056,73056,0.0,0.10244988864142539,449,0.0,0.41870824053452116,0.0,90.0,1.052156878881557,19
0.2,90.0,56,no_response,71056,72056,73056,0.0,0.10244988864142539,449,0.0,0.0,0.0,90.0,1.1090103696539564,18
0.2,90.0,57,response,71057,72057,73057,0.472222222385055,0.066815144766147,449,0.0,0.7305122494432071,1.0,47.49999998534292,0.5668733740635743,9
0.2,90.0,57,no_response,71057,72057,73057,0.0,0.0779510022271715,449,0.0,0.0,0.0,90.0,0.9161136853275597,11
0.2,90.0,58,response,71058,72058,73058,0.39888888937743866,0.035634743875278395,449,0.0,0.7394209354120267,1.0,47.49999998534292,0.5763632188125826,2
0.2,90.0,58,no_response,71058,72058,73058,0.0,0.11581291759465479,449,0.0,0.0,0.0,90.0,1.2562088149136164,9
0.2,90.0,59,response,71059,72059,73059,0.054444444607298664,0.05790645879732739,449,0.0,0.7015590200445434,1.0,85.09999998534293,0.8065278558253396,5
0.2,90.0,59,no_response,71059,72059,73059,0.0,0.14253897550111358,449,0.0,0.0,0.0,90.0,1.376060489626496,11
0.2,90.0,60,response,71060,72060,73060,0.24555555571840118,0.05790645879732739,449,0.0,0.6993318485523385,1.0,67.89999998534293,0.7032692672243133,3
0.2,90.0,60,no_response,71060,72060,73060,0.0,0.09799554565701558,449,0.0,0.0,0.0,90.0,1.2498849013675888,8
0.2,90.0,61,response,71061,72061,73061,0.07222222238507575,0.044543429844097995,449,0.0,0.7060133630289532,1.0,83.49999998534292,1.029730148037718,7
0.2,90.0,61,no_response,71061,72061,73061,0.0,0.060133630289532294,449,0.0,0.0,0.0,90.0,1.296249523304317,6
0.2,90.0,62,response,71062,72062,73062,0.16111111127396116,0.0378619153674833,449,0.0,0.7082405345211581,1.0,75.49999998534292,0.6195742767775674,4
0.2,90.0,62,no_response,71062,72062,73062,0.21222222271078242,0.0645879732739421,449,0.0,0.0,1.0,69.49999998534292,0.7534139425899223,8
0.2,90.0,63,response,71063,72063,73063,0.38888888921477227,0.0556792873051225,449,0.0,0.6636971046770601,1.0,51.89999998534292,0.6319884105829071,5
0.2,90.0,63,no_response,71063,72063,73063,0.0,0.10022271714922049,449,0.0,0.0,0.0,90.0,1.1431179816624368,11
0.2,90.0,64,response,71064,72064,73064,0.28333333382188963,0.0645879732739421,449,0.0,0.7193763919821826,1.0,58.29999998534292,0.5872648465556233,4
0.2,90.0,64,no_response,71064,72064,73064,0.0,0.10690423162583519,449,0.0,0.0,0.0,90.0,0.9522963497660684,11
0.2,90.0,65,response,71065,72065,73065,0.472222222385055,0.04899777282850779,449,0.0,0.7037861915367484,1.0,47.49999998534292,0.5696066166906565,2
0.2,90.0,65,no_response,71065,72065,73065,0.0,0.060133630289532294,449,0.0,0.0,0.0,90.0,0.8990465665853402,7
0.2,90.0,66,response,71066,72066,73066,0.36555555571839443,0.06904231625835189,449,0.0,0.7282850779510023,1.0,57.09999998534292,0.6946738323366827,5
0.2,90.0,66,no_response,71066,72066,73066,0.06888888921459893,0.066815144766147,449,0.0,0.0,1.0,75.89999998534293,0.7175415806766902,7
0.2,90.0,67,response,71067,72067,73067,0.472222222385055,0.066815144766147,449,0.0,0.7149220489977728,1.0,47.49999998534292,0.5679809073473427,5
0.2,90.0,67,no_response,71067,72067,73067,0.0,0.08908685968819599,449,0.0,0.0,0.0,90.0,1.1295610632256927,10
0.2,90.0,68,response,71068,72068,73068,0.3944444449333734,0.053452115812917596,449,0.0,0.799554565701559,1.0,53.49999998534292,0.6538239790307132,4
0.2,90.0,68,no_response,71068,72068,73068,0.0,0.060133630289532294,449,0.0,0.0,0.0,90.0,0.9451769687324276,7
0.2,90.0,69,response,71069,72069,73069,0.44111111127394564,0.0779510022271715,449,0.0,0.6859688195991092,1.0,50.29999998534292,0.609366826212986,6
0.2,90.0,69,no_response,71069,72069,73069,0.0,0.066815144766147,449,0.0,0.0,0.0,90.0,0.7355071296580175,10
0.2,90.0,70,response,71070,72070,73070,0.0,0.0757238307349666,449,0.0,0.48775055679287305,0.0,90.0,1.0695331151696272,13
0.2,90.0,70,no_response,71070,72070,73070,0.0,0.11581291759465479,449,0.0,0.0,0.0,90.0,1.2870100543507819,8
0.2,90.0,71,response,71071,72071,73071,0.0,0.051224944320712694,449,0.0,0.4209354120267261,0.0,90.0,0.9517403193915631,9
0.2,90.0,71,no_response,71071,72071,73071,0.0,0.053452115812917596,449,0.0,0.0,0.0,90.0,1.2596823020993129,9
0.2,90.0,72,response,71072,72072,73072,0.472222222385055,0.08685968819599109,449,0.0,0.6414253897550112,1.0,47.49999998534292,0.5688213779386282,5
0.2,90.0,72,no_response,71072,72072,73072,0.0,0.051224944320712694,449,0.0,0.0,0.0,90.0,1.126660639037131,9
0.2,90.0,73,response,71073,72073,73073,0.24555555571840107,0.0200445434298441,449,0.0,0.7817371937639198,1.0,67.89999998534293,0.6415957328758061,6
0.2,90.0,73,no_response,71073,72073,73073,0.0,0.12472160356347439,449,0.0,0.0,0.0,90.0,1.2907152332460226,16
0.2,90.0,74,response,71074,72074,73074,0.27777777810366744,0.0467706013363029,449,0.0,0.7193763919821826,1.0,59.89999998534292,0.6018589868067081,5
0.2,90.0,74,no_response,71074,72074,73074,0.0,0.026726057906458798,449,0.0,0.0,0.0,90.0,0.7733801365147356,8
0.2,90.0,75,response,71075,72075,73075,0.2722222223850663,0.07126948775055679,449,0.0,0.7238307349665924,1.0,65.49999998534292,0.7948966557567935,3
0.2,90.0,75,no_response,71075,72075,73075,0.0,0.1358574610244989,449,0.0,0.0,0.0,90.0,1.2148588505117253,14
0.2,90.0,76,response,71076,72076,73076,0.47222222238505485,0.06904231625835189,449,0.0,0.7060133630289532,1.0,47.49999998534292,0.5703913977845982,4
0.2,90.0,76,no_response,71076,72076,73076,0.0,0.066815144766147,449,0.0,0.0,0.0,90.0,0.7545376568174402,13
0.2,90.0,77,response,71077,72077,73077,0.3322222227107757,0.060133630289532294,449,0.0,0.732739420935412,1.0,47.49999998534292,0.5825017615614759,2
0.2,90.0,77,no_response,71077,72077,73077,0.0,0.031180400890868598,449,0.0,0.0,0.0,90.0,1.0295863592293313,7
0.2,90.0,78,response,71078,72078,73078,0.35666666682950604,0.0334075723830735,449,0.0,0.7193763919821826,1.0,57.89999998534292,0.7088825133812928,2
0.2,90.0,78,no_response,71078,72078,73078,0.0,0.12249443207126949,449,0.0,0.0,0.0,90.0,1.3643762270315654,10
0.2,90.0,79,response,71079,72079,73079,0.472222222385055,0.05790645879732739,449,0.0,0.7260579064587973,1.0,47.49999998534292,0.5692017958900365,4
0.2,90.0,79,no_response,71079,72079,73079,0.0,0.08240534521158129,449,0.0,0.0,0.0,90.0,0.7670071359946139,10
0.2,90.0,80,response,71080,72080,73080,0.09888888905174135,0.024498886414253896,449,0.0,0.732739420935412,1.0,81.09999998534293,1.008725171248895,3
0.2,90.0,80,no_response,71080,72080,73080,0.0,0.044543429844097995,449,0.0,0.0,0.0,90.0,1.0588604020885426,3
0.2,90.0,81,response,71081,72081,73081,0.472222222385055,0.13808463251670378,449,0.0,0.6614699331848553,1.0,47.49999998534292,0.5667056300330104,7
0.2,90.0,81,no_response,71081,72081,73081,0.0,0.0935412026726058,449,0.0,0.0,0.0,90.0,1.1339671325826783,14
0.2,90.0,82,response,71082,72082,73082,0.1700000001628497,0.0801781737193764,449,0.0,0.7461024498886414,1.0,74.69999998534293,0.8923361997214583,6
0.2,90.0,82,no_response,71082,72082,73082,0.0,0.05790645879732739,449,0.0,0.0,0.0,90.0,1.1699290614771873,8
0.2,90.0,83,response,71083,72083,73083,0.472222222385055,0.0757238307349666,449,0.0,0.7282850779510023,1.0,47.49999998534292,0.5691179608247605,3
0.2,90.0,83,no_response,71083,72083,73083,0.0,0.15812917594654788,449,0.0,0.0,0.0,90.0,1.0513408665974031,12
0.2,90.0,84,response,71084,72084,73084,0.472222222385055,0.0757238307349666,449,0.0,0.7282850779510023,1.0,47.49999998534292,0.5704710568176655,8
0.2,90.0,84,no_response,71084,72084,73084,0.0,0.08240534521158129,449,0.0,0.0,0.0,90.0,1.1934365690913147,16
0.2,90.0,85,response,71085,72085,73085,0.313333333659221,0.07126948775055679,449,0.0,0.7015590200445434,1.0,59.89999998534292,0.6322055924389691,4
0.2,90.0,85,no_response,71085,72085,73085,0.0,0.1514476614699332,449,0.0,0.0,0.0,90.0,1.3322076581541062,11
0.2,90.0,86,response,71086,72086,73086,0.2722222223850663,0.07349665924276169,449,0.0,0.6993318485523385,1.0,65.49999998534292,0.7989797939316812,4
0.2,90.0,86,no_response,71086,72086,73086,0.0,0.12694877505567928,449,0.0,0.0,0.0,90.0,1.3817370838509373,8
0.2,90.0,87,response,71087,72087,73087,0.0,0.053452115812917596,449,0.0,0.532293986636971,0.0,90.0,1.1526020031987543,13
0.2,90.0,87,no_response,71087,72087,73087,0.0,0.10690423162583519,449,0.0,0.0,0.0,90.0,0.8867907281628254,12
0.2,90.0,88,response,71088,72088,73088,0.44555555571838984,0.0801781737193764,449,0.0,0.6458797327394209,1.0,49.89999998534292,0.5982422251897642,6
0.2,90.0,88,no_response,71088,72088,73088,0.0,0.05790645879732739,449,0.0,0.0,0.0,90.0,1.1011729019550027,6
0.2,90.0,89,response,71089,72089,73089,0.0,0.09131403118040089,449,0.0,0.44097995545657015,0.0,90.0,1.1132716629626205,9
0.2,90.0,89,no_response,71089,72089,73089,0.0,0.10244988864142539,449,0.0,0.0,0.0,90.0,1.2196658194403553,9
0.2,90.0,90,response,71090,72090,73090,0.3233333338222663,0.0334075723830735,449,0.0022271714922048997,0.688195991091314,1.0,47.49999998534292,0.5831753081192596,1
0.2,90.0,90,no_response,71090,72090,73090,0.27777777810366744,0.051224944320712694,449,0.0,0.0,1.0,62.29999998534292,0.6938163445754213,3
0.2,90.0,91,response,71091,72091,73091,0.472222222385055,0.10022271714922049,449,0.0,0.643652561247216,1.0,47.49999998534292,0.5667668617302486,9
0.2,90.0,91,no_response,71091,72091,73091,0.03333333365904478,0.10467706013363029,449,0.0,0.0,1.0,62.69999998534292,0.6936756078232023,13
0.2,90.0,92,response,71092,72092,73092,0.26333333349617793,0.066815144766147,449,0.0,0.7282850779510023,1.0,66.29999998534292,0.8168710818999806,4
0.2,90.0,92,no_response,71092,72092,73092,0.0,0.07126948775055679,449,0.0,0.0,0.0,90.0,1.03249524723146,10
0.2,90.0,93,response,71093,72093,73093,0.30666666731864645,0.0378619153674833,449,0.0,0.643652561247216,1.0,51.09999998534292,0.6232988083130279,8
0.2,90.0,93,no_response,71093,72093,73093,0.0,0.07349665924276169,449,0.0,0.0,0.0,90.0,0.8193075450240473,7
0.2,90.0,94,response,71094,72094,73094,0.0,0.0779510022271715,449,0.0,0.5634743875278396,0.0,90.0,0.9214457818498538,8
0.2,90.0,94,no_response,71094,72094,73094,0.0,0.066815144766147,449,0.0,0.0,0.0,90.0,1.171624513229389,8
0.2,90.0,95,response,71095,72095,73095,0.3000000003256988,0.0200445434298441,449,0.0,0.7527839643652561,1.0,61.09999998534292,0.7534053534895202,2
0.2,90.0,95,no_response,71095,72095,73095,0.0,0.08463251670378619,449,0.0,0.0,0.0,90.0,1.3299622718124176,5
0.2,90.0,96,response,71096,72096,73096,0.4255555560441036,0.051224944320712694,449,0.0,0.7505567928730512,1.0,47.49999998534292,0.5738122650794049,4
0.2,90.0,96,no_response,71096,72096,73096,0.0,0.12026726057906459,449,0.0,0.0,0.0,90.0,1.196034514552153,13
0.2,90.0,97,response,71097,72097,73097,0.24111111127395699,0.035634743875278395,449,0.0,0.7505567928730512,1.0,68.29999998534292,0.8455600957682171,1
0.2,90.0,97,no_response,71097,72097,73097,0.0,0.0556792873051225,449,0.0,0.0,0.0,90.0,1.2380412342800944,6
0.2,90.0,98,response,71098,72098,73098,0.04555555571841012,0.05790645879732739,449,0.0,0.6926503340757239,1.0,85.89999998534293,0.8736800940084806,5
0.2,90.0,98,no_response,71098,72098,73098,0.0,0.0556792873051225,449,0.0,0.0,0.0,90.0,1.1887719452349892,5
0.2,90.0,99,response,71099,72099,73099,0.25888888905173374,0.0334075723830735,449,0.0,0.7683741648106904,1.0,66.69999998534293,0.817932004780621,5
0.2,90.0,99,no_response,71099,72099,73099,0.0,0.08685968819599109,449,0.0,0.0,0.0,90.0,1.2005816368188655,10
0.2,90.0,100,response,71100,72100,73100,0.472222222385055,0.08240534521158129,449,0.0,0.6726057906458798,1.0,47.49999998534292,0.5678954520371194,6
0.2,90.0,100,no_response,71100,72100,73100,0.0,0.11581291759465479,449,0.0,0.0,0.0,90.0,1.0824457245823773,12
0.2,90.0,101,response,71101,72101,73101,0.0,0.06904231625835189,449,0.0,0.37639198218262804,0.0,90.0,0.8784122241610455,13
0.2,90.0,101,no_response,71101,72101,73101,0.0,0.07126948775055679,449,0.0,0.0,0.0,90.0,0.7840436269040681,9
0.2,90.0,102,response,71102,72102,73102,0.43888888937743636,0.06904231625835189,449,0.0,0.7527839643652561,1.0,47.49999998534292,0.5730081558465522,3
0.2,90.0,102,no_response,71102,72102,73102,0.0,0.10244988864142539,449,0.0,0.0,0.0,90.0,1.378989826729054,6
0.2,90.0,103,response,71103,72103,73103,0.42111111160003856,0.022271714922048998,449,0.0,0.7728285077951003,1.0,47.49999998534292,0.5744316921000134,3
0.2,90.0,103,no_response,71103,72103,73103,0.3522222223850618,0.07126948775055679,449,0.0,0.0,1.0,58.29999998534292,0.5924173903967075,6
0.2,90.0,104,response,71104,72104,73104,0.07666666682952002,0.024498886414253896,449,0.0,0.7416481069042317,1.0,83.09999998534293,0.9730323187506851,8
0.2,90.0,104,no_response,71104,72104,73104,0.0,0.12249443207126949,449,0.0,0.0,0.0,90.0,1.1917152232531627,11
0.2,90.0,105,response,71105,72105,73105,0.3300000001628408,0.0467706013363029,449,0.0,0.732739420935412,1.0,60.29999998534292,0.7402289135425908,4
0.2,90.0,105,no_response,71105,72105,73105,0.0,0.051224944320712694,449,0.0,0.0,0.0,90.0,1.338079153945021,5
0.2,90.0,106,response,71106,72106,73106,0.16111111127396116,0.06904231625835189,449,0.0,0.7171492204899778,1.0,75.49999998534292,0.6375537694099912,6
0.2,90.0,106,no_response,71106,72106,73106,0.0,0.133630289532294,449,0.0,0.0,0.0,90.0,1.309850352775717,14
0.2,90.0,107,response,71107,72107,73107,0.3388888890517292,0.042316258351893093,449,0.0,0.732739420935412,1.0,59.49999998534292,0.7249809438108626,6
0.2,90.0,107,no_response,71107,72107,73107,0.0,0.0935412026726058,449,0.0,0.0,0.0,90.0,1.296862895177779,9
0.2,90.0,108,response,71108,72108,73108,0.39222222238505955,0.12472160356347439,449,0.0,0.6614699331848553,1.0,54.69999998534292,0.6573563755258227,5
0.2,90.0,108,no_response,71108,72108,73108,0.0,0.10467706013363029,449,0.0,0.0,0.0,90.0,0.9326138941467449,11
0.2,90.0,109,response,71109,72109,73109,0.12111111127396271,0.044543429844097995,449,0.0,0.7461024498886414,1.0,79.09999998534293,0.8383785832718356,4
0.2,90.0,109,no_response,71109,72109,73109,0.0,0.1403118040089087,449,0.0,0.0,0.0,90.0,1.3553596914964432,14
0.2,90.0,110,response,71110,72110,73110,0.0,0.07349665924276169,449,0.0,0.5144766146993318,0.0,90.0,1.0517401960560415,9
0.2,90.0,110,no_response,71110,72110,73110,0.0,0.066815144766147,449,0.0,0.0,0.0,90.0,1.11188056912602,10
0.2,90.0,111,response,71111,72111,73111,0.26777777794062213,0.053452115812917596,449,0.0,0.7149220489977728,1.0,65.89999998534293,0.8089782417071273,3
0.2,90.0,111,no_response,71111,72111,73111,0.0,0.1870824053452116,449,0.0,0.0,0.0,90.0,1.3998192391241897,8
0.2,90.0,112,response,71112,72112,73112,0.37444444460728277,0.0467706013363029,449,0.0,0.7282850779510023,1.0,56.29999998534292,0.625585109228865,4
0.2,90.0,112,no_response,71112,72112,73112,0.0,0.0957683741648107,449,0.0,0.0,0.0,90.0,1.047538761945247,10
0.2,90.0,113,response,71113,72113,73113,0.09444444460729709,0.0400890868596882,449,0.0,0.7037861915367484,1.0,81.49999998534292,0.9768912142323963,3
0.2,90.0,113,no_response,71113,72113,73113,0.0,0.07126948775055679,449,0.0,0.0,0.0,90.0,1.2546678002120286,9
0.2,90.0,114,response,71114,72114,73114,0.0,0.09131403118040089,449,0.0,0.5991091314031181,0.0,90.0,0.798003330541641,9
0.2,90.0,114,no_response,71114,72114,73114,0.0,0.08908685968819599,449,0.0,0.0,0.0,90.0,0.9388987591854614,16
0.2,90.0,115,response,71115,72115,73115,0.35666666682950604,0.0400890868596882,449,0.0,0.734966592427617,1.0,57.89999998534292,0.7021197112237266,5
0.2,90.0,115,no_response,71115,72115,73115,0.2600000003257011,0.042316258351893093,449,0.0,0.0,1.0,47.49999998534292,0.6088109212044237,3
0.2,90.0,116,response,71116,72116,73116,0.472222222385055,0.0467706013363029,449,0.0,0.7416481069042317,1.0,47.49999998534292,0.5700443335585574,3
0.2,90.0,116,no_response,71116,72116,73116,0.0,0.062360801781737196,449,0.0,0.0,0.0,90.0,1.2648654421189114,6
0.2,90.0,117,response,71117,72117,73117,0.22888888921459175,0.015590200445434299,449,0.0066815144766146995,0.6369710467706013,1.0,47.49999998534292,0.6108857249018752,4
0.2,90.0,117,no_response,71117,72117,73117,0.0,0.10467706013363029,449,0.0,0.0,0.0,90.0,1.136775353552516,7
0.2,90.0,118,response,71118,72118,73118,0.12111111127396271,0.05790645879732739,449,0.0,0.7416481069042317,1.0,79.09999998534293,0.816327995082586,7
0.2,90.0,118,no_response,71118,72118,73118,0.0,0.08908685968819599,449,0.0,0.0,0.0,90.0,1.2663512028220656,12
0.2,90.0,119,response,71119,72119,73119,0.43444444493299217,0.08240534521158129,449,0.0,0.6525612472160356,1.0,48.29999998534292,0.5832049382506984,5
0.2,90.0,119,no_response,71119,72119,73119,0.0,0.07349665924276169,449,0.0,0.0,0.0,90.0,1.2575718119543813,8
0.2,90.0,120,response,71120,72120,73120,0.15666666682951688,0.0400890868596882,449,0.0,0.7928730512249443,1.0,75.89999998534293,0.8389280355840373,5
0.2,90.0,120,no_response,71120,72120,73120,0.0,0.09799554565701558,449,0.0,0.0,0.0,90.0,0.9984457610595463,10
0.2,90.0,121,response,71121,72121,73121,0.08777777826634349,0.0467706013363029,449,0.0,0.734966592427617,1.0,78.29999998534294,0.9100182366915023,7
0.2,90.0,121,no_response,71121,72121,73121,0.0,0.08685968819599109,449,0.0,0.0,0.0,90.0,1.0269106896144604,11
0.2,90.0,122,response,71122,72122,73122,0.27777777810366744,0.017817371937639197,449,0.0,0.6547884187082406,1.0,49.09999998534292,0.6068847080697304,9
0.2,90.0,122,no_response,71122,72122,73122,0.0,0.111358574610245,449,0.0,0.0,0.0,90.0,1.2019582244543006,7
0.2,90.0,123,response,71123,72123,73123,0.0,0.11358574610244988,449,0.0,0.3986636971046771,0.0,90.0,1.060712146521279,11
0.2,90.0,123,no_response,71123,72123,73123,0.0,0.066815144766147,449,0.0,0.0,0.0,90.0,1.2957752068420922,11
0.2,90.0,124,response,71124,72124,73124,0.472222222385055,0.0645879732739421,449,0.0,0.7305122494432071,1.0,47.49999998534292,0.5696828279353722,1
0.2,90.0,124,no_response,71124,72124,73124,0.0,0.0467706013363029,449,0.0,0.0,0.0,90.0,0.992363159332309,4
0.2,90.0,125,response,71125,72125,73125,0.0,0.060133630289532294,449,0.0,0.44543429844098,0.0,90.0,1.2570623391242166,18
0.2,90.0,125,no_response,71125,72125,73125,0.0,0.1403118040089087,449,0.0,0.0,0.0,90.0,1.386417849471557,12
0.2,90.0,126,response,71126,72126,73126,0.0,0.0645879732739421,449,0.0,0.6124721603563474,0.0,90.0,1.015785629177951,6
0.2,90.0,126,no_response,71126,72126,73126,0.0,0.0957683741648107,449,0.0,0.0,0.0,90.0,1.3188028241131768,6
0.2,90.0,127,response,71127,72127,73127,0.3988888893778176,0.05790645879732739,449,0.0,0.6948775055679287,1.0,51.09999998534292,0.6225477688052884,4
0.2,90.0,127,no_response,71127,72127,73127,0.0,0.07349665924276169,449,0.0,0.0,0.0,90.0,1.3127276572930977,10
0.5,180.0,0,response,71000,72000,73000,0.7305555557998002,0.1309192200557103,359,0.0,0.45125348189415043,1.0,47.49999998534292,0.40782553459373616,14
0.5,180.0,0,no_response,71000,72000,73000,0.0,0.08635097493036212,359,0.0,0.0,0.0,180.0,1.1393677584032678,14
0.5,180.0,1,response,71001,72001,73001,0.6361111113553612,0.08913649025069638,359,0.0,0.48746518105849584,1.0,62.49999998534292,0.551718023792752,13
0.5,180.0,1,no_response,71001,72001,73001,0.0,0.036211699164345405,359,0.0,0.0,0.0,180.0,0.9597163932931193,17
0.5,180.0,2,response,71002,72002,73002,0.6694444446886927,0.11142061281337047,359,0.0,0.49025069637883006,1.0,51.49999998534292,0.45256000216055103,17
0.5,180.0,2,no_response,71002,72002,73002,0.0,0.07799442896935933,359,0.0,0.0,0.0,180.0,1.1468447051705728,16
0.5,180.0,3,response,71003,72003,73003,0.5861111111925077,0.116991643454039,359,0.0,0.44846796657381616,1.0,74.49999998534292,0.4814197752481695,11
0.5,180.0,3,no_response,71003,72003,73003,0.0,0.10306406685236769,359,0.0,0.0,0.0,180.0,1.1750302596576434,17
0.5,180.0,4,response,71004,72004,73004,0.33055555596286884,0.06963788300835655,359,0.0,0.49025069637883006,1.0,78.49999998534292,0.689498610102538,14
0.5,180.0,4,no_response,71004,72004,73004,0.0,0.10863509749303621,359,0.0,0.0,0.0,180.0,1.299713643675234,16
0.5,180.0,5,response,71005,72005,73005,0.4194444446887068,0.1309192200557103,359,0.0,0.4428969359331476,1.0,67.49999998534292,0.5889925485286088,14
0.5,180.0,5,no_response,71005,72005,73005,0.13055555563697788,0.06963788300835655,359,0.0,0.0,1.0,156.49999998534292,0.6953819893490972,13
0.5,180.0,6,response,71006,72006,73006,0.6472222224664717,0.181058495821727,359,0.0,0.39275766016713093,1.0,56.49999998534292,0.46694337034710404,18
0.5,180.0,6,no_response,71006,72006,73006,0.5250000004071128,0.16434540389972144,359,0.0,0.0,1.0,77.49999998534292,0.5288551576545147,17
0.5,180.0,7,response,71007,72007,73007,0.4777777784297463,0.10027855153203342,359,0.0,0.49025069637883006,1.0,53.49999998534292,0.47252983444904206,18
0.5,180.0,7,no_response,71007,72007,73007,0.0,0.11142061281337047,359,0.0,0.0,0.0,180.0,1.21340384410504,22
0.5,180.0,8,response,71008,72008,73008,0.372222222548105,0.055710306406685235,359,0.0,0.3983286908077994,1.0,48.49999998534292,0.5373349875905037,20
0.5,180.0,8,no_response,71008,72008,73008,0.0,0.07242339832869081,359,0.0,0.0,0.0,180.0,1.006298497796089,19
0.5,180.0,9,response,71009,72009,73009,0.3138888891333467,0.06685236768802229,359,0.0,0.5376044568245125,1.0,101.49999998534292,0.7357377250080332,17
0.5,180.0,9,no_response,71009,72009,73009,0.23611111168147564,0.09192200557103064,359,0.0,0.0,1.0,78.49999998534292,0.6375600189611723,15
0.5,180.0,10,response,71010,72010,73010,0.6694444445258363,0.09749303621169916,359,0.0,0.4986072423398329,1.0,59.49999998534292,0.5166634408501458,13
0.5,180.0,10,no_response,71010,72010,73010,0.0,0.06963788300835655,359,0.0,0.0,0.0,180.0,1.2190524553475492,13
0.5,180.0,11,response,71011,72011,73011,0.4416666670741632,0.07520891364902507,359,0.0,0.5125348189415042,1.0,89.49999998534292,0.608311415130256,16
0.5,180.0,11,no_response,71011,72011,73011,0.0,0.09749303621169916,359,0.0,0.0,0.0,180.0,1.3130985407720843,23
0.5,180.0,12,response,71012,72012,73012,0.45277777785918183,0.08913649025069638,359,0.0,0.4763231197771588,1.0,98.49999998534292,0.5698693807453686,13
0.5,180.0,12,no_response,71012,72012,73012,0.0,0.07520891364902507,359,0.0,0.0,0.0,180.0,0.7731476070080143,11
0.5,180.0,13,response,71013,72013,73013,0.38888888905181956,0.07242339832869081,359,0.0,0.467966573816156,1.0,106.49999998534292,0.829174958082497,16
0.5,180.0,13,no_response,71013,72013,73013,0.0,0.11977715877437325,359,0.0,0.0,0.0,180.0,1.2040798699975568,18
0.5,180.0,14,response,71014,72014,73014,0.6527777781850728,0.09192200557103064,359,0.0,0.49025069637883006,1.0,55.49999998534292,0.49043744645865844,15
0.5,180.0,14,no_response,71014,72014,73014,0.0,0.07799442896935933,359,0.0,0.0,0.0,180.0,1.0962111515984898,15
0.5,180.0,15,response,71015,72015,73015,0.7361111111924992,0.2785515320334262,359,0.0,0.33147632311977715,1.0,47.49999998534292,0.4029536780656869,18
0.5,180.0,15,no_response,71015,72015,73015,0.36666666731807307,0.10863509749303621,359,0.0,0.0,1.0,59.49999998534292,0.5045625167740247,17
0.5,180.0,16,response,71016,72016,73016,0.6750000002444374,0.0947075208913649,359,0.0,0.5013927576601671,1.0,49.49999998534292,0.4344210706983078,11
0.5,180.0,16,no_response,71016,72016,73016,0.0,0.09749303621169916,359,0.0,0.0,0.0,180.0,1.1352571906351834,18
0.5,180.0,17,response,71017,72017,73017,0.5361111111925105,0.13370473537604458,359,0.0,0.4623955431754875,1.0,83.49999998534292,0.6297137797797081,13
0.5,180.0,17,no_response,71017,72017,73017,0.0,0.10863509749303621,359,0.0,0.0,0.0,180.0,1.2903655812727381,14
0.5,180.0,18,response,71018,72018,73018,0.6472222224666612,0.11420612813370473,359,0.0,0.467966573816156,1.0,57.49999998534292,0.5067176509435776,10
0.5,180.0,18,no_response,71018,72018,73018,0.0,0.06685236768802229,359,0.0,0.0,0.0,180.0,1.0379159139566383,13
0.5,180.0,19,response,71019,72019,73019,0.5361111115184127,0.0807799442896936,359,0.002785515320334262,0.4986072423398329,1.0,47.49999998534292,0.4486646854834809,16
0.5,180.0,19,no_response,71019,72019,73019,0.4333333339849254,0.09192200557103064,359,0.0,0.0,1.0,55.49999998534292,0.45091265475945846,12
0.5,180.0,20,response,71020,72020,73020,0.6250000002444402,0.10863509749303621,359,0.0,0.4401114206128134,1.0,52.49999998534292,0.46339507981850286,15
0.5,180.0,20,no_response,71020,72020,73020,0.0,0.07520891364902507,359,0.0,0.0,0.0,180.0,1.193832530596779,18
0.5,180.0,21,response,71021,72021,73021,0.7361111111924992,0.1671309192200557,359,0.0,0.44846796657381616,1.0,47.49999998534292,0.405709255502014,11
0.5,180.0,21,no_response,71021,72021,73021,0.0,0.052924791086350974,359,0.0,0.0,0.0,180.0,0.7613989317915612,12
0.5,180.0,22,response,71022,72022,73022,0.7361111111924992,0.1309192200557103,359,0.0,0.5069637883008357,1.0,47.49999998534292,0.4117840588355865,16
0.5,180.0,22,no_response,71022,72022,73022,0.10277777818491446,0.10863509749303621,359,0.0,0.0,1.0,153.49999998534292,0.842841424389348,24
0.5,180.0,23,response,71023,72023,73023,0.6805555556369467,0.0947075208913649,359,0.0,0.4763231197771588,1.0,57.49999998534292,0.5063035979857675,14
0.5,180.0,23,no_response,71023,72023,73023,0.0,0.10863509749303621,359,0.0,0.0,0.0,180.0,1.095788148624846,19
0.5,180.0,24,response,71024,72024,73024,0.37777777794061435,0.08356545961002786,359,0.005571030640668524,0.4373259052924791,1.0,85.49999998534292,0.768998627364764,20
0.5,180.0,24,no_response,71024,72024,73024,0.0,0.10863509749303621,359,0.0,0.0,0.0,180.0,1.094804903979597,18
0.5,180.0,25,response,71025,72025,73025,0.5611111114369831,0.08356545961002786,359,0.0,0.45403899721448465,1.0,58.49999998534292,0.5220733239263955,12
0.5,180.0,25,no_response,71025,72025,73025,0.0,0.0584958217270195,359,0.0,0.0,0.0,180.0,1.1834016412209523,13
0.5,180.0,26,response,71026,72026,73026,0.6250000004072966,0.12256267409470752,359,0.0,0.4623955431754875,1.0,62.49999998534292,0.5459319249381424,17
0.5,180.0,26,no_response,71026,72026,73026,0.0,0.08356545961002786,359,0.0,0.0,0.0,180.0,1.2618031630259219,25
0.5,180.0,27,response,71027,72027,73027,0.7083333335775793,0.11142061281337047,359,0.0,0.4763231197771588,1.0,47.49999998534292,0.41518804307338986,10
0.5,180.0,27,no_response,71027,72027,73027,0.1055555557184075,0.04456824512534819,359,0.0,0.0,1.0,158.49999998534292,0.9762985654444493,10
0.5,180.0,28,response,71028,72028,73028,0.5194444445258448,0.10306406685236769,359,0.0,0.4623955431754875,1.0,86.49999998534292,0.6765492508967021,15
0.5,180.0,28,no_response,71028,72028,73028,0.0,0.1532033426183844,359,0.0,0.0,0.0,180.0,1.3650160764214057,21
0.5,180.0,29,response,71029,72029,73029,0.480555555800004,0.07242339832869081,359,0.002785515320334262,0.5292479108635098,1.0,78.49999998534292,0.5872402499072336,12
0.5,180.0,29,no_response,71029,72029,73029,0.0,0.0584958217270195,359,0.0,0.0,0.0,180.0,1.0392026858232326,14
0.5,180.0,30,response,71030,72030,73030,0.23333333349627275,0.05013927576601671,359,0.0,0.49303621169916434,1.0,122.49999998534292,0.7673373877680286,18
0.5,180.0,30,no_response,71030,72030,73030,0.0,0.06406685236768803,359,0.0,0.0,0.0,180.0,1.0633960274098766,19
0.5,180.0,31,response,71031,72031,73031,0.6083333337404414,0.07799442896935933,359,0.0,0.5264623955431755,1.0,62.49999998534292,0.5542126547334223,12
0.5,180.0,31,no_response,71031,72031,73031,0.0,0.10306406685236769,359,0.0,0.0,0.0,180.0,1.1756986102833578,21
0.5,180.0,32,response,71032,72032,73032,0.4472222224664831,0.08913649025069638,359,0.0,0.532033426183844,1.0,47.49999998534292,0.4632182111177318,20
0.5,180.0,32,no_response,71032,72032,73032,0.0,0.11142061281337047,359,0.0,0.0,0.0,180.0,1.0784412619867405,22
0.5,180.0,33,response,71033,72033,73033,0.5916666669111088,0.06963788300835655,359,0.0,0.5125348189415042,1.0,47.49999998534292,0.43339935394505685,13
0.5,180.0,33,no_response,71033,72033,73033,0.0,0.08635097493036212,359,0.0,0.0,0.0,180.0,1.2801147951995895,17
0.5,180.0,34,response,71034,72034,73034,0.43055555628914444,0.08913649025069638,359,0.0,0.479108635097493,1.0,71.49999998534292,0.538093857983898,16
0.5,180.0,34,no_response,71034,72034,73034,0.0,0.07520891364902507,359,0.0,0.0,0.0,180.0,0.8662944713612734,15
0.5,180.0,35,response,71035,72035,73035,0.5361111111925105,0.08635097493036212,359,0.0,0.4958217270194986,1.0,83.49999998534292,0.47688398309581664,20
0.5,180.0,35,no_response,71035,72035,73035,0.18055555596268782,0.06685236768802229,359,0.0,0.0,1.0,113.49999998534292,0.6855354760250483,23
0.5,180.0,36,response,71036,72036,73036,0.4694444446888935,0.06128133704735376,359,0.0,0.520891364902507,1.0,89.49999998534292,0.5714873382479922,14
0.5,180.0,36,no_response,71036,72036,73036,0.0,0.07520891364902507,359,0.0,0.0,0.0,180.0,1.2104794734135542,15
0.5,180.0,37,response,71037,72037,73037,0.26111111143709487,0.08356545961002786,359,0.0,0.48746518105849584,1.0,123.49999998534292,0.8020401070603217,15
0.5,180.0,37,no_response,71037,72037,73037,0.27500000024427057,0.0584958217270195,359,0.0,0.0,1.0,75.49999998534292,0.6088545712145792,20
0.5,180.0,38,response,71038,72038,73038,0.7138888889702782,0.1671309192200557,359,0.0,0.41225626740947074,1.0,51.49999998534292,0.4448389221579722,17
0.5,180.0,38,no_response,71038,72038,73038,0.0,0.08635097493036212,359,0.0,0.0,0.0,180.0,1.2974892420877073,18
0.5,180.0,39,response,71039,72039,73039,0.5305555556369552,0.11420612813370473,359,0.0,0.4401114206128134,1.0,84.49999998534292,0.6838380250062475,17
0.5,180.0,39,no_response,71039,72039,73039,0.18055555563697503,0.07242339832869081,359,0.0,0.0,1.0,147.49999998534292,0.9682145652924469,20
0.5,180.0,40,response,71040,72040,73040,0.3250000004073136,0.10584958217270195,359,0.0,0.5097493036211699,1.0,72.49999998534292,0.6315237305297519,16
0.5,180.0,40,no_response,71040,72040,73040,0.0,0.13370473537604458,359,0.0,0.0,0.0,180.0,1.231790476411381,21
0.5,180.0,41,response,71041,72041,73041,0.608333333577585,0.08913649025069638,359,0.0,0.47075208913649025,1.0,60.49999998534292,0.5329535105845972,9
0.5,180.0,41,no_response,71041,72041,73041,0.2444444446073833,0.08635097493036212,359,0.0,0.0,1.0,110.49999998534292,0.72826887586629,14
0.5,180.0,42,response,71042,72042,73042,0.6361111116812634,0.13370473537604458,359,0.0,0.4763231197771588,1.0,47.49999998534292,0.4216376801631134,15
0.5,180.0,42,no_response,71042,72042,73042,0.0,0.10306406685236769,359,0.0,0.0,0.0,180.0,1.321323620885933,20
0.5,180.0,43,response,71043,72043,73043,0.6722222225480879,0.12813370473537605,359,0.0,0.42896935933147634,1.0,53.49999998534292,0.468978796014396,12
0.5,180.0,43,no_response,71043,72043,73043,0.3027777785106159,0.10584958217270195,359,0.0,0.0,1.0,87.49999998534292,0.6880221249672472,18
0.5,180.0,44,response,71044,72044,73044,0.45000000016283237,0.08356545961002786,359,0.0,0.4456824512534819,1.0,78.49999998534292,0.7052340037179158,16
0.5,180.0,44,no_response,71044,72044,73044,0.0,0.0807799442896936,359,0.0,0.0,0.0,180.0,0.9992057957308992,19
0.5,180.0,45,response,71045,72045,73045,0.5138888892963813,0.08635097493036212,359,0.0,0.47075208913649025,1.0,58.49999998534292,0.5326709428280524,16
0.5,180.0,45,no_response,71045,72045,73045,0.17777777794072042,0.06406685236768803,359,0.0,0.0,1.0,71.49999998534292,0.5833157140196072,17
0.5,180.0,46,response,71046,72046,73046,0.6750000004071043,0.08635097493036212,359,0.0,0.5069637883008357,1.0,47.49999998534292,0.41867051484430834,14
0.5,180.0,46,no_response,71046,72046,73046,0.16666666682951511,0.06406685236768803,359,0.0,0.0,1.0,59.49999998534292,0.5537453285481412,17
0.5,180.0,47,response,71047,72047,73047,0.45555555588152824,0.1309192200557103,359,0.0,0.4456824512534819,1.0,95.49999998534292,0.7625450806345816,18
0.5,180.0,47,no_response,71047,72047,73047,0.0,0.07799442896935933,359,0.0,0.0,0.0,180.0,1.0985186995829104,20
0.5,180.0,48,response,71048,72048,73048,0.6472222224664717,0.10306406685236769,359,0.002785515320334262,0.49025069637883006,1.0,61.49999998534292,0.5362026979914736,13
0.5,180.0,48,no_response,71048,72048,73048,0.0,0.0947075208913649,359,0.0,0.0,0.0,180.0,1.1748458527729393,19
0.5,180.0,49,response,71049,72049,73049,0.3972222223036295,0.10584958217270195,359,0.0,0.4568245125348189,1.0,108.49999998534292,0.8601204695984298,21
0.5,180.0,49,no_response,71049,72049,73049,0.0,0.11977715877437325,359,0.0,0.0,0.0,180.0,1.2283080051662754,18
0.5,180.0,50,response,71050,72050,73050,0.6805555557998031,0.11142061281337047,359,0.0,0.467966573816156,1.0,54.49999998534292,0.4788730984764609,15
0.5,180.0,50,no_response,71050,72050,73050,0.0,0.036211699164345405,359,0.0,0.0,0.0,180.0,1.0926527353189566,14
0.5,180.0,51,response,71051,72051,73051,0.7083333337408146,0.10863509749303621,359,0.0,0.5153203342618384,1.0,47.49999998534292,0.41545490462596985,15
0.5,180.0,51,no_response,71051,72051,73051,0.2777777779406199,0.03064066852367688,359,0.0,0.0,1.0,123.49999998534292,0.7539087035797724,13
0.5,180.0,52,response,71052,72052,73052,0.4250000004071185,0.10584958217270195,359,0.0,0.4958217270194986,1.0,63.49999998534292,0.46453740430669616,18
0.5,180.0,52,no_response,71052,72052,73052,0.0,0.10306406685236769,359,0.0,0.0,0.0,180.0,1.34175921005886,24
0.5,180.0,53,response,71053,72053,73053,0.552777778185268,0.0947075208913649,359,0.0,0.4763231197771588,1.0,73.49999998534292,0.6527067573659019,11
0.5,180.0,53,no_response,71053,72053,73053,0.0,0.06963788300835655,359,0.0,0.0,0.0,180.0,1.0447535594579223,16
0.5,180.0,54,response,71054,72054,73054,0.4472222224664831,0.07799442896935933,359,0.0,0.5125348189415042,1.0,47.49999998534292,0.4909305223529884,16
0.5,180.0,54,no_response,71054,72054,73054,0.07500000024428163,0.05013927576601671,359,0.0,0.0,1.0,51.49999998534292,0.6464299394881573,16
0.5,180.0,55,response,71055,72055,73055,0.4472222224666724,0.08913649025069638,359,0.0,0.5181058495821727,1.0,97.49999998534292,0.7412673082108914,10
0.5,180.0,55,no_response,71055,72055,73055,0.0,0.10584958217270195,359,0.0,0.0,0.0,180.0,1.2825878787306009,20
0.5,180.0,56,response,71056,72056,73056,0.383333333659026,0.07799442896935933,359,0.0,0.4568245125348189,1.0,90.49999998534292,0.6958735517319216,26
0.5,180.0,56,no_response,71056,72056,73056,0.0,0.1309192200557103,359,0.0,0.0,0.0,180.0,1.1303659682696656,29
0.5,180.0,57,response,71057,72057,73057,0.7361111111924992,0.12256267409470752,359,0.0,0.47075208913649025,1.0,47.49999998534292,0.40951529614628057,11
0.5,180.0,57,no_response,71057,72057,73057,0.0,0.0584958217270195,359,0.0,0.0,0.0,180.0,1.0333913962181882,17
0.5,180.0,58,response,71058,72058,73058,0.552777778022222,0.10584958217270195,359,0.0,0.4763231197771588,1.0,65.49999998534292,0.4532683776993707,15
0.5,180.0,58,no_response,71058,72058,73058,0.0,0.10863509749303621,359,0.0,0.0,0.0,180.0,1.2983712018439784,15
0.5,180.0,59,response,71059,72059,73059,0.638888889214567,0.10863509749303621,359,0.0,0.4428969359331476,1.0,54.49999998534292,0.48277669095901454,20
0.5,180.0,59,no_response,71059,72059,73059,0.14722222230364365,0.0947075208913649,359,0.0,0.0,1.0,153.49999998534292,1.0267851663214556,13
0.5,180.0,60,response,71060,72060,73060,0.4416666672366406,0.06963788300835655,359,0.0,0.47075208913649025,1.0,62.49999998534292,0.5697879722610306,15
0.5,180.0,60,no_response,71060,72060,73060,0.0,0.10863509749303621,359,0.0,0.0,0.0,180.0,1.0156492176599794,20
0.5,180.0,61,response,71061,72061,73061,0.23055555580001813,0.05013927576601671,359,0.002785515320334262,0.5766016713091922,1.0,99.49999998534292,0.694494220438306,10
0.5,180.0,61,no_response,71061,72061,73061,0.09722222230364644,0.05013927576601671,359,0.0,0.0,1.0,162.49999998534292,0.877992976433562,16
0.5,180.0,62,response,71062,72062,73062,0.6027777781852651,0.0947075208913649,359,0.0,0.479108635097493,1.0,64.49999998534292,0.564875600857783,12
0.5,180.0,62,no_response,71062,72062,73062,0.18333333349618083,0.06685236768802229,359,0.0,0.0,1.0,129.49999998534292,0.9210187596110928,16
0.5,180.0,63,response,71063,72063,73063,0.5305555556369552,0.16434540389972144,359,0.0,0.415041782729805,1.0,84.49999998534292,0.602742804925028,16
0.5,180.0,63,no_response,71063,72063,73063,0.0,0.1392757660167131,359,0.0,0.0,0.0,180.0,1.1913950739457588,19
0.5,180.0,64,response,71064,72064,73064,0.3111111112739514,0.0807799442896936,359,0.0,0.4818941504178273,1.0,77.49999998534292,0.5136643954092113,20
0.5,180.0,64,no_response,71064,72064,73064,0.0,0.11977715877437325,359,0.0,0.0,0.0,180.0,0.798650945866421,17
0.5,180.0,65,response,71065,72065,73065,0.663888888970281,0.13370473537604458,359,0.0,0.4206128133704735,1.0,60.49999998534292,0.4172995193969063,15
0.5,180.0,65,no_response,71065,72065,73065,0.0,0.10863509749303621,359,0.0,0.0,0.0,180.0,0.7560698821317129,16
0.5,180.0,66,response,71066,72066,73066,0.7027777778591677,0.12813370473537605,359,0.0,0.4596100278551532,1.0,53.49999998534292,0.4629704814204341,20
0.5,180.0,66,no_response,71066,72066,73066,0.0,0.08635097493036212,359,0.0,0.0,0.0,180.0,1.2596295751794124,15
0.5,180.0,67,response,71067,72067,73067,0.7250000002442452,0.10306406685236769,359,0.0,0.45403899721448465,1.0,47.49999998534292,0.410929163941642,16
0.5,180.0,67,no_response,71067,72067,73067,0.0,0.0947075208913649,359,0.0,0.0,0.0,180.0,1.2457634874512367,17
0.5,180.0,68,response,71068,72068,73068,0.6527777778591706,0.13370473537604458,359,0.0,0.49025069637883006,1.0,62.49999998534292,0.549717604270089,12
0.5,180.0,68,no_response,71068,72068,73068,0.0,0.11977715877437325,359,0.0,0.0,0.0,180.0,1.0684477317845515,17
0.5,180.0,69,response,71069,72069,73069,0.5083333337406366,0.08635097493036212,359,0.0,0.5097493036211699,1.0,80.49999998534292,0.7010773455507214,19
0.5,180.0,69,no_response,71069,72069,73069,0.12500000008142262,0.055710306406685235,359,0.0,0.0,1.0,157.49999998534292,0.9061288233162239,14
0.5,180.0,70,response,71070,72070,73070,0.5805555557999983,0.17548746518105848,359,0.0,0.43175487465181056,1.0,74.49999998534292,0.5733846876225411,16
0.5,180.0,70,no_response,71070,72070,73070,0.0,0.10027855153203342,359,0.0,0.0,0.0,180.0,1.1537092354661975,18
0.5,180.0,71,response,71071,72071,73071,0.6972222226295147,0.0947075208913649,359,0.0,0.5125348189415042,1.0,47.49999998534292,0.4168179725278402,10
0.5,180.0,71,no_response,71071,72071,73071,0.4805555556369581,0.14484679665738162,359,0.0,0.0,1.0,93.49999998534292,0.756540738419875,17
0.5,180.0,72,response,71072,72072,73072,0.5138888896220941,0.07520891364902507,359,0.002785515320334262,0.48467966573816157,1.0,62.49999998534292,0.45151842585755636,13
0.5,180.0,72,no_response,71072,72072,73072,0.0,0.07242339832869081,359,0.0,0.0,0.0,180.0,1.1846893638793616,16
0.5,180.0,73,response,71073,72073,73073,0.5527777780220325,0.16434540389972144,359,0.0,0.48467966573816157,1.0,74.49999998534292,0.44418402092426595,19
0.5,180.0,73,no_response,71073,72073,73073,0.19444444460729132,0.0584958217270195,359,0.0,0.0,1.0,55.49999998534292,0.6731740735748315,23
0.5,180.0,74,response,71074,72074,73074,0.5361111115182233,0.10027855153203342,359,0.002785515320334262,0.4986072423398329,1.0,47.49999998534292,0.44097555991737775,23
0.5,180.0,74,no_response,71074,72074,73074,0.3388888897032479,0.08356545961002786,359,0.0,0.0,1.0,81.49999998534292,0.7250904158179918,17
0.5,180.0,75,response,71075,72075,73075,0.45833333341473714,0.14484679665738162,359,0.0,0.45403899721448465,1.0,97.49999998534292,0.6668178995131371,20
0.5,180.0,75,no_response,71075,72075,73075,0.0,0.116991643454039,359,0.0,0.0,0.0,180.0,0.9154352334636583,25
0.5,180.0,76,response,71076,72076,73076,0.547222222955236,0.116991643454039,359,0.0,0.4818941504178273,1.0,47.49999998534292,0.43344678002162057,22
0.5,180.0,76,no_response,71076,72076,73076,0.38888888905181956,0.09192200557103064,359,0.0,0.0,1.0,108.49999998534292,0.5009579711801048,24
0.5,180.0,77,response,71077,72077,73077,0.6083333339032977,0.08913649025069638,359,0.0,0.5069637883008357,1.0,47.49999998534292,0.42274434091751006,19
0.5,180.0,77,no_response,71077,72077,73077,0.0,0.09192200557103064,359,0.0,0.0,0.0,180.0,1.2275114844450303,21
0.5,180.0,78,response,71078,72078,73078,0.686111111192502,0.11420612813370473,359,0.0,0.45125348189415043,1.0,56.49999998534292,0.49465588487800893,16
0.5,180.0,78,no_response,71078,72078,73078,0.0,0.10863509749303621,359,0.0,0.0,0.0,180.0,0.8597745182443016,18
0.5,180.0,79,response,71079,72079,73079,0.6916666669109136,0.14484679665738162,359,0.0,0.4596100278551532,1.0,47.49999998534292,0.413115534014933,13
0.5,180.0,79,no_response,71079,72079,73079,0.0,0.07520891364902507,359,0.0,0.0,0.0,180.0,0.9531433377106602,20
0.5,180.0,80,response,71080,72080,73080,0.6638888891333269,0.07799442896935933,359,0.0,0.5264623955431755,1.0,58.49999998534292,0.5176624812022252,10
0.5,180.0,80,no_response,71080,72080,73080,0.0,0.06963788300835655,359,0.0,0.0,0.0,180.0,0.9481385271502598,16
0.5,180.0,81,response,71081,72081,73081,0.6638888892959938,0.181058495821727,359,0.0,0.4568245125348189,1.0,47.49999998534292,0.41516395690270425,13
0.5,180.0,81,no_response,71081,72081,73081,0.0,0.10027855153203342,359,0.0,0.0,0.0,180.0,1.232355242795049,23
0.5,180.0,82,response,71082,72082,73082,0.4972222226295261,0.10863509749303621,359,0.0,0.5125348189415042,1.0,59.49999998534292,0.4849203829266963,20
0.5,180.0,82,no_response,71082,72082,73082,0.21666666699236875,0.07799442896935933,359,0.0,0.0,1.0,121.49999998534292,0.6445230794936673,14
0.5,180.0,83,response,71083,72083,73083,0.6916666670741489,0.08635097493036212,359,0.0,0.5181058495821727,1.0,47.49999998534292,0.41664199926981665,11
0.5,180.0,83,no_response,71083,72083,73083,0.0,0.09192200557103064,359,0.0,0.0,0.0,180.0,0.7630690954588848,20
0.5,180.0,84,response,71084,72084,73084,0.7361111111924991,0.1309192200557103,359,0.0,0.42618384401114207,1.0,47.49999998534292,0.40952207917685324,20
0.5,180.0,84,no_response,71084,72084,73084,0.2777777781034763,0.07799442896935933,359,0.0,0.0,1.0,108.49999998534292,0.6804712419427515,21
0.5,180.0,85,response,71085,72085,73085,0.2250000002444629,0.0807799442896936,359,0.0,0.5041782729805014,1.0,121.49999998534292,0.858378639580975,17
0.5,180.0,85,no_response,71085,72085,73085,0.21111111127395704,0.11420612813370473,359,0.0,0.0,1.0,127.49999998534292,0.7212184905499234,20
0.5,180.0,86,response,71086,72086,73086,0.588888889214854,0.13370473537604458,359,0.0,0.39275766016713093,1.0,64.49999998534292,0.5625872771796779,21
0.5,180.0,86,no_response,71086,72086,73086,0.0,0.0947075208913649,359,0.0,0.0,0.0,180.0,1.3461174622677705,18
0.5,180.0,87,response,71087,72087,73087,0.4805555557998144,0.13370473537604458,359,0.0,0.48467966573816157,1.0,87.49999998534292,0.5174107545160694,20
0.5,180.0,87,no_response,71087,72087,73087,0.0,0.0947075208913649,359,0.0,0.0,0.0,180.0,1.1356351624629362,21
0.5,180.0,88,response,71088,72088,73088,0.6527777781852623,0.0947075208913649,359,0.0,0.520891364902507,1.0,47.49999998534292,0.4199391490310038,13
0.5,180.0,88,no_response,71088,72088,73088,0.17777777794072042,0.08356545961002786,359,0.0,0.0,1.0,144.49999998534292,0.9878455794752989,18
0.5,180.0,89,response,71089,72089,73089,0.11388888913316861,0.09192200557103064,359,0.0,0.5487465181058496,1.0,153.49999998534292,0.8408154111073117,17
0.5,180.0,89,no_response,71089,72089,73089,0.0,0.0947075208913649,359,0.0,0.0,0.0,180.0,1.3096500804922397,17
0.5,180.0,90,response,71090,72090,73090,0.7361111111924992,0.18384401114206128,359,0.0,0.403899721448468,1.0,47.49999998534292,0.40476948172179666,12
0.5,180.0,90,no_response,71090,72090,73090,0.0,0.07242339832869081,359,0.0,0.0,0.0,180.0,1.1580563217928754,12
0.5,180.0,91,response,71091,72091,73091,0.6527777781852623,0.07799442896935933,359,0.0,0.49025069637883006,1.0,47.49999998534292,0.42530707860451117,13
0.5,180.0,91,no_response,71091,72091,73091,0.0,0.0947075208913649,359,0.0,0.0,0.0,180.0,1.2152548886733363,18
0.5,180.0,92,response,71092,72092,73092,0.5000000004886371,0.08356545961002786,359,0.0,0.49025069637883006,1.0,52.49999998534292,0.4910357533938975,18
0.5,180.0,92,no_response,71092,72092,73092,0.0,0.10306406685236769,359,0.0,0.0,0.0,180.0,1.131358328146598,21
0.5,180.0,93,response,71093,72093,73093,0.663888888970281,0.11977715877437325,359,0.0,0.42896935933147634,1.0,60.49999998534292,0.48719206798870524,11
0.5,180.0,93,no_response,71093,72093,73093,0.0,0.08356545961002786,359,0.0,0.0,0.0,180.0,0.9314880568209118,13
0.5,180.0,94,response,71094,72094,73094,0.6194444445258391,0.16434540389972144,359,0.0,0.3732590529247911,1.0,68.49999998534292,0.5827611479461856,17
0.5,180.0,94,no_response,71094,72094,73094,0.0,0.1309192200557103,359,0.0,0.0,0.0,180.0,1.1447326228328516,21
0.5,180.0,95,response,71095,72095,73095,0.5583333334147315,0.0947075208913649,359,0.0,0.5069637883008357,1.0,79.49999998534292,0.6958288423008766,12
0.5,180.0,95,no_response,71095,72095,73095,0.0,0.0947075208913649,359,0.0,0.0,0.0,180.0,1.1067048186194697,16
0.5,180.0,96,response,71096,72096,73096,0.3805555564518142,0.08635097493036212,359,0.0,0.5069637883008357,1.0,85.49999998534292,0.48484877367415236,15
0.5,180.0,96,no_response,71096,72096,73096,0.0,0.09749303621169916,359,0.0,0.0,0.0,180.0,1.0919419500240028,16
0.5,180.0,97,response,71097,72097,73097,0.508333333740447,0.12256267409470752,359,0.0,0.48746518105849584,1.0,77.49999998534292,0.6895952919406194,15
0.5,180.0,97,no_response,71097,72097,73097,0.0,0.06963788300835655,359,0.0,0.0,0.0,180.0,0.8887000493854902,12
0.5,180.0,98,response,71098,72098,73098,0.43333333382216377,0.07520891364902507,359,0.0,0.45125348189415043,1.0,57.49999998534292,0.5391768417380867,22
0.5,180.0,98,no_response,71098,72098,73098,0.0,0.08913649025069638,359,0.0,0.0,0.0,180.0,1.0831330584107475,16
0.5,180.0,99,response,71099,72099,73099,0.663888888970281,0.14206128133704735,359,0.0,0.4233983286908078,1.0,60.49999998534292,0.5297840230802672,15
0.5,180.0,99,no_response,71099,72099,73099,0.0,0.11977715877437325,359,0.0,0.0,0.0,180.0,1.362019130229495,19
0.5,180.0,100,response,71100,72100,73100,0.6027777781852651,0.12813370473537605,359,0.0,0.46518105849582175,1.0,47.49999998534292,0.42370390604760116,15
0.5,180.0,100,no_response,71100,72100,73100,0.0,0.08356545961002786,359,0.0,0.0,0.0,180.0,1.0213699949903863,18
0.5,180.0,101,response,71101,72101,73101,0.5194444446887012,0.06406685236768803,359,0.0,0.46518105849582175,1.0,73.49999998534292,0.6501751900663235,23
0.5,180.0,101,no_response,71101,72101,73101,0.0,0.06963788300835655,359,0.0,0.0,0.0,180.0,0.7891482750408814,23
0.5,180.0,102,response,71102,72102,73102,0.4694444448515604,0.06685236768802229,359,0.0,0.5571030640668524,1.0,47.49999998534292,0.4538171437925204,12
0.5,180.0,102,no_response,71102,72102,73102,0.0,0.07520891364902507,359,0.0,0.0,0.0,180.0,1.0563635211842968,14
0.5,180.0,103,response,71103,72103,73103,0.6972222224666583,0.10027855153203342,359,0.0,0.4735376044568245,1.0,47.49999998534292,0.4154903395052861,14
0.5,180.0,103,no_response,71103,72103,73103,0.0,0.055710306406685235,359,0.0,0.0,0.0,180.0,1.2811596309593891,16
0.5,180.0,104,response,71104,72104,73104,0.5361111113553669,0.11420612813370473,359,0.0,0.532033426183844,1.0,63.49999998534292,0.5164273639363283,10
0.5,180.0,104,no_response,71104,72104,73104,0.030555555636982534,0.08913649025069638,359,0.0,0.0,1.0,174.49999998534292,0.7820130717861695,20
0.5,180.0,105,response,71105,72105,73105,0.6861111113553584,0.1671309192200557,359,0.0,0.42618384401114207,1.0,51.49999998534292,0.4479738335612444,17
0.5,180.0,105,no_response,71105,72105,73105,0.0,0.06963788300835655,359,0.0,0.0,0.0,180.0,1.294981767353415,22
0.5,180.0,106,response,71106,72106,73106,0.7138888891333242,0.1309192200557103,359,0.0,0.48467966573816157,1.0,47.49999998534292,0.412888873938522,16
0.5,180.0,106,no_response,71106,72106,73106,0.0,0.0947075208913649,359,0.0,0.0,0.0,180.0,1.1440770176094885,24
0.5,180.0,107,response,71107,72107,73107,0.663888888970281,0.14484679665738162,359,0.0,0.4568245125348189,1.0,60.49999998534292,0.5217885906507868,15
0.5,180.0,107,no_response,71107,72107,73107,0.0,0.0947075208913649,359,0.0,0.0,0.0,180.0,1.1993127661753256,22
0.5,180.0,108,response,71108,72108,73108,0.2694444446889048,0.10306406685236769,359,0.0,0.5125348189415042,1.0,130.49999998534292,0.8878782449062356,18
0.5,180.0,108,no_response,71108,72108,73108,0.0,0.11420612813370473,359,0.0,0.0,0.0,180.0,1.149799016253613,22
0.5,180.0,109,response,71109,72109,73109,0.5972222223036181,0.16434540389972144,359,0.0,0.415041782729805,1.0,72.49999998534292,0.4948344279767846,16
0.5,180.0,109,no_response,71109,72109,73109,0.0,0.08635097493036212,359,0.0,0.0,0.0,180.0,0.9957038270043479,21
0.5,180.0,110,response,71110,72110,73110,0.43611111119251617,0.12256267409470752,359,0.0,0.5041782729805014,1.0,101.49999998534292,0.6807822298242249,16
0.5,180.0,110,no_response,71110,72110,73110,0.0,0.10584958217270195,359,0.0,0.0,0.0,180.0,1.2351754261372492,18
0.5,180.0,111,response,71111,72111,73111,0.4805555557998144,0.07520891364902507,359,0.0,0.48746518105849584,1.0,91.49999998534292,0.7928009418090609,13
0.5,180.0,111,no_response,71111,72111,73111,0.0,0.11420612813370473,359,0.0,0.0,0.0,180.0,1.2817860802628303,17
0.5,180.0,112,response,71112,72112,73112,0.3972222223036295,0.09192200557103064,359,0.0,0.5236768802228412,1.0,108.49999998534292,0.6248506488220452,17
0.5,180.0,112,no_response,71112,72112,73112,0.0,0.06963788300835655,359,0.0,0.0,0.0,180.0,1.1944531524230373,18
0.5,180.0,113,response,71113,72113,73113,0.30277777802223615,0.07520891364902507,359,0.0,0.5543175487465181,1.0,116.49999998534292,0.8489768351767102,14
0.5,180.0,113,no_response,71113,72113,73113,0.04166666674809321,0.0807799442896936,359,0.0,0.0,1.0,172.49999998534292,1.217953429140686,12
0.5,180.0,114,response,71114,72114,73114,0.6972222224666582,0.1309192200557103,359,0.0,0.4596100278551532,1.0,47.49999998534292,0.41605755477924544,21
0.5,180.0,114,no_response,71114,72114,73114,0.0,0.08356545961002786,359,0.0,0.0,0.0,180.0,1.049881739371947,23
0.5,180.0,115,response,71115,72115,73115,0.647222222629328,0.11420612813370473,359,0.0,0.467966573816156,1.0,53.49999998534292,0.4655510474456922,14
0.5,180.0,115,no_response,71115,72115,73115,0.0,0.06406685236768803,359,0.0,0.0,0.0,180.0,1.1664792706640301,15
0.5,180.0,116,response,71116,72116,73116,0.669444444851928,0.10027855153203342,359,0.0,0.48467966573816157,1.0,47.49999998534292,0.41706381073190607,13
0.5,180.0,116,no_response,71116,72116,73116,0.3888888892148655,0.06963788300835655,359,0.0,0.0,1.0,65.49999998534292,0.5603719003185705,10
0.5,180.0,117,response,71117,72117,73117,0.5111111112739402,0.08635097493036212,359,0.0,0.47075208913649025,1.0,79.49999998534292,0.4528532997683819,16
0.5,180.0,117,no_response,71117,72117,73117,0.0,0.0947075208913649,359,0.0,0.0,0.0,180.0,1.206135242094443,16
0.5,180.0,118,response,71118,72118,73118,0.5027777778591791,0.15041782729805014,359,0.0,0.46518105849582175,1.0,89.49999998534292,0.7194395967232656,22
0.5,180.0,118,no_response,71118,72118,73118,0.0,0.08356545961002786,359,0.0,0.0,0.0,180.0,1.2258038179088848,23
0.5,180.0,119,response,71119,72119,73119,0.5888888890518083,0.08635097493036212,359,0.0,0.40668523676880225,1.0,49.49999998534292,0.45946043234307066,14
0.5,180.0,119,no_response,71119,72119,73119,0.0,0.10306406685236769,359,0.0,0.0,0.0,180.0,0.8257579010285685,18
0.5,180.0,120,response,71120,72120,73120,0.49166666691111444,0.09192200557103064,359,0.0,0.4986072423398329,1.0,90.49999998534292,0.777259430449204,14
0.5,180.0,120,no_response,71120,72120,73120,0.0,0.07799442896935933,359,0.0,0.0,0.0,180.0,1.1423010402983378,17
0.5,180.0,121,response,71121,72121,73121,0.34444444509604155,0.07520891364902507,359,0.002785515320334262,0.5125348189415042,1.0,71.49999998534292,0.5591367354135213,17
0.5,180.0,121,no_response,71121,72121,73121,0.0,0.0947075208913649,359,0.0,0.0,0.0,180.0,1.1965798482898387,20
0.5,180.0,122,response,71122,72122,73122,0.6527777781850728,0.09749303621169916,359,0.0,0.5041782729805014,1.0,47.49999998534292,0.4193460517414109,10
0.5,180.0,122,no_response,71122,72122,73122,0.0,0.09749303621169916,359,0.0,0.0,0.0,180.0,1.1475437537046953,12
0.5,180.0,123,response,71123,72123,73123,0.4027777783479433,0.09192200557103064,359,0.0,0.5431754874651811,1.0,48.49999998534292,0.4939809937864228,16
0.5,180.0,123,no_response,71123,72123,73123,0.0,0.09749303621169916,359,0.0,0.0,0.0,180.0,1.238898031854654,22
0.5,180.0,124,response,71124,72124,73124,0.6472222224666612,0.10306406685236769,359,0.0,0.479108635097493,1.0,47.49999998534292,0.42122440575065623,10
0.5,180.0,124,no_response,71124,72124,73124,0.0,0.06685236768802229,359,0.0,0.0,0.0,180.0,0.9590130922521901,9
0.5,180.0,125,response,71125,72125,73125,0.5250000007335835,0.0807799442896936,359,0.0,0.5013927576601671,1.0,58.49999998534292,0.521641106935066,15
0.5,180.0,125,no_response,71125,72125,73125,0.06666666682952042,0.055710306406685235,359,0.0,0.0,1.0,81.49999998534292,0.7313685801290607,15
0.5,180.0,126,response,71126,72126,73126,0.2583333335777943,0.06685236768802229,359,0.0,0.5041782729805014,1.0,132.49999998534292,0.9056320690238631,14
0.5,180.0,126,no_response,71126,72126,73126,0.10833333357761331,0.06963788300835655,359,0.0,0.0,1.0,152.49999998534292,0.8379233589986351,17
0.5,180.0,127,response,71127,72127,73127,0.38055555580000966,0.09192200557103064,359,0.0,0.5153203342618384,1.0,83.49999998534292,0.6512722591632086,19
0.5,180.0,127,no_response,71127,72127,73127,0.0,0.10306406685236769,359,0.0,0.0,0.0,180.0,1.1983558180551654,18
0.5,360.0,0,response,71000,72000,73000,0.7875000002851659,0.13630041724617525,719,0.0,0.3518776077885953,1.0,47.49999998534292,0.3119089966997079,37
0.5,360.0,0,no_response,71000,72000,73000,0.0,0.09318497913769123,719,0.0,0.0,0.0,360.0,1.1003507016704566,33
0.5,360.0,1,response,71001,72001,73001,0.7847222225887212,0.1376912378303199,719,0.0,0.37273991655076494,1.0,62.49999998534292,0.4049049957157331,43
0.5,360.0,1,no_response,71001,72001,73001,8.142819751790975e-11,0.06397774687065369,719,0.0,0.0,1.0,218.49999998534292,0.798636337765817,36
0.5,360.0,2,response,71002,72002,73002,0.811111111436902,0.12517385257301808,719,0.0,0.35048678720445064,1.0,51.49999998534292,0.33542675968251606,38
0.5,360.0,2,no_response,71002,72002,73002,0.0,0.07649513212795549,719,0.0,0.0,0.0,360.0,1.2162800755673937,31
0.5,360.0,3,response,71003,72003,73003,0.7402777781442665,0.13073713490959665,719,0.0,0.34214186369958277,1.0,74.49999998534292,0.3559279733629013,31
0.5,360.0,3,no_response,71003,72003,73003,0.11944444468877038,0.08623087621696801,719,0.0,0.0,1.0,293.4999999853429,0.9193330916122467,37
0.5,360.0,4,response,71004,72004,73004,0.470833333781352,0.07649513212795549,719,0.0,0.43532684283727396,1.0,78.49999998534292,0.5423631419794084,30
0.5,360.0,4,no_response,71004,72004,73004,0.0,0.11543810848400557,719,0.0,0.0,0.0,360.0,1.3048413058044017,26
0.5,360.0,5,response,71005,72005,73005,0.6708333336184842,0.13908205841446453,719,0.0,0.33657858136300417,1.0,67.49999998534292,0.430407107025171,37
0.5,360.0,5,no_response,71005,72005,73005,0.35138888909253496,0.07510431154381085,719,0.0,0.0,1.0,156.49999998534292,0.5505310567483273,32
0.5,360.0,6,response,71006,72006,73006,0.8236111112332395,0.18219749652294853,719,0.0,0.3101529902642559,1.0,56.49999998534292,0.3380631104789004,45
0.5,360.0,6,no_response,71006,72006,73006,0.6625000003663901,0.14464534075104313,719,0.0,0.0,1.0,77.49999998534292,0.39709325800819023,40
0.5,360.0,7,response,71007,72007,73007,0.7013888895001298,0.1349095966620306,719,0.0,0.36439499304589706,1.0,53.49999998534292,0.34827072802634,41
0.5,360.0,7,no_response,71007,72007,73007,0.0,0.09457579972183588,719,0.0,0.0,0.0,360.0,1.1713041165014888,31
0.5,360.0,8,response,71008,72008,73008,0.5930555558407109,0.08623087621696801,719,0.0,0.3949930458970793,1.0,48.49999998534292,0.411353119459287,43
0.5,360.0,8,no_response,71008,72008,73008,0.0,0.08484005563282336,719,0.0,0.0,0.0,360.0,1.0084443465060402,39
0.5,360.0,9,response,71009,72009,73009,0.6069444447295043,0.10987482614742698,719,0.0,0.41168289290681503,1.0,101.49999998534292,0.5308928538059448,39
0.5,360.0,9,no_response,71009,72009,73009,0.19166666707398708,0.09040333796940195,719,0.0,0.0,1.0,78.49999998534292,0.8216835698058491,30
0.5,360.0,10,response,71010,72010,73010,0.7291666669518194,0.12795549374130738,719,0.0,0.37273991655076494,1.0,59.49999998534292,0.38795689909519065,32
0.5,360.0,10,no_response,71010,72010,73010,0.0,0.06258692628650904,719,0.0,0.0,0.0,360.0,1.1330929892211945,26
0.5,360.0,11,response,71011,72011,73011,0.6930555560036563,0.12517385257301808,719,0.0,0.38247566063977745,1.0,89.49999998534292,0.4411008954876411,37
0.5,360.0,11,no_response,71011,72011,73011,0.0,0.10292072322670376,719,0.0,0.0,0.0,360.0,1.231216764920872,41
0.5,360.0,12,response,71012,72012,73012,0.6319444447295974,0.1070931849791377,719,0.0,0.3671766342141864,1.0,98.49999998534292,0.42471068583997773,31
0.5,360.0,12,no_response,71012,72012,73012,0.247222222548206,0.08066759388038942,719,0.0,0.0,1.0,231.49999998534292,0.6214076761675807,24
0.5,360.0,13,response,71013,72013,73013,0.6291666668703917,0.11821974965229486,719,0.0,0.36995827538247567,1.0,106.49999998534292,0.5973608624608719,35
0.5,360.0,13,no_response,71013,72013,73013,0.0,0.09457579972183588,719,0.0,0.0,0.0,360.0,1.1307421358460907,31
0.5,360.0,14,response,71014,72014,73014,0.6569444448925472,0.1070931849791377,719,0.0,0.37552155771905427,1.0,55.49999998534292,0.3854052701017728,35
0.5,360.0,14,no_response,71014,72014,73014,0.0,0.08623087621696801,719,0.0,0.0,0.0,360.0,1.1686615088306014,31
0.5,360.0,15,response,71015,72015,73015,0.5791666668702998,0.17524339360222532,719,0.0013908205841446453,0.3240611961057024,1.0,47.49999998534292,0.39523129655653766,50
0.5,360.0,15,no_response,71015,72015,73015,0.18333333365903653,0.09040333796940195,719,0.0,0.0,1.0,59.49999998534292,0.7781873524772525,40
0.5,360.0,16,response,71016,72016,73016,0.801388889255581,0.11543810848400557,719,0.0,0.36856745479833103,1.0,49.49999998534292,0.32161528086968677,30
0.5,360.0,16,no_response,71016,72016,73016,0.041666666748093224,0.07927677329624479,719,0.0,0.0,1.0,311.4999999853429,0.9647609087805706,35
0.5,360.0,17,response,71017,72017,73017,0.6680555558407066,0.16133518776077885,719,0.0013908205841446453,0.3337969401947149,1.0,83.49999998534292,0.46489216192814,30
0.5,360.0,17,no_response,71017,72017,73017,0.0,0.08623087621696801,719,0.0,0.0,0.0,360.0,1.2418626243581767,25
0.5,360.0,18,response,71018,72018,73018,0.6736111114777847,0.11126564673157163,719,0.0,0.3949930458970793,1.0,57.49999998534292,0.3983050896541964,32
0.5,360.0,18,no_response,71018,72018,73018,0.0,0.06536856745479833,719,0.0,0.0,0.0,360.0,0.9968596524419387,31
0.5,360.0,19,response,71019,72019,73019,0.7236111115590244,0.10570236439499305,719,0.0013908205841446453,0.40611961057023643,1.0,47.49999998534292,0.33483951379727733,40
0.5,360.0,19,no_response,71019,72019,73019,0.4027777782665618,0.1070931849791377,719,0.0,0.0,1.0,55.49999998534292,0.5013592635137816,32
0.5,360.0,20,response,71020,72020,73020,0.8013888890925351,0.12934631432545202,719,0.0,0.3435326842837274,1.0,52.49999998534292,0.338564781262184,35
0.5,360.0,20,no_response,71020,72020,73020,0.0,0.0737134909596662,719,0.0,0.0,0.0,360.0,1.2738913480617833,34
0.5,360.0,21,response,71021,72021,73021,0.8236111114776189,0.13073713490959665,719,0.0,0.37830319888734354,1.0,47.49999998534292,0.30763298840591585,28
0.5,360.0,21,no_response,71021,72021,73021,0.14166666699241956,0.05146036161335188,719,0.0,0.0,1.0,182.49999998534292,0.5953612348818131,26
0.5,360.0,22,response,71022,72022,73022,0.7236111113963574,0.12239221140472879,719,0.0,0.38803894297635605,1.0,47.49999998534292,0.33133148892845676,40
0.5,360.0,22,no_response,71022,72022,73022,0.19722222254792462,0.10013908205841446,719,0.0,0.0,1.0,153.49999998534292,0.8186367394095556,40
0.5,360.0,23,response,71023,72023,73023,0.6222222223850914,0.11265646731571627,719,0.0013908205841446453,0.35048678720445064,1.0,57.49999998534292,0.4496727204929628,34
0.5,360.0,23,no_response,71023,72023,73023,0.06944444452591686,0.07927677329624479,719,0.0,0.0,1.0,280.4999999853429,0.8696971056382446,33
0.5,360.0,24,response,71024,72024,73024,0.5013888891739546,0.1043115438108484,719,0.0027816411682892906,0.3991655076495132,1.0,85.49999998534292,0.5719833913672656,37
0.5,360.0,24,no_response,71024,72024,73024,0.0,0.11126564673157163,719,0.0,0.0,0.0,360.0,1.1973060037712422,33
0.5,360.0,25,response,71025,72025,73025,0.7680555557591943,0.12239221140472879,719,0.0,0.37552155771905427,1.0,58.49999998534292,0.3798899694502194,36
0.5,360.0,25,no_response,71025,72025,73025,0.0,0.07927677329624479,719,0.0,0.0,0.0,360.0,1.2320360294154464,35
0.5,360.0,26,response,71026,72026,73026,0.5291666670331591,0.12378303198887343,719,0.0,0.3657858136300417,1.0,62.49999998534292,0.45976020319775845,48
0.5,360.0,26,no_response,71026,72026,73026,0.21388888897030575,0.12378303198887343,719,0.0,0.0,1.0,273.4999999853429,0.9432773834997946,48
0.5,360.0,27,response,71027,72027,73027,0.8013888892553915,0.12239221140472879,719,0.0,0.3796940194714882,1.0,47.49999998534292,0.3123401813550212,27
0.5,360.0,27,no_response,71027,72027,73027,0.2416666669109383,0.061196105702364396,719,0.0,0.0,1.0,158.49999998534292,0.7588102895688449,20
0.5,360.0,28,response,71028,72028,73028,0.5750000001628719,0.10292072322670376,719,0.0013908205841446453,0.34214186369958277,1.0,86.49999998534292,0.5598104838047991,43
0.5,360.0,28,no_response,71028,72028,73028,0.0,0.12100139082058414,719,0.0,0.0,0.0,360.0,1.3017339931371903,39
0.5,360.0,29,response,71029,72029,73029,0.6902777782258787,0.11543810848400557,719,0.0013908205841446453,0.3949930458970793,1.0,78.49999998534292,0.4299505785552565,36
0.5,360.0,29,no_response,71029,72029,73029,0.11944444468877041,0.06397774687065369,719,0.0,0.0,1.0,278.4999999853429,0.9085961393514974,28
0.5,360.0,30,response,71030,72030,73030,0.41250000036659373,0.0584144645340751,719,0.0,0.4534075104311544,1.0,122.49999998534292,0.5777956193826402,36
0.5,360.0,30,no_response,71030,72030,73030,0.0,0.08484005563282336,719,0.0,0.0,0.0,360.0,1.1587800097995773,36
0.5,360.0,31,response,71031,72031,73031,0.7125000004481001,0.09874826147426982,719,0.0,0.40611961057023643,1.0,62.49999998534292,0.4140856728316527,37
0.5,360.0,31,no_response,71031,72031,73031,0.24444444477038102,0.07788595271210014,719,0.0,0.0,1.0,192.49999998534292,0.8557847276038472,41
0.5,360.0,32,response,71032,72032,73032,0.6930555558405157,0.1349095966620306,719,0.0,0.39360222531293465,1.0,47.49999998534292,0.3416312989824642,38
0.5,360.0,32,no_response,71032,72032,73032,0.012500000040713598,0.1043115438108484,719,0.0,0.0,1.0,355.4999999853429,0.8859963004688244,37
0.5,360.0,33,response,71033,72033,73033,0.7319444447295032,0.11961057023643949,719,0.0,0.3713490959666203,1.0,47.49999998534292,0.3247161153308431,33
0.5,360.0,33,no_response,71033,72033,73033,0.0,0.0737134909596662,719,0.0,0.0,0.0,360.0,1.266010575697446,32
0.5,360.0,34,response,71034,72034,73034,0.6708333337816248,0.12378303198887343,719,0.0,0.34214186369958277,1.0,71.49999998534292,0.393873922298321,38
0.5,360.0,34,no_response,71034,72034,73034,0.0,0.09735744089012517,719,0.0,0.0,0.0,360.0,1.1081675314580255,35
0.5,360.0,35,response,71035,72035,73035,0.754166666788874,0.11404728789986092,719,0.0,0.3796940194714882,1.0,83.49999998534292,0.34923487798328345,42
0.5,360.0,35,no_response,71035,72035,73035,0.3583333339034059,0.0737134909596662,719,0.0,0.0,1.0,113.49999998534292,0.5374644691098627,39
0.5,360.0,36,response,71036,72036,73036,0.7347222223444252,0.1376912378303199,719,0.0,0.3671766342141864,1.0,89.49999998534292,0.4118339740990537,43
0.5,360.0,36,no_response,71036,72036,73036,0.0,0.07649513212795549,719,0.0,0.0,0.0,360.0,1.0920426833334953,39
0.5,360.0,37,response,71037,72037,73037,0.5069444449740786,0.08623087621696801,719,0.0,0.4283727399165508,1.0,123.49999998534292,0.5844441803970655,33
0.5,360.0,37,no_response,71037,72037,73037,0.39444444485180075,0.06397774687065369,719,0.0,0.0,1.0,75.49999998534292,0.49091043537038737,36
0.5,360.0,38,response,71038,72038,73038,0.7375000002850599,0.1627260083449235,719,0.0,0.32684283727399166,1.0,51.49999998534292,0.34522134606333116,35
0.5,360.0,38,no_response,71038,72038,73038,0.0,0.09040333796940195,719,0.0,0.0,0.0,360.0,1.2876439509602198,34
0.5,360.0,39,response,71039,72039,73039,0.6736111114777847,0.14325452016689846,719,0.0,0.3379694019471488,1.0,84.49999998534292,0.5009194324217993,42
0.5,360.0,39,no_response,71039,72039,73039,0.5263888890110968,0.12378303198887343,719,0.0,0.0,1.0,147.49999998534292,0.6949342494877538,41
0.5,360.0,40,response,71040,72040,73040,0.5541666671145857,0.11265646731571627,719,0.0,0.4102920723226704,1.0,72.49999998534292,0.4655916188630904,35
0.5,360.0,40,no_response,71040,72040,73040,0.020833333374046605,0.1070931849791377,719,0.0,0.0,1.0,352.4999999853429,1.1515806769634305,36
0.5,360.0,41,response,71041,72041,73041,0.7666666669924473,0.10848400556328233,719,0.0,0.34214186369958277,1.0,60.49999998534292,0.38999643873018014,26
0.5,360.0,41,no_response,71041,72041,73041,0.15000000032603666,0.08623087621696801,719,0.0,0.0,1.0,110.49999998534292,0.8186649022781816,27
0.5,360.0,42,response,71042,72042,73042,0.7291666671961988,0.1070931849791377,719,0.0,0.4102920723226704,1.0,47.49999998534292,0.32483029757432,34
0.5,360.0,42,no_response,71042,72042,73042,0.0,0.08484005563282336,719,0.0,0.0,0.0,360.0,1.2438662843462447,31
0.5,360.0,43,response,71043,72043,73043,0.6430555558406132,0.1168289290681502,719,0.0,0.36856745479833103,1.0,53.49999998534292,0.4117125480504849,38
0.5,360.0,43,no_response,71043,72043,73043,0.4347222231590016,0.12100139082058414,719,0.0,0.0,1.0,87.49999998534292,0.5150657994642768,46
0.5,360.0,44,response,71044,72044,73044,0.659722222507279,0.1349095966620306,719,0.0,0.37552155771905427,1.0,78.49999998534292,0.5116395215383572,37
0.5,360.0,44,no_response,71044,72044,73044,0.0,0.08344923504867872,719,0.0,0.0,0.0,360.0,1.140798940314296,34
0.5,360.0,45,response,71045,72045,73045,0.7125000002852437,0.13351877607788595,719,0.0,0.34214186369958277,1.0,58.49999998534292,0.39021148112273174,37
0.5,360.0,45,no_response,71045,72045,73045,0.14444444460743555,0.08066759388038942,719,0.0,0.0,1.0,71.49999998534292,0.536407028290984,39
0.5,360.0,46,response,71046,72046,73046,0.7319444449737877,0.12378303198887343,719,0.0,0.3671766342141864,1.0,47.49999998534292,0.32848219975449955,32
0.5,360.0,46,no_response,71046,72046,73046,0.3791666668702165,0.09040333796940195,719,0.0,0.0,1.0,59.49999998534292,0.47584457079550146,35
0.5,360.0,47,response,71047,72047,73047,0.2972222224666802,0.0917941585535466,719,0.0,0.3852573018080668,1.0,95.49999998534292,0.6814887705930398,43
0.5,360.0,47,no_response,71047,72047,73047,0.12500000024432562,0.06954102920723226,719,0.0,0.0,1.0,195.49999998534292,0.8157705968387596,32
0.5,360.0,48,response,71048,72048,73048,0.7986111115592307,0.12795549374130738,719,0.0013908205841446453,0.3741307371349096,1.0,61.49999998534292,0.3913250283048326,32
0.5,360.0,48,no_response,71048,72048,73048,0.02638888909245834,0.10013908205841446,719,0.0,0.0,1.0,332.4999999853429,1.0642505187532985,39
0.5,360.0,49,response,71049,72049,73049,0.6402777779813127,0.1349095966620306,719,0.0,0.33657858136300417,1.0,108.49999998534292,0.6166536034652441,51
0.5,360.0,49,no_response,71049,72049,73049,0.0,0.12517385257301808,719,0.0,0.0,0.0,360.0,1.2211101506416195,39
0.5,360.0,50,response,71050,72050,73050,0.7430555558405221,0.11265646731571627,719,0.0013908205841446453,0.3741307371349096,1.0,54.49999998534292,0.3699849846803138,32
0.5,360.0,50,no_response,71050,72050,73050,0.2819444446480945,0.07649513212795549,719,0.0,0.0,1.0,245.49999998534292,0.8035691216898084,35
0.5,360.0,51,response,71051,72051,73051,0.7166666671555292,0.08623087621696801,719,0.0,0.39777468706536856,1.0,47.49999998534292,0.33008837200563645,42
0.5,360.0,51,no_response,71051,72051,73051,0.26944444477014273,0.05006954102920723,719,0.0,0.0,1.0,123.49999998534292,0.7703262295936693,27
0.5,360.0,52,response,71052,72052,73052,0.6111111115997885,0.12100139082058414,719,0.0013908205841446453,0.3657858136300417,1.0,63.49999998534292,0.3630151511989502,41
0.5,360.0,52,no_response,71052,72052,73052,0.0,0.09874826147426982,719,0.0,0.0,0.0,360.0,1.0692337599109636,45
0.5,360.0,53,response,71053,72053,73053,0.6486111115593092,0.1043115438108484,719,0.0013908205841446453,0.37830319888734354,1.0,73.49999998534292,0.4827056268806279,33
0.5,360.0,53,no_response,71053,72053,73053,0.10000000024442182,0.0584144645340751,719,0.0,0.0,1.0,237.49999998534292,0.8369118166741855,31
0.5,360.0,54,response,71054,72054,73054,0.6013888893369949,0.07927677329624479,719,0.0,0.3949930458970793,1.0,47.49999998534292,0.378047248663734,37
0.5,360.0,54,no_response,71054,72054,73054,0.2763888892553009,0.07649513212795549,719,0.0,0.0,1.0,51.49999998534292,0.5150876408707321,32
0.5,360.0,55,response,71055,72055,73055,0.595833333700106,0.11126564673157163,719,0.0013908205841446453,0.3866481223922114,1.0,97.49999998534292,0.5431748235042595,28
0.5,360.0,55,no_response,71055,72055,73055,0.0,0.09318497913769123,719,0.0,0.0,0.0,360.0,1.056101320896814,39
0.5,360.0,56,response,71056,72056,73056,0.46250000036659095,0.0917941585535466,719,0.0,0.40751043115438107,1.0,90.49999998534292,0.5474600442041349,49
0.5,360.0,56,no_response,71056,72056,73056,0.0,0.11543810848400557,719,0.0,0.0,0.0,360.0,1.1297141968952429,48
0.5,360.0,57,response,71057,72057,73057,0.8486111112332452,0.1502086230876217,719,0.0,0.3532684283727399,1.0,47.49999998534292,0.3051948375855808,36
0.5,360.0,57,no_response,71057,72057,73057,0.0,0.08066759388038942,719,0.0,0.0,0.0,360.0,0.8894236585814657,38
0.5,360.0,58,response,71058,72058,73058,0.7013888892553715,0.11821974965229486,719,0.0,0.3713490959666203,1.0,65.49999998534292,0.3426639915589488,39
0.5,360.0,58,no_response,71058,72058,73058,0.0,0.07649513212795549,719,0.0,0.0,0.0,360.0,1.1587935536582872,31
0.5,360.0,59,response,71059,72059,73059,0.6625000004478182,0.11126564673157163,719,0.0,0.39221140472878996,1.0,54.49999998534292,0.3883826864203833,39
0.5,360.0,59,no_response,71059,72059,73059,0.2736111113961898,0.09874826147426982,719,0.0,0.0,1.0,153.49999998534292,0.7771177159507067,26
0.5,360.0,60,response,71060,72060,73060,0.659722222833276,0.11265646731571627,719,0.0,0.3991655076495132,1.0,62.49999998534292,0.4171453916535312,30
0.5,360.0,60,no_response,71060,72060,73060,0.0,0.09735744089012517,719,0.0,0.0,0.0,360.0,0.9940358254219096,42
0.5,360.0,61,response,71061,72061,73061,0.41250000044821145,0.07093184979137691,719,0.0013908205841446453,0.44506258692628653,1.0,99.49999998534292,0.526609701560623,33
0.5,360.0,61,no_response,71061,72061,73061,0.058333333414758985,0.0584144645340751,719,0.0,0.0,1.0,162.49999998534292,0.8776741675840997,35
0.5,360.0,62,response,71062,72062,73062,0.6930555560851792,0.08762169680111266,719,0.0,0.40055632823365783,1.0,64.49999998534292,0.4246128956015225,29
0.5,360.0,62,no_response,71062,72062,73062,0.10833333349618433,0.048678720445062586,719,0.0,0.0,1.0,129.49999998534292,0.8154785575217625,23
0.5,360.0,63,response,71063,72063,73063,0.5458333336184913,0.14186369958275383,719,0.0013908205841446453,0.37552155771905427,1.0,84.49999998534292,0.47692999719268986,36
0.5,360.0,63,no_response,71063,72063,73063,0.0,0.11404728789986092,719,0.0,0.0,0.0,360.0,1.2432567000512087,33
0.5,360.0,64,response,71064,72064,73064,0.637500000285058,0.09596662030598054,719,0.0,0.4047287899860918,1.0,77.49999998534292,0.37617334951972514,32
0.5,360.0,64,no_response,71064,72064,73064,0.0,0.09596662030598054,719,0.0,0.0,0.0,360.0,1.0284054539809562,25
0.5,360.0,65,response,71065,72065,73065,0.7847222223443417,0.15159944367176634,719,0.0,0.3129346314325452,1.0,60.49999998534292,0.3107473071305514,40
0.5,360.0,65,no_response,71065,72065,73065,0.0,0.11126564673157163,719,0.0,0.0,0.0,360.0,0.8000246523979374,37
0.5,360.0,66,response,71066,72066,73066,0.7527777779407463,0.14881780250347706,719,0.0,0.34214186369958277,1.0,53.49999998534292,0.35041443717086573,45
0.5,360.0,66,no_response,71066,72066,73066,0.0,0.07649513212795549,719,0.0,0.0,0.0,360.0,1.1612450215178522,29
0.5,360.0,67,response,71067,72067,73067,0.8402777779814329,0.12517385257301808,719,0.0,0.3518776077885953,1.0,47.49999998534292,0.31008287422701797,42
0.5,360.0,67,no_response,71067,72067,73067,0.0,0.09457579972183588,719,0.0,0.0,0.0,360.0,1.2512150761026948,35
0.5,360.0,68,response,71068,72068,73068,0.8152777780628554,0.15299026425591097,719,0.0,0.3379694019471488,1.0,62.49999998534292,0.3984295560210261,39
0.5,360.0,68,no_response,71068,72068,73068,0.0,0.08484005563282336,719,0.0,0.0,0.0,360.0,0.9484251566559037,37
0.5,360.0,69,response,71069,72069,73069,0.6708333336999124,0.09596662030598054,719,0.0,0.3852573018080668,1.0,80.49999998534292,0.5127981517560729,40
0.5,360.0,69,no_response,71069,72069,73069,0.21944444468885946,0.06954102920723226,719,0.0,0.0,1.0,157.49999998534292,0.7947365042019081,28
0.5,360.0,70,response,71070,72070,73070,0.6402777780629304,0.16133518776077885,719,0.0,0.3518776077885953,1.0,74.49999998534292,0.43767663101121673,41
0.5,360.0,70,no_response,71070,72070,73070,0.0,0.09318497913769123,719,0.0,0.0,0.0,360.0,1.2426510639220758,36
0.5,360.0,71,response,71071,72071,73071,0.8291666670331757,0.13073713490959665,719,0.0,0.3518776077885953,1.0,47.49999998534292,0.30789834180925424,31
0.5,360.0,71,no_response,71071,72071,73071,0.26666666674808054,0.10013908205841446,719,0.0,0.0,1.0,93.49999998534292,0.8828852637171423,31
0.5,360.0,72,response,71072,72072,73072,0.7458333337813463,0.11961057023643949,719,0.0013908205841446453,0.3796940194714882,1.0,62.49999998534292,0.33244214200034566,33
0.5,360.0,72,no_response,71072,72072,73072,0.2152777780628598,0.08623087621696801,719,0.0,0.0,1.0,270.4999999853429,0.9098432404663029,34
0.5,360.0,73,response,71073,72073,73073,0.6847222225886109,0.1627260083449235,719,0.0,0.36300417246175243,1.0,74.49999998534292,0.342850388491675,44
0.5,360.0,73,no_response,71073,72073,73073,0.09722222230364566,0.09318497913769123,719,0.0,0.0,1.0,55.49999998534292,0.7433895718636037,48
0.5,360.0,74,response,71074,72074,73074,0.7569444448108423,0.15159944367176634,719,0.0013908205841446453,0.3463143254520167,1.0,47.49999998534292,0.3222520580056711,43
0.5,360.0,74,no_response,71074,72074,73074,0.35416666711459716,0.11265646731571627,719,0.0,0.0,1.0,81.49999998534292,0.6373883344467965,35
0.5,360.0,75,response,71075,72075,73075,0.6069444448108376,0.13212795549374132,719,0.0,0.3671766342141864,1.0,97.49999998534292,0.49120910912654164,43
0.5,360.0,75,no_response,71075,72075,73075,0.15694444456667336,0.0890125173852573,719,0.0,0.0,1.0,274.4999999853429,0.7793811647711235,37
0.5,360.0,76,response,71076,72076,73076,0.7180555561663239,0.1349095966620306,719,0.0,0.3671766342141864,1.0,47.49999998534292,0.32577343865535724,56
0.5,360.0,76,no_response,71076,72076,73076,0.24166666682965227,0.10848400556328233,719,0.0,0.0,1.0,108.49999998534292,0.7258209910928707,55
0.5,360.0,77,response,71077,72077,73077,0.6444444448515969,0.09318497913769123,719,0.0013908205841446453,0.40055632823365783,1.0,47.49999998534292,0.3643582638618836,37
0.5,360.0,77,no_response,71077,72077,73077,0.0,0.08066759388038942,719,0.0,0.0,0.0,360.0,1.2205404085440559,30
0.5,360.0,78,response,71078,72078,73078,0.6833333337406258,0.11543810848400557,719,0.0,0.34075104311543813,1.0,56.49999998534292,0.3828551365145265,36
0.5,360.0,78,no_response,71078,72078,73078,0.0,0.10570236439499305,719,0.0,0.0,0.0,360.0,0.8043991891813114,36
0.5,360.0,79,response,71079,72079,73079,0.834722222507399,0.17246175243393602,719,0.0,0.34214186369958277,1.0,47.49999998534292,0.3021736072010375,32
0.5,360.0,79,no_response,71079,72079,73079,0.0,0.08205841446453407,719,0.0,0.0,0.0,360.0,1.045634044757319,34
0.5,360.0,80,response,71080,72080,73080,0.7791666668703079,0.13212795549374132,719,0.0,0.35048678720445064,1.0,58.49999998534292,0.3805887252373336,30
0.5,360.0,80,no_response,71080,72080,73080,0.16944444468872016,0.06815020862308763,719,0.0,0.0,1.0,205.49999998534292,0.7239574880090984,34
0.5,360.0,81,response,71081,72081,73081,0.7569444448924599,0.15438108484005564,719,0.0,0.3671766342141864,1.0,47.49999998534292,0.3173326330524446,29
0.5,360.0,81,no_response,71081,72081,73081,0.0,0.09596662030598054,719,0.0,0.0,0.0,360.0,1.249395187013834,40
0.5,360.0,82,response,71082,72082,73082,0.5777777780221252,0.13630041724617525,719,0.0,0.33518776077885953,1.0,59.49999998534292,0.40712917687960465,43
0.5,360.0,82,no_response,71082,72082,73082,0.31805555608510583,0.07093184979137691,719,0.0,0.0,1.0,121.49999998534292,0.5492542924527402,30
0.5,360.0,83,response,71083,72083,73083,0.7569444448926494,0.10292072322670376,719,0.0,0.3991655076495132,1.0,47.49999998534292,0.3245347096656566,34
0.5,360.0,83,no_response,71083,72083,73083,0.16388888905183152,0.08762169680111266,719,0.0,0.0,1.0,222.49999998534292,0.6146344893963808,38
0.5,360.0,84,response,71084,72084,73084,0.8680555555962657,0.16550764951321278,719,0.0,0.31154381084840055,1.0,47.49999998534292,0.2999277690822672,40
0.5,360.0,84,no_response,71084,72084,73084,0.22361111155895427,0.07093184979137691,719,0.0,0.0,1.0,108.49999998534292,0.5700587201722681,36
0.5,360.0,85,response,71085,72085,73085,0.3902777781445623,0.09318497913769123,719,0.0,0.4297635605006954,1.0,121.49999998534292,0.6408115514286815,37
0.5,360.0,85,no_response,71085,72085,73085,0.28888888913320526,0.08762169680111266,719,0.0,0.0,1.0,127.49999998534292,0.7485254022261141,32
0.5,360.0,86,response,71086,72086,73086,0.7027777781851166,0.13073713490959665,719,0.0,0.35048678720445064,1.0,64.49999998534292,0.4169835461715211,44
0.5,360.0,86,no_response,71086,72086,73086,0.0,0.0890125173852573,719,0.0,0.0,0.0,360.0,1.3293159268335488,34
0.5,360.0,87,response,71087,72087,73087,0.6902777782255944,0.13908205841446453,719,0.0,0.3671766342141864,1.0,87.49999998534292,0.3823752519885862,43
0.5,360.0,87,no_response,71087,72087,73087,0.0,0.0890125173852573,719,0.0,0.0,0.0,360.0,1.1093686893404229,41
0.5,360.0,88,response,71088,72088,73088,0.7319444449738824,0.13351877607788595,719,0.0,0.3810848400556328,1.0,47.49999998534292,0.32177459329301783,43
0.5,360.0,88,no_response,71088,72088,73088,0.17083333361860734,0.07232267037552156,719,0.0,0.0,1.0,144.49999998534292,0.7604085159380382,39
0.5,360.0,89,response,71089,72089,73089,0.4791666670331619,0.14603616133518776,719,0.0,0.3282336578581363,1.0,153.49999998534292,0.6061261328212899,41
0.5,360.0,89,no_response,71089,72089,73089,0.02777777794063307,0.08344923504867872,719,0.0,0.0,1.0,275.4999999853429,1.0276742890840693,40
0.5,360.0,90,response,71090,72090,73090,0.8680555555962659,0.2141863699582754,719,0.0,0.25312934631432543,1.0,47.49999998534292,0.2935576793597949,32
0.5,360.0,90,no_response,71090,72090,73090,0.025000000081427207,0.06815020862308763,719,0.0,0.0,1.0,339.4999999853429,0.9233963576565232,24
0.5,360.0,91,response,71091,72091,73091,0.7236111114778804,0.08762169680111266,719,0.0013908205841446453,0.39777468706536856,1.0,47.49999998534292,0.3278672665034387,34
0.5,360.0,91,no_response,71091,72091,73091,0.0,0.09040333796940195,719,0.0,0.0,0.0,360.0,1.2527776915496383,41
0.5,360.0,92,response,71092,72092,73092,0.6458333339443879,0.10152990264255911,719,0.0,0.40333796940194716,1.0,52.49999998534292,0.37063721405768724,42
0.5,360.0,92,no_response,71092,72092,73092,0.0,0.0890125173852573,719,0.0,0.0,0.0,360.0,1.0430011452001817,47
0.5,360.0,93,response,71093,72093,73093,0.5680555560036634,0.11821974965229486,719,0.0,0.3463143254520167,1.0,60.49999998534292,0.40070146826117686,35
0.5,360.0,93,no_response,71093,72093,73093,0.0,0.09457579972183588,719,0.0,0.0,0.0,360.0,1.1400807719923467,30
0.5,360.0,94,response,71094,72094,73094,0.772222222466576,0.15855354659248957,719,0.0,0.29763560500695413,1.0,68.49999998534292,0.42454812578918755,38
0.5,360.0,94,no_response,71094,72094,73094,0.01388888897031653,0.08066759388038942,719,0.0,0.0,1.0,244.49999998534292,1.0037867192674836,36
0.5,360.0,95,response,71095,72095,73095,0.718055555922134,0.11543810848400557,719,0.0013908205841446453,0.3908205841446453,1.0,79.49999998534292,0.50559068864492,34
0.5,360.0,95,no_response,71095,72095,73095,0.04861111115182322,0.0737134909596662,719,0.0,0.0,1.0,342.4999999853429,1.0362184186314716,29
0.5,360.0,96,response,71096,72096,73096,0.5263888896629961,0.08344923504867872,719,0.0,0.43115438108484005,1.0,85.49999998534292,0.3819311310810902,35
0.5,360.0,96,no_response,71096,72096,73096,0.0,0.10013908205841446,719,0.0,0.0,0.0,360.0,0.9752639243928902,36
0.5,360.0,97,response,71097,72097,73097,0.6208333336997257,0.11265646731571627,719,0.0,0.40333796940194716,1.0,77.49999998534292,0.5093702538974544,31
0.5,360.0,97,no_response,71097,72097,73097,0.18888888921468647,0.06536856745479833,719,0.0,0.0,1.0,181.49999998534292,0.809549943555744,19
0.5,360.0,98,response,71098,72098,73098,0.5486111114777918,0.08205841446453407,719,0.0,0.4019471488178025,1.0,57.49999998534292,0.4539973690574589,47
0.5,360.0,98,no_response,71098,72098,73098,0.20138888901102053,0.08205841446453407,719,0.0,0.0,1.0,268.4999999853429,0.8713574977521513,38
0.5,360.0,99,response,71099,72099,73099,0.7097222223444197,0.13630041724617525,719,0.0,0.3477051460361613,1.0,60.49999998534292,0.4105051089139338,41
0.5,360.0,99,no_response,71099,72099,73099,0.14583333361841927,0.10152990264255911,719,0.0,0.0,1.0,259.4999999853429,1.0773400886751898,37
0.5,360.0,100,response,71100,72100,73100,0.7652777783073181,0.1376912378303199,719,0.0,0.35048678720445064,1.0,47.49999998534292,0.31642710236499794,30
0.5,360.0,100,no_response,71100,72100,73100,0.140277778062864,0.08623087621696801,719,0.0,0.0,1.0,215.49999998534292,0.7796092326002506,31
0.5,360.0,101,response,71101,72101,73101,0.7069444446479756,0.12934631432545202,719,0.0,0.33518776077885953,1.0,73.49999998534292,0.47037425997225535,41
0.5,360.0,101,no_response,71101,72101,73101,0.10833333349623175,0.07232267037552156,719,0.0,0.0,1.0,194.49999998534292,0.6400954789890375,39
0.5,360.0,102,response,71102,72102,73102,0.6708333336998177,0.09457579972183588,719,0.0,0.4422809457579972,1.0,47.49999998534292,0.3399595564181122,27
0.5,360.0,102,no_response,71102,72102,73102,0.0,0.09457579972183588,719,0.0,0.0,0.0,360.0,1.0876227900027338,37
0.5,360.0,103,response,71103,72103,73103,0.8263888890926356,0.13351877607788595,719,0.0,0.3769123783031989,1.0,47.49999998534292,0.3093833472499005,37
0.5,360.0,103,no_response,71103,72103,73103,0.1222222223036916,0.0584144645340751,719,0.0,0.0,1.0,253.49999998534292,1.0418427851114926,39
0.5,360.0,104,response,71104,72104,73104,0.7458333336183004,0.15299026425591097,719,0.0,0.3657858136300417,1.0,63.49999998534292,0.37656820246950506,36
0.5,360.0,104,no_response,71104,72104,73104,0.17222222246663993,0.07927677329624479,719,0.0,0.0,1.0,174.49999998534292,0.6152029926960746,38
0.5,360.0,105,response,71105,72105,73105,0.7444444446887919,0.1376912378303199,719,0.0,0.32962447844228093,1.0,51.49999998534292,0.3488688069238096,38
0.5,360.0,105,no_response,71105,72105,73105,8.142819751790975e-11,0.0890125173852573,719,0.0,0.0,1.0,339.4999999853429,0.9941102945738848,39
0.5,360.0,106,response,71106,72106,73106,0.7986111114777079,0.1571627260083449,719,0.0013908205841446453,0.34492350486787204,1.0,47.49999998534292,0.31012721404108906,28
0.5,360.0,106,no_response,71106,72106,73106,0.0,0.0890125173852573,719,0.0,0.0,0.0,360.0,1.2021320180782518,35
0.5,360.0,107,response,71107,72107,73107,0.8138888889703484,0.13908205841446453,719,0.0,0.30598052851182195,1.0,60.49999998534292,0.3803861342256176,45
0.5,360.0,107,no_response,71107,72107,73107,0.0,0.1070931849791377,719,0.0,0.0,0.0,360.0,1.2427270639828993,42
0.5,360.0,108,response,71108,72108,73108,0.481944444811129,0.13908205841446453,719,0.0,0.3852573018080668,1.0,130.49999998534292,0.6466982380609267,40
0.5,360.0,108,no_response,71108,72108,73108,0.0,0.10152990264255911,719,0.0,0.0,0.0,360.0,1.1093650586409018,44
0.5,360.0,109,response,71109,72109,73109,0.7236111113962627,0.14603616133518776,719,0.0,0.3574408901251738,1.0,72.49999998534292,0.3697333874263675,35
0.5,360.0,109,no_response,71109,72109,73109,0.18194444456667191,0.09457579972183588,719,0.0,0.0,1.0,241.49999998534292,0.7948530611936259,42
0.5,360.0,110,response,71110,72110,73110,0.5166666668296367,0.11821974965229486,719,0.0,0.3657858136300417,1.0,101.49999998534292,0.5177571824706929,38
0.5,360.0,110,no_response,71110,72110,73110,0.0,0.10152990264255911,719,0.0,0.0,0.0,360.0,1.0783547138529546,32
0.5,360.0,111,response,71111,72111,73111,0.7069444448110214,0.11821974965229486,719,0.0,0.34909596662030595,1.0,91.49999998534292,0.5694795382140118,35
0.5,360.0,111,no_response,71111,72111,73111,0.0166666667480942,0.09735744089012517,719,0.0,0.0,1.0,288.4999999853429,1.0565604573331326,31
0.5,360.0,112,response,71112,72112,73112,0.6847222223443264,0.11961057023643949,719,0.0,0.3852573018080668,1.0,108.49999998534292,0.4506005252253177,34
0.5,360.0,112,no_response,71112,72112,73112,0.004166666707380594,0.07232267037552156,719,0.0,0.0,1.0,358.4999999853429,1.1498310262333715,33
0.5,360.0,113,response,71113,72113,73113,0.4930555560850958,0.0890125173852573,719,0.0,0.41585535465924894,1.0,116.49999998534292,0.6204501054342146,37
0.5,360.0,113,no_response,71113,72113,73113,0.3750000004073573,0.08762169680111266,719,0.0,0.0,1.0,172.49999998534292,0.8757365154225584,25
0.5,360.0,114,response,71114,72114,73114,0.8138888894592964,0.1376912378303199,719,0.0,0.3532684283727399,1.0,47.49999998534292,0.312937249655931,50
0.5,360.0,114,no_response,71114,72114,73114,0.2763888890110163,0.10292072322670376,719,0.0,0.0,1.0,257.4999999853429,0.854341526817259,38
0.5,360.0,115,response,71115,72115,73115,0.7777777781848945,0.12656467315716272,719,0.0,0.3518776077885953,1.0,53.49999998534292,0.34478979103216373,33
0.5,360.0,115,no_response,71115,72115,73115,0.0,0.06675938803894298,719,0.0,0.0,0.0,360.0,1.003406005120115,27
0.5,360.0,116,response,71116,72116,73116,0.7236111114777856,0.11404728789986092,719,0.0,0.3713490959666203,1.0,47.49999998534292,0.3251995114114123,34
0.5,360.0,116,no_response,71116,72116,73116,0.19444444460743274,0.07093184979137691,719,0.0,0.0,1.0,65.49999998534292,0.9742432961020956,26
0.5,360.0,117,response,71117,72117,73117,0.5486111114776024,0.08762169680111266,719,0.0,0.4172461752433936,1.0,79.49999998534292,0.3689463225035414,36
0.5,360.0,117,no_response,71117,72117,73117,0.06944444460734506,0.06536856745479833,719,0.0,0.0,1.0,207.49999998534292,1.0611484868344503,26
0.5,360.0,118,response,71118,72118,73118,0.7041666668703874,0.17663421418636996,719,0.0,0.3143254520166898,1.0,89.49999998534292,0.5172988068375525,44
0.5,360.0,118,no_response,71118,72118,73118,0.17222222238521173,0.06536856745479833,719,0.0,0.0,1.0,204.49999998534292,0.9849653124179706,39
0.5,360.0,119,response,71119,72119,73119,0.5958333336185833,0.08344923504867872,719,0.0,0.4228094575799722,1.0,49.49999998534292,0.3729335657250932,34
0.5,360.0,119,no_response,71119,72119,73119,0.15000000008146785,0.08205841446453407,719,0.0,0.0,1.0,218.49999998534292,0.7078837789103649,32
0.5,360.0,120,response,71120,72120,73120,0.6986111113148322,0.11126564673157163,719,0.0,0.38247566063977745,1.0,90.49999998534292,0.5601252340126943,36
0.5,360.0,120,no_response,71120,72120,73120,0.0,0.08205841446453407,719,0.0,0.0,0.0,360.0,1.0396344175825574,36
0.5,360.0,121,response,71121,72121,73121,0.6708333336998177,0.13908205841446453,719,0.0013908205841446453,0.3741307371349096,1.0,71.49999998534292,0.4018066837561486,35
0.5,360.0,121,no_response,71121,72121,73121,0.0,0.08762169680111266,719,0.0,0.0,0.0,360.0,1.14663432609432,38
0.5,360.0,122,response,71122,72122,73122,0.7236111115591191,0.13630041724617525,719,0.0,0.3866481223922114,1.0,47.49999998534292,0.3250880222681544,32
0.5,360.0,122,no_response,71122,72122,73122,0.17361111131467252,0.08205841446453407,719,0.0,0.0,1.0,206.49999998534292,0.8603589367235038,26
0.5,360.0,123,response,71123,72123,73123,0.6736111115590234,0.12517385257301808,719,0.0,0.40333796940194716,1.0,48.49999998534292,0.3638879558936312,35
0.5,360.0,123,no_response,71123,72123,73123,0.0,0.09040333796940195,719,0.0,0.0,0.0,360.0,1.1200968460112912,39
0.5,360.0,124,response,71124,72124,73124,0.6666666671555778,0.1043115438108484,719,0.0,0.3574408901251738,1.0,47.49999998534292,0.33830829135567186,31
0.5,360.0,124,no_response,71124,72124,73124,0.1444444446072934,0.0890125173852573,719,0.0,0.0,1.0,190.49999998534292,0.828461257727574,23
0.5,360.0,125,response,71125,72125,73125,0.7180555561667028,0.11961057023643949,719,0.0,0.37552155771905427,1.0,58.49999998534292,0.38155493269864243,32
0.5,360.0,125,no_response,71125,72125,73125,0.10555555588126311,0.06258692628650904,719,0.0,0.0,1.0,81.49999998534292,0.6740295493027971,36
0.5,360.0,126,response,71126,72126,73126,0.6180555557591865,0.1474269819193324,719,0.0,0.3143254520166898,1.0,132.49999998534292,0.644778816511696,35
0.5,360.0,126,no_response,71126,72126,73126,0.1000000001628989,0.08623087621696801,719,0.0,0.0,1.0,152.49999998534292,0.804672811354575,34
0.5,360.0,127,response,71127,72127,73127,0.5972222226295669,0.10848400556328233,719,0.0,0.3671766342141864,1.0,83.49999998534292,0.4780646748436115,41
0.5,360.0,127,no_response,71127,72127,73127,0.0,0.06815020862308763,719,0.0,0.0,0.0,360.0,1.1903330532996956,30
0.5,90.0,0,response,71000,72000,73000,0.4611111115996572,0.05027932960893855,179,0.0,0.6983240223463687,1.0,47.49999998534292,0.5699668606350925,6
0.5,90.0,0,no_response,71000,72000,73000,0.0,0.12849162011173185,179,0.0,0.0,0.0,90.0,1.3136530913618132,10
0.5,90.0,1,response,71001,72001,73001,0.30555555571839776,0.05027932960893855,179,0.0,0.7430167597765364,1.0,62.49999998534292,0.7699126934630676,2
0.5,90.0,1,no_response,71001,72001,73001,0.0,0.0446927374301676,179,0.0,0.0,0.0,90.0,1.1926129110300452,7
0.5,90.0,2,response,71002,72002,73002,0.4277777779406131,0.0893854748603352,179,0.0,0.6703910614525139,1.0,51.49999998534292,0.6233689829377854,4
0.5,90.0,2,no_response,71002,72002,73002,0.0,0.09497206703910614,179,0.0,0.0,0.0,90.0,1.2723172211013711,7
0.5,90.0,3,response,71003,72003,73003,0.17222222238507182,0.03910614525139665,179,0.0,0.7541899441340782,1.0,74.49999998534292,0.6726836799962749,4
0.5,90.0,3,no_response,71003,72003,73003,0.0,0.10614525139664804,179,0.0,0.0,0.0,90.0,1.0623877718506451,10
0.5,90.0,4,response,71004,72004,73004,0.1277777779406291,0.0335195530726257,179,0.0,0.6983240223463687,1.0,78.49999998534292,0.9374723699632144,6
0.5,90.0,4,no_response,71004,72004,73004,0.0,0.13966480446927373,179,0.0,0.0,0.0,90.0,1.259223746775943,10
0.5,90.0,5,response,71005,72005,73005,0.03333333365904478,0.10614525139664804,179,0.0,0.5865921787709497,1.0,67.49999998534292,0.8139915369475437,6
0.5,90.0,5,no_response,71005,72005,73005,0.0,0.08379888268156424,179,0.0,0.0,0.0,90.0,0.8513074911243538,6
0.5,90.0,6,response,71006,72006,73006,0.3722222223850607,0.10614525139664804,179,0.0,0.7206703910614525,1.0,56.49999998534292,0.6500094016414093,4
0.5,90.0,6,no_response,71006,72006,73006,0.1388888890517398,0.1005586592178771,179,0.0,0.0,1.0,77.49999998534292,0.7318697516179593,6
0.5,90.0,7,response,71007,72007,73007,0.31111111176309064,0.055865921787709494,179,0.0,0.6983240223463687,1.0,53.49999998534292,0.6340785089841414,5
0.5,90.0,7,no_response,71007,72007,73007,0.0,0.12290502793296089,179,0.0,0.0,0.0,90.0,1.3042230552239829,12
0.5,90.0,8,response,71008,72008,73008,0.3944444449333734,0.05027932960893855,179,0.0,0.7094972067039106,1.0,48.49999998534292,0.5885254643787452,3
0.5,90.0,8,no_response,71008,72008,73008,0.0,0.05027932960893855,179,0.0,0.0,0.0,90.0,0.8862912739174541,5
0.5,90.0,9,response,71009,72009,73009,0.0,0.0670391061452514,179,0.0,0.6256983240223464,0.0,90.0,1.0122417366090646,10
0.5,90.0,9,no_response,71009,72009,73009,3.25712790071639e-10,0.09497206703910614,179,0.0,0.0,1.0,78.49999998534292,0.8601220843577977,8
0.5,90.0,10,response,71010,72010,73010,0.3388888890517292,0.03910614525139665,179,0.0,0.7039106145251397,1.0,59.49999998534292,0.7229169308356868,6
0.5,90.0,10,no_response,71010,72010,73010,0.0,0.09497206703910614,179,0.0,0.0,0.0,90.0,1.2380585159389237,9
0.5,90.0,11,response,71011,72011,73011,0.0055555557184117236,0.055865921787709494,179,0.0,0.6424581005586593,1.0,89.49999998534292,0.8444406432662982,9
0.5,90.0,11,no_response,71011,72011,73011,0.0,0.11173184357541899,179,0.0,0.0,0.0,90.0,1.3690284470707292,11
0.5,90.0,12,response,71012,72012,73012,0.0,0.0670391061452514,179,0.0,0.547486033519553,0.0,90.0,0.7927652027344934,6
0.5,90.0,12,no_response,71012,72012,73012,0.0,0.10614525139664804,179,0.0,0.0,0.0,90.0,0.8475323658192107,5
0.5,90.0,13,response,71013,72013,73013,0.0,0.07262569832402235,179,0.0,0.48044692737430167,0.0,90.0,1.1510541062676225,8
0.5,90.0,13,no_response,71013,72013,73013,0.0,0.1340782122905028,179,0.0,0.0,0.0,90.0,1.2713479286000189,8
0.5,90.0,14,response,71014,72014,73014,0.3277777782663314,0.03910614525139665,179,0.0,0.7430167597765364,1.0,55.49999998534292,0.6828396590708564,3
0.5,90.0,14,no_response,71014,72014,73014,0.0,0.061452513966480445,179,0.0,0.0,0.0,90.0,1.2527574031356246,8
0.5,90.0,15,response,71015,72015,73015,0.472222222385055,0.1340782122905028,179,0.0,0.6536312849162011,1.0,47.49999998534292,0.5671723234118915,3
0.5,90.0,15,no_response,71015,72015,73015,0.3388888890517292,0.0782122905027933,179,0.0,0.0,1.0,59.49999998534292,0.6606654894035942,3
0.5,90.0,16,response,71016,72016,73016,0.45000000016283404,0.0335195530726257,179,0.0,0.7039106145251397,1.0,49.49999998534292,0.5998184910639377,4
0.5,90.0,16,no_response,71016,72016,73016,0.0,0.08379888268156424,179,0.0,0.0,0.0,90.0,1.2062393350133036,10
0.5,90.0,17,response,71017,72017,73017,0.07222222238507575,0.055865921787709494,179,0.0,0.6927374301675978,1.0,83.49999998534292,0.8862618123331286,3
0.5,90.0,17,no_response,71017,72017,73017,0.0,0.0670391061452514,179,0.0,0.0,0.0,90.0,1.1765575964557704,7
0.5,90.0,18,response,71018,72018,73018,0.29444444493337907,0.061452513966480445,179,0.0,0.6983240223463687,1.0,57.49999998534292,0.7086889303495564,4
0.5,90.0,18,no_response,71018,72018,73018,0.0,0.07262569832402235,179,0.0,0.0,0.0,90.0,1.2571948492134755,7
0.5,90.0,19,response,71019,72019,73019,0.3000000003258884,0.027932960893854747,179,0.00558659217877095,0.664804469273743,1.0,47.49999998534292,0.5910790509267231,10
0.5,90.0,19,no_response,71019,72019,73019,0.3111111114369989,0.07262569832402235,179,0.0,0.0,1.0,55.49999998534292,0.5824469456048694,7
0.5,90.0,20,response,71020,72020,73020,0.4166666668295026,0.0782122905027933,179,0.0,0.6536312849162011,1.0,52.49999998534292,0.6339128927191462,6
0.5,90.0,20,no_response,71020,72020,73020,0.0,0.05027932960893855,179,0.0,0.0,0.0,90.0,1.2822857195908666,9
0.5,90.0,21,response,71021,72021,73021,0.472222222385055,0.05027932960893855,179,0.0,0.7821229050279329,1.0,47.49999998534292,0.56830645097713,2
0.5,90.0,21,no_response,71021,72021,73021,0.0,0.05027932960893855,179,0.0,0.0,0.0,90.0,0.8125864056619835,6
0.5,90.0,22,response,71022,72022,73022,0.472222222385055,0.07262569832402235,179,0.0,0.7430167597765364,1.0,47.49999998534292,0.5698420833880199,2
0.5,90.0,22,no_response,71022,72022,73022,0.0,0.0670391061452514,179,0.0,0.0,0.0,90.0,1.0221529565904839,13
0.5,90.0,23,response,71023,72023,73023,0.36111111127395007,0.055865921787709494,179,0.0,0.6927374301675978,1.0,57.49999998534292,0.705092586512976,5
0.5,90.0,23,no_response,71023,72023,73023,0.0,0.1564245810055866,179,0.0,0.0,0.0,90.0,1.2824603091107531,13
0.5,90.0,24,response,71024,72024,73024,0.05000000016285439,0.0335195530726257,179,0.0,0.6871508379888268,1.0,85.49999998534292,1.0574297980375718,7
0.5,90.0,24,no_response,71024,72024,73024,0.0,0.15083798882681565,179,0.0,0.0,0.0,90.0,1.251297104785448,10
0.5,90.0,25,response,71025,72025,73025,0.3111111114369989,0.03910614525139665,179,0.0,0.6815642458100558,1.0,58.49999998534292,0.7167403062941735,5
0.5,90.0,25,no_response,71025,72025,73025,0.0,0.07262569832402235,179,0.0,0.0,0.0,90.0,1.154854007127213,6
0.5,90.0,26,response,71026,72026,73026,0.30555555571839776,0.055865921787709494,179,0.0,0.7039106145251397,1.0,62.49999998534292,0.7590798523358543,6
0.5,90.0,26,no_response,71026,72026,73026,0.0,0.11173184357541899,179,0.0,0.0,0.0,90.0,1.2375257573077025,13
0.5,90.0,27,response,71027,72027,73027,0.472222222385055,0.061452513966480445,179,0.0,0.6927374301675978,1.0,47.49999998534292,0.5688096733042114,2
0.5,90.0,27,no_response,71027,72027,73027,0.0,0.0335195530726257,179,0.0,0.0,0.0,90.0,1.0843625879853216,4
0.5,90.0,28,response,71028,72028,73028,0.038888889051743716,0.03910614525139665,179,0.0,0.6815642458100558,1.0,86.49999998534292,0.9498356582997804,5
0.5,90.0,28,no_response,71028,72028,73028,0.0,0.2011173184357542,179,0.0,0.0,0.0,90.0,1.3871056997295579,10
0.5,90.0,29,response,71029,72029,73029,0.1277777779406291,0.055865921787709494,179,0.0,0.7374301675977654,1.0,78.49999998534292,0.8104724273876053,5
0.5,90.0,29,no_response,71029,72029,73029,0.0,0.055865921787709494,179,0.0,0.0,0.0,90.0,1.163160445605947,7
0.5,90.0,30,response,71030,72030,73030,0.0,0.0111731843575419,179,0.0,0.5921787709497207,0.0,90.0,1.014906125927144,9
0.5,90.0,30,no_response,71030,72030,73030,0.0,0.061452513966480445,179,0.0,0.0,0.0,90.0,0.8881091024067792,10
0.5,90.0,31,response,71031,72031,73031,0.30555555571839776,0.05027932960893855,179,0.0,0.7206703910614525,1.0,62.49999998534292,0.7711585800310822,2
0.5,90.0,31,no_response,71031,72031,73031,0.0,0.1005586592178771,179,0.0,0.0,0.0,90.0,1.2658212090707492,10
0.5,90.0,32,response,71032,72032,73032,0.14444444477015153,0.055865921787709494,179,0.0,0.6089385474860335,1.0,47.49999998534292,0.6067390066760363,8
0.5,90.0,32,no_response,71032,72032,73032,0.0,0.1340782122905028,179,0.0,0.0,0.0,90.0,0.9828445112698821,11
0.5,90.0,33,response,71033,72033,73033,0.472222222385055,0.08379888268156424,179,0.0,0.7094972067039106,1.0,47.49999998534292,0.5670263564322983,5
0.5,90.0,33,no_response,71033,72033,73033,0.0,0.09497206703910614,179,0.0,0.0,0.0,90.0,1.2624671612890896,11
0.5,90.0,34,response,71034,72034,73034,0.20555555571840348,0.027932960893854747,179,0.0,0.7541899441340782,1.0,71.49999998534292,0.7311406613413508,4
0.5,90.0,34,no_response,71034,72034,73034,0.0,0.0670391061452514,179,0.0,0.0,0.0,90.0,0.6979326615082545,7
0.5,90.0,35,response,71035,72035,73035,0.07222222238507575,0.0335195530726257,179,0.0,0.7150837988826816,1.0,83.49999998534292,0.6669516057739434,6
0.5,90.0,35,no_response,71035,72035,73035,0.0,0.0670391061452514,179,0.0,0.0,0.0,90.0,0.8978542321681301,14
0.5,90.0,36,response,71036,72036,73036,0.0055555557184117236,0.055865921787709494,179,0.0,0.659217877094972,1.0,89.49999998534292,0.7937085947205896,5
0.5,90.0,36,no_response,71036,72036,73036,0.0,0.0670391061452514,179,0.0,0.0,0.0,90.0,1.2100711641148323,6
0.5,90.0,37,response,71037,72037,73037,0.0,0.0670391061452514,179,0.0,0.6536312849162011,0.0,90.0,1.093249488655012,6
0.5,90.0,37,no_response,71037,72037,73037,0.16111111127396116,0.0446927374301676,179,0.0,0.0,1.0,75.49999998534292,0.7639924374262124,11
0.5,90.0,38,response,71038,72038,73038,0.4277777779406131,0.1005586592178771,179,0.0,0.6983240223463687,1.0,51.49999998534292,0.6222709306332034,5
0.5,90.0,38,no_response,71038,72038,73038,0.0,0.0782122905027933,179,0.0,0.0,0.0,90.0,1.1884191179882642,10
0.5,90.0,39,response,71039,72039,73039,0.06111111127396507,0.0446927374301676,179,0.0,0.6871508379888268,1.0,84.49999998534292,0.9629532122013457,4
0.5,90.0,39,no_response,71039,72039,73039,0.0,0.10614525139664804,179,0.0,0.0,0.0,90.0,1.2807627935466175,11
0.5,90.0,40,response,71040,72040,73040,0.19444444460729288,0.1005586592178771,179,0.0,0.7039106145251397,1.0,72.49999998534292,0.8501640364593709,6
0.5,90.0,40,no_response,71040,72040,73040,0.0,0.1340782122905028,179,0.0,0.0,0.0,90.0,1.3932009506488612,11
0.5,90.0,41,response,71041,72041,73041,0.32777777794061874,0.061452513966480445,179,0.0,0.7039106145251397,1.0,60.49999998534292,0.7406858683379585,4
0.5,90.0,41,no_response,71041,72041,73041,0.0,0.08379888268156424,179,0.0,0.0,0.0,90.0,0.9839754965332105,10
0.5,90.0,42,response,71042,72042,73042,0.46111111159965734,0.07262569832402235,179,0.0,0.6983240223463687,1.0,47.49999998534292,0.5718061054432904,7
0.5,90.0,42,no_response,71042,72042,73042,0.0,0.0782122905027933,179,0.0,0.0,0.0,90.0,1.3244709635674679,7
0.5,90.0,43,response,71043,72043,73043,0.4000000003258828,0.0670391061452514,179,0.0,0.6927374301675978,1.0,53.49999998534292,0.6521971412932689,3
0.5,90.0,43,no_response,71043,72043,73043,0.027777777940633044,0.061452513966480445,179,0.0,0.0,1.0,87.49999998534292,0.9438208398725777,9
0.5,90.0,44,response,71044,72044,73044,0.1277777779406291,0.027932960893854747,179,0.0,0.7653631284916201,1.0,78.49999998534292,0.9755106924637538,2
0.5,90.0,44,no_response,71044,72044,73044,0.0,0.0782122905027933,179,0.0,0.0,0.0,90.0,1.2590574075694718,9
0.5,90.0,45,response,71045,72045,73045,0.3500000001628397,0.055865921787709494,179,0.0,0.7094972067039106,1.0,58.49999998534292,0.7190533900746013,2
0.5,90.0,45,no_response,71045,72045,73045,0.20555555571840348,0.05027932960893855,179,0.0,0.0,1.0,71.49999998534292,0.7289398694908483,3
0.5,90.0,46,response,71046,72046,73046,0.472222222385055,0.055865921787709494,179,0.0,0.6927374301675978,1.0,47.49999998534292,0.5700594510906535,2
0.5,90.0,46,no_response,71046,72046,73046,0.33333333365903023,0.061452513966480445,179,0.0,0.0,1.0,59.49999998534292,0.6146082763300001,7
0.5,90.0,47,response,71047,72047,73047,0.0,0.055865921787709494,179,0.0,0.6536312849162011,0.0,90.0,1.0697569817486596,6
0.5,90.0,47,no_response,71047,72047,73047,0.0,0.10614525139664804,179,0.0,0.0,0.0,90.0,1.3718515468762167,10
0.5,90.0,48,response,71048,72048,73048,0.3111111114368093,0.055865921787709494,179,0.0,0.7150837988826816,1.0,61.49999998534292,0.7503873074027265,4
0.5,90.0,48,no_response,71048,72048,73048,0.0,0.09497206703910614,179,0.0,0.0,0.0,90.0,1.314783463371652,8
0.5,90.0,49,response,71049,72049,73049,0.0,0.09497206703910614,179,0.0,0.43575418994413406,0.0,90.0,1.1947138197539662,13
0.5,90.0,49,no_response,71049,72049,73049,0.0,0.08379888268156424,179,0.0,0.0,0.0,90.0,1.2411258329973376,6
0.5,90.0,50,response,71050,72050,73050,0.3944444446072817,0.061452513966480445,179,0.0,0.6424581005586593,1.0,54.49999998534292,0.6608050645487944,4
0.5,90.0,50,no_response,71050,72050,73050,0.0,0.03910614525139665,179,0.0,0.0,0.0,90.0,1.0266839825379572,5
0.5,90.0,51,response,71051,72051,73051,0.472222222385055,0.08379888268156424,179,0.0,0.7262569832402235,1.0,47.49999998534292,0.5698752300089706,5
0.5,90.0,51,no_response,71051,72051,73051,0.0,0.01675977653631285,179,0.0,0.0,0.0,90.0,1.0048742320421113,4
0.5,90.0,52,response,71052,72052,73052,0.07777777810348747,0.05027932960893855,179,0.0,0.6312849162011173,1.0,63.49999998534292,0.6247959666963302,10
0.5,90.0,52,no_response,71052,72052,73052,0.0,0.13966480446927373,179,0.0,0.0,0.0,90.0,1.3604374296526855,15
0.5,90.0,53,response,71053,72053,73053,0.1833333334961825,0.027932960893854747,179,0.0,0.7653631284916201,1.0,73.49999998534292,0.9125446716614918,2
0.5,90.0,53,no_response,71053,72053,73053,0.0,0.09497206703910614,179,0.0,0.0,0.0,90.0,1.23786150724187,7
0.5,90.0,54,response,71054,72054,73054,0.472222222385055,0.07262569832402235,179,0.0,0.664804469273743,1.0,47.49999998534292,0.56971630366935,6
0.5,90.0,54,no_response,71054,72054,73054,0.011111111436823445,0.0446927374301676,179,0.0,0.0,1.0,51.49999998534292,0.675364099332105,7
0.5,90.0,55,response,71055,72055,73055,0.0,0.061452513966480445,179,0.0,0.5921787709497207,0.0,90.0,1.0361971069465699,6
0.5,90.0,55,no_response,71055,72055,73055,0.0,0.0782122905027933,179,0.0,0.0,0.0,90.0,1.1599224111982667,10
0.5,90.0,56,response,71056,72056,73056,0.0,0.07262569832402235,179,0.0,0.6145251396648045,0.0,90.0,0.9587520824256675,9
0.5,90.0,56,no_response,71056,72056,73056,0.0,0.12849162011173185,179,0.0,0.0,0.0,90.0,1.2861566346634803,18
0.5,90.0,57,response,71057,72057,73057,0.472222222385055,0.055865921787709494,179,0.0,0.7262569832402235,1.0,47.49999998534292,0.5686563109647158,2
0.5,90.0,57,no_response,71057,72057,73057,0.0,0.055865921787709494,179,0.0,0.0,0.0,90.0,0.9337499070355447,9
0.5,90.0,58,response,71058,72058,73058,0.2722222223850663,0.061452513966480445,179,0.0,0.7150837988826816,1.0,65.49999998534292,0.6209723557990846,6
0.5,90.0,58,no_response,71058,72058,73058,0.0,0.15083798882681565,179,0.0,0.0,0.0,90.0,1.3841029987364066,10
0.5,90.0,59,response,71059,72059,73059,0.3944444446072815,0.061452513966480445,179,0.0,0.6983240223463687,1.0,54.49999998534292,0.6631222444701383,8
0.5,90.0,59,no_response,71059,72059,73059,0.0,0.1340782122905028,179,0.0,0.0,0.0,90.0,1.2769873400573202,7
0.5,90.0,60,response,71060,72060,73060,0.10555555604412056,0.07262569832402235,179,0.0,0.664804469273743,1.0,62.49999998534292,0.7808641936270935,5
0.5,90.0,60,no_response,71060,72060,73060,0.0,0.11731843575418995,179,0.0,0.0,0.0,90.0,1.2338206244561376,11
0.5,90.0,61,response,71061,72061,73061,0.0,0.061452513966480445,179,0.0,0.5698324022346368,0.0,90.0,0.9247329944968491,7
0.5,90.0,61,no_response,71061,72061,73061,0.0,0.05027932960893855,179,0.0,0.0,0.0,90.0,0.9715766110354392,10
0.5,90.0,62,response,71062,72062,73062,0.27777777810366744,0.0335195530726257,179,0.0,0.6983240223463687,1.0,64.49999998534292,0.7851701867889674,2
0.5,90.0,62,no_response,71062,72062,73062,0.0,0.0670391061452514,179,0.0,0.0,0.0,90.0,1.2337846021265004,7
0.5,90.0,63,response,71063,72063,73063,0.06111111127396507,0.0670391061452514,179,0.0,0.6759776536312849,1.0,84.49999998534292,0.8498921500206171,7
0.5,90.0,63,no_response,71063,72063,73063,0.0,0.12290502793296089,179,0.0,0.0,0.0,90.0,1.319171036000345,11
0.5,90.0,64,response,71064,72064,73064,0.1388888890517398,0.0335195530726257,179,0.0,0.776536312849162,1.0,77.49999998534292,0.645562631439514,6
0.5,90.0,64,no_response,71064,72064,73064,0.0,0.0893854748603352,179,0.0,0.0,0.0,90.0,0.9740642232990139,8
0.5,90.0,65,response,71065,72065,73065,0.32777777794061874,0.0782122905027933,179,0.0,0.6983240223463687,1.0,60.49999998534292,0.5808193446426452,6
0.5,90.0,65,no_response,71065,72065,73065,0.0,0.15083798882681565,179,0.0,0.0,0.0,90.0,0.8565719792028885,9
0.5,90.0,66,response,71066,72066,73066,0.40555555571839214,0.07262569832402235,179,0.0,0.6759776536312849,1.0,53.49999998534292,0.6433626936305502,5
0.5,90.0,66,no_response,71066,72066,73066,0.0,0.0782122905027933,179,0.0,0.0,0.0,90.0,1.2381863977429082,5
0.5,90.0,67,response,71067,72067,73067,0.472222222385055,0.0670391061452514,179,0.0,0.6871508379888268,1.0,47.49999998534292,0.5684931349140852,3
0.5,90.0,67,no_response,71067,72067,73067,0.0,0.07262569832402235,179,0.0,0.0,0.0,90.0,1.252763168182861,6
0.5,90.0,68,response,71068,72068,73068,0.30555555571839776,0.07262569832402235,179,0.0,0.7541899441340782,1.0,62.49999998534292,0.7693814254177046,2
0.5,90.0,68,no_response,71068,72068,73068,0.0,0.1340782122905028,179,0.0,0.0,0.0,90.0,1.2978195389019067,8
0.5,90.0,69,response,71069,72069,73069,0.10555555571840777,0.0446927374301676,179,0.0,0.7206703910614525,1.0,80.49999998534292,0.9793949379307856,7
0.5,90.0,69,no_response,71069,72069,73069,0.0,0.05027932960893855,179,0.0,0.0,0.0,90.0,1.1148193675310019,6
0.5,90.0,70,response,71070,72070,73070,0.17222222238507182,0.10614525139664804,179,0.0,0.7486033519553073,1.0,74.49999998534292,0.8045889219553877,7
0.5,90.0,70,no_response,71070,72070,73070,0.0,0.10614525139664804,179,0.0,0.0,0.0,90.0,1.2759096972574344,9
0.5,90.0,71,response,71071,72071,73071,0.4055555560444839,0.0335195530726257,179,0.0,0.7318435754189944,1.0,47.49999998534292,0.5754688909441064,3
0.5,90.0,71,no_response,71071,72071,73071,0.0,0.055865921787709494,179,0.0,0.0,0.0,90.0,1.0645510269070657,8
0.5,90.0,72,response,71072,72072,73072,0.30555555571839776,0.07262569832402235,179,0.0,0.6983240223463687,1.0,62.49999998534292,0.6047864636933156,3
0.5,90.0,72,no_response,71072,72072,73072,0.0,0.0670391061452514,179,0.0,0.0,0.0,90.0,1.023305102759355,7
0.5,90.0,73,response,71073,72073,73073,0.17222222238507182,0.03910614525139665,179,0.0,0.770949720670391,1.0,74.49999998534292,0.6142999629207596,3
0.5,90.0,73,no_response,71073,72073,73073,0.383333333496171,0.0446927374301676,179,0.0,0.0,1.0,55.49999998534292,0.6436614016701662,9
0.5,90.0,74,response,71074,72074,73074,0.472222222385055,0.0670391061452514,179,0.0,0.7318435754189944,1.0,47.49999998534292,0.5683680341312497,6
0.5,90.0,74,no_response,71074,72074,73074,0.07222222271078854,0.0446927374301676,179,0.0,0.0,1.0,81.49999998534292,0.997118626621505,4
0.5,90.0,75,response,71075,72075,73075,0.0,0.1452513966480447,179,0.0,0.547486033519553,0.0,90.0,0.9339117255453591,11
0.5,90.0,75,no_response,71075,72075,73075,0.0,0.17318435754189945,179,0.0,0.0,0.0,90.0,1.073262937650105,13
0.5,90.0,76,response,71076,72076,73076,0.361111111599663,0.07262569832402235,179,0.0,0.6983240223463687,1.0,47.49999998534292,0.5803150485344623,4
0.5,90.0,76,no_response,71076,72076,73076,0.0,0.0782122905027933,179,0.0,0.0,0.0,90.0,0.6822853752890573,14
0.5,90.0,77,response,71077,72077,73077,0.4166666671552152,0.055865921787709494,179,0.0,0.664804469273743,1.0,47.49999998534292,0.5732829435220749,6
0.5,90.0,77,no_response,71077,72077,73077,0.0,0.09497206703910614,179,0.0,0.0,0.0,90.0,1.1978132853941255,11
0.5,90.0,78,response,71078,72078,73078,0.3722222223850607,0.0446927374301676,179,0.0,0.7039106145251397,1.0,56.49999998534292,0.6918590094006792,4
0.5,90.0,78,no_response,71078,72078,73078,0.0,0.09497206703910614,179,0.0,0.0,0.0,90.0,1.0992830997215126,9
0.5,90.0,79,response,71079,72079,73079,0.472222222385055,0.0893854748603352,179,0.0,0.7374301675977654,1.0,47.49999998534292,0.5684755442800004,2
0.5,90.0,79,no_response,71079,72079,73079,0.0,0.08379888268156424,179,0.0,0.0,0.0,90.0,1.0559587534032246,8
0.5,90.0,80,response,71080,72080,73080,0.3500000001628397,0.05027932960893855,179,0.0,0.7262569832402235,1.0,58.49999998534292,0.7197870055324228,2
0.5,90.0,80,no_response,71080,72080,73080,0.0,0.0782122905027933,179,0.0,0.0,0.0,90.0,0.8862185584455616,8
0.5,90.0,81,response,71081,72081,73081,0.472222222385055,0.0670391061452514,179,0.0,0.6983240223463687,1.0,47.49999998534292,0.5696577920120109,3
0.5,90.0,81,no_response,71081,72081,73081,0.0,0.0893854748603352,179,0.0,0.0,0.0,90.0,1.1947156797981522,11
0.5,90.0,82,response,71082,72082,73082,0.15000000048856327,0.05027932960893855,179,0.0,0.6927374301675978,1.0,59.49999998534292,0.6621043892183646,7
0.5,90.0,82,no_response,71082,72082,73082,0.0,0.0670391061452514,179,0.0,0.0,0.0,90.0,0.8325983425397857,8
0.5,90.0,83,response,71083,72083,73083,0.4277777782667048,0.055865921787709494,179,0.0,0.7262569832402235,1.0,47.49999998534292,0.5753501349419963,3
0.5,90.0,83,no_response,71083,72083,73083,0.0,0.061452513966480445,179,0.0,0.0,0.0,90.0,0.766523899750612,12
0.5,90.0,84,response,71084,72084,73084,0.47222222238505485,0.1005586592178771,179,0.0,0.659217877094972,1.0,47.49999998534292,0.5691074883827608,5
0.5,90.0,84,no_response,71084,72084,73084,0.0,0.07262569832402235,179,0.0,0.0,0.0,90.0,0.9196841245171549,10
0.5,90.0,85,response,71085,72085,73085,0.0,0.0670391061452514,179,0.0,0.43575418994413406,0.0,90.0,1.16096655134131,10
0.5,90.0,85,no_response,71085,72085,73085,0.0,0.0893854748603352,179,0.0,0.0,0.0,90.0,0.9638833493276595,12
0.5,90.0,86,response,71086,72086,73086,0.28333333349617684,0.07262569832402235,179,0.0,0.6927374301675978,1.0,64.49999998534292,0.7844941753200665,6
0.5,90.0,86,no_response,71086,72086,73086,0.0,0.0670391061452514,179,0.0,0.0,0.0,90.0,1.3036389241060768,10
0.5,90.0,87,response,71087,72087,73087,0.0222222225479341,0.03910614525139665,179,0.0,0.7150837988826816,1.0,87.49999998534292,0.7226978775548034,8
0.5,90.0,87,no_response,71087,72087,73087,0.0,0.12849162011173185,179,0.0,0.0,0.0,90.0,1.377121797243965,11
0.5,90.0,88,response,71088,72088,73088,0.472222222385055,0.11173184357541899,179,0.0,0.7039106145251397,1.0,47.49999998534292,0.5683563045211062,6
0.5,90.0,88,no_response,71088,72088,73088,0.0,0.0893854748603352,179,0.0,0.0,0.0,90.0,1.2255905605960855,13
0.5,90.0,89,response,71089,72089,73089,0.0,0.08379888268156424,179,0.0,0.44692737430167595,0.0,90.0,1.115482456657707,9
0.5,90.0,89,no_response,71089,72089,73089,0.0,0.08379888268156424,179,0.0,0.0,0.0,90.0,1.275756420499009,5
0.5,90.0,90,response,71090,72090,73090,0.472222222385055,0.061452513966480445,179,0.0,0.6815642458100558,1.0,47.49999998534292,0.5673074808054062,3
0.5,90.0,90,no_response,71090,72090,73090,0.0,0.0782122905027933,179,0.0,0.0,0.0,90.0,1.0369704806684619,7
0.5,90.0,91,response,71091,72091,73091,0.3833333338222629,0.027932960893854747,179,0.0,0.6759776536312849,1.0,47.49999998534292,0.5769565745260938,3
0.5,90.0,91,no_response,71091,72091,73091,0.0,0.12849162011173185,179,0.0,0.0,0.0,90.0,1.2276789301586792,11
0.5,90.0,92,response,71092,72092,73092,0.4166666668295026,0.0782122905027933,179,0.0,0.7374301675977654,1.0,52.49999998534292,0.63721703959919,4
0.5,90.0,92,no_response,71092,72092,73092,0.0,0.11173184357541899,179,0.0,0.0,0.0,90.0,1.2612414519036395,10
0.5,90.0,93,response,71093,72093,73093,0.32777777794061874,0.055865921787709494,179,0.0,0.6871508379888268,1.0,60.49999998534292,0.6836617097171179,3
0.5,90.0,93,no_response,71093,72093,73093,0.0,0.11173184357541899,179,0.0,0.0,0.0,90.0,0.9402227868377195,7
0.5,90.0,94,response,71094,72094,73094,0.23888888905173492,0.0670391061452514,179,0.0,0.6759776536312849,1.0,68.49999998534292,0.8195140836699115,3
0.5,90.0,94,no_response,71094,72094,73094,0.0,0.1005586592178771,179,0.0,0.0,0.0,90.0,1.3018273481704268,6
0.5,90.0,95,response,71095,72095,73095,0.11666666682951844,0.061452513966480445,179,0.0,0.7262569832402235,1.0,79.49999998534292,0.9773615275605836,3
0.5,90.0,95,no_response,71095,72095,73095,0.0,0.0782122905027933,179,0.0,0.0,0.0,90.0,1.219615148770756,9
0.5,90.0,96,response,71096,72096,73096,0.05000000016285439,0.0893854748603352,179,0.0,0.659217877094972,1.0,85.49999998534292,0.6486978409775145,4
0.5,90.0,96,no_response,71096,72096,73096,0.0,0.1340782122905028,179,0.0,0.0,0.0,90.0,1.1486460628835065,8
0.5,90.0,97,response,71097,72097,73097,0.1388888890517398,0.0446927374301676,179,0.0,0.770949720670391,1.0,77.49999998534292,0.9643650760992961,0
0.5,90.0,97,no_response,71097,72097,73097,0.0,0.0670391061452514,179,0.0,0.0,0.0,90.0,1.1100095094687752,2
0.5,90.0,98,response,71098,72098,73098,0.29444444493337907,0.05027932960893855,179,0.0,0.6815642458100558,1.0,57.49999998534292,0.7090776481536487,4
0.5,90.0,98,no_response,71098,72098,73098,0.0,0.10614525139664804,179,0.0,0.0,0.0,90.0,1.3079275379180784,7
0.5,90.0,99,response,71099,72099,73099,0.32777777794061874,0.027932960893854747,179,0.0,0.7318435754189944,1.0,60.49999998534292,0.7431389880470248,2
0.5,90.0,99,no_response,71099,72099,73099,0.0,0.11731843575418995,179,0.0,0.0,0.0,90.0,1.362575584040101,10
0.5,90.0,100,response,71100,72100,73100,0.3833333338222629,0.061452513966480445,179,0.0,0.6759776536312849,1.0,47.49999998534292,0.5773021546623334,4
0.5,90.0,100,no_response,71100,72100,73100,0.0,0.05027932960893855,179,0.0,0.0,0.0,90.0,1.1822187238878912,5
0.5,90.0,101,response,71101,72101,73101,0.1833333334961825,0.01675977653631285,179,0.0,0.7653631284916201,1.0,73.49999998534292,0.9017476858239732,7
0.5,90.0,101,no_response,71101,72101,73101,0.0,0.0223463687150838,179,0.0,0.0,0.0,90.0,0.8477971455483901,9
0.5,90.0,102,response,71102,72102,73102,0.472222222385055,0.061452513966480445,179,0.0,0.7988826815642458,1.0,47.49999998534292,0.5709397710986855,2
0.5,90.0,102,no_response,71102,72102,73102,0.0,0.0782122905027933,179,0.0,0.0,0.0,90.0,1.023167196068713,7
0.5,90.0,103,response,71103,72103,73103,0.472222222385055,0.0782122905027933,179,0.0,0.7262569832402235,1.0,47.49999998534292,0.5676853588623413,2
0.5,90.0,103,no_response,71103,72103,73103,0.0,0.07262569832402235,179,0.0,0.0,0.0,90.0,1.3395795360236493,8
0.5,90.0,104,response,71104,72104,73104,0.2944444446072873,0.027932960893854747,179,0.0,0.7821229050279329,1.0,63.49999998534292,0.7037550078764001,3
0.5,90.0,104,no_response,71104,72104,73104,0.0,0.061452513966480445,179,0.0,0.0,0.0,90.0,0.9892224780660348,10
0.5,90.0,105,response,71105,72105,73105,0.4277777779406131,0.08379888268156424,179,0.0,0.6759776536312849,1.0,51.49999998534292,0.6214329319314275,5
0.5,90.0,105,no_response,71105,72105,73105,0.0,0.0446927374301676,179,0.0,0.0,0.0,90.0,1.3132381522193322,9
0.5,90.0,106,response,71106,72106,73106,0.4277777782667048,0.0446927374301676,179,0.0,0.7318435754189944,1.0,47.49999998534292,0.5736685066792071,3
0.5,90.0,106,no_response,71106,72106,73106,0.0,0.0782122905027933,179,0.0,0.0,0.0,90.0,1.2635571481601737,11
0.5,90.0,107,response,71107,72107,73107,0.32777777794061874,0.0670391061452514,179,0.0,0.7150837988826816,1.0,60.49999998534292,0.7308929090122891,4
0.5,90.0,107,no_response,71107,72107,73107,0.0,0.11173184357541899,179,0.0,0.0,0.0,90.0,1.1431097935019199,10
0.5,90.0,108,response,71108,72108,73108,0.0,0.1005586592178771,179,0.0,0.37988826815642457,0.0,90.0,1.1714132016026162,12
0.5,90.0,108,no_response,71108,72108,73108,0.0,0.12290502793296089,179,0.0,0.0,0.0,90.0,1.0547680103015813,12
0.5,90.0,109,response,71109,72109,73109,0.194444444607293,0.0446927374301676,179,0.0,0.7932960893854749,1.0,72.49999998534292,0.6957338252202161,4
0.5,90.0,109,no_response,71109,72109,73109,0.0,0.07262569832402235,179,0.0,0.0,0.0,90.0,1.1878266802114785,7
0.5,90.0,110,response,71110,72110,73110,0.0,0.061452513966480445,179,0.0,0.5977653631284916,0.0,90.0,0.9484783134637864,9
0.5,90.0,110,no_response,71110,72110,73110,0.0,0.1452513966480447,179,0.0,0.0,0.0,90.0,1.278370055969712,7
0.5,90.0,111,response,71111,72111,73111,0.0,0.055865921787709494,179,0.0,0.6089385474860335,0.0,90.0,1.1138541695891393,4
0.5,90.0,111,no_response,71111,72111,73111,0.0,0.11731843575418995,179,0.0,0.0,0.0,90.0,1.3269559986006407,8
0.5,90.0,112,response,71112,72112,73112,0.0,0.07262569832402235,179,0.0,0.5195530726256983,0.0,90.0,0.85310999681557,12
0.5,90.0,112,no_response,71112,72112,73112,0.0,0.07262569832402235,179,0.0,0.0,0.0,90.0,1.1956118842575043,12
0.5,90.0,113,response,71113,72113,73113,0.0,0.0670391061452514,179,0.0,0.5586592178770949,0.0,90.0,1.1672051138415118,8
0.5,90.0,113,no_response,71113,72113,73113,0.0,0.1005586592178771,179,0.0,0.0,0.0,90.0,1.3918927959995904,7
0.5,90.0,114,response,71114,72114,73114,0.47222222238505496,0.07262569832402235,179,0.0,0.6927374301675978,1.0,47.49999998534292,0.5678086532157351,4
0.5,90.0,114,no_response,71114,72114,73114,0.0,0.11173184357541899,179,0.0,0.0,0.0,90.0,0.980221063502174,11
0.5,90.0,115,response,71115,72115,73115,0.40555555571839214,0.0893854748603352,179,0.0,0.6480446927374302,1.0,53.49999998534292,0.6400303812233374,6
0.5,90.0,115,no_response,71115,72115,73115,0.0,0.09497206703910614,179,0.0,0.0,0.0,90.0,1.2818497918589726,7
0.5,90.0,116,response,71116,72116,73116,0.33888888970391273,0.0335195530726257,179,0.0,0.7150837988826816,1.0,47.49999998534292,0.5804088597225567,3
0.5,90.0,116,no_response,71116,72116,73116,0.2722222223850663,0.0670391061452514,179,0.0,0.0,1.0,65.49999998534292,0.6674828337368175,4
0.5,90.0,117,response,71117,72117,73117,0.11666666682951844,0.0335195530726257,179,0.0,0.7206703910614525,1.0,79.49999998534292,0.6214534933882386,4
0.5,90.0,117,no_response,71117,72117,73117,0.0,0.10614525139664804,179,0.0,0.0,0.0,90.0,1.1211888531574183,10
0.5,90.0,118,response,71118,72118,73118,0.0055555557184117236,0.03910614525139665,179,0.0,0.6871508379888268,1.0,89.49999998534292,1.0135515116000116,5
0.5,90.0,118,no_response,71118,72118,73118,0.0,0.07262569832402235,179,0.0,0.0,0.0,90.0,1.300731418172953,7
0.5,90.0,119,response,71119,72119,73119,0.45000000016283404,0.055865921787709494,179,0.0,0.7094972067039106,1.0,49.49999998534292,0.5970548085766026,2
0.5,90.0,119,no_response,71119,72119,73119,0.0,0.10614525139664804,179,0.0,0.0,0.0,90.0,0.9973141709389053,11
0.5,90.0,120,response,71120,72120,73120,0.0,0.0446927374301676,179,0.0,0.659217877094972,0.0,90.0,1.0897966171110407,7
0.5,90.0,120,no_response,71120,72120,73120,0.0,0.07262569832402235,179,0.0,0.0,0.0,90.0,1.1986362621282947,9
0.5,90.0,121,response,71121,72121,73121,0.1111111114368195,0.1005586592178771,179,0.0,0.6815642458100558,1.0,71.49999998534292,0.7543451906565519,8
0.5,90.0,121,no_response,71121,72121,73121,0.0,0.11173184357541899,179,0.0,0.0,0.0,90.0,1.1965431691149124,12
0.5,90.0,122,response,71122,72122,73122,0.4444444447701352,0.07262569832402235,179,0.0,0.6759776536312849,1.0,47.49999998534292,0.5711829829397929,1
0.5,90.0,122,no_response,71122,72122,73122,0.0,0.12849162011173185,179,0.0,0.0,0.0,90.0,1.2869377952678558,6
0.5,90.0,123,response,71123,72123,73123,0.1888888895403068,0.0893854748603352,179,0.0,0.5865921787709497,1.0,48.49999998534292,0.617739607134126,8
0.5,90.0,123,no_response,71123,72123,73123,0.0,0.11173184357541899,179,0.0,0.0,0.0,90.0,1.2818922644972088,9
0.5,90.0,124,response,71124,72124,73124,0.3111111114369989,0.027932960893854747,179,0.0,0.664804469273743,1.0,47.49999998534292,0.5853242216450958,3
0.5,90.0,124,no_response,71124,72124,73124,0.0,0.0670391061452514,179,0.0,0.0,0.0,90.0,1.1900261435036723,3
0.5,90.0,125,response,71125,72125,73125,0.27777777810366744,0.0335195530726257,179,0.0,0.6759776536312849,1.0,58.49999998534292,0.7119254018348948,3
0.5,90.0,125,no_response,71125,72125,73125,0.09444444460729709,0.05027932960893855,179,0.0,0.0,1.0,81.49999998534292,0.865185272387109,5
0.5,90.0,126,response,71126,72126,73126,0.0,0.0782122905027933,179,0.0,0.3687150837988827,0.0,90.0,1.2243746703249518,11
0.5,90.0,126,no_response,71126,72126,73126,0.0,0.05027932960893855,179,0.0,0.0,0.0,90.0,1.1042991744390052,9
0.5,90.0,127,response,71127,72127,73127,0.07222222238507575,0.07262569832402235,179,0.0,0.664804469273743,1.0,83.49999998534292,0.8919952665544566,5
0.5,90.0,127,no_response,71127,72127,73127,0.0,0.11731843575418995,179,0.0,0.0,0.0,90.0,1.2137055289942094,8
1.0,180.0,0,response,71000,72000,73000,0.21111111143709774,0.0446927374301676,179,0.0,0.553072625698324,1.0,135.49999998534292,0.6062562714452233,18
1.0,180.0,0,no_response,71000,72000,73000,0.0,0.0782122905027933,179,0.0,0.0,0.0,180.0,1.1945840745259875,15
1.0,180.0,1,response,71001,72001,73001,0.5250000004073023,0.0782122905027933,179,0.0,0.5139664804469274,1.0,57.49999998534292,0.5201623678130606,10
1.0,180.0,1,no_response,71001,72001,73001,0.0,0.0893854748603352,179,0.0,0.0,0.0,180.0,1.2313930683940395,19
1.0,180.0,2,response,71002,72002,73002,0.6527777783477398,0.1452513966480447,179,0.0,0.4692737430167598,1.0,55.49999998534292,0.48978453312542564,14
1.0,180.0,2,no_response,71002,72002,73002,0.0,0.061452513966480445,179,0.0,0.0,0.0,180.0,1.2511061772154546,18
1.0,180.0,3,response,71003,72003,73003,0.7361111111924991,0.16201117318435754,179,0.0,0.39106145251396646,1.0,47.49999998534292,0.40712542429957654,16
1.0,180.0,3,no_response,71003,72003,73003,0.0,0.11173184357541899,179,0.0,0.0,0.0,180.0,1.2384380843986045,19
1.0,180.0,4,response,71004,72004,73004,0.6527777780222164,0.09497206703910614,179,0.00558659217877095,0.4860335195530726,1.0,47.49999998534292,0.420623875266775,15
1.0,180.0,4,no_response,71004,72004,73004,0.0,0.12290502793296089,179,0.0,0.0,0.0,180.0,1.1331156653718586,18
1.0,180.0,5,response,71005,72005,73005,0.27222222238506477,0.05027932960893855,179,0.0111731843575419,0.49162011173184356,1.0,67.49999998534292,0.6268368563226346,10
1.0,180.0,5,no_response,71005,72005,73005,0.37222222271105615,0.03910614525139665,179,0.0,0.0,1.0,81.49999998534292,0.5825880953889135,12
1.0,180.0,6,response,71006,72006,73006,0.5305555557998116,0.0893854748603352,179,0.0,0.4972067039106145,1.0,75.49999998534292,0.5309027950366975,14
1.0,180.0,6,no_response,71006,72006,73006,0.01666666682952239,0.0782122905027933,179,0.0,0.0,1.0,101.49999998534292,0.7718693038476283,16
1.0,180.0,7,response,71007,72007,73007,0.4861111113553697,0.09497206703910614,179,0.0,0.4860335195530726,1.0,91.49999998534292,0.7097229506410709,21
1.0,180.0,7,no_response,71007,72007,73007,0.0,0.1005586592178771,179,0.0,0.0,0.0,180.0,1.3151425778218866,19
1.0,180.0,8,response,71008,72008,73008,0.7250000000813888,0.15083798882681565,179,0.0,0.441340782122905,1.0,49.49999998534292,0.4276499087389621,13
1.0,180.0,8,no_response,71008,72008,73008,0.0,0.0670391061452514,179,0.0,0.0,0.0,180.0,0.9473870498493321,14
1.0,180.0,9,response,71009,72009,73009,0.6305555557999954,0.15083798882681565,179,0.0,0.43575418994413406,1.0,59.49999998534292,0.5206363627544878,12
1.0,180.0,9,no_response,71009,72009,73009,0.0,0.10614525139664804,179,0.0,0.0,0.0,180.0,1.1718646110650601,16
1.0,180.0,10,response,71010,72010,73010,0.6916666667480572,0.15083798882681565,179,0.0,0.41899441340782123,1.0,55.49999998534292,0.4787808591737045,20
1.0,180.0,10,no_response,71010,72010,73010,0.0,0.0893854748603352,179,0.0,0.0,0.0,180.0,0.7974347761555286,22
1.0,180.0,11,response,71011,72011,73011,0.5750000002442536,0.09497206703910614,179,0.0,0.4581005586592179,1.0,57.49999998534292,0.5170213836110746,14
1.0,180.0,11,no_response,71011,72011,73011,0.0,0.0446927374301676,179,0.0,0.0,0.0,180.0,0.893460189997914,14
1.0,180.0,12,response,71012,72012,73012,0.5944444449329815,0.1005586592178771,179,0.0,0.4301675977653631,1.0,47.49999998534292,0.4260933648339959,13
1.0,180.0,12,no_response,71012,72012,73012,0.047222222303648545,0.0782122905027933,179,0.0,0.0,1.0,171.49999998534292,1.0976176221455471,10
1.0,180.0,13,response,71013,72013,73013,0.6361111111925049,0.1564245810055866,179,0.0,0.43575418994413406,1.0,65.49999998534292,0.5282591956395822,14
1.0,180.0,13,no_response,71013,72013,73013,0.0,0.08379888268156424,179,0.0,0.0,0.0,180.0,1.0768616954424133,15
1.0,180.0,14,response,71014,72014,73014,0.6805555556369467,0.10614525139664804,179,0.0,0.4581005586592179,1.0,57.49999998534292,0.5045437983410814,16
1.0,180.0,14,no_response,71014,72014,73014,0.0,0.07262569832402235,179,0.0,0.0,0.0,180.0,1.0920927921503114,18
1.0,180.0,15,response,71015,72015,73015,0.6861111116814501,0.09497206703910614,179,0.0,0.4860335195530726,1.0,47.49999998534292,0.41678664939163745,8
1.0,180.0,15,no_response,71015,72015,73015,0.0,0.05027932960893855,179,0.0,0.0,0.0,180.0,0.9095737707544352,12
1.0,180.0,16,response,71016,72016,73016,0.6472222226297071,0.08379888268156424,179,0.0,0.4748603351955307,1.0,55.49999998534292,0.48842604353166763,17
1.0,180.0,16,no_response,71016,72016,73016,0.03055555579983893,0.061452513966480445,179,0.0,0.0,1.0,153.49999998534292,0.6817624219623695,20
1.0,180.0,17,response,71017,72017,73017,0.5750000002442536,0.1340782122905028,179,0.0,0.45251396648044695,1.0,67.49999998534292,0.6002147763740735,12
1.0,180.0,17,no_response,71017,72017,73017,0.0,0.0446927374301676,179,0.0,0.0,0.0,180.0,0.9651436277685408,14
1.0,180.0,18,response,71018,72018,73018,0.5583333337408232,0.09497206703910614,179,0.0,0.4581005586592179,1.0,67.49999998534292,0.6015276847789743,10
1.0,180.0,18,no_response,71018,72018,73018,0.0,0.09497206703910614,179,0.0,0.0,0.0,180.0,1.216691323951058,14
1.0,180.0,19,response,71019,72019,73019,0.7361111111924992,0.1340782122905028,179,0.0,0.46368715083798884,1.0,47.49999998534292,0.4123698447860682,21
1.0,180.0,19,no_response,71019,72019,73019,0.0,0.11731843575418995,179,0.0,0.0,0.0,180.0,1.0698909601761586,20
1.0,180.0,20,response,71020,72020,73020,0.5277777785926946,0.0670391061452514,179,0.0,0.4748603351955307,1.0,57.49999998534292,0.5124798099004024,12
1.0,180.0,20,no_response,71020,72020,73020,0.0,0.1005586592178771,179,0.0,0.0,0.0,180.0,1.2334234201333028,19
1.0,180.0,21,response,71021,72021,73021,0.7305555557999899,0.10614525139664804,179,0.0,0.5139664804469274,1.0,47.49999998534292,0.41238601118638846,8
1.0,180.0,21,no_response,71021,72021,73021,0.0,0.0446927374301676,179,0.0,0.0,0.0,180.0,0.944840962514032,13
1.0,180.0,22,response,71022,72022,73022,0.5472222223036209,0.1787709497206704,179,0.0,0.41899441340782123,1.0,81.49999998534292,0.4483252787380579,20
1.0,180.0,22,no_response,71022,72022,73022,0.0,0.15083798882681565,179,0.0,0.0,0.0,180.0,1.356752659027346,21
1.0,180.0,23,response,71023,72023,73023,0.30277777785919036,0.09497206703910614,179,0.0,0.4972067039106145,1.0,125.49999998534292,0.7552041666551721,21
1.0,180.0,23,no_response,71023,72023,73023,0.0,0.13966480446927373,179,0.0,0.0,0.0,180.0,1.2358173183947716,24
1.0,180.0,24,response,71024,72024,73024,0.6138888889702838,0.11731843575418995,179,0.0,0.4860335195530726,1.0,69.49999998534292,0.6136557123773343,12
1.0,180.0,24,no_response,71024,72024,73024,0.0,0.061452513966480445,179,0.0,0.0,0.0,180.0,1.130111105648958,15
1.0,180.0,25,response,71025,72025,73025,0.5027777781852708,0.1005586592178771,179,0.0,0.4748603351955307,1.0,75.49999998534292,0.6439358146068063,11
1.0,180.0,25,no_response,71025,72025,73025,0.0,0.13966480446927373,179,0.0,0.0,0.0,180.0,1.3459849759769071,16
1.0,180.0,26,response,71026,72026,73026,0.5472222223036209,0.1787709497206704,179,0.0,0.39106145251396646,1.0,81.49999998534292,0.5003865172710675,18
1.0,180.0,26,no_response,71026,72026,73026,0.013888888970316522,0.0446927374301676,179,0.0,0.0,1.0,177.49999998534292,1.0761433196579535,19
1.0,180.0,27,response,71027,72027,73027,0.6583333334147258,0.15083798882681565,179,0.0,0.4581005586592179,1.0,61.49999998534292,0.5358026170563598,13
1.0,180.0,27,no_response,71027,72027,73027,0.0,0.10614525139664804,179,0.0,0.0,0.0,180.0,0.8367609508628415,15
1.0,180.0,28,response,71028,72028,73028,0.5000000006517777,0.12290502793296089,179,0.00558659217877095,0.441340782122905,1.0,53.49999998534292,0.4885898075072779,18
1.0,180.0,28,no_response,71028,72028,73028,0.0,0.12849162011173185,179,0.0,0.0,0.0,180.0,1.0399337585741804,21
1.0,180.0,29,response,71029,72029,73029,0.39166666707416603,0.08379888268156424,179,0.0,0.5363128491620112,1.0,81.49999998534292,0.5813814964757981,11
1.0,180.0,29,no_response,71029,72029,73029,0.0,0.07262569832402235,179,0.0,0.0,0.0,180.0,0.8626367846447419,14
1.0,180.0,30,response,71030,72030,73030,0.4805555556369581,0.1564245810055866,179,0.0,0.441340782122905,1.0,93.49999998534292,0.6191427765691659,21
1.0,180.0,30,no_response,71030,72030,73030,0.3666666669923603,0.08379888268156424,179,0.0,0.0,1.0,79.49999998534292,0.5687569291397211,20
1.0,180.0,31,response,71031,72031,73031,0.5083333335775907,0.12849162011173185,179,0.0,0.4860335195530726,1.0,73.49999998534292,0.6529284459690491,13
1.0,180.0,31,no_response,71031,72031,73031,0.0,0.12849162011173185,179,0.0,0.0,0.0,180.0,1.2704557362528526,20
1.0,180.0,32,response,71032,72032,73032,0.6972222224666583,0.11173184357541899,179,0.0,0.5027932960893855,1.0,53.49999998534292,0.4290868857883578,15
1.0,180.0,32,no_response,71032,72032,73032,0.0,0.12849162011173185,179,0.0,0.0,0.0,180.0,1.1824494351415902,19
1.0,180.0,33,response,71033,72033,73033,0.7361111111924992,0.15083798882681565,179,0.0,0.441340782122905,1.0,47.49999998534292,0.40958515598102163,18
1.0,180.0,33,no_response,71033,72033,73033,0.0,0.15083798882681565,179,0.0,0.0,0.0,180.0,1.348464146929965,25
1.0,180.0,34,response,71034,72034,73034,0.31944444501442526,0.05027932960893855,179,0.0,0.5139664804469274,1.0,65.49999998534292,0.48772487690864985,16
1.0,180.0,34,no_response,71034,72034,73034,0.0,0.07262569832402235,179,0.0,0.0,0.0,180.0,1.1553893042799237,14
1.0,180.0,35,response,71035,72035,73035,0.5805555559626652,0.0893854748603352,179,0.0,0.4748603351955307,1.0,65.49999998534292,0.4505601452019969,19
1.0,180.0,35,no_response,71035,72035,73035,0.0,0.0782122905027933,179,0.0,0.0,0.0,180.0,0.7556571827077229,26
1.0,180.0,36,response,71036,72036,73036,0.18055555563697512,0.09497206703910614,179,0.0,0.547486033519553,1.0,147.49999998534292,0.7963583782862245,12
1.0,180.0,36,no_response,71036,72036,73036,0.0,0.0670391061452514,179,0.0,0.0,0.0,180.0,1.1976458389505455,8
1.0,180.0,37,response,71037,72037,73037,0.5638888891331431,0.07262569832402235,179,0.0,0.5363128491620112,1.0,75.49999998534292,0.5004975302414363,15
1.0,180.0,37,no_response,71037,72037,73037,0.09722222246650283,0.055865921787709494,179,0.0,0.0,1.0,79.49999998534292,0.6614495865563413,16
1.0,180.0,38,response,71038,72038,73038,0.525000000733394,0.0446927374301676,179,0.0,0.5251396648044693,1.0,55.49999998534292,0.5070963090643249,16
1.0,180.0,38,no_response,71038,72038,73038,0.0,0.13966480446927373,179,0.0,0.0,0.0,180.0,1.2756070450312404,20
1.0,180.0,39,response,71039,72039,73039,0.6500000004888181,0.15083798882681565,179,0.0,0.4748603351955307,1.0,51.49999998534292,0.4409635913416071,18
1.0,180.0,39,no_response,71039,72039,73039,0.21111111143690825,0.08379888268156424,179,0.0,0.0,1.0,121.49999998534292,0.6937787031099233,18
1.0,180.0,40,response,71040,72040,73040,0.4916666667480686,0.1005586592178771,179,0.0,0.5195530726256983,1.0,91.49999998534292,0.7242405984508491,14
1.0,180.0,40,no_response,71040,72040,73040,0.0,0.07262569832402235,179,0.0,0.0,0.0,180.0,1.1489802241794922,23
1.0,180.0,41,response,71041,72041,73041,0.5055555557183848,0.16759776536312848,179,0.0,0.39664804469273746,1.0,65.49999998534292,0.5800996083049508,15
1.0,180.0,41,no_response,71041,72041,73041,0.0,0.0893854748603352,179,0.0,0.0,0.0,180.0,0.9937560621757776,17
1.0,180.0,42,response,71042,72042,73042,0.6750000002444374,0.10614525139664804,179,0.0,0.4860335195530726,1.0,47.49999998534292,0.4165626536842224,13
1.0,180.0,42,no_response,71042,72042,73042,0.05000000016285441,0.0670391061452514,179,0.0,0.0,1.0,157.49999998534292,1.0820618179095771,14
1.0,180.0,43,response,71043,72043,73043,0.3666666673181677,0.0782122905027933,179,0.00558659217877095,0.49162011173184356,1.0,69.49999998534292,0.6402464803148508,16
1.0,180.0,43,no_response,71043,72043,73043,0.0,0.12849162011173185,179,0.0,0.0,0.0,180.0,1.378009837087933,20
1.0,180.0,44,response,71044,72044,73044,0.6027777785113568,0.1005586592178771,179,0.0,0.5139664804469274,1.0,61.49999998534292,0.5486994724902768,18
1.0,180.0,44,no_response,71044,72044,73044,0.0,0.0893854748603352,179,0.0,0.0,0.0,180.0,1.023786001944632,24
1.0,180.0,45,response,71045,72045,73045,0.4805555559630498,0.05027932960893855,179,0.0,0.5307262569832403,1.0,83.49999998534292,0.7372772733360057,11
1.0,180.0,45,no_response,71045,72045,73045,0.0916666667480912,0.03910614525139665,179,0.0,0.0,1.0,163.49999998534292,1.0258698206346113,10
1.0,180.0,46,response,71046,72046,73046,0.7250000004074805,0.0893854748603352,179,0.0,0.4972067039106145,1.0,47.49999998534292,0.41618372011514915,17
1.0,180.0,46,no_response,71046,72046,73046,0.0,0.0782122905027933,179,0.0,0.0,0.0,180.0,1.2758125950850996,15
1.0,180.0,47,response,71047,72047,73047,0.5638888891333326,0.0670391061452514,179,0.0,0.5083798882681564,1.0,59.49999998534292,0.5324450936742449,14
1.0,180.0,47,no_response,71047,72047,73047,0.09722222246650283,0.061452513966480445,179,0.0,0.0,1.0,157.49999998534292,0.6951706425203956,16
1.0,180.0,48,response,71048,72048,73048,0.5027777781850813,0.1005586592178771,179,0.0,0.5251396648044693,1.0,83.49999998534292,0.69513228157588,14
1.0,180.0,48,no_response,71048,72048,73048,0.0,0.0670391061452514,179,0.0,0.0,0.0,180.0,0.8851415454917664,13
1.0,180.0,49,response,71049,72049,73049,0.4472222223036267,0.09497206703910614,179,0.0,0.4692737430167598,1.0,99.49999998534292,0.6740128584332289,16
1.0,180.0,49,no_response,71049,72049,73049,0.0,0.061452513966480445,179,0.0,0.0,0.0,180.0,1.119783709274053,17
1.0,180.0,50,response,71050,72050,73050,0.4861111116810825,0.10614525139664804,179,0.0,0.4860335195530726,1.0,61.49999998534292,0.5479537693394725,10
1.0,180.0,50,no_response,71050,72050,73050,0.19722222246649715,0.061452513966480445,179,0.0,0.0,1.0,111.49999998534292,0.8425068413833681,12
1.0,180.0,51,response,71051,72051,73051,0.6638888891333269,0.0782122905027933,179,0.0,0.5027932960893855,1.0,47.49999998534292,0.4169572320194586,9
1.0,180.0,51,no_response,71051,72051,73051,0.0,0.05027932960893855,179,0.0,0.0,0.0,180.0,0.9828869043113075,13
1.0,180.0,52,response,71052,72052,73052,0.7027777781850699,0.11731843575418995,179,0.0,0.441340782122905,1.0,47.49999998534292,0.41590062915717063,20
1.0,180.0,52,no_response,71052,72052,73052,0.01666666682952239,0.055865921787709494,179,0.0,0.0,1.0,57.49999998534292,0.6862134426611645,21
1.0,180.0,53,response,71053,72053,73053,0.6083333339034873,0.0893854748603352,179,0.0,0.5363128491620112,1.0,61.49999998534292,0.547211110998307,9
1.0,180.0,53,no_response,71053,72053,73053,0.0,0.061452513966480445,179,0.0,0.0,0.0,180.0,1.1752219648503273,15
1.0,180.0,54,response,71054,72054,73054,0.6750000002442479,0.1005586592178771,179,0.0,0.44692737430167595,1.0,57.49999998534292,0.5004620087701203,15
1.0,180.0,54,no_response,71054,72054,73054,0.0,0.0782122905027933,179,0.0,0.0,0.0,180.0,0.9332380903785112,19
1.0,180.0,55,response,71055,72055,73055,0.6861111113555478,0.0782122905027933,179,0.0,0.4581005586592179,1.0,53.49999998534292,0.4672948153408563,12
1.0,180.0,55,no_response,71055,72055,73055,0.0,0.08379888268156424,179,0.0,0.0,0.0,180.0,1.2949251372612662,19
1.0,180.0,56,response,71056,72056,73056,0.6027777781852651,0.11173184357541899,179,0.0,0.4581005586592179,1.0,67.49999998534292,0.5729611194875659,19
1.0,180.0,56,no_response,71056,72056,73056,0.0,0.12849162011173185,179,0.0,0.0,0.0,180.0,1.2899353988992366,27
1.0,180.0,57,response,71057,72057,73057,0.6583333340667198,0.07262569832402235,179,0.0,0.5139664804469274,1.0,47.49999998534292,0.42035434787542547,16
1.0,180.0,57,no_response,71057,72057,73057,0.0,0.09497206703910614,179,0.0,0.0,0.0,180.0,1.1651304171159926,19
1.0,180.0,58,response,71058,72058,73058,0.7138888892961806,0.0893854748603352,179,0.0,0.4692737430167598,1.0,47.49999998534292,0.41493239074442706,14
1.0,180.0,58,no_response,71058,72058,73058,0.0,0.12290502793296089,179,0.0,0.0,0.0,180.0,1.3049921242844515,19
1.0,180.0,59,response,71059,72059,73059,0.605555555718474,0.09497206703910614,179,0.0,0.44692737430167595,1.0,61.49999998534292,0.5440383973377003,18
1.0,180.0,59,no_response,71059,72059,73059,0.19166666739951108,0.07262569832402235,179,0.0,0.0,1.0,87.49999998534292,0.6745434670122384,16
1.0,180.0,60,response,71060,72060,73060,0.4583333337404498,0.09497206703910614,179,0.0,0.5251396648044693,1.0,53.49999998534292,0.4973127788424535,17
1.0,180.0,60,no_response,71060,72060,73060,0.0,0.061452513966480445,179,0.0,0.0,0.0,180.0,1.0780166974588088,18
1.0,180.0,61,response,71061,72061,73061,0.25833333341474846,0.08379888268156424,179,0.0,0.5586592178770949,1.0,133.49999998534292,0.7949171864624216,13
1.0,180.0,61,no_response,71061,72061,73061,0.15833333341475406,0.09497206703910614,179,0.0,0.0,1.0,151.49999998534292,0.826524181268898,19
1.0,180.0,62,response,71062,72062,73062,0.6250000004072965,0.11173184357541899,179,0.0,0.4748603351955307,1.0,53.49999998534292,0.47496432614577627,13
1.0,180.0,62,no_response,71062,72062,73062,0.0,0.1005586592178771,179,0.0,0.0,0.0,180.0,1.2532446777154977,12
1.0,180.0,63,response,71063,72063,73063,0.19444444460738614,0.0670391061452514,179,0.0,0.4860335195530726,1.0,87.49999998534292,0.7198147909937062,18
1.0,180.0,63,no_response,71063,72063,73063,0.22500000040712972,0.055865921787709494,179,0.0,0.0,1.0,75.49999998534292,0.6707839526338663,15
1.0,180.0,64,response,71064,72064,73064,0.5638888897845686,0.05027932960893855,179,0.0,0.5139664804469274,1.0,51.49999998534292,0.46546511982938277,13
1.0,180.0,64,no_response,71064,72064,73064,0.0,0.0670391061452514,179,0.0,0.0,0.0,180.0,1.1498135114491872,20
1.0,180.0,65,response,71065,72065,73065,0.4694444448515604,0.09497206703910614,179,0.0,0.4245810055865922,1.0,47.49999998534292,0.46411684352589955,12
1.0,180.0,65,no_response,71065,72065,73065,0.1055555557184075,0.0782122905027933,179,0.0,0.0,1.0,145.49999998534292,0.6359804329624515,16
1.0,180.0,66,response,71066,72066,73066,0.641666666911106,0.16759776536312848,179,0.0,0.45251396648044695,1.0,59.49999998534292,0.5056656778720287,9
1.0,180.0,66,no_response,71066,72066,73066,0.0,0.10614525139664804,179,0.0,0.0,0.0,180.0,1.0923898368053202,16
1.0,180.0,67,response,71067,72067,73067,0.7083333335777688,0.07262569832402235,179,0.0,0.5027932960893855,1.0,47.49999998534292,0.4126661281633512,9
1.0,180.0,67,no_response,71067,72067,73067,0.0,0.0782122905027933,179,0.0,0.0,0.0,180.0,1.247327810427822,10
1.0,180.0,68,response,71068,72068,73068,0.48055555596304983,0.11173184357541899,179,0.0,0.4748603351955307,1.0,79.49999998534292,0.6507909717327733,18
1.0,180.0,68,no_response,71068,72068,73068,0.0,0.0893854748603352,179,0.0,0.0,0.0,180.0,1.2900111971951596,16
1.0,180.0,69,response,71069,72069,73069,0.6250000004071071,0.16201117318435754,179,0.0,0.44692737430167595,1.0,61.49999998534292,0.5358814130839875,17
1.0,180.0,69,no_response,71069,72069,73069,0.0,0.09497206703910614,179,0.0,0.0,0.0,180.0,1.076436507907249,15
1.0,180.0,70,response,71070,72070,73070,0.45555555588152824,0.1005586592178771,179,0.0,0.4301675977653631,1.0,79.49999998534292,0.6942750015503759,14
1.0,180.0,70,no_response,71070,72070,73070,0.0,0.11173184357541899,179,0.0,0.0,0.0,180.0,1.1132475016814554,17
1.0,180.0,71,response,71071,72071,73071,0.7000000003259589,0.07262569832402235,179,0.0,0.5195530726256983,1.0,47.49999998534292,0.4152803604527588,12
1.0,180.0,71,no_response,71071,72071,73071,0.0,0.055865921787709494,179,0.0,0.0,0.0,180.0,1.1060259189247468,17
1.0,180.0,72,response,71072,72072,73072,0.7305555557999899,0.1564245810055866,179,0.0,0.441340782122905,1.0,47.49999998534292,0.40941692957451054,11
1.0,180.0,72,no_response,71072,72072,73072,0.0,0.07262569832402235,179,0.0,0.0,0.0,180.0,0.855279031791507,14
1.0,180.0,73,response,71073,72073,73073,0.5472222226293337,0.0782122905027933,179,0.0,0.5363128491620112,1.0,47.49999998534292,0.44055520526818354,14
1.0,180.0,73,no_response,71073,72073,73073,0.41388888929638695,0.08379888268156424,179,0.0,0.0,1.0,73.49999998534292,0.5429098554190208,16
1.0,180.0,74,response,71074,72074,73074,0.4666666673186358,0.11173184357541899,179,0.00558659217877095,0.46368715083798884,1.0,47.49999998534292,0.4643322565194455,21
1.0,180.0,74,no_response,71074,72074,73074,0.0,0.08379888268156424,179,0.0,0.0,0.0,180.0,1.098603153503979,17
1.0,180.0,75,response,71075,72075,73075,0.14166666691094482,0.12290502793296089,179,0.0,0.48044692737430167,1.0,129.49999998534292,0.8083646042061303,15
1.0,180.0,75,no_response,71075,72075,73075,0.0,0.08379888268156424,179,0.0,0.0,0.0,180.0,1.3289611648869875,16
1.0,180.0,76,response,71076,72076,73076,0.7083333335777688,0.13966480446927373,179,0.0,0.46368715083798884,1.0,47.49999998534292,0.41151211673803584,14
1.0,180.0,76,no_response,71076,72076,73076,0.0,0.09497206703910614,179,0.0,0.0,0.0,180.0,0.8641604789235209,18
1.0,180.0,77,response,71077,72077,73077,0.680555555962849,0.09497206703910614,179,0.0,0.49162011173184356,1.0,47.49999998534292,0.41577771839182254,10
1.0,180.0,77,no_response,71077,72077,73077,0.03888888905174374,0.0893854748603352,179,0.0,0.0,1.0,157.49999998534292,1.060599411234568,15
1.0,180.0,78,response,71078,72078,73078,0.6333333336592959,0.11731843575418995,179,0.00558659217877095,0.48044692737430167,1.0,55.49999998534292,0.4934999718563531,14
1.0,180.0,78,no_response,71078,72078,73078,0.0,0.08379888268156424,179,0.0,0.0,0.0,180.0,1.2636085891868034,15
1.0,180.0,79,response,71079,72079,73079,0.7194444446888794,0.12290502793296089,179,0.0,0.4134078212290503,1.0,47.49999998534292,0.4108365449502542,15
1.0,180.0,79,no_response,71079,72079,73079,0.0,0.1005586592178771,179,0.0,0.0,0.0,180.0,0.8620337709290843,21
1.0,180.0,80,response,71080,72080,73080,0.5861111113553641,0.0893854748603352,179,0.0,0.5139664804469274,1.0,69.49999998534292,0.6171367577593954,9
1.0,180.0,80,no_response,71080,72080,73080,0.0,0.0782122905027933,179,0.0,0.0,0.0,180.0,0.9047946359994236,16
1.0,180.0,81,response,71081,72081,73081,0.500000000325686,0.07262569832402235,179,0.0,0.46368715083798884,1.0,47.49999998534292,0.46202934009769286,14
1.0,180.0,81,no_response,71081,72081,73081,0.0,0.055865921787709494,179,0.0,0.0,0.0,180.0,1.1515612590450113,14
1.0,180.0,82,response,71082,72082,73082,0.6305555561258976,0.08379888268156424,179,0.0,0.5195530726256983,1.0,53.49999998534292,0.4757590426535961,15
1.0,180.0,82,no_response,71082,72082,73082,0.0,0.07262569832402235,179,0.0,0.0,0.0,180.0,0.8290074386477675,16
1.0,180.0,83,response,71083,72083,73083,0.5916666667480629,0.16759776536312848,179,0.0,0.5027932960893855,1.0,73.49999998534292,0.559082581854716,19
1.0,180.0,83,no_response,71083,72083,73083,0.0,0.07262569832402235,179,0.0,0.0,0.0,180.0,1.079921807869027,21
1.0,180.0,84,response,71084,72084,73084,0.7000000003258642,0.13966480446927373,179,0.0,0.4022346368715084,1.0,47.49999998534292,0.4124398946109174,17
1.0,180.0,84,no_response,71084,72084,73084,0.047222222303648545,0.11173184357541899,179,0.0,0.0,1.0,171.49999998534292,0.7844035242710788,19
1.0,180.0,85,response,71085,72085,73085,0.3972222224666754,0.12290502793296089,179,0.0,0.5083798882681564,1.0,103.49999998534292,0.6990533281199331,16
1.0,180.0,85,no_response,71085,72085,73085,0.0,0.13966480446927373,179,0.0,0.0,0.0,180.0,1.3283423253564324,18
1.0,180.0,86,response,71086,72086,73086,0.6638888891333269,0.11731843575418995,179,0.0,0.4748603351955307,1.0,55.49999998534292,0.43977772163269363,13
1.0,180.0,86,no_response,71086,72086,73086,0.0,0.0670391061452514,179,0.0,0.0,0.0,180.0,0.6987353655792061,17
1.0,180.0,87,response,71087,72087,73087,0.6194444446888849,0.1452513966480447,179,0.0,0.4748603351955307,1.0,53.49999998534292,0.4747256517657776,11
1.0,180.0,87,no_response,71087,72087,73087,0.1944444449330041,0.0782122905027933,179,0.0,0.0,1.0,115.49999998534292,0.679159611415297,20
1.0,180.0,88,response,71088,72088,73088,0.6694444445258363,0.10614525139664804,179,0.0,0.4860335195530726,1.0,59.49999998534292,0.4584127203974834,14
1.0,180.0,88,no_response,71088,72088,73088,0.0,0.11731843575418995,179,0.0,0.0,0.0,180.0,0.7802791523266218,20
1.0,180.0,89,response,71089,72089,73089,0.48611111168165094,0.0782122905027933,179,0.0,0.5251396648044693,1.0,53.49999998534292,0.49170451831697215,17
1.0,180.0,89,no_response,71089,72089,73089,0.0,0.07262569832402235,179,0.0,0.0,0.0,180.0,1.1034874011262858,15
1.0,180.0,90,response,71090,72090,73090,0.4750000005705405,0.061452513966480445,179,0.00558659217877095,0.46368715083798884,1.0,47.49999998534292,0.4500024691290138,17
1.0,180.0,90,no_response,71090,72090,73090,0.0,0.10614525139664804,179,0.0,0.0,0.0,180.0,1.3115707292318537,14
1.0,180.0,91,response,71091,72091,73091,0.6361111115185966,0.12290502793296089,179,0.00558659217877095,0.4860335195530726,1.0,47.49999998534292,0.422479453806791,11
1.0,180.0,91,no_response,71091,72091,73091,0.0,0.0782122905027933,179,0.0,0.0,0.0,180.0,1.2857388710171456,20
1.0,180.0,92,response,71092,72092,73092,0.3861111113555649,0.061452513966480445,179,0.0,0.5698324022346368,1.0,57.49999998534292,0.5771385352659011,12
1.0,180.0,92,no_response,71092,72092,73092,0.0,0.1005586592178771,179,0.0,0.0,0.0,180.0,1.2291803954035558,20
1.0,180.0,93,response,71093,72093,73093,0.48055555596286037,0.1005586592178771,179,0.0,0.46368715083798884,1.0,71.49999998534292,0.5075518583247312,12
1.0,180.0,93,no_response,71093,72093,73093,0.0,0.061452513966480445,179,0.0,0.0,0.0,180.0,1.0717814868505406,11
1.0,180.0,94,response,71094,72094,73094,0.6250000007331988,0.11731843575418995,179,0.0,0.5251396648044693,1.0,47.49999998534292,0.42295783871838744,14
1.0,180.0,94,no_response,71094,72094,73094,0.0,0.11731843575418995,179,0.0,0.0,0.0,180.0,1.2549351466200251,15
1.0,180.0,95,response,71095,72095,73095,0.1888888892148768,0.061452513966480445,179,0.0,0.49162011173184356,1.0,121.49999998534292,0.6895441328233505,20
1.0,180.0,95,no_response,71095,72095,73095,0.0,0.10614525139664804,179,0.0,0.0,0.0,180.0,1.317644362742342,21
1.0,180.0,96,response,71096,72096,73096,0.6305555557999954,0.12290502793296089,179,0.0,0.48044692737430167,1.0,57.49999998534292,0.434112120693873,11
1.0,180.0,96,no_response,71096,72096,73096,0.0,0.10614525139664804,179,0.0,0.0,0.0,180.0,1.2779427912773627,13
1.0,180.0,97,response,71097,72097,73097,0.594444444933171,0.1005586592178771,179,0.0,0.45251396648044695,1.0,53.49999998534292,0.4784930047091137,11
1.0,180.0,97,no_response,71097,72097,73097,0.22222222254801874,0.061452513966480445,179,0.0,0.0,1.0,79.49999998534292,0.5583388059433209,9
1.0,180.0,98,response,71098,72098,73098,0.6972222224664688,0.12290502793296089,179,0.0,0.4748603351955307,1.0,51.49999998534292,0.4477548932668922,14
1.0,180.0,98,no_response,71098,72098,73098,0.2055555557184018,0.10614525139664804,179,0.0,0.0,1.0,121.49999998534292,0.6204693563925786,21
1.0,180.0,99,response,71099,72099,73099,0.4027777781848975,0.0893854748603352,179,0.0,0.4972067039106145,1.0,51.49999998534292,0.5041780990439374,16
1.0,180.0,99,no_response,71099,72099,73099,0.0,0.07262569832402235,179,0.0,0.0,0.0,180.0,1.3695676527851972,16
1.0,180.0,100,response,71100,72100,73100,0.5416666669111116,0.0893854748603352,179,0.0,0.5027932960893855,1.0,47.49999998534292,0.44388687247489717,13
1.0,180.0,100,no_response,71100,72100,73100,0.0,0.0893854748603352,179,0.0,0.0,0.0,180.0,0.9857878969523698,15
1.0,180.0,101,response,71101,72101,73101,0.5638888891331431,0.0893854748603352,179,0.0,0.4860335195530726,1.0,63.49999998534292,0.5651155240794189,15
1.0,180.0,101,no_response,71101,72101,73101,0.0,0.03910614525139665,179,0.0,0.0,0.0,180.0,1.0329569206893379,12
1.0,180.0,102,response,71102,72102,73102,0.7305555557998004,0.12290502793296089,179,0.0,0.4860335195530726,1.0,47.49999998534292,0.41054976691152834,12
1.0,180.0,102,no_response,71102,72102,73102,0.0,0.10614525139664804,179,0.0,0.0,0.0,180.0,1.2749135046913742,16
1.0,180.0,103,response,71103,72103,73103,0.6027777785107884,0.1005586592178771,179,0.0,0.5307262569832403,1.0,47.49999998534292,0.42413834221080765,16
1.0,180.0,103,no_response,71103,72103,73103,0.0,0.08379888268156424,179,0.0,0.0,0.0,180.0,0.9556382393167621,18
1.0,180.0,104,response,71104,72104,73104,0.4638888891331488,0.1005586592178771,179,0.0,0.5139664804469274,1.0,95.49999998534292,0.6029777957953519,16
1.0,180.0,104,no_response,71104,72104,73104,0.0,0.07262569832402235,179,0.0,0.0,0.0,180.0,1.1883789145068349,19
1.0,180.0,105,response,71105,72105,73105,0.5250000004071128,0.0782122905027933,179,0.0,0.4860335195530726,1.0,71.49999998534292,0.6317700003429534,15
1.0,180.0,105,no_response,71105,72105,73105,0.0,0.13966480446927373,179,0.0,0.0,0.0,180.0,1.204567234413348,19
1.0,180.0,106,response,71106,72106,73106,0.6194444450149766,0.055865921787709494,179,0.0,0.49162011173184356,1.0,47.49999998534292,0.42617158776978403,18
1.0,180.0,106,no_response,71106,72106,73106,0.0027777778592058618,0.1005586592178771,179,0.0,0.0,1.0,179.49999998534292,1.1713619802985278,19
1.0,180.0,107,response,71107,72107,73107,0.330555555799823,0.11731843575418995,179,0.0,0.5083798882681564,1.0,93.49999998534292,0.7393961500215356,16
1.0,180.0,107,no_response,71107,72107,73107,0.0,0.11173184357541899,179,0.0,0.0,0.0,180.0,1.1740376673873978,21
1.0,180.0,108,response,71108,72108,73108,0.20277777785919607,0.0893854748603352,179,0.0,0.4972067039106145,1.0,143.49999998534292,0.9363997247139956,15
1.0,180.0,108,no_response,71108,72108,73108,0.0,0.09497206703910614,179,0.0,0.0,0.0,180.0,1.3562497311827695,21
1.0,180.0,109,response,71109,72109,73109,0.4694444445258476,0.12849162011173185,179,0.0,0.5139664804469274,1.0,95.49999998534292,0.6161962169453644,16
1.0,180.0,109,no_response,71109,72109,73109,0.0,0.07262569832402235,179,0.0,0.0,0.0,180.0,1.0344510084527385,14
1.0,180.0,110,response,71110,72110,73110,0.569444444525842,0.1005586592178771,179,0.0,0.46368715083798884,1.0,77.49999998534292,0.684459235049427,17
1.0,180.0,110,no_response,71110,72110,73110,0.0,0.09497206703910614,179,0.0,0.0,0.0,180.0,1.1636704382637237,16
1.0,180.0,111,response,71111,72111,73111,0.45833333341473714,0.11173184357541899,179,0.0,0.46368715083798884,1.0,97.49999998534292,0.6664032813044471,12
1.0,180.0,111,no_response,71111,72111,73111,0.0,0.0782122905027933,179,0.0,0.0,0.0,180.0,1.0658976394465718,14
1.0,180.0,112,response,71112,72112,73112,0.5583333334147315,0.10614525139664804,179,0.0,0.48044692737430167,1.0,79.49999998534292,0.5683738988455476,18
1.0,180.0,112,no_response,71112,72112,73112,0.4333333336592126,0.0782122905027933,179,0.0,0.0,1.0,89.49999998534292,0.5542843233495874,18
1.0,180.0,113,response,71113,72113,73113,0.5138888889702895,0.12849162011173185,179,0.0,0.46368715083798884,1.0,87.49999998534292,0.6398124725261316,18
1.0,180.0,113,no_response,71113,72113,73113,0.0,0.08379888268156424,179,0.0,0.0,0.0,180.0,0.9132554711336538,18
1.0,180.0,114,response,71114,72114,73114,0.5416666669111116,0.1005586592178771,179,0.0,0.45251396648044695,1.0,81.49999998534292,0.5888217991133737,19
1.0,180.0,114,no_response,71114,72114,73114,0.0,0.10614525139664804,179,0.0,0.0,0.0,180.0,1.2784765239229938,15
1.0,180.0,115,response,71115,72115,73115,0.6388888890518054,0.1005586592178771,179,0.0,0.39664804469273746,1.0,63.49999998534292,0.5378516937264801,20
1.0,180.0,115,no_response,71115,72115,73115,0.0,0.13966480446927373,179,0.0,0.0,0.0,180.0,1.2331351192072275,16
1.0,180.0,116,response,71116,72116,73116,0.7361111111924992,0.08379888268156424,179,0.0,0.4692737430167598,1.0,47.49999998534292,0.41064718568511865,9
1.0,180.0,116,no_response,71116,72116,73116,0.0,0.1005586592178771,179,0.0,0.0,0.0,180.0,1.016396685464007,15
1.0,180.0,117,response,71117,72117,73117,0.6305555557998059,0.10614525139664804,179,0.0,0.4972067039106145,1.0,47.49999998534292,0.42486599194464864,17
1.0,180.0,117,no_response,71117,72117,73117,0.25555555588125534,0.10614525139664804,179,0.0,0.0,1.0,109.49999998534292,0.6557167410127986,21
1.0,180.0,118,response,71118,72118,73118,0.597222222466664,0.10614525139664804,179,0.0,0.48044692737430167,1.0,69.49999998534292,0.6145856779616291,9
1.0,180.0,118,no_response,71118,72118,73118,0.0,0.0782122905027933,179,0.0,0.0,0.0,180.0,1.0569137460865305,15
1.0,180.0,119,response,71119,72119,73119,0.7083333335775793,0.2011173184357542,179,0.0,0.35195530726256985,1.0,51.49999998534292,0.4460891789267675,18
1.0,180.0,119,no_response,71119,72119,73119,0.0,0.11731843575418995,179,0.0,0.0,0.0,180.0,0.7301263208818323,19
1.0,180.0,120,response,71120,72120,73120,0.5305555557998116,0.11173184357541899,179,0.0,0.49162011173184356,1.0,79.49999998534292,0.5554017564890432,13
1.0,180.0,120,no_response,71120,72120,73120,0.0,0.10614525139664804,179,0.0,0.0,0.0,180.0,1.1457923022956633,20
1.0,180.0,121,response,71121,72121,73121,0.5416666669111116,0.1005586592178771,179,0.0,0.5083798882681564,1.0,75.49999998534292,0.6628624794530651,17
1.0,180.0,121,no_response,71121,72121,73121,0.0,0.0446927374301676,179,0.0,0.0,0.0,180.0,1.2516815356418203,13
1.0,180.0,122,response,71122,72122,73122,0.6888888892148484,0.1005586592178771,179,0.0,0.4692737430167598,1.0,47.49999998534292,0.41457876881908895,7
1.0,180.0,122,no_response,71122,72122,73122,0.036111111192537876,0.07262569832402235,179,0.0,0.0,1.0,173.49999998534292,0.7365837057358466,12
1.0,180.0,123,response,71123,72123,73123,0.49166666707416035,0.09497206703910614,179,0.0,0.5139664804469274,1.0,49.49999998534292,0.45445449594968296,18
1.0,180.0,123,no_response,71123,72123,73123,0.45555555620724114,0.0670391061452514,179,0.0,0.0,1.0,51.49999998534292,0.4693304924156417,15
1.0,180.0,124,response,71124,72124,73124,0.6083333339036767,0.061452513966480445,179,0.0,0.547486033519553,1.0,47.49999998534292,0.4270415020164193,12
1.0,180.0,124,no_response,71124,72124,73124,0.0,0.0893854748603352,179,0.0,0.0,0.0,180.0,1.1551527075576513,17
1.0,180.0,125,response,71125,72125,73125,0.6861111113553584,0.11731843575418995,179,0.0,0.5083798882681564,1.0,47.49999998534292,0.41456804829444677,11
1.0,180.0,125,no_response,71125,72125,73125,0.0,0.061452513966480445,179,0.0,0.0,0.0,180.0,0.7720247549283777,11
1.0,180.0,126,response,71126,72126,73126,0.45833333341473714,0.12849162011173185,179,0.0,0.46368715083798884,1.0,97.49999998534292,0.8097818636316005,17
1.0,180.0,126,no_response,71126,72126,73126,0.0,0.0782122905027933,179,0.0,0.0,0.0,180.0,1.3383107096468871,14
1.0,180.0,127,response,71127,72127,73127,0.2472222223036379,0.07262569832402235,179,0.0,0.5307262569832403,1.0,135.49999998534292,0.8578344828695081,14
1.0,180.0,127,no_response,71127,72127,73127,0.0,0.0670391061452514,179,0.0,0.0,0.0,180.0,1.3659038521555358,17
1.0,360.0,0,response,71000,72000,73000,0.33472222258891515,0.06128133704735376,359,0.002785515320334262,0.479108635097493,1.0,135.49999998534292,0.5115510184179358,32
1.0,360.0,0,no_response,71000,72000,73000,0.0,0.0947075208913649,359,0.0,0.0,0.0,360.0,1.2041474623612813,30
1.0,360.0,1,response,71001,72001,73001,0.48750000028506657,0.08913649025069638,359,0.0,0.4206128133704735,1.0,57.49999998534292,0.5246289694208232,29
1.0,360.0,1,no_response,71001,72001,73001,0.0,0.08635097493036212,359,0.0,0.0,0.0,360.0,1.061208954185952,37
1.0,360.0,2,response,71002,72002,73002,0.7236111116403577,0.16434540389972144,359,0.0,0.3231197771587744,1.0,55.49999998534292,0.3691100408038574,40
1.0,360.0,2,no_response,71002,72002,73002,0.0,0.06963788300835655,359,0.0,0.0,0.0,360.0,1.2541415833593572,38
1.0,360.0,3,response,71003,72003,73003,0.823611111314857,0.16434540389972144,359,0.0,0.30362116991643456,1.0,47.49999998534292,0.30496630050620466,37
1.0,360.0,3,no_response,71003,72003,73003,0.02916666670737961,0.10306406685236769,359,0.0,0.0,1.0,349.4999999853429,1.1468904820329513,31
1.0,360.0,4,response,71004,72004,73004,0.7847222224258648,0.11142061281337047,359,0.002785515320334262,0.3649025069637883,1.0,47.49999998534292,0.31465677950568294,30
1.0,360.0,4,no_response,71004,72004,73004,0.0,0.11142061281337047,359,0.0,0.0,0.0,360.0,1.1356104574681891,32
1.0,360.0,5,response,71005,72005,73005,0.4958333336999224,0.09192200557103064,359,0.005571030640668524,0.415041782729805,1.0,67.49999998534292,0.46735425535667924,35
1.0,360.0,5,no_response,71005,72005,73005,0.5097222228330951,0.06963788300835655,359,0.0,0.0,1.0,81.49999998534292,0.4446396793409691,32
1.0,360.0,6,response,71006,72006,73006,0.7402777779814101,0.14484679665738162,359,0.0,0.3732590529247911,1.0,75.49999998534292,0.385129126974893,40
1.0,360.0,6,no_response,71006,72006,73006,0.008333333414761194,0.08635097493036212,359,0.0,0.0,1.0,101.49999998534292,0.9616374923362058,41
1.0,360.0,7,response,71007,72007,73007,0.5736111114775062,0.12813370473537605,359,0.0,0.37604456824512533,1.0,91.49999998534292,0.5411222905530085,46
1.0,360.0,7,no_response,71007,72007,73007,0.0,0.07799442896935933,359,0.0,0.0,0.0,360.0,1.2501057733025809,40
1.0,360.0,8,response,71008,72008,73008,0.7652777780629388,0.14206128133704735,359,0.0,0.3649025069637883,1.0,49.49999998534292,0.3299629608843266,39
1.0,360.0,8,no_response,71008,72008,73008,0.23611111151861847,0.08635097493036212,359,0.0,0.0,1.0,227.49999998534292,0.7118364356445286,35
1.0,360.0,9,response,71009,72009,73009,0.7652777780629388,0.1392757660167131,359,0.0,0.3426183844011142,1.0,59.49999998534292,0.38300275600981154,33
1.0,360.0,9,no_response,71009,72009,73009,0.11111111127396196,0.10306406685236769,359,0.0,0.0,1.0,311.4999999853429,1.0202211089323279,30
1.0,360.0,10,response,71010,72010,73010,0.765277778062844,0.14206128133704735,359,0.0,0.34818941504178275,1.0,55.49999998534292,0.36065680824480756,33
1.0,360.0,10,no_response,71010,72010,73010,0.2375000002851755,0.10306406685236769,359,0.0,0.0,1.0,205.49999998534292,0.607512231244037,40
1.0,360.0,11,response,71011,72011,73011,0.5944444447703138,0.10863509749303621,359,0.0,0.3732590529247911,1.0,57.49999998534292,0.4117739401392111,38
1.0,360.0,11,no_response,71011,72011,73011,0.008333333414761194,0.055710306406685235,359,0.0,0.0,1.0,347.4999999853429,0.9674674843803961,31
1.0,360.0,12,response,71012,72012,73012,0.6375000002849633,0.12534818941504178,359,0.0,0.3593314763231198,1.0,47.49999998534292,0.381363052454977,32
1.0,360.0,12,no_response,71012,72012,73012,0.39583333369992807,0.08635097493036212,359,0.0,0.0,1.0,171.49999998534292,0.789696144095941,27
1.0,360.0,13,response,71013,72013,73013,0.745833333536967,0.14763231197771587,359,0.0,0.3286908077994429,1.0,65.49999998534292,0.3920430815328554,30
1.0,360.0,13,no_response,71013,72013,73013,0.0,0.08356545961002786,359,0.0,0.0,0.0,360.0,1.027184934122813,27
1.0,360.0,14,response,71014,72014,73014,0.7291666668703912,0.12256267409470752,359,0.0,0.3593314763231198,1.0,57.49999998534292,0.38886158634317236,32
1.0,360.0,14,no_response,71014,72014,73014,0.0,0.055710306406685235,359,0.0,0.0,0.0,360.0,1.1370585834609488,30
1.0,360.0,15,response,71015,72015,73015,0.8430555558407342,0.17270194986072424,359,0.0,0.3231197771587744,1.0,47.49999998534292,0.30387863074296784,30
1.0,360.0,15,no_response,71015,72015,73015,0.13888888921459455,0.08913649025069638,359,0.0,0.0,1.0,261.4999999853429,0.7027390854522192,34
1.0,360.0,16,response,71016,72016,73016,0.748611111559409,0.10863509749303621,359,0.0,0.3871866295264624,1.0,55.49999998534292,0.36627251542472183,32
1.0,360.0,16,no_response,71016,72016,73016,0.3666666671554527,0.08635097493036212,359,0.0,0.0,1.0,153.49999998534292,0.506633770861926,35
1.0,360.0,17,response,71017,72017,73017,0.7541666669517304,0.12534818941504178,359,0.0,0.362116991643454,1.0,67.49999998534292,0.4363204734544965,32
1.0,360.0,17,no_response,71017,72017,73017,0.0,0.08356545961002786,359,0.0,0.0,0.0,360.0,1.1617917197157142,32
1.0,360.0,18,response,71018,72018,73018,0.7319444448924542,0.1532033426183844,359,0.0,0.3342618384401114,1.0,67.49999998534292,0.4363357524761055,31
1.0,360.0,18,no_response,71018,72018,73018,0.0,0.08635097493036212,359,0.0,0.0,0.0,360.0,1.185817111624817,26
1.0,360.0,19,response,71019,72019,73019,0.8444444447702428,0.1309192200557103,359,0.0,0.3426183844011142,1.0,47.49999998534292,0.30745912104068285,33
1.0,360.0,19,no_response,71019,72019,73019,0.025000000081427207,0.10863509749303621,359,0.0,0.0,1.0,301.4999999853429,0.9541302030878407,33
1.0,360.0,20,response,71020,72020,73020,0.6513888894185149,0.10584958217270195,359,0.002785515320334262,0.38440111420612816,1.0,57.49999998534292,0.39120327196995114,33
1.0,360.0,20,no_response,71020,72020,73020,0.05277777785920375,0.09192200557103064,359,0.0,0.0,1.0,331.4999999853429,1.017571182331294,40
1.0,360.0,21,response,71021,72021,73021,0.6819444448925458,0.10306406685236769,359,0.0,0.40947075208913647,1.0,47.49999998534292,0.3327595060834249,28
1.0,360.0,21,no_response,71021,72021,73021,0.0,0.04735376044568245,359,0.0,0.0,0.0,360.0,0.9730387682124706,26
1.0,360.0,22,response,71022,72022,73022,0.5930555558407109,0.14763231197771587,359,0.0,0.35376044568245124,1.0,81.49999998534292,0.36194843094930673,49
1.0,360.0,22,no_response,71022,72022,73022,0.0,0.11977715877437325,359,0.0,0.0,0.0,360.0,1.3265468957660973,43
1.0,360.0,23,response,71023,72023,73023,0.612500000366393,0.15598885793871867,359,0.0,0.3286908077994429,1.0,125.49999998534292,0.5421787323178385,43
1.0,360.0,23,no_response,71023,72023,73023,0.0,0.12813370473537605,359,0.0,0.0,0.0,360.0,1.0020334880187953,48
1.0,360.0,24,response,71024,72024,73024,0.5722222223850469,0.10027855153203342,359,0.0,0.34540389972144847,1.0,69.49999998534292,0.5195553654595223,34
1.0,360.0,24,no_response,71024,72024,73024,0.12638888901102477,0.08635097493036212,359,0.0,0.0,1.0,309.4999999853429,0.8856071363759436,31
1.0,360.0,25,response,71025,72025,73025,0.6847222227517517,0.14484679665738162,359,0.0,0.3732590529247911,1.0,75.49999998534292,0.47029305284636574,32
1.0,360.0,25,no_response,71025,72025,73025,0.12222222238511983,0.11977715877437325,359,0.0,0.0,1.0,287.4999999853429,1.118345007390633,27
1.0,360.0,26,response,71026,72026,73026,0.6958333337001005,0.15877437325905291,359,0.0,0.3398328690807799,1.0,81.49999998534292,0.37498740719596546,35
1.0,360.0,26,no_response,71026,72026,73026,0.11527777806277069,0.052924791086350974,359,0.0,0.0,1.0,177.49999998534292,0.8309566107137529,39
1.0,360.0,27,response,71027,72027,73027,0.7375000002852494,0.14763231197771587,359,0.0,0.362116991643454,1.0,61.49999998534292,0.40110680206980126,32
1.0,360.0,27,no_response,71027,72027,73027,0.13194444456667478,0.09749303621169916,359,0.0,0.0,1.0,297.4999999853429,0.7027628017727952,33
1.0,360.0,28,response,71028,72028,73028,0.5388888893776651,0.12813370473537605,359,0.005571030640668524,0.3732590529247911,1.0,53.49999998534292,0.4138894108870679,43
1.0,360.0,28,no_response,71028,72028,73028,0.0,0.09749303621169916,359,0.0,0.0,0.0,360.0,1.039631344916712,39
1.0,360.0,29,response,71029,72029,73029,0.6708333336184842,0.15041782729805014,359,0.0,0.3871866295264624,1.0,81.49999998534292,0.4211703271177133,32
1.0,360.0,29,no_response,71029,72029,73029,0.12777777794076978,0.08356545961002786,359,0.0,0.0,1.0,273.4999999853429,0.7708754042573156,33
1.0,360.0,30,response,71030,72030,73030,0.6736111113147389,0.14763231197771587,359,0.002785515320334262,0.3203342618384401,1.0,93.49999998534292,0.45122056690713774,44
1.0,360.0,30,no_response,71030,72030,73030,0.2555555558813968,0.09192200557103064,359,0.0,0.0,1.0,79.49999998534292,0.5660702743966958,38
1.0,360.0,31,response,71031,72031,73031,0.7541666667887793,0.15041782729805014,359,0.0,0.3342618384401114,1.0,73.49999998534292,0.4673352353741617,35
1.0,360.0,31,no_response,71031,72031,73031,0.0,0.10863509749303621,359,0.0,0.0,0.0,360.0,1.0874271367672315,38
1.0,360.0,32,response,71032,72032,73032,0.8027777780222333,0.14484679665738162,359,0.0,0.34540389972144847,1.0,53.49999998534292,0.31820328931884284,39
1.0,360.0,32,no_response,71032,72032,73032,0.1625000002036568,0.08913649025069638,359,0.0,0.0,1.0,277.4999999853429,0.9225532203859294,38
1.0,360.0,33,response,71033,72033,73033,0.8138888891333469,0.15041782729805014,359,0.0,0.3203342618384401,1.0,47.49999998534292,0.3114303917232315,40
1.0,360.0,33,no_response,71033,72033,73033,0.0,0.12256267409470752,359,0.0,0.0,0.0,360.0,1.2195764292026432,36
1.0,360.0,34,response,71034,72034,73034,0.6597222225071843,0.12256267409470752,359,0.0,0.36768802228412256,1.0,65.49999998534292,0.353113138935513,41
1.0,360.0,34,no_response,71034,72034,73034,0.20138888909244873,0.0947075208913649,359,0.0,0.0,1.0,243.49999998534292,0.9082082482681076,32
1.0,360.0,35,response,71035,72035,73035,0.6125000003664877,0.0807799442896936,359,0.0,0.3983286908077994,1.0,65.49999998534292,0.36967252775636184,41
1.0,360.0,35,no_response,71035,72035,73035,0.008333333414761194,0.09749303621169916,359,0.0,0.0,1.0,323.4999999853429,0.6496888143992882,49
1.0,360.0,36,response,71036,72036,73036,0.5819444445665545,0.1309192200557103,359,0.0,0.3955431754874652,1.0,147.49999998534292,0.5691787456014537,30
1.0,360.0,36,no_response,71036,72036,73036,0.06944444452586947,0.07242339832869081,359,0.0,0.0,1.0,263.4999999853429,0.9569384050768959,23
1.0,360.0,37,response,71037,72037,73037,0.7513888890924291,0.10306406685236769,359,0.0,0.3732590529247911,1.0,75.49999998534292,0.3671360631821518,32
1.0,360.0,37,no_response,71037,72037,73037,0.16388888913316493,0.0584958217270195,359,0.0,0.0,1.0,79.49999998534292,0.7860562603557353,27
1.0,360.0,38,response,71038,72038,73038,0.7513888894186156,0.14484679665738162,359,0.0,0.35376044568245124,1.0,55.49999998534292,0.36724802397168693,35
1.0,360.0,38,no_response,71038,72038,73038,0.0,0.09192200557103064,359,0.0,0.0,0.0,360.0,1.2056708598212948,37
1.0,360.0,39,response,71039,72039,73039,0.7263888894998486,0.13649025069637882,359,0.0,0.3983286908077994,1.0,51.49999998534292,0.3382339755586665,42
1.0,360.0,39,no_response,71039,72039,73039,0.2680555559222523,0.10306406685236769,359,0.0,0.0,1.0,121.49999998534292,0.5903577070066913,43
1.0,360.0,40,response,71040,72040,73040,0.6875000002851499,0.1392757660167131,359,0.0,0.3816155988857939,1.0,91.49999998534292,0.5231783209915661,29
1.0,360.0,40,no_response,71040,72040,73040,0.0,0.08913649025069638,359,0.0,0.0,0.0,360.0,1.173339962102489,37
1.0,360.0,41,response,71041,72041,73041,0.7069444448109268,0.14484679665738162,359,0.0,0.37604456824512533,1.0,65.49999998534292,0.4235878499988732,29
1.0,360.0,41,no_response,71041,72041,73041,0.17083333361841782,0.0947075208913649,359,0.0,0.0,1.0,249.49999998534292,0.7581922945767471,30
1.0,360.0,42,response,71042,72042,73042,0.7500000003257768,0.13649025069637882,359,0.0,0.3203342618384401,1.0,47.49999998534292,0.3183743429081907,39
1.0,360.0,42,no_response,71042,72042,73042,0.025000000081427207,0.0807799442896936,359,0.0,0.0,1.0,157.49999998534292,0.8842448127576912,33
1.0,360.0,43,response,71043,72043,73043,0.4347222227517658,0.10584958217270195,359,0.002785515320334262,0.3983286908077994,1.0,69.49999998534292,0.5098714434922543,35
1.0,360.0,43,no_response,71043,72043,73043,0.06944444452586947,0.10027855153203342,359,0.0,0.0,1.0,333.4999999853429,1.1384131255587502,35
1.0,360.0,44,response,71044,72044,73044,0.6930555560038458,0.1671309192200557,359,0.002785515320334262,0.3286908077994429,1.0,61.49999998534292,0.4161383317012558,42
1.0,360.0,44,no_response,71044,72044,73044,0.0,0.08913649025069638,359,0.0,0.0,0.0,360.0,1.0098613766255247,38
1.0,360.0,45,response,71045,72045,73045,0.5986111117223578,0.11142061281337047,359,0.0,0.37604456824512533,1.0,83.49999998534292,0.543762611603419,37
1.0,360.0,45,no_response,71045,72045,73045,0.1527777780222913,0.07799442896935933,359,0.0,0.0,1.0,163.49999998534292,0.8839394147162116,35
1.0,360.0,46,response,71046,72046,73046,0.7569444449740776,0.116991643454039,359,0.0,0.39275766016713093,1.0,47.49999998534292,0.32274861218394735,40
1.0,360.0,46,no_response,71046,72046,73046,0.12083333345546952,0.08635097493036212,359,0.0,0.0,1.0,313.4999999853429,1.0549070522509982,35
1.0,360.0,47,response,71047,72047,73047,0.7041666669518156,0.06406685236768803,359,0.0,0.403899721448468,1.0,59.49999998534292,0.3975005241086682,34
1.0,360.0,47,no_response,71047,72047,73047,0.2527777783477616,0.08635097493036212,359,0.0,0.0,1.0,157.49999998534292,0.543284251361824,32
1.0,360.0,48,response,71048,72048,73048,0.6041666669517266,0.10863509749303621,359,0.0,0.4011142061281337,1.0,83.49999998534292,0.5244192555156185,36
1.0,360.0,48,no_response,71048,72048,73048,0.008333333414761194,0.06685236768802229,359,0.0,0.0,1.0,269.4999999853429,0.7466651785699407,34
1.0,360.0,49,response,71049,72049,73049,0.6430555558406132,0.12813370473537605,359,0.0,0.34818941504178275,1.0,99.49999998534292,0.49390957337013286,40
1.0,360.0,49,no_response,71049,72049,73049,0.0,0.06963788300835655,359,0.0,0.0,0.0,360.0,1.0364715786423353,34
1.0,360.0,50,response,71050,72050,73050,0.6625000005295307,0.14206128133704735,359,0.0,0.37047353760445684,1.0,61.49999998534292,0.4061581520103254,30
1.0,360.0,50,no_response,71050,72050,73050,0.2861111113554276,0.06963788300835655,359,0.0,0.0,1.0,111.49999998534292,0.6559657850155789,29
1.0,360.0,51,response,71051,72051,73051,0.769444444688845,0.1392757660167131,359,0.0,0.33147632311977715,1.0,47.49999998534292,0.31263397128270776,28
1.0,360.0,51,no_response,71051,72051,73051,0.0,0.06128133704735376,359,0.0,0.0,0.0,360.0,1.055440929448708,29
1.0,360.0,52,response,71052,72052,73052,0.8430555558406395,0.12256267409470752,359,0.0,0.362116991643454,1.0,47.49999998534292,0.3066123140239323,40
1.0,360.0,52,no_response,71052,72052,73052,0.008333333414761194,0.07799442896935933,359,0.0,0.0,1.0,57.49999998534292,1.0425321737641156,37
1.0,360.0,53,response,71053,72053,73053,0.5319444450555055,0.08635097493036212,359,0.0,0.42896935933147634,1.0,61.49999998534292,0.4508830841310695,33
1.0,360.0,53,no_response,71053,72053,73053,0.3152777778999977,0.0947075208913649,359,0.0,0.0,1.0,229.49999998534292,0.8500875771877179,34
1.0,360.0,54,response,71054,72054,73054,0.7375000004479163,0.11977715877437325,359,0.0,0.34818941504178275,1.0,57.49999998534292,0.3808528441391606,34
1.0,360.0,54,no_response,71054,72054,73054,0.0,0.07242339832869081,359,0.0,0.0,0.0,360.0,0.9492347795285739,37
1.0,360.0,55,response,71055,72055,73055,0.7430555558406168,0.11977715877437325,359,0.0,0.35376044568245124,1.0,53.49999998534292,0.3583263565212315,38
1.0,360.0,55,no_response,71055,72055,73055,0.0,0.07799442896935933,359,0.0,0.0,0.0,360.0,1.0493818286125511,37
1.0,360.0,56,response,71056,72056,73056,0.645833333862865,0.12256267409470752,359,0.0,0.3398328690807799,1.0,67.49999998534292,0.44241760061432184,49
1.0,360.0,56,no_response,71056,72056,73056,0.0,0.11420612813370473,359,0.0,0.0,0.0,360.0,1.2342023965118356,45
1.0,360.0,57,response,71057,72057,73057,0.7486111117223601,0.10584958217270195,359,0.0,0.38997214484679665,1.0,47.49999998534292,0.3223317821403476,42
1.0,360.0,57,no_response,71057,72057,73057,0.25694444448514475,0.116991643454039,359,0.0,0.0,1.0,267.4999999853429,0.9446833684715018,37
1.0,360.0,58,response,71058,72058,73058,0.8430555558407342,0.12813370473537605,359,0.0,0.34540389972144847,1.0,47.49999998534292,0.3062896232870628,35
1.0,360.0,58,no_response,71058,72058,73058,0.0,0.09749303621169916,359,0.0,0.0,0.0,360.0,1.2834233734647196,30
1.0,360.0,59,response,71059,72059,73059,0.6819444447295947,0.11420612813370473,359,0.0,0.4011142061281337,1.0,61.49999998534292,0.4090585396845863,36
1.0,360.0,59,no_response,71059,72059,73059,0.43888888954038513,0.10027855153203342,359,0.0,0.0,1.0,87.49999998534292,0.5023279141490496,34
1.0,360.0,60,response,71060,72060,73060,0.6875000004479115,0.11142061281337047,359,0.0,0.3983286908077994,1.0,53.49999998534292,0.3674688195389292,38
1.0,360.0,60,no_response,71060,72060,73060,0.0,0.07242339832869081,359,0.0,0.0,0.0,360.0,1.0587099067575878,33
1.0,360.0,61,response,71061,72061,73061,0.5513888892555695,0.12256267409470752,359,0.0,0.4178272980501393,1.0,133.49999998534292,0.5738757124441943,29
1.0,360.0,61,no_response,71061,72061,73061,0.155555555718546,0.08913649025069638,359,0.0,0.0,1.0,151.49999998534292,0.8808039257153234,30
1.0,360.0,62,response,71062,72062,73062,0.8097222225072984,0.14763231197771587,359,0.0,0.3593314763231198,1.0,53.49999998534292,0.3445931578607541,30
1.0,360.0,62,no_response,71062,72062,73062,0.0,0.08635097493036212,359,0.0,0.0,0.0,360.0,1.1040008051526862,27
1.0,360.0,63,response,71063,72063,73063,0.4847222225888119,0.08913649025069638,359,0.002785515320334262,0.4456824512534819,1.0,87.49999998534292,0.5295532708487921,31
1.0,360.0,63,no_response,71063,72063,73063,0.1638888891332123,0.04735376044568245,359,0.0,0.0,1.0,75.49999998534292,0.6114136624795332,27
1.0,360.0,64,response,71064,72064,73064,0.7097222228328942,0.116991643454039,359,0.0,0.3649025069637883,1.0,51.49999998534292,0.35312572517133556,40
1.0,360.0,64,no_response,71064,72064,73064,0.0,0.07242339832869081,359,0.0,0.0,0.0,360.0,1.179031617708173,42
1.0,360.0,65,response,71065,72065,73065,0.6694444448516903,0.12256267409470752,359,0.002785515320334262,0.3398328690807799,1.0,47.49999998534292,0.348204920508982,32
1.0,360.0,65,no_response,71065,72065,73065,0.21944444485157374,0.08913649025069638,359,0.0,0.0,1.0,145.49999998534292,0.5286292546661475,33
1.0,360.0,66,response,71066,72066,73066,0.7652777782258899,0.17827298050139276,359,0.0,0.3342618384401114,1.0,59.49999998534292,0.3733511900491426,32
1.0,360.0,66,no_response,71066,72066,73066,0.0,0.0947075208913649,359,0.0,0.0,0.0,360.0,1.0891944015851525,35
1.0,360.0,67,response,71067,72067,73067,0.7791666670333538,0.10863509749303621,359,0.0,0.38997214484679665,1.0,47.49999998534292,0.31368774282715983,36
1.0,360.0,67,no_response,71067,72067,73067,0.0,0.0807799442896936,359,0.0,0.0,0.0,360.0,1.1325330507809088,32
1.0,360.0,68,response,71068,72068,73068,0.6958333337001005,0.12813370473537605,359,0.0,0.39275766016713093,1.0,79.49999998534292,0.47216757853776875,37
1.0,360.0,68,no_response,71068,72068,73068,0.0,0.11142061281337047,359,0.0,0.0,0.0,360.0,1.292722364280559,36
1.0,360.0,69,response,71069,72069,73069,0.6583333337405325,0.19498607242339833,359,0.0,0.28133704735376047,1.0,61.49999998534292,0.4089444406708037,39
1.0,360.0,69,no_response,71069,72069,73069,0.0,0.09749303621169916,359,0.0,0.0,0.0,360.0,1.0786236085349166,32
1.0,360.0,70,response,71070,72070,73070,0.5958333338628677,0.10584958217270195,359,0.0,0.38440111420612816,1.0,79.49999998534292,0.5122390934796786,32
1.0,360.0,70,no_response,71070,72070,73070,0.24444444477014418,0.10027855153203342,359,0.0,0.0,1.0,183.49999998534292,0.8214715792743889,32
1.0,360.0,71,response,71071,72071,73071,0.829166666870414,0.10027855153203342,359,0.0,0.38440111420612816,1.0,47.49999998534292,0.30862778732821267,35
1.0,360.0,71,no_response,71071,72071,73071,0.0,0.06406685236768803,359,0.0,0.0,0.0,360.0,1.087786743805972,33
1.0,360.0,72,response,71072,72072,73072,0.7819444448924656,0.13649025069637882,359,0.0,0.3565459610027855,1.0,47.49999998534292,0.31440596545089416,26
1.0,360.0,72,no_response,71072,72072,73072,0.0,0.0947075208913649,359,0.0,0.0,0.0,360.0,1.100314096570205,30
1.0,360.0,73,response,71073,72073,73073,0.7013888892552768,0.12534818941504178,359,0.0,0.3565459610027855,1.0,47.49999998534292,0.3315418525616373,38
1.0,360.0,73,no_response,71073,72073,73073,0.5569444449738864,0.12256267409470752,359,0.0,0.0,1.0,73.49999998534292,0.41233751008393665,39
1.0,360.0,74,response,71074,72074,73074,0.5319444448926491,0.12813370473537605,359,0.002785515320334262,0.3955431754874652,1.0,47.49999998534292,0.38136887946215414,38
1.0,360.0,74,no_response,71074,72074,73074,0.0,0.09192200557103064,359,0.0,0.0,0.0,360.0,1.1753165058352955,36
1.0,360.0,75,response,71075,72075,73075,0.5680555557590946,0.16434540389972144,359,0.0,0.3286908077994429,1.0,129.49999998534292,0.57751960043698,40
1.0,360.0,75,no_response,71075,72075,73075,0.0,0.07799442896935933,359,0.0,0.0,0.0,360.0,1.2242957159118055,34
1.0,360.0,76,response,71076,72076,73076,0.6611111116000226,0.13370473537604458,359,0.0,0.362116991643454,1.0,47.49999998534292,0.3416138170507661,36
1.0,360.0,76,no_response,71076,72076,73076,0.0,0.09192200557103064,359,0.0,0.0,0.0,360.0,0.9323316052897799,39
1.0,360.0,77,response,71077,72077,73077,0.7875000002850713,0.1392757660167131,359,0.0,0.3649025069637883,1.0,47.49999998534292,0.31508376311352226,31
1.0,360.0,77,no_response,71077,72077,73077,0.06388888913317062,0.07799442896935933,359,0.0,0.0,1.0,157.49999998534292,0.9037514407549603,38
1.0,360.0,78,response,71078,72078,73078,0.7986111113963743,0.1671309192200557,359,0.002785515320334262,0.32590529247910865,1.0,55.49999998534292,0.3578236685544667,34
1.0,360.0,78,no_response,71078,72078,73078,0.0,0.08913649025069638,359,0.0,0.0,0.0,360.0,1.1632254009147716,33
1.0,360.0,79,response,71079,72079,73079,0.7708333336185903,0.15041782729805014,359,0.0,0.3231197771587744,1.0,47.49999998534292,0.31292171544971925,36
1.0,360.0,79,no_response,71079,72079,73079,0.0,0.11420612813370473,359,0.0,0.0,0.0,360.0,0.8049002698747454,42
1.0,360.0,80,response,71080,72080,73080,0.6652777782258801,0.10027855153203342,359,0.002785515320334262,0.3983286908077994,1.0,69.49999998534292,0.45806355696804896,28
1.0,360.0,80,no_response,71080,72080,73080,0.09583333353708867,0.0807799442896936,359,0.0,0.0,1.0,315.4999999853429,0.7637858920462474,33
1.0,360.0,81,response,71081,72081,73081,0.7125000003663877,0.13370473537604458,359,0.0,0.3565459610027855,1.0,47.49999998534292,0.3393490500617009,38
1.0,360.0,81,no_response,71081,72081,73081,0.0,0.07799442896935933,359,0.0,0.0,0.0,360.0,1.2353586973470954,35
1.0,360.0,82,response,71082,72082,73082,0.7847222225888157,0.12256267409470752,359,0.0,0.34540389972144847,1.0,53.49999998534292,0.3484792357914285,34
1.0,360.0,82,no_response,71082,72082,73082,0.2111111112740984,0.0947075208913649,359,0.0,0.0,1.0,203.49999998534292,0.6600319857569079,29
1.0,360.0,83,response,71083,72083,73083,0.7791666668704026,0.16434540389972144,359,0.0,0.35376044568245124,1.0,73.49999998534292,0.4050459507540126,36
1.0,360.0,83,no_response,71083,72083,73083,0.0,0.07799442896935933,359,0.0,0.0,0.0,360.0,0.9966722407870865,35
1.0,360.0,84,response,71084,72084,73084,0.7236111114777856,0.10584958217270195,359,0.0,0.37047353760445684,1.0,47.49999998534292,0.3276583586603529,37
1.0,360.0,84,no_response,71084,72084,73084,0.025000000081427207,0.08635097493036212,359,0.0,0.0,1.0,171.49999998534292,0.9582739112012224,37
1.0,360.0,85,response,71085,72085,73085,0.6069444448111219,0.11977715877437325,359,0.0,0.3732590529247911,1.0,103.49999998534292,0.5122998254060903,39
1.0,360.0,85,no_response,71085,72085,73085,0.0,0.116991643454039,359,0.0,0.0,0.0,360.0,1.2032446874089167,42
1.0,360.0,86,response,71086,72086,73086,0.7500000003260138,0.13370473537604458,359,0.0,0.34818941504178275,1.0,55.49999998534292,0.3344215569872452,36
1.0,360.0,86,no_response,71086,72086,73086,0.0,0.08356545961002786,359,0.0,0.0,0.0,360.0,0.7544637536393322,36
1.0,360.0,87,response,71087,72087,73087,0.7458333337001076,0.17827298050139276,359,0.0,0.3565459610027855,1.0,53.49999998534292,0.35339622081862304,35
1.0,360.0,87,no_response,71087,72087,73087,0.45416666727763744,0.10027855153203342,359,0.0,0.0,1.0,115.49999998534292,0.5072978524605738,42
1.0,360.0,88,response,71088,72088,73088,0.6722222225480398,0.10863509749303621,359,0.0,0.3732590529247911,1.0,59.49999998534292,0.3605982683140731,31
1.0,360.0,88,no_response,71088,72088,73088,0.0750000000814721,0.0807799442896936,359,0.0,0.0,1.0,279.4999999853429,0.6955844864412659,32
1.0,360.0,89,response,71089,72089,73089,0.6680555560850859,0.13649025069637882,359,0.0,0.35097493036211697,1.0,53.49999998534292,0.3657898607427749,44
1.0,360.0,89,no_response,71089,72089,73089,0.0,0.08635097493036212,359,0.0,0.0,0.0,360.0,1.0559282383024138,43
1.0,360.0,90,response,71090,72090,73090,0.6569444449740702,0.0947075208913649,359,0.002785515320334262,0.36768802228412256,1.0,47.49999998534292,0.3415975539855095,36
1.0,360.0,90,no_response,71090,72090,73090,0.0,0.08635097493036212,359,0.0,0.0,0.0,360.0,1.2080746849613415,30
1.0,360.0,91,response,71091,72091,73091,0.7791666670334485,0.1671309192200557,359,0.002785515320334262,0.3398328690807799,1.0,47.49999998534292,0.31388957718704624,32
1.0,360.0,91,no_response,71091,72091,73091,0.0750000000814247,0.07799442896935933,359,0.0,0.0,1.0,307.4999999853429,1.102204860974382,36
1.0,360.0,92,response,71092,72092,73092,0.6541666669518185,0.10863509749303621,359,0.0,0.39275766016713093,1.0,57.49999998534292,0.4193751966384596,34
1.0,360.0,92,no_response,71092,72092,73092,0.0,0.10584958217270195,359,0.0,0.0,0.0,360.0,1.237253230165737,39
1.0,360.0,93,response,71093,72093,73093,0.715277778225689,0.1309192200557103,359,0.0,0.3816155988857939,1.0,71.49999998534292,0.37093874906183044,28
1.0,360.0,93,no_response,71093,72093,73093,0.0,0.07799442896935933,359,0.0,0.0,0.0,360.0,1.0896757927628442,34
1.0,360.0,94,response,71094,72094,73094,0.668055556248037,0.11977715877437325,359,0.0,0.3788300835654596,1.0,47.49999998534292,0.3348996532959925,42
1.0,360.0,94,no_response,71094,72094,73094,0.0,0.12534818941504178,359,0.0,0.0,0.0,360.0,1.1336773987534732,40
1.0,360.0,95,response,71095,72095,73095,0.4875000004482072,0.08913649025069638,359,0.0,0.3955431754874652,1.0,121.49999998534292,0.5087741258270757,36
1.0,360.0,95,no_response,71095,72095,73095,0.0,0.10584958217270195,359,0.0,0.0,0.0,360.0,1.2420118088542256,39
1.0,360.0,96,response,71096,72096,73096,0.7375000002852494,0.11977715877437325,359,0.0,0.37047353760445684,1.0,57.49999998534292,0.32916392403920114,30
1.0,360.0,96,no_response,71096,72096,73096,0.0,0.10306406685236769,359,0.0,0.0,0.0,360.0,1.2999606831661417,26
1.0,360.0,97,response,71097,72097,73097,0.691666667074006,0.09749303621169916,359,0.0,0.37047353760445684,1.0,53.49999998534292,0.36461547477368766,34
1.0,360.0,97,no_response,71097,72097,73097,0.2972222226296314,0.08635097493036212,359,0.0,0.0,1.0,79.49999998534292,0.479172898510178,36
1.0,360.0,98,response,71098,72098,73098,0.7958333335368836,0.14206128133704735,359,0.0,0.3286908077994429,1.0,51.49999998534292,0.33262591600776076,35
1.0,360.0,98,no_response,71098,72098,73098,0.2416666669110804,0.08635097493036212,359,0.0,0.0,1.0,121.49999998534292,0.6340224321302877,42
1.0,360.0,99,response,71099,72099,73099,0.655555556044183,0.1392757660167131,359,0.0,0.3203342618384401,1.0,51.49999998534292,0.3692244123384442,44
1.0,360.0,99,no_response,71099,72099,73099,0.0,0.09192200557103064,359,0.0,0.0,0.0,360.0,1.2152027722885497,40
1.0,360.0,100,response,71100,72100,73100,0.7708333334555445,0.1532033426183844,359,0.0,0.3342618384401114,1.0,47.49999998534292,0.32014927074030763,35
1.0,360.0,100,no_response,71100,72100,73100,0.0,0.10027855153203342,359,0.0,0.0,0.0,360.0,1.141001509396215,35
1.0,360.0,101,response,71101,72101,73101,0.6541666671148644,0.11420612813370473,359,0.0,0.34818941504178275,1.0,63.49999998534292,0.42412786332006014,40
1.0,360.0,101,no_response,71101,72101,73101,0.0,0.06963788300835655,359,0.0,0.0,0.0,360.0,1.158933417702099,35
1.0,360.0,102,response,71102,72102,73102,0.7875000002850713,0.1309192200557103,359,0.0,0.36768802228412256,1.0,47.49999998534292,0.3172100600898728,28
1.0,360.0,102,no_response,71102,72102,73102,0.0,0.10027855153203342,359,0.0,0.0,0.0,360.0,1.2226337690957723,30
1.0,360.0,103,response,71103,72103,73103,0.7236111118036879,0.12256267409470752,359,0.0,0.36768802228412256,1.0,47.49999998534292,0.32281057396972596,41
1.0,360.0,103,no_response,71103,72103,73103,0.0,0.09192200557103064,359,0.0,0.0,0.0,360.0,1.1576163248484161,39
1.0,360.0,104,response,71104,72104,73104,0.659722222507279,0.11977715877437325,359,0.0,0.4011142061281337,1.0,95.49999998534292,0.4425632409297239,38
1.0,360.0,104,no_response,71104,72104,73104,0.0,0.08356545961002786,359,0.0,0.0,0.0,360.0,1.0870326582030545,39
1.0,360.0,105,response,71105,72105,73105,0.6319444447295028,0.13649025069637882,359,0.002785515320334262,0.35097493036211697,1.0,71.49999998534292,0.4785533756367499,43
1.0,360.0,105,no_response,71105,72105,73105,0.01944444452587187,0.10306406685236769,359,0.0,0.0,1.0,289.4999999853429,0.9278170317710497,36
1.0,360.0,106,response,71106,72106,73106,0.7833333338221635,0.13649025069637882,359,0.0,0.31754874651810583,1.0,47.49999998534292,0.31504144348182045,42
1.0,360.0,106,no_response,71106,72106,73106,0.20833333357760686,0.10863509749303621,359,0.0,0.0,1.0,179.49999998534292,0.9125471068510502,41
1.0,360.0,107,response,71107,72107,73107,0.5013888892554776,0.116991643454039,359,0.0,0.4011142061281337,1.0,93.49999998534292,0.5457553379389766,35
1.0,360.0,107,no_response,71107,72107,73107,0.0,0.11420612813370473,359,0.0,0.0,0.0,360.0,1.2356860442685258,37
1.0,360.0,108,response,71108,72108,73108,0.584722222425855,0.10027855153203342,359,0.0,0.37604456824512533,1.0,143.49999998534292,0.6693778205667316,38
1.0,360.0,108,no_response,71108,72108,73108,0.0458333333740456,0.09192200557103064,359,0.0,0.0,1.0,343.4999999853429,1.239020222236551,36
1.0,360.0,109,response,71109,72109,73109,0.6708333337812459,0.14206128133704735,359,0.0,0.3788300835654596,1.0,95.49999998534292,0.4507918958159459,44
1.0,360.0,109,no_response,71109,72109,73109,0.0,0.09192200557103064,359,0.0,0.0,0.0,360.0,1.064537458241842,34
1.0,360.0,110,response,71110,72110,73110,0.7819444445666581,0.18384401114206128,359,0.0,0.31754874651810583,1.0,77.49999998534292,0.489550814522866,37
1.0,360.0,110,no_response,71110,72110,73110,0.0,0.10584958217270195,359,0.0,0.0,0.0,360.0,1.0682249034938467,35
1.0,360.0,111,response,71111,72111,73111,0.6430555558407081,0.10306406685236769,359,0.002785515320334262,0.362116991643454,1.0,97.49999998534292,0.48639947002894945,29
1.0,360.0,111,no_response,71111,72111,73111,0.07777777794077263,0.055710306406685235,359,0.0,0.0,1.0,189.49999998534292,0.9933970896764976,27
1.0,360.0,112,response,71112,72112,73112,0.6541666669518185,0.116991643454039,359,0.0,0.40947075208913647,1.0,79.49999998534292,0.42610640298716806,31
1.0,360.0,112,no_response,71112,72112,73112,0.27500000024436455,0.07242339832869081,359,0.0,0.0,1.0,89.49999998534292,0.8128400143256279,31
1.0,360.0,113,response,71113,72113,73113,0.7402777779814101,0.1532033426183844,359,0.0,0.3203342618384401,1.0,87.49999998534292,0.4603525219268875,33
1.0,360.0,113,no_response,71113,72113,73113,0.1805555556370217,0.08913649025069638,359,0.0,0.0,1.0,263.4999999853429,0.7855245947065445,30
1.0,360.0,114,response,71114,72114,73114,0.7638888891333828,0.15598885793871867,359,0.0,0.3008356545961003,1.0,81.49999998534292,0.42328083664000904,45
1.0,360.0,114,no_response,71114,72114,73114,0.01944444452587187,0.10306406685236769,359,0.0,0.0,1.0,339.4999999853429,1.1724238899722998,36
1.0,360.0,115,response,71115,72115,73115,0.7125000003666719,0.08635097493036212,359,0.0,0.36768802228412256,1.0,63.49999998534292,0.40353713859100987,40
1.0,360.0,115,no_response,71115,72115,73115,0.10416666678880385,0.11142061281337047,359,0.0,0.0,1.0,255.49999998534292,0.9745574494211322,33
1.0,360.0,116,response,71116,72116,73116,0.7625000003665886,0.11142061281337047,359,0.0,0.3955431754874652,1.0,47.49999998534292,0.31809502423716507,29
1.0,360.0,116,no_response,71116,72116,73116,0.0,0.09192200557103064,359,0.0,0.0,0.0,360.0,1.1544686127295858,33
1.0,360.0,117,response,71117,72117,73117,0.7236111114776906,0.11142061281337047,359,0.0,0.38997214484679665,1.0,47.49999998534292,0.3294844457633734,42
1.0,360.0,117,no_response,71117,72117,73117,0.3055555558812992,0.0807799442896936,359,0.0,0.0,1.0,109.49999998534292,0.5374962532169075,37
1.0,360.0,118,response,71118,72118,73118,0.751388889255475,0.17270194986072424,359,0.0,0.3342618384401114,1.0,69.49999998534292,0.4448020783324748,37
1.0,360.0,118,no_response,71118,72118,73118,0.0250000002442836,0.07799442896935933,359,0.0,0.0,1.0,313.4999999853429,0.8778698967133749,42
1.0,360.0,119,response,71119,72119,73119,0.8458333335368949,0.17270194986072424,359,0.0,0.30362116991643456,1.0,51.49999998534292,0.32649995746128835,36
1.0,360.0,119,no_response,71119,72119,73119,0.0,0.07520891364902507,359,0.0,0.0,0.0,360.0,0.9209705026039994,33
1.0,360.0,120,response,71120,72120,73120,0.5625000005294416,0.11142061281337047,359,0.0,0.37604456824512533,1.0,79.49999998534292,0.4324606597393777,26
1.0,360.0,120,no_response,71120,72120,73120,0.0,0.0947075208913649,359,0.0,0.0,0.0,360.0,1.2506789267345069,33
1.0,360.0,121,response,71121,72121,73121,0.7263888891741358,0.1309192200557103,359,0.0,0.3816155988857939,1.0,75.49999998534292,0.4790360691592582,35
1.0,360.0,121,no_response,71121,72121,73121,0.0,0.04178272980501393,359,0.0,0.0,0.0,360.0,1.1679659431868912,25
1.0,360.0,122,response,71122,72122,73122,0.7986111115593256,0.11977715877437325,359,0.0,0.3816155988857939,1.0,47.49999998534292,0.3111234124552083,21
1.0,360.0,122,no_response,71122,72122,73122,0.2833333334962218,0.07520891364902507,359,0.0,0.0,1.0,173.49999998534292,0.5795285440194731,29
1.0,360.0,123,response,71123,72123,73123,0.619444445014739,0.11142061281337047,359,0.0,0.3871866295264624,1.0,49.49999998534292,0.3504441626152554,41
1.0,360.0,123,no_response,71123,72123,73123,0.2527777781851421,0.06685236768802229,359,0.0,0.0,1.0,51.49999998534292,0.7206740671836757,34
1.0,360.0,124,response,71124,72124,73124,0.7736111114777969,0.10027855153203342,359,0.0,0.39275766016713093,1.0,47.49999998534292,0.31761961876153,33
1.0,360.0,124,no_response,71124,72124,73124,0.0,0.08913649025069638,359,0.0,0.0,0.0,360.0,1.0775929967602162,37
1.0,360.0,125,response,71125,72125,73125,0.7736111114776075,0.14763231197771587,359,0.0,0.3649025069637883,1.0,47.49999998534292,0.3156087592081202,30
1.0,360.0,125,no_response,71125,72125,73125,0.0,0.0807799442896936,359,0.0,0.0,0.0,360.0,0.7537270357658942,33
1.0,360.0,126,response,71126,72126,73126,0.6097222225073766,0.09749303621169916,359,0.0,0.38997214484679665,1.0,97.49999998534292,0.5890048103934844,33
1.0,360.0,126,no_response,71126,72126,73126,0.0,0.0947075208913649,359,0.0,0.0,0.0,360.0,1.2903668728957156,28
1.0,360.0,127,response,71127,72127,73127,0.5902777779814102,0.11420612813370473,359,0.0,0.37604456824512533,1.0,135.49999998534292,0.6136919241588377,33
1.0,360.0,127,no_response,71127,72127,73127,0.0,0.08635097493036212,359,0.0,0.0,0.0,360.0,1.3434979220924277,37
1.0,90.0,0,response,71000,72000,73000,0.0,0.033707865168539325,89,0.0,0.5056179775280899,0.0,90.0,0.7477373276165293,10
1.0,90.0,0,no_response,71000,72000,73000,0.0,0.0898876404494382,89,0.0,0.0,0.0,90.0,1.340374740303788,10
1.0,90.0,1,response,71001,72001,73001,0.3222222225481094,0.06741573033707865,89,0.0,0.6966292134831461,1.0,57.49999998534292,0.7074021330034117,3
1.0,90.0,1,no_response,71001,72001,73001,0.0,0.12359550561797752,89,0.0,0.0,0.0,90.0,1.371662413926175,10
1.0,90.0,2,response,71002,72002,73002,0.38333333349617116,0.0898876404494382,89,0.0,0.7303370786516854,1.0,55.49999998534292,0.6771246397656633,2
1.0,90.0,2,no_response,71002,72002,73002,0.0,0.033707865168539325,89,0.0,0.0,0.0,90.0,1.29936394696277,8
1.0,90.0,3,response,71003,72003,73003,0.47222222238505485,0.06741573033707865,89,0.0,0.7078651685393258,1.0,47.49999998534292,0.5703254431560213,6
1.0,90.0,3,no_response,71003,72003,73003,0.0,0.10112359550561797,89,0.0,0.0,0.0,90.0,1.301086725267254,11
1.0,90.0,4,response,71004,72004,73004,0.472222222385055,0.0449438202247191,89,0.0,0.7640449438202247,1.0,47.49999998534292,0.570005847923216,4
1.0,90.0,4,no_response,71004,72004,73004,0.0,0.16853932584269662,89,0.0,0.0,0.0,90.0,1.3051317515442222,9
1.0,90.0,5,response,71005,72005,73005,0.2500000001628454,0.056179775280898875,89,0.0,0.7303370786516854,1.0,67.49999998534292,0.7625104735164117,2
1.0,90.0,5,no_response,71005,72005,73005,0.06111111159967786,0.02247191011235955,89,0.0,0.0,1.0,81.49999998534292,0.7875644594430208,8
1.0,90.0,6,response,71006,72006,73006,0.16111111127396116,0.033707865168539325,89,0.0,0.7528089887640449,1.0,75.49999998534292,0.7354031396300794,4
1.0,90.0,6,no_response,71006,72006,73006,0.0,0.056179775280898875,89,0.0,0.0,0.0,90.0,0.9657282801653436,8
1.0,90.0,7,response,71007,72007,73007,0.0,0.10112359550561797,89,0.0,0.5955056179775281,0.0,90.0,0.9935167615876233,8
1.0,90.0,7,no_response,71007,72007,73007,0.0,0.0898876404494382,89,0.0,0.0,0.0,90.0,1.2916483869674276,8
1.0,90.0,8,response,71008,72008,73008,0.45000000016283404,0.06741573033707865,89,0.0,0.7191011235955056,1.0,49.49999998534292,0.5932359470639715,5
1.0,90.0,8,no_response,71008,72008,73008,0.0,0.0449438202247191,89,0.0,0.0,0.0,90.0,1.0743887150892422,7
1.0,90.0,9,response,71009,72009,73009,0.3388888890517292,0.06741573033707865,89,0.0,0.7078651685393258,1.0,59.49999998534292,0.7252524464702709,4
1.0,90.0,9,no_response,71009,72009,73009,0.0,0.11235955056179775,89,0.0,0.0,0.0,90.0,1.3663609414141726,6
1.0,90.0,10,response,71010,72010,73010,0.38333333349617116,0.06741573033707865,89,0.0,0.7078651685393258,1.0,55.49999998534292,0.6678855524048354,4
1.0,90.0,10,no_response,71010,72010,73010,0.0,0.06741573033707865,89,0.0,0.0,0.0,90.0,0.964544797646363,9
1.0,90.0,11,response,71011,72011,73011,0.15000000048856327,0.056179775280898875,89,0.0,0.6853932584269663,1.0,57.49999998534292,0.7217509573561004,5
1.0,90.0,11,no_response,71011,72011,73011,0.0,0.0449438202247191,89,0.0,0.0,0.0,90.0,0.8336532719169141,8
1.0,90.0,12,response,71012,72012,73012,0.472222222385055,0.11235955056179775,89,0.0,0.651685393258427,1.0,47.49999998534292,0.5667450926121895,3
1.0,90.0,12,no_response,71012,72012,73012,0.0,0.10112359550561797,89,0.0,0.0,0.0,90.0,1.293061827171807,6
1.0,90.0,13,response,71013,72013,73013,0.2722222223850663,0.07865168539325842,89,0.0,0.7528089887640449,1.0,65.49999998534292,0.7417337048354276,4
1.0,90.0,13,no_response,71013,72013,73013,0.0,0.07865168539325842,89,0.0,0.0,0.0,90.0,0.9834045171974976,8
1.0,90.0,14,response,71014,72014,73014,0.36111111127395024,0.07865168539325842,89,0.0,0.7078651685393258,1.0,57.49999998534292,0.7046953636540797,4
1.0,90.0,14,no_response,71014,72014,73014,0.0,0.033707865168539325,89,0.0,0.0,0.0,90.0,1.2291243495540505,10
1.0,90.0,15,response,71015,72015,73015,0.41666666715559436,0.0449438202247191,89,0.0,0.6966292134831461,1.0,47.49999998534292,0.5744562646537991,1
1.0,90.0,15,no_response,71015,72015,73015,0.0,0.07865168539325842,89,0.0,0.0,0.0,90.0,1.1291766912224155,5
1.0,90.0,16,response,71016,72016,73016,0.38333333349617116,0.033707865168539325,89,0.0,0.6966292134831461,1.0,55.49999998534292,0.6779380502671313,8
1.0,90.0,16,no_response,71016,72016,73016,0.0,0.06741573033707865,89,0.0,0.0,0.0,90.0,0.7887261177930418,12
1.0,90.0,17,response,71017,72017,73017,0.15000000048856327,0.056179775280898875,89,0.0,0.6853932584269663,1.0,67.49999998534292,0.8412213343308266,3
1.0,90.0,17,no_response,71017,72017,73017,0.0,0.0449438202247191,89,0.0,0.0,0.0,90.0,0.9900931493775943,5
1.0,90.0,18,response,71018,72018,73018,0.2500000001628454,0.0449438202247191,89,0.0,0.7528089887640449,1.0,67.49999998534292,0.8353309390761119,1
1.0,90.0,18,no_response,71018,72018,73018,0.0,0.07865168539325842,89,0.0,0.0,0.0,90.0,1.2313028330458229,6
1.0,90.0,19,response,71019,72019,73019,0.472222222385055,0.06741573033707865,89,0.0,0.7415730337078652,1.0,47.49999998534292,0.570146180086006,4
1.0,90.0,19,no_response,71019,72019,73019,0.0,0.07865168539325842,89,0.0,0.0,0.0,90.0,0.7805866739546287,5
1.0,90.0,20,response,71020,72020,73020,0.3444444447703303,0.07865168539325842,89,0.0,0.6629213483146067,1.0,57.49999998534292,0.6943070086224267,5
1.0,90.0,20,no_response,71020,72020,73020,0.0,0.12359550561797752,89,0.0,0.0,0.0,90.0,1.287750838563977,10
1.0,90.0,21,response,71021,72021,73021,0.46111111160003626,0.0449438202247191,89,0.0,0.7640449438202247,1.0,47.49999998534292,0.5718041622793565,3
1.0,90.0,21,no_response,71021,72021,73021,0.0,0.033707865168539325,89,0.0,0.0,0.0,90.0,1.00700215160313,6
1.0,90.0,22,response,71022,72022,73022,0.09444444460729709,0.056179775280898875,89,0.0,0.7191011235955056,1.0,81.49999998534292,0.6303508723101944,10
1.0,90.0,22,no_response,71022,72022,73022,0.0,0.15730337078651685,89,0.0,0.0,0.0,90.0,1.358090162282641,11
1.0,90.0,23,response,71023,72023,73023,0.0,0.06741573033707865,89,0.0,0.5617977528089888,0.0,90.0,0.9998222064169432,8
1.0,90.0,23,no_response,71023,72023,73023,0.0,0.0898876404494382,89,0.0,0.0,0.0,90.0,1.2845267178571609,8
1.0,90.0,24,response,71024,72024,73024,0.22777777794062443,0.0449438202247191,89,0.0,0.7640449438202247,1.0,69.49999998534292,0.8609503792644249,1
1.0,90.0,24,no_response,71024,72024,73024,0.0,0.07865168539325842,89,0.0,0.0,0.0,90.0,1.1081836991722593,7
1.0,90.0,25,response,71025,72025,73025,0.16111111127396116,0.06741573033707865,89,0.0,0.7078651685393258,1.0,75.49999998534292,0.8951225862665106,4
1.0,90.0,25,no_response,71025,72025,73025,0.0,0.12359550561797752,89,0.0,0.0,0.0,90.0,1.374336203408759,9
1.0,90.0,26,response,71026,72026,73026,0.09444444460729709,0.033707865168539325,89,0.0,0.6741573033707865,1.0,81.49999998534292,0.704316847890369,4
1.0,90.0,26,no_response,71026,72026,73026,0.0,0.06741573033707865,89,0.0,0.0,0.0,90.0,1.3523740442479508,8
1.0,90.0,27,response,71027,72027,73027,0.3166666668295083,0.02247191011235955,89,0.0,0.7078651685393258,1.0,61.49999998534292,0.7531917271039142,5
1.0,90.0,27,no_response,71027,72027,73027,0.0,0.12359550561797752,89,0.0,0.0,0.0,90.0,0.9616883302008226,8
1.0,90.0,28,response,71028,72028,73028,0.40555555571839214,0.1348314606741573,89,0.0,0.6853932584269663,1.0,53.49999998534292,0.6496289539250686,3
1.0,90.0,28,no_response,71028,72028,73028,0.0,0.1348314606741573,89,0.0,0.0,0.0,90.0,1.077622898379166,10
1.0,90.0,29,response,71029,72029,73029,0.09444444460729709,0.033707865168539325,89,0.0,0.7303370786516854,1.0,81.49999998534292,0.7893006750000636,3
1.0,90.0,29,no_response,71029,72029,73029,0.0,0.0898876404494382,89,0.0,0.0,0.0,90.0,0.9083366972414765,9
1.0,90.0,30,response,71030,72030,73030,0.0,0.10112359550561797,89,0.0,0.5842696629213483,0.0,90.0,0.8682907859057839,11
1.0,90.0,30,no_response,71030,72030,73030,0.011111111436823445,0.056179775280898875,89,0.0,0.0,1.0,79.49999998534292,0.7613671913078477,12
1.0,90.0,31,response,71031,72031,73031,0.1833333334961825,0.02247191011235955,89,0.0,0.7640449438202247,1.0,73.49999998534292,0.9084149810399318,3
1.0,90.0,31,no_response,71031,72031,73031,0.0,0.14606741573033707,89,0.0,0.0,0.0,90.0,1.2595096047448178,11
1.0,90.0,32,response,71032,72032,73032,0.40555555571839214,0.06741573033707865,89,0.0,0.7528089887640449,1.0,53.49999998534292,0.5944708197679287,4
1.0,90.0,32,no_response,71032,72032,73032,0.0,0.12359550561797752,89,0.0,0.0,0.0,90.0,1.210726136571677,8
1.0,90.0,33,response,71033,72033,73033,0.472222222385055,0.07865168539325842,89,0.0,0.7191011235955056,1.0,47.49999998534292,0.5679201821852535,4
1.0,90.0,33,no_response,71033,72033,73033,0.0,0.10112359550561797,89,0.0,0.0,0.0,90.0,1.373333333333335,8
1.0,90.0,34,response,71034,72034,73034,0.05555555588126612,0.056179775280898875,89,0.0,0.651685393258427,1.0,65.49999998534292,0.6329332069377024,7
1.0,90.0,34,no_response,71034,72034,73034,0.0,0.02247191011235955,89,0.0,0.0,0.0,90.0,1.2702510687961575,7
1.0,90.0,35,response,71035,72035,73035,0.2722222223850662,0.0449438202247191,89,0.0,0.7752808988764045,1.0,65.49999998534292,0.6193186219996583,6
1.0,90.0,35,no_response,71035,72035,73035,0.0,0.11235955056179775,89,0.0,0.0,0.0,90.0,0.8717746905658076,12
1.0,90.0,36,response,71036,72036,73036,0.0,0.10112359550561797,89,0.0,0.4157303370786517,0.0,90.0,1.00731546421389,9
1.0,90.0,36,no_response,71036,72036,73036,0.0,0.12359550561797752,89,0.0,0.0,0.0,90.0,1.397820525755086,5
1.0,90.0,37,response,71037,72037,73037,0.16111111127396116,0.033707865168539325,89,0.0,0.797752808988764,1.0,75.49999998534292,0.6944222218666537,5
1.0,90.0,37,no_response,71037,72037,73037,0.011111111436823445,0.07865168539325842,89,0.0,0.0,1.0,79.49999998534292,0.7894189142794984,8
1.0,90.0,38,response,71038,72038,73038,0.37222222271115246,0.033707865168539325,89,0.0,0.6966292134831461,1.0,55.49999998534292,0.6810971541074975,4
1.0,90.0,38,no_response,71038,72038,73038,0.0,0.14606741573033707,89,0.0,0.0,0.0,90.0,1.2808400021513666,8
1.0,90.0,39,response,71039,72039,73039,0.3277777782667105,0.056179775280898875,89,0.0,0.7078651685393258,1.0,51.49999998534292,0.6113446018590656,7
1.0,90.0,39,no_response,71039,72039,73039,0.0,0.07865168539325842,89,0.0,0.0,0.0,90.0,0.9130267125214772,8
1.0,90.0,40,response,71040,72040,73040,0.0,0.0449438202247191,89,0.0,0.651685393258427,0.0,90.0,1.015777753469944,7
1.0,90.0,40,no_response,71040,72040,73040,0.0,0.02247191011235955,89,0.0,0.0,0.0,90.0,1.2506318403111298,14
1.0,90.0,41,response,71041,72041,73041,0.2722222223850663,0.10112359550561797,89,0.0,0.7078651685393258,1.0,65.49999998534292,0.791471203940275,6
1.0,90.0,41,no_response,71041,72041,73041,0.0,0.11235955056179775,89,0.0,0.0,0.0,90.0,1.2359000319155624,11
1.0,90.0,42,response,71042,72042,73042,0.472222222385055,0.033707865168539325,89,0.0,0.7415730337078652,1.0,47.49999998534292,0.5674347735398511,2
1.0,90.0,42,no_response,71042,72042,73042,0.0,0.11235955056179775,89,0.0,0.0,0.0,90.0,1.3247926462490491,5
1.0,90.0,43,response,71043,72043,73043,0.19444444493300567,0.0449438202247191,89,0.0,0.7528089887640449,1.0,69.49999998534292,0.859824271451893,6
1.0,90.0,43,no_response,71043,72043,73043,0.0,0.12359550561797752,89,0.0,0.0,0.0,90.0,1.4216047270602346,11
1.0,90.0,44,response,71044,72044,73044,0.30555555604448953,0.0449438202247191,89,0.0,0.7528089887640449,1.0,61.49999998534292,0.759128154895835,3
1.0,90.0,44,no_response,71044,72044,73044,0.0,0.056179775280898875,89,0.0,0.0,0.0,90.0,0.9896441560255654,8
1.0,90.0,45,response,71045,72045,73045,0.07222222238507575,0.011235955056179775,89,0.0,0.7078651685393258,1.0,83.49999998534292,1.0300377555108253,4
1.0,90.0,45,no_response,71045,72045,73045,0.0,0.056179775280898875,89,0.0,0.0,0.0,90.0,1.2515980895550214,7
1.0,90.0,46,response,71046,72046,73046,0.46111111160003626,0.033707865168539325,89,0.0,0.7640449438202247,1.0,47.49999998534292,0.5724489302791772,3
1.0,90.0,46,no_response,71046,72046,73046,0.0,0.07865168539325842,89,0.0,0.0,0.0,90.0,1.251779178254342,6
1.0,90.0,47,response,71047,72047,73047,0.3388888890517292,0.0449438202247191,89,0.0,0.7528089887640449,1.0,59.49999998534292,0.7303210861592925,2
1.0,90.0,47,no_response,71047,72047,73047,0.0,0.10112359550561797,89,0.0,0.0,0.0,90.0,0.8437219131127648,11
1.0,90.0,48,response,71048,72048,73048,0.07222222238507575,0.056179775280898875,89,0.0,0.7078651685393258,1.0,83.49999998534292,0.972245967963984,5
1.0,90.0,48,no_response,71048,72048,73048,0.0,0.06741573033707865,89,0.0,0.0,0.0,90.0,1.1154391262836552,7
1.0,90.0,49,response,71049,72049,73049,0.0,0.056179775280898875,89,0.0,0.5617977528089888,0.0,90.0,0.9407892667566105,11
1.0,90.0,49,no_response,71049,72049,73049,0.0,0.056179775280898875,89,0.0,0.0,0.0,90.0,1.2648653858986134,11
1.0,90.0,50,response,71050,72050,73050,0.3166666668295083,0.06741573033707865,89,0.0,0.6966292134831461,1.0,61.49999998534292,0.7409663360174416,3
1.0,90.0,50,no_response,71050,72050,73050,0.0,0.033707865168539325,89,0.0,0.0,0.0,90.0,1.1492180916702555,5
1.0,90.0,51,response,71051,72051,73051,0.3277777782667105,0.0449438202247191,89,0.0,0.7528089887640449,1.0,47.49999998534292,0.5824469456048665,3
1.0,90.0,51,no_response,71051,72051,73051,0.0,0.06741573033707865,89,0.0,0.0,0.0,90.0,1.0532953579652355,6
1.0,90.0,52,response,71052,72052,73052,0.472222222385055,0.0898876404494382,89,0.0,0.7415730337078652,1.0,47.49999998534292,0.5674347735398502,2
1.0,90.0,52,no_response,71052,72052,73052,0.03333333365904478,0.02247191011235955,89,0.0,0.0,1.0,57.49999998534292,0.6737424499680039,6
1.0,90.0,53,response,71053,72053,73053,0.30555555604448953,0.0449438202247191,89,0.0,0.7191011235955056,1.0,61.49999998534292,0.7590637507994813,2
1.0,90.0,53,no_response,71053,72053,73053,0.0,0.0898876404494382,89,0.0,0.0,0.0,90.0,1.2368418564140606,11
1.0,90.0,54,response,71054,72054,73054,0.36111111127395024,0.0449438202247191,89,0.0,0.7303370786516854,1.0,57.49999998534292,0.70026026907461,3
1.0,90.0,54,no_response,71054,72054,73054,0.0,0.0898876404494382,89,0.0,0.0,0.0,90.0,1.1905180945005975,7
1.0,90.0,55,response,71055,72055,73055,0.40555555571839214,0.0898876404494382,89,0.0,0.6966292134831461,1.0,53.49999998534292,0.6499093953946375,4
1.0,90.0,55,no_response,71055,72055,73055,0.0,0.056179775280898875,89,0.0,0.0,0.0,90.0,1.310467261874346,10
1.0,90.0,56,response,71056,72056,73056,0.2500000001628454,0.011235955056179775,89,0.0,0.7303370786516854,1.0,67.49999998534292,0.8025071823839207,3
1.0,90.0,56,no_response,71056,72056,73056,0.0,0.15730337078651685,89,0.0,0.0,0.0,90.0,1.3840423885608908,14
1.0,90.0,57,response,71057,72057,73057,0.46111111160003626,0.056179775280898875,89,0.0,0.7078651685393258,1.0,47.49999998534292,0.5728757864202887,6
1.0,90.0,57,no_response,71057,72057,73057,0.0,0.11235955056179775,89,0.0,0.0,0.0,90.0,1.1873556052562075,12
1.0,90.0,58,response,71058,72058,73058,0.472222222385055,0.0449438202247191,89,0.0,0.6853932584269663,1.0,47.49999998534292,0.5699434669820799,5
1.0,90.0,58,no_response,71058,72058,73058,0.0,0.14606741573033707,89,0.0,0.0,0.0,90.0,1.289072017641634,12
1.0,90.0,59,response,71059,72059,73059,0.3166666668295083,0.02247191011235955,89,0.0,0.7191011235955056,1.0,61.49999998534292,0.7548774735014949,5
1.0,90.0,59,no_response,71059,72059,73059,0.027777777940633044,0.0449438202247191,89,0.0,0.0,1.0,87.49999998534292,0.9069362344362102,6
1.0,90.0,60,response,71060,72060,73060,0.38888888921458264,0.07865168539325842,89,0.0,0.6741573033707865,1.0,53.49999998534292,0.6464810730236276,6
1.0,90.0,60,no_response,71060,72060,73060,0.0,0.0898876404494382,89,0.0,0.0,0.0,90.0,1.128609764267527,11
1.0,90.0,61,response,71061,72061,73061,0.0,0.06741573033707865,89,0.0,0.6179775280898876,0.0,90.0,1.0399401692191514,6
1.0,90.0,61,no_response,71061,72061,73061,0.0,0.07865168539325842,89,0.0,0.0,0.0,90.0,1.102639258022919,9
1.0,90.0,62,response,71062,72062,73062,0.40555555571839197,0.06741573033707865,89,0.0,0.6853932584269663,1.0,53.49999998534292,0.6495400081767292,6
1.0,90.0,62,no_response,71062,72062,73062,0.0,0.12359550561797752,89,0.0,0.0,0.0,90.0,1.2477998414988067,8
1.0,90.0,63,response,71063,72063,73063,0.027777777940633044,0.07865168539325842,89,0.0,0.651685393258427,1.0,87.49999998534292,0.9171937878357249,5
1.0,90.0,63,no_response,71063,72063,73063,0.16111111127396116,0.0449438202247191,89,0.0,0.0,1.0,75.49999998534292,0.8772583554587685,8
1.0,90.0,64,response,71064,72064,73064,0.2277777785920499,0.02247191011235955,89,0.0,0.7191011235955056,1.0,51.49999998534292,0.6378087487640812,7
1.0,90.0,64,no_response,71064,72064,73064,0.0,0.07865168539325842,89,0.0,0.0,0.0,90.0,1.058632241253885,15
1.0,90.0,65,response,71065,72065,73065,0.472222222385055,0.06741573033707865,89,0.0,0.6741573033707865,1.0,47.49999998534292,0.5679280079571903,2
1.0,90.0,65,no_response,71065,72065,73065,0.0,0.056179775280898875,89,0.0,0.0,0.0,90.0,0.7424104884316537,7
1.0,90.0,66,response,71066,72066,73066,0.28333333382226855,0.1348314606741573,89,0.0,0.6629213483146067,1.0,59.49999998534292,0.7077287616029174,3
1.0,90.0,66,no_response,71066,72066,73066,0.0,0.14606741573033707,89,0.0,0.0,0.0,90.0,0.9623027936500369,7
1.0,90.0,67,response,71067,72067,73067,0.41666666715559436,0.011235955056179775,89,0.0,0.7865168539325843,1.0,47.49999998534292,0.5744562646537991,1
1.0,90.0,67,no_response,71067,72067,73067,0.0,0.0449438202247191,89,0.0,0.0,0.0,90.0,1.2322698117250501,4
1.0,90.0,68,response,71068,72068,73068,0.11666666682951844,0.033707865168539325,89,0.0,0.7640449438202247,1.0,79.49999998534292,0.9058035107019641,5
1.0,90.0,68,no_response,71068,72068,73068,0.0,0.1348314606741573,89,0.0,0.0,0.0,90.0,1.326616414458646,9
1.0,90.0,69,response,71069,72069,73069,0.3166666668295083,0.12359550561797752,89,0.0,0.6629213483146067,1.0,61.49999998534292,0.7442878773998984,4
1.0,90.0,69,no_response,71069,72069,73069,0.0,0.1348314606741573,89,0.0,0.0,0.0,90.0,1.3178871980054552,7
1.0,90.0,70,response,71070,72070,73070,0.11666666682951844,0.0449438202247191,89,0.0,0.7191011235955056,1.0,79.49999998534292,0.9638349328478296,5
1.0,90.0,70,no_response,71070,72070,73070,0.0,0.12359550561797752,89,0.0,0.0,0.0,90.0,1.3158014034546928,10
1.0,90.0,71,response,71071,72071,73071,0.41666666715559436,0.011235955056179775,89,0.0,0.797752808988764,1.0,47.49999998534292,0.5744485278169897,4
1.0,90.0,71,no_response,71071,72071,73071,0.0,0.0898876404494382,89,0.0,0.0,0.0,90.0,1.0126971687308879,12
1.0,90.0,72,response,71072,72072,73072,0.472222222385055,0.10112359550561797,89,0.0,0.6404494382022472,1.0,47.49999998534292,0.5678106100531136,4
1.0,90.0,72,no_response,71072,72072,73072,0.0,0.10112359550561797,89,0.0,0.0,0.0,90.0,0.8903332709347275,9
1.0,90.0,73,response,71073,72073,73073,0.472222222385055,0.056179775280898875,89,0.0,0.7191011235955056,1.0,47.49999998534292,0.5691084645693161,2
1.0,90.0,73,no_response,71073,72073,73073,0.1833333334961824,0.056179775280898875,89,0.0,0.0,1.0,73.49999998534292,0.7191723638244787,9
1.0,90.0,74,response,71074,72074,73074,0.3611111119261337,0.02247191011235955,89,0.0,0.6966292134831461,1.0,47.49999998534292,0.5784807689111144,5
1.0,90.0,74,no_response,71074,72074,73074,0.0,0.07865168539325842,89,0.0,0.0,0.0,90.0,1.2113426893786556,6
1.0,90.0,75,response,71075,72075,73075,0.0,0.10112359550561797,89,0.0,0.5842696629213483,0.0,90.0,1.0837424868379841,6
1.0,90.0,75,no_response,71075,72075,73075,0.0,0.06741573033707865,89,0.0,0.0,0.0,90.0,1.3303533365237987,7
1.0,90.0,76,response,71076,72076,73076,0.472222222385055,0.0898876404494382,89,0.0,0.6853932584269663,1.0,47.49999998534292,0.5680688534167491,5
1.0,90.0,76,no_response,71076,72076,73076,0.0,0.14606741573033707,89,0.0,0.0,0.0,90.0,0.9390728287932614,8
1.0,90.0,77,response,71077,72077,73077,0.472222222385055,0.0449438202247191,89,0.0,0.7078651685393258,1.0,47.49999998534292,0.5688506931621966,2
1.0,90.0,77,no_response,71077,72077,73077,0.0,0.1348314606741573,89,0.0,0.0,0.0,90.0,1.2969982438093146,7
1.0,90.0,78,response,71078,72078,73078,0.3833333334961711,0.07865168539325842,89,0.0,0.7078651685393258,1.0,55.49999998534292,0.6764153884838664,3
1.0,90.0,78,no_response,71078,72078,73078,0.0,0.06741573033707865,89,0.0,0.0,0.0,90.0,1.1367204288361037,5
1.0,90.0,79,response,71079,72079,73079,0.472222222385055,0.0449438202247191,89,0.0,0.6853932584269663,1.0,47.49999998534292,0.567364276476957,3
1.0,90.0,79,no_response,71079,72079,73079,0.0,0.0898876404494382,89,0.0,0.0,0.0,90.0,0.988759042661277,10
1.0,90.0,80,response,71080,72080,73080,0.22777777794062443,0.056179775280898875,89,0.0,0.7415730337078652,1.0,69.49999998534292,0.8609142427288184,2
1.0,90.0,80,no_response,71080,72080,73080,0.0,0.0898876404494382,89,0.0,0.0,0.0,90.0,1.000559843287746,6
1.0,90.0,81,response,71081,72081,73081,0.472222222385055,0.056179775280898875,89,0.0,0.6853932584269663,1.0,47.49999998534292,0.5682253074265516,4
1.0,90.0,81,no_response,71081,72081,73081,0.0,0.07865168539325842,89,0.0,0.0,0.0,90.0,1.1541615523352406,9
1.0,90.0,82,response,71082,72082,73082,0.39444444493299435,0.056179775280898875,89,0.0,0.7865168539325843,1.0,53.49999998534292,0.6538501357344838,3
1.0,90.0,82,no_response,71082,72082,73082,0.0,0.0898876404494382,89,0.0,0.0,0.0,90.0,1.0454600263360954,7
1.0,90.0,83,response,71083,72083,73083,0.1833333334961825,0.056179775280898875,89,0.0,0.8202247191011236,1.0,73.49999998534292,0.7841485120108881,4
1.0,90.0,83,no_response,71083,72083,73083,0.0,0.10112359550561797,89,0.0,0.0,0.0,90.0,0.9762832011710987,8
1.0,90.0,84,response,71084,72084,73084,0.46111111160003626,0.056179775280898875,89,0.0,0.6629213483146067,1.0,47.49999998534292,0.5710419326887353,5
1.0,90.0,84,no_response,71084,72084,73084,0.0,0.06741573033707865,89,0.0,0.0,0.0,90.0,0.9738217952422774,6
1.0,90.0,85,response,71085,72085,73085,0.0,0.12359550561797752,89,0.0,0.651685393258427,0.0,90.0,0.9705714238987715,9
1.0,90.0,85,no_response,71085,72085,73085,0.0,0.15730337078651685,89,0.0,0.0,0.0,90.0,1.311992547404308,11
1.0,90.0,86,response,71086,72086,73086,0.38333333349617116,0.056179775280898875,89,0.0,0.7528089887640449,1.0,55.49999998534292,0.6108354934022749,4
1.0,90.0,86,no_response,71086,72086,73086,0.0,0.0449438202247191,89,0.0,0.0,0.0,90.0,0.7430627310141575,8
1.0,90.0,87,response,71087,72087,73087,0.40555555571839214,0.056179775280898875,89,0.0,0.7303370786516854,1.0,53.49999998534292,0.6496905246175134,3
1.0,90.0,87,no_response,71087,72087,73087,0.0,0.0898876404494382,89,0.0,0.0,0.0,90.0,0.8986607319289681,11
1.0,90.0,88,response,71088,72088,73088,0.3388888890517292,0.06741573033707865,89,0.0,0.7303370786516854,1.0,59.49999998534292,0.6381849261773571,5
1.0,90.0,88,no_response,71088,72088,73088,0.0,0.15730337078651685,89,0.0,0.0,0.0,90.0,0.8069200703911118,11
1.0,90.0,89,response,71089,72089,73089,0.3333333339853116,0.056179775280898875,89,0.0,0.6853932584269663,1.0,53.49999998534292,0.6572670690061977,7
1.0,90.0,89,no_response,71089,72089,73089,0.0,0.056179775280898875,89,0.0,0.0,0.0,90.0,1.1634966456524254,6
1.0,90.0,90,response,71090,72090,73090,0.46111111160003626,0.033707865168539325,89,0.0,0.6629213483146067,1.0,47.49999998534292,0.5733953454835662,3
1.0,90.0,90,no_response,71090,72090,73090,0.0,0.07865168539325842,89,0.0,0.0,0.0,90.0,1.3247725171599178,4
1.0,90.0,91,response,71091,72091,73091,0.3277777782667105,0.033707865168539325,89,0.011235955056179775,0.651685393258427,1.0,47.49999998534292,0.5816833808486792,3
1.0,90.0,91,no_response,71091,72091,73091,0.0,0.056179775280898875,89,0.0,0.0,0.0,90.0,1.2581609153398832,14
1.0,90.0,92,response,71092,72092,73092,0.27777777810366744,0.056179775280898875,89,0.0,0.6853932584269663,1.0,57.49999998534292,0.7110243002567166,1
1.0,90.0,92,no_response,71092,72092,73092,0.0,0.0898876404494382,89,0.0,0.0,0.0,90.0,1.1625183391623946,8
1.0,90.0,93,response,71093,72093,73093,0.20555555571840348,0.06741573033707865,89,0.0,0.6853932584269663,1.0,71.49999998534292,0.6923197719743857,4
1.0,90.0,93,no_response,71093,72093,73093,0.0,0.06741573033707865,89,0.0,0.0,0.0,90.0,1.1093741979652827,5
1.0,90.0,94,response,71094,72094,73094,0.3944444449333734,0.07865168539325842,89,0.0,0.7191011235955056,1.0,47.49999998534292,0.5763872155263484,3
1.0,90.0,94,no_response,71094,72094,73094,0.0,0.12359550561797752,89,0.0,0.0,0.0,90.0,1.1598199093920682,5
1.0,90.0,95,response,71095,72095,73095,0.0,0.07865168539325842,89,0.0,0.6404494382022472,0.0,90.0,0.904708670113081,6
1.0,90.0,95,no_response,71095,72095,73095,0.0,0.14606741573033707,89,0.0,0.0,0.0,90.0,1.4123896220393461,9
1.0,90.0,96,response,71096,72096,73096,0.27777777810366744,0.06741573033707865,89,0.0,0.6853932584269663,1.0,57.49999998534292,0.6032504547127235,5
1.0,90.0,96,no_response,71096,72096,73096,0.0,0.12359550561797752,89,0.0,0.0,0.0,90.0,1.2909255938623616,8
1.0,90.0,97,response,71097,72097,73097,0.40555555571839214,0.07865168539325842,89,0.0,0.7640449438202247,1.0,53.49999998534292,0.6501965514792866,3
1.0,90.0,97,no_response,71097,72097,73097,0.11666666682951844,0.06741573033707865,89,0.0,0.0,1.0,79.49999998534292,0.6788683393871192,6
1.0,90.0,98,response,71098,72098,73098,0.4277777779406131,0.0898876404494382,89,0.0,0.7078651685393258,1.0,51.49999998534292,0.6220896684205242,5
1.0,90.0,98,no_response,71098,72098,73098,0.0,0.10112359550561797,89,0.0,0.0,0.0,90.0,0.8132295015690327,10
1.0,90.0,99,response,71099,72099,73099,0.12222222254793018,0.07865168539325842,89,0.0,0.6067415730337079,1.0,51.49999998534292,0.6585101028500314,8
1.0,90.0,99,no_response,71099,72099,73099,0.0,0.10112359550561797,89,0.0,0.0,0.0,90.0,1.389810538646666,7
1.0,90.0,100,response,71100,72100,73100,0.472222222385055,0.0449438202247191,89,0.0,0.6966292134831461,1.0,47.49999998534292,0.5670978751503124,3
1.0,90.0,100,no_response,71100,72100,73100,0.0,0.10112359550561797,89,0.0,0.0,0.0,90.0,0.9958402370750928,6
1.0,90.0,101,response,71101,72101,73101,0.2944444446072873,0.0449438202247191,89,0.0,0.7078651685393258,1.0,63.49999998534292,0.781866712141881,4
1.0,90.0,101,no_response,71101,72101,73101,0.0,0.02247191011235955,89,0.0,0.0,0.0,90.0,1.1901148403970665,4
1.0,90.0,102,response,71102,72102,73102,0.472222222385055,0.06741573033707865,89,0.0,0.797752808988764,1.0,47.49999998534292,0.570457905740835,3
1.0,90.0,102,no_response,71102,72102,73102,0.0,0.056179775280898875,89,0.0,0.0,0.0,90.0,1.2038272301289765,7
1.0,90.0,103,response,71103,72103,73103,0.3944444449333734,0.011235955056179775,89,0.0,0.7752808988764045,1.0,47.49999998534292,0.5770191600901184,5
1.0,90.0,103,no_response,71103,72103,73103,0.0,0.10112359550561797,89,0.0,0.0,0.0,90.0,0.8025237968088176,11
1.0,90.0,104,response,71104,72104,73104,0.0,0.011235955056179775,89,0.0,0.6741573033707865,0.0,90.0,0.8408355632609987,6
1.0,90.0,104,no_response,71104,72104,73104,0.0,0.056179775280898875,89,0.0,0.0,0.0,90.0,1.2344607459669728,10
1.0,90.0,105,response,71105,72105,73105,0.20555555571840348,0.02247191011235955,89,0.0,0.7415730337078652,1.0,71.49999998534292,0.878518955717836,6
1.0,90.0,105,no_response,71105,72105,73105,0.0,0.12359550561797752,89,0.0,0.0,0.0,90.0,1.3534384195653513,11
1.0,90.0,106,response,71106,72106,73106,0.47222222238505485,0.033707865168539325,89,0.0,0.6629213483146067,1.0,47.49999998534292,0.5721538254700405,6
1.0,90.0,106,no_response,71106,72106,73106,0.0,0.12359550561797752,89,0.0,0.0,0.0,90.0,1.3241248682305868,10
1.0,90.0,107,response,71107,72107,73107,0.0,0.1348314606741573,89,0.0,0.5280898876404494,0.0,90.0,1.0225675745125333,8
1.0,90.0,107,no_response,71107,72107,73107,0.0,0.1348314606741573,89,0.0,0.0,0.0,90.0,1.1414883072355833,10
1.0,90.0,108,response,71108,72108,73108,0.0,0.07865168539325842,89,0.0,0.2696629213483146,0.0,90.0,1.1519336400640068,12
1.0,90.0,108,no_response,71108,72108,73108,0.0,0.06741573033707865,89,0.0,0.0,0.0,90.0,1.3700705577937713,10
1.0,90.0,109,response,71109,72109,73109,0.0,0.10112359550561797,89,0.0,0.6629213483146067,0.0,90.0,0.8606354241682902,8
1.0,90.0,109,no_response,71109,72109,73109,0.0,0.0898876404494382,89,0.0,0.0,0.0,90.0,0.9162144339011953,11
1.0,90.0,110,response,71110,72110,73110,0.1388888890517398,0.02247191011235955,89,0.0,0.797752808988764,1.0,77.49999998534292,0.9643650760992968,1
1.0,90.0,110,no_response,71110,72110,73110,0.0,0.11235955056179775,89,0.0,0.0,0.0,90.0,1.240566178986211,4
1.0,90.0,111,response,71111,72111,73111,0.0,0.056179775280898875,89,0.0,0.5617977528089888,0.0,90.0,0.9333476189382909,5
1.0,90.0,111,no_response,71111,72111,73111,0.0,0.06741573033707865,89,0.0,0.0,0.0,90.0,1.2577369447631817,7
1.0,90.0,112,response,71112,72112,73112,0.11666666682951844,0.033707865168539325,89,0.0,0.7640449438202247,1.0,79.49999998534292,0.7958782709825811,4
1.0,90.0,112,no_response,71112,72112,73112,0.0055555557184117236,0.06741573033707865,89,0.0,0.0,1.0,89.49999998534292,0.766898515667706,6
1.0,90.0,113,response,71113,72113,73113,0.027777777940633044,0.02247191011235955,89,0.0,0.6853932584269663,1.0,87.49999998534292,0.9006664199358172,7
1.0,90.0,113,no_response,71113,72113,73113,0.0,0.0449438202247191,89,0.0,0.0,0.0,90.0,1.0834061513988609,7
1.0,90.0,114,response,71114,72114,73114,0.09444444460729709,0.033707865168539325,89,0.0,0.6853932584269663,1.0,81.49999998534292,0.8236234306742111,8
1.0,90.0,114,no_response,71114,72114,73114,0.0,0.07865168539325842,89,0.0,0.0,0.0,90.0,1.2090620790973114,8
1.0,90.0,115,response,71115,72115,73115,0.2944444446072873,0.0449438202247191,89,0.0,0.6853932584269663,1.0,63.49999998534292,0.7527431316340407,7
1.0,90.0,115,no_response,71115,72115,73115,0.0,0.0898876404494382,89,0.0,0.0,0.0,90.0,1.1306163510817167,6
1.0,90.0,116,response,71116,72116,73116,0.472222222385055,0.0449438202247191,89,0.0,0.7528089887640449,1.0,47.49999998534292,0.5703488211417423,2
1.0,90.0,116,no_response,71116,72116,73116,0.0,0.10112359550561797,89,0.0,0.0,0.0,90.0,0.8250414131019909,9
1.0,90.0,117,response,71117,72117,73117,0.26111111159966854,0.056179775280898875,89,0.0,0.7640449438202247,1.0,47.49999998534292,0.5914426806077206,4
1.0,90.0,117,no_response,71117,72117,73117,0.0,0.12359550561797752,89,0.0,0.0,0.0,90.0,0.87534628068617,15
1.0,90.0,118,response,71118,72118,73118,0.22777777794062443,0.02247191011235955,89,0.0,0.7865168539325843,1.0,69.49999998534292,0.8606199315996977,2
1.0,90.0,118,no_response,71118,72118,73118,0.0,0.0898876404494382,89,0.0,0.0,0.0,90.0,0.8098230259342647,8
1.0,90.0,119,response,71119,72119,73119,0.4277777779406131,0.0898876404494382,89,0.0,0.6853932584269663,1.0,51.49999998534292,0.6225396015962018,3
1.0,90.0,119,no_response,71119,72119,73119,0.0,0.1797752808988764,89,0.0,0.0,0.0,90.0,0.8481247287725749,10
1.0,90.0,120,response,71120,72120,73120,0.11666666682951844,0.0449438202247191,89,0.0,0.7415730337078652,1.0,79.49999998534292,0.7759495974467541,3
1.0,90.0,120,no_response,71120,72120,73120,0.0,0.11235955056179775,89,0.0,0.0,0.0,90.0,0.970140883239816,10
1.0,90.0,121,response,71121,72121,73121,0.16111111127396116,0.033707865168539325,89,0.0,0.8089887640449438,1.0,75.49999998534292,0.9247894655301592,5
1.0,90.0,121,no_response,71121,72121,73121,0.0,0.06741573033707865,89,0.0,0.0,0.0,90.0,1.3108640068460367,6
1.0,90.0,122,response,71122,72122,73122,0.41666666715559436,0.0449438202247191,89,0.0,0.7528089887640449,1.0,47.49999998534292,0.5744562646537991,1
1.0,90.0,122,no_response,71122,72122,73122,0.0,0.07865168539325842,89,0.0,0.0,0.0,90.0,0.8936317909395213,6
1.0,90.0,123,response,71123,72123,73123,0.27777777810366744,0.02247191011235955,89,0.0,0.6741573033707865,1.0,49.49999998534292,0.6107627289800069,6
1.0,90.0,123,no_response,71123,72123,73123,0.15000000048856327,0.0449438202247191,89,0.0,0.0,1.0,51.49999998534292,0.6370347975843513,7
1.0,90.0,124,response,71124,72124,73124,0.46111111160003626,0.011235955056179775,89,0.0,0.7640449438202247,1.0,47.49999998534292,0.5728292357529683,5
1.0,90.0,124,no_response,71124,72124,73124,0.0,0.1348314606741573,89,0.0,0.0,0.0,90.0,1.147429978497841,9
1.0,90.0,125,response,71125,72125,73125,0.472222222385055,0.06741573033707865,89,0.0,0.7415730337078652,1.0,47.49999998534292,0.5690537955432865,5
1.0,90.0,125,no_response,71125,72125,73125,0.0,0.06741573033707865,89,0.0,0.0,0.0,90.0,0.8669999359220795,8
1.0,90.0,126,response,71126,72126,73126,0.0,0.02247191011235955,89,0.0,0.5730337078651685,0.0,90.0,1.1372754967709258,7
1.0,90.0,126,no_response,71126,72126,73126,0.0,0.10112359550561797,89,0.0,0.0,0.0,90.0,1.3723038212355816,6
1.0,90.0,127,response,71127,72127,73127,0.0,0.0449438202247191,89,0.0,0.4943820224719101,0.0,90.0,1.1016432170978836,8
1.0,90.0,127,no_response,71127,72127,73127,0.0,0.0449438202247191,89,0.0,0.0,0.0,90.0,1.3737863330550693,10
