time_s,x_m,y_m,orientation_rad,axis_heading_rad,head_x_m,head_y_m,dissipation_J,power_W,action,amplitude_rad,amplitude_rate_rad_s,phase_rad,phase_rate_rad_s,bias_rad,bias_rate_rad_s
0.0,0.0,0.0,0.0,-3.141592653589793,-0.0005000000000000001,0.0,0.0,1.583237531953663e-13,1,0.0,1.2,0.0,0.0,0.0,-4.0
0.02,1.2215511572727978e-11,9.734457113260157e-10,-1.3451046080337238e-05,3.1415792025437126,-0.0004996563380057595,-1.0268596942806394e-05,3.043357541149973e-15,1.4634642652636286e-13,1,0.023526336508606138,1.1529473269827877,0.002480096241394649,0.24636721980439416,-0.07842112169535365,-3.8431577566092927
0.04,3.1642602901683345e-10,9.04938089074278e-09,-0.0001293961562052948,3.1414632574335872,-0.0004986843484417365,-2.0058470123896054e-05,5.859966360636041e-15,1.3559193951958488e-13,1,0.04613019216801861,1.1077396156639627,0.009790290914295882,0.48307424274577493,-0.1537673072267285,-3.692465385546543
0.06,1.62090062519587e-09,2.9699231446038475e-08,-0.0004381964278355804,3.1411544571619574,-0.0004971738630233683,-2.9321170672840206e-05,8.472047666850381e-15,1.2584119027443534e-13,1,0.06784773796970556,1.0643045240605888,0.021741193150254835,0.7104998505610404,-0.22615912656568504,-3.54768174686863
0.08,4.94560726115835e-09,6.689746312716684e-08,-0.0010190109451520052,3.1405736426446413,-0.0004952151035396453,-3.8018045298103085e-05,1.0897627491532841e-14,1.16894506273999e-13,1,0.08871372662027333,1.0225725467594533,0.038150838202993975,0.9290079727427458,-0.29571242206757753,-3.408575155864845
0.1,1.1517912151070526e-08,1.2330665300431584e-07,-0.0019409333616060207,3.139651720228187,-0.0004928973213392363,-4.6118629761810355e-05,1.3150951060885555e-14,1.0857389257100808e-13,1,0.10876154815321104,0.9824769036935779,0.058844396265991784,1.1389482689039339,-0.3625384938440366,-3.274923012311927
0.12,2.2675708327004226e-08,2.0042931636582393e-07,-0.0032637520374867567,3.138328901552306,-0.0004903077808275416,-5.359922535701474e-05,1.5242931240199054e-14,1.007243979950407e-13,1,0.12802328336006813,0.9439534332798637,0.08365389270749338,1.340656688308114,-0.4267442778668935,-3.146511444266213
0.14,3.97642758460406e-08,2.9872936024696123e-07,-0.0050383589728084585,3.1365542946169853,-0.0004875309753775915,-6.044167686851375e-05,1.7181620776950668e-14,9.321525018090174e-14,1,0.1465297551265649,0.9069404897468701,0.11241793927526313,1.5344560074597582,-0.4884325170885495,-3.023134965822901
0.16,6.401773550092936e-08,4.177298372269507e-07,-0.007306831456417752,3.134285822133375,-0.00048464798488832774,-6.66323582780924e-05,1.8972707880530176e-14,8.594111047522392e-14,1,0.16431057775578567,0.8713788444884286,0.14498147584094984,1.720656346615568,-0.5477019258526186,-2.904596148294763
0.18,9.642039951977193e-08,5.560959849415138e-07,-0.01010221214329119,3.131490441446502,-0.0004817359046723099,-7.216136503607586e-05,2.062003924940472e-14,7.882356923094831e-14,1,0.18139420435738157,0.8372115912852368,0.1811955222708,1.8995556660430515,-0.6046473478579384,-2.7907053042841232
0.2,1.3754770778481182e-07,7.117137717407572e-07,-0.013448018416609083,3.128144635173184,-0.0004788672948534123,-7.702190793592353e-05,2.2126175142727572e-14,7.181281964887157e-14,1,0.19780797237861664,0.8043840552427667,0.2209169400256598,2.071440242820516,-0.659359907928722,-2.681280184142556
0.22,1.8739081410551955e-07,8.81774498048617e-07,-0.017357520515145206,3.124235133074648,-0.0004761096177998282,-8.120990223692935e-05,2.3492978307111565e-14,6.488930117597597e-14,1,0.21357814735011543,0.7728437052997691,0.2640082031087746,2.2365851289414698,-0.7119271578337178,-2.5761456843325643
0.24,2.451732189729039e-07,1.0628754233033538e-06,-0.02183283990120436,3.1197598136885887,-0.00047352464829883645,-8.47237454202247e-05,2.4722233143909806e-14,5.806498637234589e-14,1,0.22872996491631575,0.7425400701673684,0.31033717799485355,2.395254591456495,-0.7624332163877188,-2.4751335672245625
0.26,3.091719681791876e-07,1.25114479561057e-06,-0.026863934200114514,3.114728719389678,-0.00047116785721510026,-8.756427666613807e-05,2.581628404332999e-14,5.138390028533266e-14,1,0.24328767121788364,0.7134246575642327,0.3597769121882393,2.5477025353569074,-0.8109589040596119,-2.378082191880776
0.28,3.765595299944596e-07,1.4423969307911203e-06,-0.03242755167190447,3.1091651019178883,-0.0004690877841579996,-8.973490981137456e-05,2.677867303414068e-14,4.4921417145620476e-14,1,0.25727456169071133,0.6854508766185773,0.4122054310718302,2.6941729098769094,-0.8575818723023709,-2.284836255395258
0.3,4.4328505319310524e-07,1.632319065297996e-06,-0.03848625477710033,3.1031063988126926,-0.000467325427864235,-9.12419284466326e-05,2.7614747734074246e-14,3.87818882807735e-14,1,0.2707130183435844,0.6585739633128311,0.4675055427216704,2.8349000988644124,-0.9023767278119479,-2.1952465443761042
0.32,5.040147102267812e-07,1.8166867051408091e-06,-0.04498762641963118,3.0966050271701615,-0.00046591369391024327,-9.209492656728377e-05,2.8332202240855017e-14,3.309423105485257e-14,1,0.28362454557417116,0.6327509088516576,0.5255646503748691,2.9701092958451984,-0.9454151519139036,-2.109169696172193
0.34,5.521496455746577e-07,1.9915984708360087e-06,-0.051863780728057536,3.089728872861736,-0.0004648769470201133,-9.230737085726496e-05,2.89415075264672e-14,2.80052609813069e-14,1,0.29602980458064654,0.6079403908387069,0.5862745722507581,3.100016864380604,-0.9867660152688216,-2.026467969462357
0.36,5.799362123641064e-07,2.153715649765694e-06,-0.059031299370912706,3.08256135421888,-0.0004642307184310314,-9.189725184990134e-05,2.945618564690981e-14,2.3670777817718558e-14,1,0.3079486464240173,0.5841027071519653,0.6495313684369627,3.224830684295379,-1.0264954880800574,-1.9470090238398852
0.38,5.786765370319672e-07,2.3004867320715997e-06,-0.06639170137502347,3.07520095221477,-0.0004639816163235857,-9.088778196820616e-05,2.989288507374394e-14,2.0244706208462905e-14,1,0.31940014379405474,0.5611997124118905,0.7152351745633669,3.3447504843297535,-1.0646671459801822,-1.8706657080396356
0.4,5.390383319293578e-07,2.430334189245353e-06,-0.07383252739792776,3.0677601261918657,-0.0004641274783351712,-8.930809032073797e-05,3.027122362619913e-14,1.7866908885078234e-14,1,0.3304026215296673,0.5391947569406653,0.7832900419978157,3.459968161748039,-1.1013420717655573,-1.7973158564688854
0.42,4.5145219106429545e-07,2.5427806475332833e-06,-0.08122907857994734,3.0603635750098457,-0.0004646577894371915,-8.719385883242222e-05,3.061338092183229e-14,1.6650585528615865e-14,1,0.34097368594255245,0.518052628114895,0.8536037843078333,3.570668089415187,-1.136578953141841,-1.7268420937163178
0.44,3.0657380841993895e-07,2.6384950509053934e-06,-0.08844679825144267,3.05314585533835,-0.00046555436673623645,-8.458784339301058e-05,3.094344294063903e-14,1.6670384131809724e-14,1,0.35113025299105144,0.4977394940178971,0.926087829742664,3.6770274108327095,-1.1704341766368378,-1.6591316467263244
0.46,9.577943065579517e-08,2.719246426190258e-06,-0.09534422735486695,3.0462484262349268,-0.00046679228695494386,-8.154022823483852e-05,3.1286525007436736e-14,1.7952429377392846e-14,1,0.36088857534929175,0.47822284930141645,1.0006570794995744,3.779216323606072,-1.2029619178309723,-1.5940761643380554
0.48,-1.883428748038392e-07,2.787762720218764e-06,-0.10177640896360163,3.0398162446261914,-0.0004683410053954358,-7.810877183062564e-05,3.166772310454443e-14,2.046737968031586e-14,1,0.37026426841493304,0.4594714631701339,1.0772297715476138,3.877398351797177,-1.2342142280497765,-1.531571543900447
0.5,-5.515446580495125e-07,2.847503429661809e-06,-0.10759857196390632,3.0339940816258864,-0.00047016559067883585,-7.435871725922767e-05,3.211096341511243e-14,2.412736010361427e-14,1,0.3792723352971349,0.4414553294057302,1.1557273497909208,3.9717306075977454,-1.264241117657116,-1.471517764685768
0.52,-9.975458720992118e-07,2.9023655073084723e-06,-0.11266989600114743,3.0289227575886457,-0.0004722279811303651,-7.03624572159874e-05,3.2637833216895734e-14,2.878721989423535e-14,1,0.38792719082473215,0.42414561835053566,1.2360743383622115,4.062364042742348,-1.2930906360824403,-1.4138187278351193
0.54,-1.5277674683148008e-06,2.9563504232741206e-06,-0.11685715362605127,3.0247354999637412,-0.00047448815934927283,-6.619896094798497e-05,3.326648065011593e-14,3.4250100601349255e-14,1,0.39624268461303674,0.40751463077392647,1.3181982208452878,4.149443690063379,-1.3208089487101224,-1.3583821025797551
0.56,-2.141183394472002e-06,3.0132248704258806e-06,-0.12003804180128225,3.0215546117885115,-0.00047690514307136537,-6.195298454644061e-05,3.401066602273346e-14,4.0276858493577865e-14,1,0.4042321232261765,0.3915357535476469,1.4020293242333017,4.233108895574534,-1.3474404107539217,-1.3051191784921565
0.58,-2.834296154332187e-06,3.0762078139075655e-06,-0.12210405011687316,3.0194886034729205,-0.00047943770320870794,-5.7714094905145405e-05,3.4879034425406915e-14,4.6598540963864846e-14,1,0.41190829147043706,0.37618341705912584,1.48750070743708,4.313493541454162,-1.3730276382347901,-1.2539447235304197
0.6,-3.6012302044469507e-06,3.1477126704198437e-06,-0.12296276063976691,3.0186298929500257,-0.0004820447428070074,-5.357553996948054e-05,3.58746610628341e-14,5.293092125033539e-14,1,0.419283472852679,0.361433054294642,1.5745480541650994,4.390726260285306,-1.3976115761755965,-1.204776847648807
0.62,-4.433930720337608e-06,3.229166361997351e-06,-0.12253952617662496,3.0190531274131676,-0.0004846853013813528,-4.9632993709397085e-05,3.6994900062736596e-14,5.89900611677638e-14,1,0.4263694692365698,0.3472610615268603,1.6631095700036989,4.4649306408952905,-1.4212315641218995,-1.157536871756201
0.64,-5.322452389585837e-06,3.320918191404447e-06,-0.12077852206624551,3.0208141315235473,-0.0004873181848751874,-4.5983194955771934e-05,3.82315476407291e-14,6.450797193354698e-14,1,0.4331776197280837,0.3336447605438325,1.7531258835328343,4.536225426124203,-1.4439253990936125,-1.112149201812775
0.66,-6.255323666530899e-06,3.4222422780740615e-06,-0.11764320553036878,3.0239494480594242,-0.0004899012594133983,-4.272248734383442e-05,3.95713136007172e-14,6.924762588968943e-14,1,0.43971881882048997,0.32056236235902,1.8445399513191398,4.604724702838776,-1.4657293960683,-1.0685412078634
0.68,-7.219975324728077e-06,3.531428691373463e-06,-0.11311624299509516,3.0284764105946973,-0.0004923904843247922,-3.994525627462274e-05,4.099658225311587e-14,7.301677339121655e-14,1,0.4460035338278666,0.3079929323442667,1.9372969666342648,4.67053808449571,-1.486678446092889,-1.026643107814222
0.7000000000000001,-8.203226605483834e-06,3.6459509766671324e-06,-0.10719897950075209,3.034393674089041,-0.000494738794028369,-3.7742251347618275e-05,4.2486434697126153e-14,7.568018086433145e-14,1,0.45204182163503626,0.29591635672992744,2.031344271752415,4.733770886546592,-1.5068060721167877,-0.9863878557664245
0.72,-9.191825997382284e-06,3.7626916358506547e-06,-0.09991052764678866,3.0416821259430042,-0.0004968949667957658,-3.619878206847471e-05,4.4017897775920524e-14,7.716998656471247e-14,1,0.4578433447907271,0.2843133104185458,2.126631273686758,4.79452429496509,-1.526144482635757,-0.9477110347284858
0.74,-1.0173044970318833e-05,3.878202230152505e-06,-0.09128655029823624,3.0503061032915575,-0.0004988026384353918,-3.539278285847721e-05,4.5567379008521263e-14,7.749385197959427e-14,1,0.46341738696971246,0.27316522606057503,2.2231093632298493,4.852895528166091,-1.544724623232375,-0.91055075353525
0.76,-1.11353204145391e-05,3.988971092172292e-06,-0.0813778057926068,3.0602148477971864,-0.0005003996276338361,-3.539276124612006e-05,4.711223946000722e-14,7.674047680799028e-14,1,0.4687728678286712,0.2624542643426575,2.3207318371685317,4.908977992575909,-1.562576226095571,-0.8748475478088582
0.78,-1.2068934227854311e-05,4.091669409801642e-06,-0.07024852036128801,3.0713441332285054,-0.0005016177339690411,-3.625566971845778e-05,4.863244627022994e-14,7.508187670137962e-14,1,0.47391835727954124,0.2521632854409175,2.4194538235488285,4.962861432102499,-1.579727857598471,-0.840544284803058
0.8,-1.2966706381035783e-05,4.183346315002639e-06,-0.057974652316979,3.0836180012728143,-0.0005023831468345984,-3.8024774332409547e-05,5.0112232748819054e-14,7.277165121613163e-14,1,0.47886208920320683,0.2422758215935863,2.519232209871245,5.01463207174485,-1.5962069640106897,-0.8075860719786205
0.8200000000000001,-1.3824661900817137e-05,4.2615465614861414e-06,-0.044642116861458636,3.0969505367283343,-0.0005026175623556191,-4.0727627361722825e-05,5.1541677212215576e-14,7.013836999472501e-14,1,0.4836119746254649,0.23277605074907015,2.620025574101571,5.064372755571381,-1.6120399154182168,-0.7759201691635664
0.84,-1.4642614945232099e-05,4.324331480985666e-06,-0.03034504783687437,3.1112476057529186,-0.000502240046881729,-4.4374281206829163e-05,5.2918094388355655e-14,6.757326500590406e-14,1,0.48817561437635404,0.22364877124729188,2.72179411838679,5.112163079288127,-1.6272520479211807,-0.7454959041576386
0.86,-1.5424598376815365e-05,4.370195859003564e-06,-0.015184180439856788,3.1264084731499366,-0.0005011696141332756,-4.8955900322093524e-05,5.424711929620429e-14,6.551171823906251e-14,1,0.49256031125310407,0.21487937749379182,2.824499605370022,5.158079517608847,-1.6418677041770142,-0.7162645916459716
0.88,-1.6179059974967076e-05,4.39788987695141e-06,0.000734557133707299,-3.1408580964560855,-0.0004993284064196322,-5.4443931635863995e-05,5.554335848582224e-14,6.440862845448895e-14,1,0.4967730817061697,0.2064538365876606,2.9281052970025954,5.202195546630884,-1.6559102723538996,-0.6881794552922007
0.9,-1.6918751859224842e-05,4.406174520404188e-06,0.01730115907110639,-3.124291494518687,-0.0004966452991828187,-6.078997862607771e-05,5.6830493304404197e-14,6.4708611281122e-14,1,0.5008206670670481,0.19835866586590378,3.0325758957553317,5.2445817614125945,-1.6694022235568275,-0.6611955528863449
0.92,-1.76602615703423e-05,4.3935573408141854e-06,0.03440229532877717,-3.1071903582610165,-0.0004930596938899427,-6.792648978880043e-05,5.814074908935467e-14,6.681301944095977e-14,1,0.5047095443358476,0.1905809113283048,3.1378774881349685,5.285305988940504,-1.6823651477861592,-0.6352697044276816
0.9400000000000001,-1.8423171946082765e-05,4.358068417511911e-06,0.05192166135014239,-3.0896709922396504,-0.0004885252364397244,-7.576832195077855e-05,5.951369415778611e-14,7.104674435548194e-14,1,0.5084459365458697,0.18310812690826062,3.2439774904153342,5.324433396666955,-1.6948197884862328,-0.6103604230275343
0.96,-1.92288879223195e-05,4.297138994011406e-06,0.06973992056111754,-3.071852733028676,-0.0004830132014335827,-8.421517844979225e-05,6.099439921760604e-14,7.762839080530441e-14,1,0.5120358227217899,0.17592835455642009,3.350844596496435,5.362026596791937,-1.7067860757393003,-0.5864278485213994
0.98,-2.0099222188113423e-05,4.2076344431995235e-06,0.087734280319918,-3.0538583732698754,-0.000476515315296544,-9.315485815544019e-05,6.263106165359862e-14,8.664743876233283e-14,1,0.515484947447373,0.16903010510525385,3.4584487278080154,5.398145746455959,-1.7182831581579106,-0.5634336836841789
1.0,-2.1054875665802458e-05,4.086069142059533e-06,0.10577778517558965,-3.035814868414203,-0.0004690458460856257,-0.00010246718919650656,6.447226611774738e-14,9.805129105060671e-14,1,0.5187988300580324,0.16240233988393515,3.56676098517743,5.432848644004315,-1.7293294335267753,-0.5413411329464495
1.02,-2.2113971173530704e-05,3.928997689677348e-06,0.12373844523979594,-3.0178542083499966,-0.00046064285470807947,-0.00011202846479706816,6.656409849528399e-14,1.1164373886056572e-13,1,0.5219827734729445,0.1560344530541109,3.675753602584799,5.46619082147676,-1.7399425782431488,-0.5201148435137024
1.04,-2.3290792327536692e-05,3.7335420395582917e-06,0.14147833519344524,-3.0001143183963475,-0.0004513685715742897,-0.00012171615002808949,6.89473441844042e-14,1.2709466423848682e-13,1,0.5250418726808506,0.14991625463829883,3.7853999027314575,5.498225633470627,-1.7501395756028357,-0.49972084879432854
1.06,-2.4594845424910094e-05,3.497985869424052e-06,0.15885279732367977,-2.9827398562661127,-0.0004413089279523067,-0.00013141358970219792,7.165498094427947e-14,1.439591674422252e-13,1,0.527981022893126,0.144037954213748,3.8956742543505802,5.529004342519565,-1.7599367429770871,-0.48012651404582574
1.08,-2.6030308116073633e-05,3.222352437668847e-06,0.17570986130995273,-2.9658827922798405,-0.0004305723294438838,-0.00014101442248424316,7.471012722120484e-14,1.6170315606813228e-13,1,0.5308049273771624,0.13839014524567506,4.006552031191691,5.558576201124526,-1.7693497579238755,-0.461300484152249
1.1,-2.7595868398860273e-05,2.908882953274879e-06,0.1918899606561294,-2.9497026929336636,-0.0004192878086165579,-0.00015042639939212414,7.81245413256124e-14,1.797319956230855e-13,1,0.5335181049825997,0.13296379003480063,4.118009572613406,5.586988530568278,-1.7783936832753326,-0.4432126334493347
1.12,-2.9284904543788212e-05,2.562347310685446e-06,0.20722599100152173,-2.934366662588271,-0.00040760273239894934,-0.00015957432106671415,8.189770004689796e-14,1.9741911006692045e-13,1,0.5361248973724483,0.1277502052551034,4.2300241457213605,5.614286796639552,-1.7870829912414947,-0.42583401751701055
1.1400000000000001,-3.108592109018401e-05,2.190142655095712e-06,0.22154373094329194,-2.920048922646501,-0.0003956802622387712,-0.0001684018500037465,8.601643042156344e-14,2.1413226453797286e-13,1,0.5386294759706775,0.12274104805864505,4.342573908990727,5.640514682388003,-1.7954315865689254,-0.40913682686214914
1.16,-3.2983142415262925e-05,1.8021609903941156e-06,0.23466264225962338,-2.9069300113301697,-0.00038369676400276404,-0.00017687201957569166,9.045503400136897e-14,2.2925640124140324e-13,1,0.541035848637383,0.11792830272523402,4.455637877315116,5.665714158026407,-1.8034528287912772,-0.39309434241744556
1.18,-3.4957172442476664e-05,1.4104290349523794e-06,0.24639709078313654,-2.8951955628066566,-0.0003718393332370791,-0.0001849663447138737,9.517583236874183e-14,2.422130811442765e-13,1,0.5433478660822185,0.11330426783556291,4.56919588842593,5.6899255480919635,-1.8111595536073957,-0.37768089278520867
1.2,-3.69856520339343e-05,1.0285382027894297e-06,0.2565580836659502,-2.8850345699238424,-0.0003603035360765353,-0.0001926825302668793,1.0013007459931534e-13,2.5247761984914294e-13,1,0.5455692280263524,0.10886154394729508,4.68322857062843,5.713187595974147,-1.8185640934211753,-0.3628718131576494
1.22,-3.9043878398676284e-05,6.708893364698902e-07,0.2649556993983356,-2.876636954191458,-0.0003492913686819562,-0.00020003086333302515,1.0525917761059846e-13,2.5959577557036093e-13,1,0.5477034891228112,0.10459302175437757,4.797717311802892,5.735537525912404,-1.8256782970760377,-0.34864340584792464
1.24,-4.1105387814911715e-05,3.5177786839159983e-07,0.27140248330241695,-2.870190170287376,-0.0003390093167868897,-0.00020702946007696384,1.1049631267181877e-13,2.632022678291585e-13,1,0.5497540646446823,0.10049187071063526,4.9126442296212485,5.757011102562876,-1.8325135488156084,-0.3349729023687833
1.26,-4.3142539656726696e-05,8.434489042729184e-08,0.27571817590423275,-2.8658744776855603,-0.00032966626589384855,-0.00021369861644666012,1.157683979804611e-13,2.6304338757407073e-13,1,0.5517242359502804,0.09655152809943912,5.02799214293154,5.777642688229477,-1.8390807865009353,-0.32183842699812937
1.28,-4.512717239511749e-05,-1.2057597117848695e-07,0.2777362085309944,-2.863856445058799,-0.00032147089145973494,-0.0002200545924664311,1.2099859816420563e-13,2.59005368783686e-13,1,0.55361715573402,0.09276568853195988,5.143744544264413,5.7974652978509145,-1.8453905191134008,-0.3092189617731984
1.3,-4.7031426542368216e-05,-2.5567071379617334e-07,0.27731240244693683,-2.8642802511428567,-0.0003146280722551136,-0.00022610325109615834,1.2610945361527672e-13,2.511488393657283e-13,1,0.5554358530713995,0.08912829385720089,5.259885573417646,5.8165106518316305,-1.8514528435713324,-0.2970943128573351
1.32,-4.882883874965782e-05,-3.1833982694271753e-07,0.2743361946646695,-2.867256458925123,-0.00030933385065079423,-0.0002318340820880046,1.310267483843048e-13,2.3974735457576226e-13,1,0.5571832382661682,0.08563352346766351,5.376399992076443,5.8348092268012195,-1.857277460887228,-0.285445078225544
1.34,-5.049579532086198e-05,-3.1175120458716763e-07,0.2687444253591263,-2.8728482282306667,-0.0003057685489307276,-0.00023721526516388812,1.3568415434000125e-13,2.253246576941535e-13,1,0.5588621075074331,0.08227578498513366,5.493273159428876,5.852390304383539,-1.8628736916914443,-0.2742526166171113
1.36,-5.20133794966795e-05,-2.4556720312275817e-07,0.26053720381123585,-2.8810554497785574,-0.0003040878806899169,-0.0002421905414005565,1.400285420930804e-13,2.086811944125251e-13,1,0.5604751473441582,0.07904970531168365,5.610491008737463,5.869282018053548,-1.8682504911471942,-0.26349901770561157
1.3800000000000001,-5.33695441719909e-05,-1.3610997655114913e-07,0.24979460591216165,-2.8917980476776313,-0.00030441229868325423,-0.0002466787157126296,1.4402561823246255e-13,1.9089650719502116e-13,1,0.5620249389842155,0.07595012203156903,5.728040024829389,5.885511398156878,-1.8734164632807186,-0.2531670734385627
1.4000000000000001,-5.4561391069101095e-05,-5.716326624766381e-09,0.2366920218244836,-2.90490063176531,-0.00030681538435575767,-0.00025057652944020947,1.4766525477844953e-13,1.732923572847804e-13,1,0.5635139624248691,0.07297207515026183,5.8459072224693465,5.901104415164147,-1.8783798747495641,-0.24324025050087172
1.42,-5.5597164466789854e-05,1.1890084121075209e-07,0.22151108911046083,-2.9200815644793323,-0.0003113127258067167,-0.0002537653366040752,1.509655879709399e-13,1.5734435674003825e-13,1,0.5649446004212993,0.07011079915740126,5.964080125580385,5.916086021229252,-1.8831486680709983,-0.2337026638580033
1.44,-5.649743194142101e-05,2.0929363460709481e-07,0.20464269469150997,-2.9369499588982837,-0.00031785326955867464,-0.00025612144526601877,1.5397479867142527e-13,1.4453968988123647e-13,1,0.5663191422995196,0.0673617154009607,6.08254674727953,5.930480190118146,-1.8877304743317325,-0.22453905133653507
1.46,-5.7294911012591236e-05,2.3866092894596886e-07,0.18657895476177913,-2.9550136988280133,-0.0003263153114995607,-0.0002575292011205803,1.567695888702374e-13,1.361948544298873e-13,1,0.5676397876197863,0.06472042476042739,6.201295570696209,5.9443099555719705,-1.8921326253992878,-0.21573474920142433
1.48,-5.8032581702526184e-05,1.8541414461516248e-07,0.1678926717902816,-2.973699981799511,-0.00033650887826328584,-0.00025789508898238365,1.5944983497661138e-13,1.3326566749521075e-13,1,0.5689086496963645,0.062182700607271046,6.320315530542807,5.957597448165959,-1.8963621656545482,-0.20727566869090364
1.5,-5.8760103590642784e-05,3.6180034909886274e-08,0.1492053671695365,-2.992387286420257,-0.0003481851793156264,-0.0002571606118085652,1.6212968982778493e-13,1.3619361721539404e-13,1,0.5701277589792816,0.059744482041436786,6.4395959954078394,5.970363930723078,-1.9004258632642719,-0.19914827347145625
1.52,-5.952902565842837e-05,-2.1246969814075727e-07,0.13114786831751873,-3.0104447852722744,-0.0003610523120530433,-0.0002553117541133981,1.6492630170957714e-13,1.4482976421873146e-13,1,0.5712990663034809,0.0574018673930381,6.55912675074343,5.98262983233908,-1.904330221011603,-0.1913395579767938
1.54,-6.0387649362033955e-05,-5.539743087100188e-07,0.11431950779816467,-3.0272731457916287,-0.0003747949677589837,-0.0002523835248038715,1.679479835593904e-13,1.584577755593411e-13,1,0.5724244460105734,0.05515110797885314,6.678897982519854,5.994414781073416,-1.9080814867019114,-0.1838370265961773
1.56,-6.137650777861442e-05,-9.733795265228734e-07,0.09925237820784796,-3.042340275381945,-0.00038909504525597535,-0.00024845919098053735,1.7128381454302068e-13,1.7590857629602333e-13,1,0.5735056989481843,0.05298860210363143,6.798900261520995,6.005737635358318,-1.911685663160614,-0.17662867367877189
1.58,-6.252520893233907e-05,-1.4500985723121581e-06,0.08638560877839706,-3.0552070448113966,-0.0004036501155688121,-0.00024366494576607731,1.7499622535167823e-13,1.9573359750980215e-13,1,0.5745445553516931,0.05091088929661369,6.9191245282555895,6.016616514176312,-1.915148517838977,-0.1697029643220458
1.6,-6.385096746752739e-05,-1.9611354654670514e-06,0.07605194263219178,-3.0655407109576007,-0.000418187489217918,-0.00023816150882020315,1.7911730324801876e-13,2.163924387535879e-13,1,0.5755426776129803,0.048914644774039395,7.039562078460108,6.0270688260544585,-1.9184755920432675,-0.1630488159134651
1.62,-6.535870647853426e-05,-2.4840922308125575e-06,0.06847607670112046,-3.0731165768886726,-0.0004324728213327853,-0.00023213436399681394,1.836486866895723e-13,2.3641619779231184e-13,1,0.5765016629406078,0.04699667411878439,7.160204549170075,6.037111296921709,-1.9216722098020258,-0.1566555803959484
1.6400000000000001,-6.704231046422142e-05,-2.9994924274329545e-06,0.06378219319044055,-3.077810460399352,-0.00044631330690256726,-0.00022578407483495562,1.8856428975703574e-13,2.5452379166262773e-13,1,0.5774230459156943,0.04515390816861142,7.281043905337542,6.0467599968739565,-1.9247434863856476,-0.15051302722870474
1.6600000000000001,-6.888651033239843e-05,-3.4922250693334925e-06,0.06200724284016321,-3.0795854107496297,-0.00045955628852077483,-0.00021931761034088985,1.9381482699300683e-13,2.696864055015698e-13,1,0.5783083009475721,0.0433833981048557,7.402072426973299,6.056030365889627,-1.9276943364919072,-0.1446113270161855
1.68,-7.086894653953028e-05,-3.95213955513651e-06,0.06311669492210674,-3.0784759586676866,-0.0004720844602953391,-0.00021294108562697943,1.993331588493633e-13,2.8114821968033424e-13,1,0.5791588446331568,0.041682310733686334,7.52328269679324,6.064937238536928,-1.930529482110523,-0.138941035778954
1.7,-7.296210739327632e-05,-4.373955287413811e-06,0.06702023420834342,-3.0745724193814503,-0.0004838088955091083,-0.00020685391281813554,2.050397184553377e-13,2.8841761312360465e-13,1,0.5799760380238043,0.04004792395239143,7.644667588349131,6.073494867712328,-1.933253460079348,-0.13349307984130387
1.72,-7.513500259907843e-05,-4.756693336256331e-06,0.07358583941695965,-3.0680068141728336,-0.0004946609940619392,-0.00020124411090350437,2.1084757850036604e-13,2.9124329841485847e-13,1,0.5807611888032834,0.03847762239343311,7.76622025462477,6.0817169474482355,-1.9358706293442787,-0.12825874131144266
1.74,-7.735456300317581e-05,-5.102822735564718e-06,0.08265153428315697,-3.0589411193066365,-0.0005045842582992476,-0.00019628442280981412,2.1666698062842925e-13,2.8958676967409957e-13,1,0.5815155533803492,0.036968893239301526,7.887934117079298,6.089616634826363,-1.938385177934498,-0.1232296441310039
1.76,-7.958684092603672e-05,-5.417274872386495e-06,0.09403473106326475,-3.0475579225265284,-0.0005135266323283269,-0.00019212889652826608,2.22409335998161e-13,2.835982352553109e-13,1,0.5822403388992646,0.03551932220147069,8.009802855120135,6.097206571031874,-1.9408011296642163,-0.1183977406715675
1.78,-8.17981239995185e-05,-5.7064405224370245e-06,0.10753946834141165,-3.034053185248382,-0.0005214340037787017,-0.0001889096686993327,2.279908075978085e-13,2.735992094257757e-13,1,0.5829367051714891,0.034126589657021755,8.13182039598868,6.104498901581968,-1.9431223505716313,-0.11375529885673741
1.8,-8.395607780227891e-05,-5.977237592630687e-06,0.12296201773111858,-3.018630635858674,-0.000528245360360479,-0.0001867338155552024,2.3333561391680795e-13,2.60071705607147e-13,1,0.5836057665316243,0.032788466936751304,8.253980905042603,6.111505295761305,-1.9453525551054152,-0.10929488978916968
1.82,-8.603100688778707e-05,-6.236325372252698e-06,0.14009535079589325,-3.0014973027939,-0.0005338899927978658,-0.00018568028462625429,2.383791665128429e-13,2.436515808535416e-13,1,0.5842485936205871,0.031502812758825716,8.376278776419172,6.118236965295352,-1.9474953120686243,-0.1050093758627515
1.84,-8.799727516487045e-05,-6.48953770425207e-06,0.15873286872875494,-2.982859784861038,-0.0005382870133989694,-0.0001857970687301305,2.430710866918372e-13,2.251219165274856e-13,1,0.5848662150988636,0.030267569802272742,8.498708624064676,6.124704682291527,-1.9495540503295457,-0.1008918993409087
1.86,-8.983485863757828e-05,-6.741603320085843e-06,0.17867164634516866,-2.962921007244624,-0.0005413472944154234,-0.00018709890712231974,2.4737805241840705e-13,2.0540130158416283e-13,1,0.5854596192925853,0.029080761414829404,8.621265273115592,6.1309187964768785,-1.9515320643086178,-0.09693587138276438
1.8800000000000001,-9.153092180981685e-05,-6.9962054828728634e-06,0.19971526707694168,-2.941877386512852,-0.0005429777154897029,-0.0001895658723978997,2.512863188475365e-13,1.8552158240025344e-13,1,0.5860297557750618,0.0279404884498764,8.743943751617698,6.13688925175985,-1.953432519250206,-0.093134961499588
1.9000000000000001,-9.308122519062823e-05,-7.25639580167096e-06,0.22167616265776027,-2.9199164909320334,-0.0005430873582730284,-0.00019314320550180966,2.5480365098497725e-13,1.6659031493175023e-13,1,0.5865775368863007,0.026844926227398647,8.866739282569885,6.142625602142661,-1.955258456287669,-0.08948308742466216
1.92,-9.449110542425899e-05,-7.525315599387986e-06,0.24437725289828763,-2.897215400691506,-0.0005415950341475771,-0.00019774268665921963,2.5796032801692573e-13,1.4973516272899656e-13,1,0.5871038391929461,0.025792321614107827,8.989647276279936,6.148137027009743,-1.9570127973098204,-0.08597440538035928
1.94,-9.577574862286469e-05,-7.807100074507632e-06,0.26765263380524895,-2.873940019784544,-0.0005384373298413061,-0.0002032456872320748,2.608088554899855e-13,1.3603104611876217e-13,1,0.5876095048909725,0.02478099021805491,9.11266332302004,6.153432345816717,-1.958698349636575,-0.08260330072684985
1.96,-9.695952737017278e-05,-8.107765620776147e-06,0.291347100965613,-2.8502455526241803,-0.000533576259890832,-0.00020950786652186313,2.634220836602388e-13,1.264156693392844e-13,1,0.5880953431533779,0.02380931369324424,9.23578318597029,6.158520032203402,-1.9603178105112595,-0.07936437897748094
1.98,-9.80743036844635e-05,-8.435837720824444e-06,0.3153144169449617,-2.826278236644832,-0.0005270056608722368,-0.00021636530161115157,2.65889594313289e-13,1.2160403461211747e-13,1,0.588562131425033,0.02287573714993396,9.359002794438858,6.163408227553448,-1.9618737714167769,-0.07625245716644624
2.0,-9.915679669809288e-05,-8.802492736212542e-06,0.3394144130732288,-2.8021782405165645,-0.0005187556503164281,-0.0002236417084915932,2.683124705453305e-13,1.2201589230715543e-13,1,0.5890106166667595,0.02197876666648102,9.48231823734803,6.168104754022285,-1.9633687222225318,-0.07326255555493644
2.02,-0.00010024532531564744,-9.221072580724041e-06,0.36350921489856164,-2.7780834386912314,-0.0005088947613193925,-0.0002311563498869443,2.707968521423745e-13,1.2772995768019543e-13,1,0.5894415165506259,0.02111696689874809,9.605725756975643,6.172617127054243,-1.9648050551687533,-0.07038988966249349
2.04,-0.00010137639404178985,-9.705971062086977e-06,0.3874590440855929,-2.7541336095042004,-0.0004975296814705204,-0.0002387322203959491,2.7344692248699016e-13,1.384743700739663e-13,1,0.5898555206083768,0.020288958783246436,9.729221742941924,6.176952567408865,-1.9661850686945894,-0.06762986261082116
2.06,-0.00010258163540859907,-1.0271043961980866e-05,0.4111181304531178,-2.7304745231366754,-0.00048480280150451364,-0.0002462041207576891,2.7635809199333657e-13,1.536552877030812e-13,1,0.59025329133483,0.019493417330340046,9.852802726432119,6.18111801271566,-1.9675109711161003,-0.06497805776779941
2.08,-0.00010388553466069138,-1.092781169041099e-05,0.43433124146609875,-2.707261412123694,-0.0004708879734328271,-0.0002534262462512463,2.7961109629004723e-13,1.7241726433825457e-13,1,0.5906354652480101,0.01872906950397968,9.976465374645642,6.185120128575796,-1.9687848841600344,-0.062430231679931225
2.1,-0.00010530417174052243,-1.168376657150966e-05,0.45693121033617823,-2.6846614432536153,-0.00045598498768261537,-0.000260278906231272,2.8326753155480046e-13,1.9372304135460033e-13,1,0.5910026539077132,0.017994692184573502,10.100206485462893,6.188965319228478,-1.9700088463590446,-0.059982307281910785
2.12,-0.00010684498849740456,-1.2541058483544358e-05,0.47873765497063786,-2.6628549986191548,-0.000440313328508864,-0.00026667397812740924,2.8736707127749675e-13,2.164383960000194e-13,1,0.5913554448941325,0.01728911021173496,10.224022982321173,6.192659737799103,-1.9711848163137753,-0.05763036737244942
2.14,-0.00010850739650614176,-1.3495734439248803e-05,0.49955688130224823,-2.642035772287545,-0.0004241057826085613,-0.0002725587125990638,2.919263328931464e-13,2.3940967920065014e-13,1,0.5916944027481122,0.01661119450377546,10.347911909291533,6.196209296145566,-1.972314675827041,-0.055370648345918205
2.16,-0.00011028392944050571,-1.4537588036954557e-05,0.5191828078002533,-2.62240984578954,-0.0004076024654837012,-0.0002779175741727327,2.9693915655617134e-13,2.6152617584120846e-13,1,0.5920200698745337,0.015959860250932545,10.471870426348655,6.199619674318504,-1.9734002329151124,-0.0531995341697753
2.18,-0.00011216162340718582,-1.5650570552391117e-05,0.5373986704941254,-2.6041939830956675,-0.00039104578175658364,-0.0002827719272098067,3.0237795265513203e-13,2.817645229691581e-13,1,0.5923329674102785,0.015334065179442913,10.59589580482621,6.202896329650578,-1.9744432247009285,-0.05111355059814304
2.2,-0.00011412335895117678,-1.6813649897751364e-05,0.5539792863063796,-2.5876133672834136,-0.0003746767302673402,-0.00028717753717104344,3.081957653526973e-13,2.992166984984085e-13,1,0.5926335960581589,0.014732807883682142,10.719985423050401,6.206044505489377,-1.975445320193863,-0.049109359612273806
2.22,-0.0001161489865592792,-1.8001982606332837e-05,0.5686937632252979,-2.5728988903644954,-0.00035873279217172373,-0.0002912200131311403,3.143287618734726e-13,3.131059364097228e-13,1,0.592922436888149,0.014155126223701853,10.844136762144737,6.2090692395878895,-1.9764081229604968,-0.047183754079006324
2.24,-0.00011821615330284378,-1.9188279886615227e-05,0.5813087291003164,-2.560283924489477,-0.00034344740765841894,-0.00029500843338779086,3.2069896202409614e-13,3.2279637605940937e-13,1,0.5931999521071996,0.013600095785600841,10.968347401999281,6.211975372165984,-1.9773331736906652,-0.04533365261866962
2.2600000000000002,-0.00012030083318671012,-2.0344287251436698e-05,0.5915923762790287,-2.5500002773107644,-0.00032905077707289627,-0.00029866745417707157,3.2721714460041706e-13,3.2780262559960984e-13,1,0.5934665857988674,0.013066828402265251,11.092615017397968,6.214767553655794,-1.978221952662891,-0.04355609467421795
2.2800000000000002,-0.0001223776315896582,-2.1442342383067104e-05,0.5993198499910675,-2.542272803598726,-0.00031577144515797576,-0.000302328209822989,3.337859883353284e-13,3.2780497039855467e-13,1,0.5937227646339439,0.012554470732112133,11.216937374297757,6.2174502521434,-1.9790758821131462,-0.041848235773707554
2.3000000000000003,-0.0001244199869384763,-2.24570129767291e-05,0.6042807005076968,-2.537311953082096,-0.0003038378727072521,-0.00030611830240610317,3.403036094052155e-13,3.226747163895993e-13,1,0.5939688985532199,0.012062202893560192,11.341312326253687,6.220027760518722,-1.9798963285107327,-0.040207342978534566
2.32,-0.00012640043476879167,-2.3366831977992867e-05,0.6062892160609364,-2.5353034375288566,-0.00029347899723965436,-0.0003101511961346066,3.4666772767343676e-13,3.125118899370596e-13,1,0.5942053814234773,0.011589237153045273,11.46573781098411,6.222504203345057,-1.9806846047449242,-0.0386307905101515
2.34,-0.00012829113111846078,-2.415612960766939e-05,0.6051983764878799,-2.5363942771019135,-0.0002849226687100529,-0.0003145154239231337,3.5278070529066016e-13,2.976937957904931e-13,1,0.5944325916677612,0.011134816664477576,11.590211847070599,6.224883543459265,-1.9814419722258703,-0.037116055548259475
2.36,-0.00013006484526283338,-2.4816899749970365e-05,0.6009178106901615,-2.540674842899632,-0.0002783908709738026,-0.0003192642155643191,3.5855562057426413e-13,2.789273808551273e-13,1,0.5946508928709363,0.010698214258127337,11.714732530787249,6.227169588313148,-1.9821696429031206,-0.035660714193758825
2.38,-0.00013169660544174483,-2.5350529726166763e-05,0.5934353863140563,-2.5481572672757373,-0.00027409088308700863,-0.0003244064692285759,3.639233298194325e-13,2.572911008326945e-13,1,0.5948606343615012,0.010278731276997632,11.839298033054321,6.229365996066187,-1.9828687812050036,-0.0342624375899927
2.4,-0.00013316608477176471,-2.576908147919629e-05,0.5828408328498966,-2.5587518207398965,-0.00027220208940573665,-0.0003299003534373587,3.688401057175566e-13,2.3223565695536806e-13,1,0.595062151770588,0.009875696458824024,11.963906596511316,6.231476281439379,-1.9835405059019597,0.015259036023919759
2.42,-0.00013445294426960093,-2.6096744628645333e-05,0.5693002740838365,-2.5722923795059565,-0.00027296609797973086,-0.0003356786641656544,3.7325815750927284e-13,2.0991916773090632e-13,1,0.595255767569044,0.009488464861912016,12.088556532704828,6.233503821339539,-1.9832413482217133,0.01466072066342683
2.44,-0.00013556449168976276,-2.6366824194297478e-05,0.5532242228338498,-2.588368430755944,-0.00027634637913631985,-0.0003415639509403452,3.7724892881102815e-13,1.900131709720685e-13,1,0.5954417915834535,0.009116416833093055,12.213246219386653,6.235451860263074,-1.9829539206818911,0.014085865583782553
2.46,-0.00013651277305976086,-2.6619863594901283e-05,0.5351149181264545,-2.606477735463338,-0.0002823314037738716,-0.00034737070534364883,3.808806490253879e-13,1.744815383755963e-13,1,0.5956205214919268,0.008758957016146374,12.337974097917849,6.237323515487864,-1.9826777633371087,0.013533550894217594
2.48,-0.00013732489111254432,-2.689943808846072e-05,0.5156059677815571,-2.625986685808236,-0.0002908165864586627,-0.00035289166333570183,3.842585760305607e-13,1.6499045861992917e-13,1,0.5957922433004487,0.008415513399102625,12.462738670774584,6.239121782061575,-1.9824124342766973,0.013002892773394947
2.5,-0.00013804215895285826,-2.7246763339957246e-05,0.49543008391735455,-2.6461625696724385,-0.0003016016576008919,-0.0003579193185632889,3.8751617188389417e-13,1.626305454234782e-13,1,0.5959572318005486,0.008085536398902748,12.587538499151774,6.240849537594379,-1.9821575089175538,0.012493042055107928
2.52,-0.0001387167041727238,-2.769535489613251e-05,0.4753701807323905,-2.6662224728574024,-0.0003143993074044885,-0.00036226863015192945,3.908012890351251e-13,1.677151351631707e-13,1,0.5961157510090263,0.007768497981947453,12.71237220066069,6.242509546863733,-1.9819125793247165,0.01200318286943336
2.54,-0.00013940594889170067,-2.8267002807433247e-05,0.4562013950968945,-2.685391258492899,-0.0003288544619048654,-0.00036579690571939634,3.9425961028102046e-13,1.797191245192134e-13,1,0.5962680545904343,0.007463890819131347,12.837238447116837,6.244104466238623,-1.9816772535585827,0.011532531337165697
2.56,-0.00014016609308816735,-2.8969996874364418e-05,0.43863457763786934,-2.7029580759519236,-0.00034457078892229597,-0.00036841748211933535,3.98018495104202e-13,1.9737894185957553e-13,1,0.5964143862629963,0.007171227474007447,12.962135962414582,6.245636847930317,-1.981451155047721,0.011080334315442197
2.58,-0.00014104602508222878,-2.979983436844069e-05,0.42327130321777195,-2.7183213503720207,-0.0003611393756727749,-0.00037010552577400704,4.0217424381004897e-13,2.1891990932105314e-13,1,0.5965549801886073,0.006890039622785338,13.087063520485108,6.247109144076447,-1.981233921986277,0.010645868192554087
2.6,-0.00014208283913021114,-3.074190059060609e-05,0.41057672206133006,-2.7310159315284626,-0.0003781645760203997,-0.00037089627763189795,4.0678467309137074e-13,2.4025227726590227e-13,1,0.5966900613475433,0.006619877304913313,13.212019943334447,6.248523710664953,-1.9810252067550067,-0.037949586489986586
2.62,-0.0001432943551444246,-3.1768069664917814e-05,0.40081914140956093,-2.7407735121802324,-0.00039519941312191075,-0.0003708810323365272,4.1182433451498203e-13,2.634824079640042e-13,1,0.5968198458984776,0.006360308203044784,13.337004099158431,6.249882811304167,-1.9817692190401115,-0.03646156191977701
2.64,-0.00014469332023368453,-3.286199592136082e-05,0.3942386040179228,-2.74735404957187,-0.00041201768156298095,-0.0003701956818682672,4.1731516218233424e-13,2.849731697066072e-13,1,0.5969445415243804,0.00611091695123922,13.462014900531571,6.2511886208450695,-1.98248405818624,-0.03503188362752008
2.66,-0.0001462755207351187,-3.400036540896292e-05,0.39090310762640496,-2.7506895459633878,-0.00042834943757536317,-0.00036899867836429946,4.2320745368042307e-13,3.033265568021017e-13,1,0.5970643477648562,0.005871304470287608,13.587051302666941,6.252443228861513,-1.9831708680885327,-0.033658263822934575
2.68,-0.000148025777423785,-3.516225339068136e-05,0.3907838792459655,-2.7508087743438274,-0.00044397192296240175,-0.0003674664575179742,4.294273318883956e-13,3.17524346803537e-13,1,0.5971794563354499,0.005641087329100181,13.712112301744295,6.253648642993989,-1.9838307477893609,-0.03233850442127828
2.7,-0.00014992034339674572,-3.6330180515543044e-05,0.39377848898685336,-2.7478141646029393,-0.0004587039914085599,-0.0003657828818445415,4.358842752319993e-13,3.2691170899481665e-13,1,0.5972900514344323,0.005419897131135443,13.837196933303742,6.254806792162275,-1.9844647532370276,-0.03107049352594471
2.72,-0.00015192919877649253,-3.749035436113399e-05,0.39973151764703013,-2.741861135942763,-0.0004723982161833369,-0.000364130024839154,4.42477989445277e-13,3.3115370817756087e-13,1,0.5973963100375566,0.005207379924886846,13.962304270702408,6.255919529652128,-1.9850738989755108,-0.029852202048978427
2.74,-0.00015401807974595264,-3.8632349933805686e-05,0.40845148745805476,-2.7331411661317384,-0.0004849321530791566,-0.0003626802135818542,4.4910430036898514e-13,3.3018505798435395e-13,1,0.5974984021812574,0.005003195637485192,14.0874334236316,6.256988636080928,-1.98565915976795,-0.028681680464099912
2.7600000000000002,-0.00015615023695167462,-3.9748472166087126e-05,0.41972388692025625,-2.7218687666695374,-0.0004961999005638079,-0.0003615891225451289,4.556600792613006e-13,3.2416586301376797e-13,1,0.5975964912347456,0.004807017530508828,14.212583536692131,6.2580158222470486,-1.9862214721564757,-0.02755705568704858
2.7800000000000002,-0.00015828800883710843,-4.0833002150486644e-05,0.4333207826619042,-2.708271870927889,-0.0005061048163286772,-0.00036098972913834083,4.620473935936614e-13,3.1344912862877046e-13,1,0.5976907341614335,0.004618531677132998,14.337753788025497,6.259002731867501,-1.9867617359608756,-0.02647652807824885
2.8000000000000003,-0.0001603943271650061,-4.1881486253639385e-05,0.4490078008995687,-2.6925848526902243,-0.0005145540268406959,-0.0003609870462241881,4.681771349459907e-13,2.985605870017272e-13,1,0.59778128177011,0.004437436459779898,14.462943387998724,6.259950944208229,-1.9872808157184993,-0.0254383685630013
2.82,-0.00016243425874369252,-4.2890195053726694e-05,0.4665492929612341,-2.6750433606285586,-0.0005214551792736998,-0.0003616536921502836,4.739723476172289e-13,2.8018787529566923e-13,1,0.5978682789562669,0.004263442087466096,14.588151577940794,6.260861976611274,-1.987779542067702,-0.024440915864595958
2.84,-0.00016437664105417091,-4.3855855535708635e-05,0.485712371231601,-2.6558802823581917,-0.0005267156988845014,-0.0003630265042572728,4.793713975277119e-13,2.5917389803316567e-13,1,0.5979518649339625,0.0040962701320750305,14.7133776289286,6.261737286922846,-1.9882587130770428,-0.023482573845914345
2.86,-0.00016619579901054626,-4.4775735391932886e-05,0.5062702861347147,-2.6353223674550783,-0.000530244602226672,-0.0003651045093121149,4.84331002878566e-13,2.3650793117307724e-13,1,0.5980321734585936,0.00393565308281274,14.838620840620521,6.2625782758261845,-1.9887190955223655,-0.022561808955269047
2.88,-0.00016787324449779383,-4.564811986200567e-05,0.5280053655567344,-2.6135872880330586,-0.0005319566675720587,-0.0003678485998710383,4.888290122854711e-13,2.133075392773651e-13,1,0.5981093330409331,0.0037813339181338446,14.963880540135726,6.263386289082956,-1.9891614261138026,-0.02167714777239471
2.9,-0.00016939917311714086,-4.647315907452741e-05,0.5507115006033166,-2.5908811529864764,-0.0005317784914938169,-0.0003711832061021824,4.928666794151803e-13,1.907848499012922e-13,1,0.5981834671527743,0.0036330656944514317,15.089156080977416,6.264162619686759,-1.9895864126746694,-0.020827174650661195
2.92,-0.00017077350481957664,-4.725397590388403e-05,0.5741959762844204,-2.567396677305373,-0.0005296557011471261,-0.0003750000954288448,4.964700685059295e-13,1.7019258377085544e-13,1,0.5982546944245122,0.0034906111509755977,15.214446841998296,6.264908509932183,-1.9899947352741318,-0.020010529451736314
2.94,-0.00017200619441493976,-4.799782406563289e-05,0.5982803467292492,-2.5433123068605443,-0.0005255603983616555,-0.0003791642027706756,4.996901649140435e-13,1.5274890018124389e-13,1,0.5983231288349776,0.0033537423300447067,15.339752226406603,6.265625153402753,-1.9903870473154626,-0.01922590536907487
2.96,-0.0001731165906758352,-4.87170029284361e-05,0.6228000636287234,-2.5187925899610697,-0.0005194978385327747,-0.00038352114501274254,5.026012966366522e-13,1.3954555451042964e-13,1,0.5983888798938275,0.0032222402123449623,15.465071660811114,6.266313696880914,-1.9907639765816254,-0.01847204683674919
2.98,-0.00017413176007622896,-4.94292083561768e-05,0.6476026859155152,-2.4939899676742776,-0.0005115114290160502,-0.0003879058721186413,5.052976252177147e-13,1.3145010737237077e-13,1,0.5984520528167835,0.003095894366432983,15.5904045943036,6.266975242183128,-1.991126126239862,-0.01774774752027586
3.0,-0.00017508389451033468,-5.015706026991247e-05,0.6725447050712239,-2.4690479485185692,-0.0005016853643660176,-0.0003921518113777351,5.078877356083336e-13,1.2924100118540125e-13,1,0.598512748694,0.0029745026120000517,15.715750497577247,6.267610847923017,-1.9914740758068885,0.3899416647190863
3.02,-0.00017601236392369044,-5.091124862804212e-05,0.697454432216443,-2.4441382213733505,-0.0004907287610987778,-0.0003958365561437735,5.104663054718192e-13,1.3012291670640852e-13,1,0.5985710646518296,0.002857870696340692,15.841108862079665,6.2682215312053655,-1.9838291601211324,0.3746518333475741
3.04,-0.00017693754041119843,-5.172928192967731e-05,0.7221666790029114,-2.419425974586882,-0.00047823371528398477,-0.00039916794123026373,5.131220217267373e-13,1.3685506854032596e-13,1,0.5986270940082464,0.002745811983507096,15.966479199199082,6.2688082692537135,-1.976484005867048,0.35996152483940547
3.06,-0.00017788923753402327,-5.263765687933971e-05,0.7465373499836364,-2.3950553036061564,-0.0004643933086097816,-0.00040203387513317187,5.159669558654902e-13,1.4885720789003648e-13,1,0.5986809264221742,0.0026381471556515823,16.091861039482474,6.269372000974116,-1.969426859230779,0.3458472315668675
3.08,-0.00017889121447299425,-5.365890716763314e-05,0.7704108187711919,-2.371181834818602,-0.00044942545575831383,-0.0004043483164724123,5.190982805479944e-13,1.652396206665374e-13,1,0.5987326480369601,0.0025347039260796844,16.217253931884326,6.2699136284575925,-1.9626464272721025,0.33228636764951425
3.1,-0.0001799601888465614,-5.480922032604853e-05,0.7936175226112987,-2.3479751309784946,-0.0004335654602286729,-0.00040605640270517456,5.225929302893836e-13,1.8489234066907655e-13,1,0.5987823416182223,0.0024353167635553508,16.342657443044878,6.270434018423672,-1.956131859853315,0.3192572328119394
3.12,-0.00018110585030887478,-5.609676701021165e-05,0.8159730011227964,-2.3256196524669965,-0.00041705816867702514,-0.0004071382193797052,5.265041714216601e-13,2.065826432966891e-13,1,0.5988300866862927,0.0023398266274146096,16.468071156596643,6.270934003607322,-1.9498727322766984,0.30673897765870617
3.14,-0.00018233163462470157,-5.7520899479315966e-05,0.8372783341203988,-2.3043143194693947,-0.00040015042273023634,-0.00040761097324570433,5.308600859661938e-13,2.2904571694309546e-13,1,0.5988759596434663,0.0022480807130673686,16.593494672498142,6.271414384091506,-1.943859028602778,0.29471157031086515
3.16,-0.00018363592327629773,-5.907219909716727e-05,0.8573217532709645,-2.2842709003188286,-0.0003830844819945762,-0.0004075293811888967,5.356637185528439e-13,2.510585823743781e-13,1,0.5989200338962614,0.002159932207477233,16.718927606393745,6.271875928587484,-1.9380811256226838,0.2831557643506768
3.18,-0.00018501333719104046,-6.0733222441014883e-05,0.875881112866758,-2.265711540723035,-0.0003660930112151525,-0.00040698419541293696,5.408944980578294e-13,2.714933897536591e-13,1,0.5989623799728855,0.0020752400542289884,16.844369588998617,6.272319375664919,-1.9325297774589625,0.27205306802323426
3.2,-0.00018645586540218918,-6.247973357913705e-05,0.89272692200558,-2.248865731584213,-0.00034939607344149483,-0.0004060989227056512,5.465105231840452e-13,2.4851277320583824e-13,1,0.5990030656360954,0.001993868727809156,16.9698202655078,6.272745434933742,-1.9271961007702014,1.1421145823831367
3.22,-0.00018784918983727255,-6.415110528997193e-05,0.9067655654899132,-2.2348270880998804,-0.0003347061273296909,-0.00040545946541713327,5.516221784615066e-13,2.6182731334736043e-13,1,0.5990421559916325,0.0019156880167350288,17.095279295028423,6.2731547881796805,-1.904804624106425,1.0973316290555837
3.24,-0.00018928762112777007,-6.585209977198861e-05,0.9184846503954208,-2.2231080031943726,-0.00032070427956344314,-0.0004049837183348948,5.569654109573048e-13,2.7151246581519467e-13,1,0.5990797135924052,0.0018405728151895673,17.220746350034226,6.27354809045526,-1.8832911298008428,1.0543046404444194
3.2600000000000002,-0.00019075968827047198,-6.754975228407542e-05,0.927662892908383,-2.2139297606814097,-0.000307585587532882,-0.0004048278607812469,5.624617834404772e-13,2.770314527555565e-13,1,0.5991157985385874,0.0017684029228250964,17.34622111584143,6.2739259711280315,-1.8626211916727757,1.0129647641882853
3.2800000000000002,-0.00019225207178670054,-6.921035754497213e-05,0.9340965722841833,-2.20749608130561,-0.0002955434298236192,-0.0004051499532114921,5.680240940662111e-13,2.7804946138483e-13,1,0.5991504685737917,0.0016990628524164997,17.471703290105193,6.2742890348876905,-1.842761733411397,0.9732458476655279
3.3000000000000003,-0.0001937492576133557,-7.08011777046625e-05,0.9376078981590865,-2.2039847554307066,-0.00028477295608880706,-0.0004061004888399974,5.735606300685234e-13,2.744571207375655e-13,1,0.5991837791774711,0.001632441645057714,17.597192582335776,6.27463786271371,-1.8236809756465782,0.9350843321358902
3.3200000000000003,-0.000195233196695155,-7.229232394449236e-05,0.9380554567903102,-2.2035371967994832,-0.0002754732492046948,-0.00040781199655516305,5.789799734881059e-13,2.664020772871555e-13,1,0.599215783653698,0.0015684326926039827,17.72268871343371,6.274973012805031,-1.8053483850951164,0.8984191510329667
3.34,-0.0001966831849929746,-7.365887206776746e-05,0.9353471555670905,-2.206245498022703,-0.0002678470556551517,-0.0004103880396473787,5.841965038731979e-13,2.543257728362999e-13,1,0.5992465332164624,0.0015069335670752082,17.848191415243164,6.275295021473303,-1.7877346257009683,0.8631916322446704
3.36,-0.00019807621841982893,-7.488320342992607e-05,0.9294556329762904,-2.2121370206135023,-0.00026209703439106284,-0.0004138922173501201,5.891366337894827e-13,2.3899710686831113e-13,1,0.599276077071625,0.001447845856749952,17.97370043012286,6.275604404001095,-1.7708115116913008,0.8293454042253354
3.38,-0.0001993880836350861,-7.595743012750483e-05,0.9204353424392269,-2.2211573111505665,-0.00025841779094710484,-0.000418338145462226,5.937455856681046e-13,2.2152858228230556e-13,1,0.599304462495657,0.0013910750086858492,18.09921551053377,6.275901655466456,-1.7545519624732415,0.7968263057892169
3.4,-0.00020059537999748048,-7.688557892518398e-05,0.9084394873513686,-2.2331531662384245,-0.00025698356270180303,-0.0004236817912782331,5.979941757158346e-13,2.011567586892828e-13,1,0.5993317349112929,0.0013365301774141969,18.224736418643015,6.276187251535148,-1.7389299592991527,0.8284325608241936
3.42,-0.00020166775472223403,-7.768284112033818e-05,0.8936798858577616,-2.247912767732031,-0.0002580537133866955,-0.0004298855459368878,6.018449776946371e-13,1.8440144524454874e-13,1,0.599357937960216,0.0012841240795680164,18.350262925943277,6.276461649221809,-1.7226883066319558,0.7959492554897998
3.44,-0.000202604782746632,-7.838429013155065e-05,0.8766050971352681,-2.2649875564545248,-0.0002615921077834545,-0.0004367086182510697,6.053842563715284e-13,1.7044400395524633e-13,1,0.5993831135728949,0.0012337728542102244,18.47579481288713,6.276725287621281,-1.7070834982749328,0.7647396387757537
3.46,-0.00020340560440529665,-7.903216437445996e-05,0.8577185401883268,-2.283874113401467,-0.0002676109062601832,-0.0004439324260078892,6.086851339443698e-13,1.6094391356502e-13,1,0.5994073020356809,0.0011853959286380888,18.601331868535738,6.276978588611249,-1.6920905632055092,0.7347537686369066
3.48,-0.0002040831968108611,-7.967619344863943e-05,0.8376208197904687,-2.3039718337993245,-0.00027603933637161356,-0.00045130375043306894,6.118510395171201e-13,1.5721346655753835e-13,1,0.5994305420552751,0.0011389158894496987,18.726873890221285,6.277221957527337,-1.6776855095289105,0.7059436612837091
3.5,-0.00020466519788574705,-8.036796054202734e-05,0.8169788406806261,-2.324613812909167,-0.0002867193802872105,-0.00045855551120945506,6.150065015402103e-13,1.6000444455804205e-13,1,0.599452870820667,0.001094258358665945,18.85242068322268,6.277455783811733,-1.6638452860860122,0.6782632143979126
3.52,-0.0002051922144002567,-8.115460372167849e-05,0.7964849767101564,-2.3451076768796373,-0.0002994107263269194,-0.0004654299182587884,6.182843391508246e-13,1.693744951603993e-13,1,0.5994743240626448,0.0010513518747103934,18.97797206045395,6.277680441636376,-1.6505477455665671,0.6516681333590224
3.54,-0.00020571367075167873,-8.207319856011763e-05,0.7768124266152446,-2.364780226974549,-0.00031380465114843703,-0.000471700522871543,6.218113132471097e-13,1.8467271683456682e-13,1,0.5994949361109726,0.001010127778054759,19.103527842164873,6.277896290501716,-1.6377716090687842,0.6261158603634565
3.56,-0.00020628199047493162,-8.314702904695537e-05,0.7585740337556325,-2.3830186198341607,-0.0003295445170055357,-0.00047718996139969167,6.256947626782806e-13,2.0464862046774106e-13,1,0.5995147399493252,0.0009705201013494591,19.22908785565333,6.278103675811988,-1.6254964320485459,0.6015655063229799
3.58,-0.00020694637109059137,-8.43843843906407e-05,0.7422908060136556,-2.3993018475761376,-0.0003462493128062226,-0.00048178128919440304,6.300124437326863e-13,2.2765149089266926e-13,1,0.5995337672680692,0.0009324654638616092,19.354651934988947,6.278302929427933,-1.6137025716037754,0.5779777854334389
3.6,-0.0002077474204920853,-8.57797758131961e-05,0.7283736262508663,-2.4132190273389273,-0.0003635364968895845,-0.0004854222842473985,6.348068583159954e-13,2.2183642667346718e-13,1,0.5995520485149737,0.0008959029700525978,19.480219920747583,6.278494370197846,-1.6023711550416038,-0.16494849209291562
3.62,-0.0002086731719092806,-8.718494554634742e-05,0.7165312804826411,-2.4250613731071518,-0.0003798135784457726,-0.00048795282618457794,6.394653327465152e-13,2.439448877614797e-13,1,0.5995696129439341,0.0008607741121318124,19.605791659756196,6.278678304467801,-1.6056050164845748,-0.15848076920697363
3.64,-0.0002097607262753188,-8.87113011405449e-05,0.7075903270185866,-2.434002326571207,-0.0003960648252168289,-0.0004897952936180379,6.445591324378469e-13,2.649667592326729e-13,1,0.599586488661784,0.0008270226764319766,19.73136700484775,6.278855026571873,-1.6087120764066631,-0.15226664936279688
3.66,-0.00021101462634921727,-9.033385418683206e-05,0.701678979669302,-2.4399136739204916,-0.0004119956641544088,-0.0004910467549221738,6.500511937670024e-13,2.8344828207323306e-13,1,0.5996027026732723,0.0007945946534553272,19.856945814625714,6.279024819303129,-1.6116973067666192,-0.14629618864288485
3.68,-0.00021242696002054227,-9.202624644392878e-05,0.6988351269710336,-2.4427575266187596,-0.0004273507511573573,-0.0004918359422525114,6.558786709306137e-13,2.9827318756042253e-13,1,0.5996182809242766,0.0007634381514467492,19.98252795323779,6.279187954366165,-1.6145654845699018,-0.14055983303631958
3.7,-0.0002139794567638694,-9.376291659676132e-05,0.6990233664022436,-2.442569287187549,-0.0004419128451223102,-0.0004923120428248079,6.619598899137625e-13,3.086720974823209e-13,1,0.599633248343322,0.0007335033133559765,20.10811329015852,6.279344692811885,-1.6173211995129066,-0.13504840315030986
3.72,-0.00021564589402533086,-9.552032850845105e-05,0.7021515313914349,-2.4394411221983585,-0.00045549852206501376,-0.0004926337514033047,6.682011027333324e-13,3.1419833141820495e-13,1,0.5996476288814722,0.0007047422370556333,20.233701699980433,6.279495285455242,-1.61996886132746,-0.12975307952120296
3.74,-0.0002173944857610514,-9.727743273132398e-05,0.7080851519870152,-2.4335075016027776,-0.00046795207355602325,-0.0004929590476450542,6.745025699569277e-13,3.1468914001403185e-13,1,0.5996614455506561,0.0006771088986876617,20.35929306221335,6.279639973276594,-1.62251270683733,-0.12466538850146325
3.7600000000000002,-0.00021919010041315175,-9.901561138193824e-05,0.7166592146625348,-2.4249334389272583,-0.0004791388138923031,-0.0004934359020846941,6.807638339392681e-13,3.102262488703651e-13,1,0.5996747204604924,0.0006505590790151228,20.48488726109158,6.2797789878073225,-1.624956806738048,-0.11977718870002718
3.7800000000000002,-0.00022099628477582184,-0.00010071836391264135,0.7276872470084081,-2.413905406581385,-0.0004889388320180148,-0.0004941939887643212,6.868882618975246e-13,3.011035253658834e-13,1,0.5996874748536688,0.0006250502926623547,20.610484185388664,6.279912551500336,-1.627305072110891,-0.11508065795434108
3.8000000000000003,-0.00022277713910557397,-0.00010237096248319571,0.7409681390188754,-2.400624514570918,-0.0004972420149836756,-0.000495337471595503,6.927870375966616e-13,2.9021647614389485e-13,1,0.5996997291399354,0.000600541720129133,20.736083728239404,6.280040878086037,-1.6295612606814458,-0.060190229741194035
3.8200000000000003,-0.0002245062581497511,-0.00010396659462818995,0.7563227613427872,-2.385269892247006,-0.0005040108047019797,-0.0004969064868121132,6.984284408125516e-13,2.7313891591273073e-13,1,0.5997115029287647,0.0005769941424704772,20.861685786968845,6.280164172914342,-1.630741307014297,-0.05783013707549145
3.84,-0.00022614642824245656,-0.00010548686676157472,0.773494021786107,-2.3680986318036865,-0.0005090793365103705,-0.000498967112302768,7.036990545744405e-13,2.533628027258261e-13,1,0.5997228150607308,0.0005543698785384077,20.987290262927967,6.280282633283278,-1.631875083068611,-0.055562584966863504
3.86,-0.00022767374129506273,-0.00010692247094406122,0.792264918739609,-2.349327734850184,-0.0005123584933023767,-0.0005015193328133823,7.085542824100651e-13,2.318606304840781e-13,1,0.599733683637658,0.0005326327246839568,21.112897061335843,6.2803964487547095,-1.6329644031279598,-0.05338394484816611
3.88,-0.00022907145220549396,-0.00010826712770506188,0.8124190174193379,-2.329173636170456,-0.0005137702141552342,-0.0005045235725264656,7.12970317177081e-13,2.0973170792458369e-13,1,0.5997441260515883,0.0005117478968232891,21.238506091127952,6.280505801457674,-1.6340110103368388,-0.051290730430407994
3.9,-0.00023033106891269653,-0.0001095187643439386,0.8337427986544291,-2.3078498549353643,-0.000513252956225658,-0.0005079023150428241,7.169463518841358e-13,1.8816534100974973e-13,1,0.5997541590126119,0.0004916819747762258,21.364117264810467,6.280610866379825,-1.6350165794900704,-0.04927959212394484
3.92,-0.0002314528923048553,-0.00011068082566775582,0.8560275529606937,-2.2855651006291,-0.0005107682126049699,-0.0005115442055816191,7.205058755947744e-13,1.6838560648596815e-13,1,0.5997637985756067,0.00047240284878657945,21.489730498320245,6.2807118116474525,-1.6359827197128327,-0.04734731167842021
3.94,-0.00023244582659526808,-0.00011176344399512678,0.8790706454319613,-2.2625220081578314,-0.0005063071799108394,-0.0005153105167800898,7.236966740466199e-13,1.5157757464256325e-13,1,0.5997730601659301,0.0004538796681397006,21.615345710890303,6.280808798794522,-1.636910977035603,-0.045490797032879726
3.96,-0.00023332635937053502,-0.00011278413784905853,0.902675973216605,-2.2389166803731886,-0.000499896596213089,-0.0005190435950264947,7.265891979111489e-13,1.3879970103406263e-13,1,0.5997819586041027,0.00043608279179463416,21.740962824920576,6.280901983021159,-1.6378028368681365,-0.04370707736781254
3.98,-0.00023411674660161504,-0.00011376772325991711,0.9266535119637056,-2.214939141626088,-0.000491602846798553,-0.0005225766742465504,7.292731093042463e-13,1.3089235547414137e-13,1,0.5997905081295238,0.0004189837409522834,21.866581765853745,6.280991513442008,-1.6386597263764389,-0.04199329835120791
4.0,-0.00023484260343859607,-0.0001147452289825492,0.9508179776529694,-2.190774675936824,-0.0004815336578829836,-0.0005257443059272051,7.318520620050554e-13,1.2989954913761749e-13,1,0.5997987224232583,0.0004025551534834193,21.992202462055918,6.281077533324844,-1.6394830167665362,0.7990526369653623
4.0200000000000005,-0.00023554148647615694,-0.0001157305364958087,0.9749353115567554,-2.1666573420330373,-0.0004710785153330245,-0.0005279841138946092,7.344142951929498e-13,1.278272336972551e-13,1,0.5998066146299283,0.00038677074014326074,22.117824844702017,6.281160180319827,-1.6238173657454227,0.7677213349231353
4.04,-0.00023621519625921451,-0.00011676526681295763,0.9987761672000322,-2.142816486389761,-0.0004591814608954579,-0.0005297536720152193,7.36994546971726e-13,1.3161102929735794e-13,1,0.5998141973787486,0.0003716052425026817,22.24344884766563,6.281239586679787,-1.6087659736868911,0.7376185508060722
4.0600000000000005,-0.00023688676368169536,-0.00011788491291816194,1.0221560208030476,-2.119436632786746,-0.000446049466988974,-0.0005309655609865167,7.397054351544455e-13,1.4071519858926259e-13,1,0.5998214828037348,0.0003570343925303199,22.369074407413194,6.281315879471837,-1.5943047551525127,0.7086961137373153
4.08,-0.00023757430459071916,-0.00011912013284548086,1.0448816583351617,-2.0967109952546314,-0.0004319104449390783,-0.0005315597238277199,7.426456140598709e-13,1.5429701376926468e-13,1,0.5998284825631214,0.00034303487375719754,22.494701462902345,6.281389180780722,-1.5804105691074082,0.6809077416471063
4.1,-0.000238290684638413,-0.00012049408963419578,1.0667510940616547,-2.0748415595281386,-0.0004170054956288967,-0.0005315083679053714,7.458944036979792e-13,1.7128807832715215e-13,1,0.5998352078580166,0.0003295842839667884,22.62032995548421,6.281459607904175,-1.5670611818896543,0.6542089672115985
4.12,-0.00023904396719757974,-0.00012202064077767026,1.0875544944436448,-2.054038159146148,-0.000401580865241599,-0.0005308191634753188,7.495081848636664e-13,1.9048593152322944e-13,1,0.599841669450327,0.00031666109934591624,22.74595982880958,6.281527273540618,-1.5542352316316812,0.6285570666956524
4.14,-0.00023983838192330838,-0.00012370350037364287,1.1070760334760836,-2.0345166201137097,-0.0003858803492781403,-0.0005295365757894321,7.535186243843288e-13,2.1064249205124209e-13,1,0.599847877679979,0.0003042446400418619,22.871591028738727,6.281592285969506,-1.5419121940767275,0.603910991585745
4.16,-0.000240675501569965,-0.00012553631604172042,1.1250964984766303,-2.0164961551131633,-0.00037013885275605246,-0.0005277412663120142,7.579325597989403e-13,2.305397701067184e-13,1,0.5998538424814646,0.00029231503707083384,22.997223503254773,6.281654749224596,-1.5300723497356508,0.5802313029035915
4.18,-0.00024155534151697286,-0.00012750347595590167,1.1413964158918595,-2.000196237697933,-0.00035457770280664813,-0.0005255476200570849,7.627332299345488e-13,2.4904818475112347e-13,1,0.5998595733997384,0.00028085320052317897,23.12285720238045,6.28171476326042,-1.5186967523315367,0.5574801080953633
4.2,-0.00024247717227273197,-0.00012958140670941184,1.155759491278588,-1.9858331623112049,-0.00033940211837766356,-0.0005230995722358391,7.67882491795419e-13,2.29509136158492e-13,1,0.5998650796054926,0.0002698407890147081,23.24849207809813,6.281772424112242,-1.5077671984816154,1.3553870548979976
4.22,-0.00024337415178082332,-0.00013159173485516562,1.1673771466530236,-1.974215506936769,-0.0003260922969333179,-0.000521087183272529,7.726005251899281e-13,2.415141668145138e-13,1,0.599870369909831,0.0002592601803379502,23.374128084272982,6.281827824049725,-1.4811944551874996,1.302241568309766
4.24,-0.0002443082966446261,-0.00013365216120683317,1.1765438965485868,-1.965048757041206,-0.0003135005350727704,-0.0005193326991159429,7.77525806726845e-13,2.500814899543418e-13,1,0.5998754527783693,0.0002490944432613773,23.499765176579142,6.281881051724588,-1.4556636440612074,1.2511799460571815
4.26,-0.0002452771318247472,-0.00013572722931293296,1.1830821200353832,-1.95851053355441,-0.00030180201509311474,-0.0005180019991652139,7.825840000152148e-13,2.5470558516631247e-13,1,0.5998803363447814,0.00023932731043707633,23.625403312428794,6.281932192312468,-1.4311339103580734,1.2021204786509134
4.28,-0.0002462765623781622,-0.0001377798320097392,1.1868411049864906,-1.9547515486033022,-0.0002911681546821964,-0.0005172585679981412,7.876928114740901e-13,2.551009531193322e-13,1,0.5998850284238156,0.00022994315236868346,23.751042450904013,6.281981327649214,-1.4075660012708835,1.1549846604765337
4.3,-0.0002473000664633172,-0.0001397730027276821,1.1877042051631115,-1.9538884484266816,-0.0002817700778975423,-0.0005172542074230777,7.927665870748689e-13,2.512225975271561e-13,1,0.5998895365237994,0.0002209269524011681,23.876682552691285,6.282028536361849,-1.3849222031170092,1.109697064168785
4.32,-0.0002483378839408121,-0.00014167191057381463,1.1855971884123169,-1.9559954651774767,-0.0002737807619222685,-0.000518119042827537,7.977213510545022e-13,2.432893322543353e-13,1,0.5998938678586544,0.00021226428269116582,24.002323580018608,6.282073893994385,-1.36316628098847,1.0661852199117066
4.34,-0.00024937643025581935,-0.0001434461351031323,1.180497830622001,-1.9610948229677918,-0.0002673748728901123,-0.0005199512230484875,8.024803165791169e-13,2.31806199169073e-13,1,0.5998980293594405,0.00020394128111900223,24.12796549659504,6.28211747312871,-1.342263420768349,1.0243794994714648
4.36,-0.000250398206462438,-0.00014507221913853083,1.1724463984486042,-1.9691462551411885,-0.0002627254857833567,-0.0005228069642282198,8.069797804845333e-13,2.175778877673914e-13,1,0.5999020276854468,0.00019594462910643706,24.253608267552618,6.282159343500737,-1.3221801734207799,0.9842130047763264
4.38,-0.00025138248155679403,-0.00014653635605716195,1.161556116022641,-1.9800365375671518,-0.00025999724856595784,-0.0005266918905330693,8.111751102107944e-13,2.017011958816061e-13,1,0.5999058692348479,0.00018826153030415682,24.379251859390582,6.2821995721119945,-1.3028844014653513,0.9456214608654694
4.4,-0.0002523069567632392,-0.00014783688057259982,1.148022120309476,-1.9935705332803169,-0.0002593361048198659,-0.0005315548920347181,8.150462681199292e-13,1.8649653615518018e-13,1,0.5999095601549426,0.0001808796901148213,24.50489623992175,6.282238223336842,-1.284345227550284,0.8775936291588868
4.42,-0.00025315541415000457,-0.00014898851555903732,1.1321453499662892,-2.009447303623504,-0.00026080420445455995,-0.000537248998520818,8.186195367733748e-13,1.7132293128524047e-13,1,0.5999131063519902,0.00017378729601946752,24.630541378221018,6.282275359025485,-1.26713975835245,0.8431826907632187
4.44,-0.0002539061055914945,-0.0001500142957540222,1.1142740513143428,-2.02731860227545,-0.00026452162329747265,-0.0005436486207781425,8.219128963575645e-13,1.5888291491317286e-13,1,0.5999165135006628,0.0001669729986744084,24.756187244575877,6.28231103860295,-1.2506089252515105,0.8101210245613397
4.46,-0.000254550563290868,-0.00015095391184368414,1.094857108469339,-2.0467355451204536,-0.00027049895365208805,-0.0005505409810585735,8.249956488951088e-13,1.5058180433141148e-13,1,0.599919787053125,0.0001604258937499825,24.881833810438856,6.282345319164172,-1.2347262753877382,0.7783557248337951
4.48,-0.00025509170419197116,-0.00015185675354787627,1.0744084002072436,-2.0671842533825497,-0.0002786788550376752,-0.0005576789302750643,8.27962440765253e-13,1.4750497417881405e-13,1,0.5999229322477592,0.00015413550448162283,25.00748104838185,6.282378255565361,-1.2194663931328715,0.7478359603240619
4.5,-0.0002555454844650857,-0.00015277678307860874,1.0534842132140894,-2.088108440375704,-0.0002889317711731283,-0.000564798968185535,8.309252036496212e-13,1.502631451892042e-13,1,0.5999259541175478,0.00014809176490437892,25.13312893205223,6.282409900511788,-1.2048048594196878,0.7185128928976945
4.5200000000000005,-0.00025594044757371596,-0.0001537664686266829,1.0326556468235037,-2.10893700676629,-0.0003010581944109563,-0.0005716415133646258,8.340025413287176e-13,1.588996114813883e-13,1,0.5999288574981272,0.00014228500374557917,25.258777436130657,6.282440304642118,-1.1907182126662852,0.6903395993908892
4.54,-0.00025631502595749854,-0.00015487091686725184,1.012479497865936,-2.129113155723857,-0.0003147974996926047,-0.0005779709004774712,8.373080777343174e-13,1.7288242689631804e-13,1,0.5999316470355257,0.00013670592894854394,25.384426536290587,6.282469516609446,-1.1771839112325466,0.663270996523412
4.5600000000000005,-0.00025671305163953986,-0.00015612333100585205,0.993471469847843,-2.1481211837419503,-0.0003298421756888627,-0.000583592643563172,8.409395382403535e-13,1.9118293854986835e-13,1,0.5999343271935983,0.00013134561280336854,25.510076209159326,6.2824975831591505,-1.1641802973487063,0.6372637687557314
4.58,-0.000257178390852941,-0.000157542554163167,0.9760849571259125,-2.16550769646388,-0.0003458553938361923,-0.0005883660789716853,8.449701335208208e-13,2.124201028735865e-13,1,0.5999369022611697,0.00012619547766057337,25.63572643228064,6.282524549203701,-1.1516865624582981,0.6122762989749151
4.6000000000000005,-0.00025774977225884036,-0.00015913288713123165,0.9606973441097246,-2.1808953094800687,-0.0003624894811248047,-0.0005922113933479888,8.494432372093614e-13,2.0648782665708616e-13,1,0.5999393763588975,0.0001212472822049726,25.761377184078825,6.282550457894519,-1.139682713920025,-0.1610305029006387
4.62,-0.0002584426374305994,-0.00016074495493942817,0.9472007897926414,-2.1943918637971516,-0.0003781738488536417,-0.0005948896222796358,8.537799833864553e-13,2.2721009723109126e-13,1,0.5999417534458658,0.00011649310826844506,25.887028443824157,6.28257535069104,-1.1428397620861837,-0.1547164065683213
4.64,-0.00025926940687909515,-0.00016250279042522212,0.9362609314058989,-2.205331722183894,-0.00039389310019839497,-0.0005968743834153452,8.585282454493959e-13,2.472657477844299e-13,1,0.5999440373259208,0.00011192534815829269,26.012680191599745,6.282599267427049,-1.1458730206231242,-0.14864988949444013
4.66,-0.00026023904326942683,-0.00016438447426110318,0.9280477873303494,-2.2135448662594435,-0.00040936013983717607,-0.0005982418181140503,8.636602982495769e-13,2.6527546663547595e-13,1,0.599946231653758,0.00010753669248386721,26.138332408269648,6.282622246374425,-1.1487873433916354,-0.1428212439574179
4.68,-0.00026134859860846803,-0.00016636356309782243,0.9226572931772975,-2.2189353604124955,-0.00042431958412848087,-0.0005991052398394693,8.691233815418944e-13,2.801274723896587e-13,1,0.59994833994077,0.00010332011845992639,26.263985075448257,6.282644324304386,-1.151587393929902,-0.13722114288088472
4.7,-0.00026258458629491453,-0.00016841176822357477,0.9201210931239918,-2.221471560465801,-0.00043854930242447293,-0.0005996048496614791,8.74845441009571e-13,2.910067497949753e-13,1,0.5999503655606658,9.926887866829048e-05,26.389638175470875,6.2826655365463315,-1.1542776529161614,-0.1318406249083659
4.72,-0.0002639250108174729,-0.00017050085242411317,0.9204170524179158,-2.2211756011718773,-0.00045185863839925227,-0.000599896878068403,8.807410962339321e-13,2.973920525277579e-13,1,0.5999523117548695,9.537649026092332e-05,26.515291691365444,6.282685917044374,-1.156862425338744,-0.1266710800632005
4.74,-0.00026534167954962907,-0.0001726037626831598,0.9234791795438374,-2.218113474045956,-0.0004640843032551549,-0.0006001428374908619,8.867173338485345e-13,2.99034833126819e-13,1,0.599954181637707,9.163672458600836e-05,26.640945606825394,6.282705498411657,-1.1593458473849736,-0.12170423597074143
4.76,-0.00026680254725056036,-0.00017469516371389627,0.9292061926823589,-2.2123864609074344,-0.00047508502965183343,-0.0006004993161603263,8.926786936606015e-13,2.959321713594958e-13,1,0.5999559782013896,8.804359722081045e-05,26.76659990618354,6.282724311982546,-1.161731893059949,-0.11693214462079071
4.78,-0.00026827396484503224,-0.00017675160661543565,0.9374684477643547,-2.2041242058254387,-0.0004847360420290863,-0.0006011085695461016,8.985319191171246e-13,2.8830171346997804e-13,1,0.5999577043208026,8.459135839467002e-05,26.89225457438702,6.28274238786277,-1.1640243805458004,-0.11234716964908786
4.8,-0.0002697227869794839,-0.000178751577571786,0.9481133046981931,-2.1934793488916,-0.000492924278116787,-0.0006020900905954271,9.04190158358747e-13,2.742437104543644e-13,1,0.5999593627581054,8.127448378925095e-05,27.0179095969732,6.282759754977593,-1.1662269783115953,-0.15827813176362326
4.82,-0.00027111265236855984,-0.00018066776065326523,0.9609484928553993,-2.180644160734394,-0.0004994796127317764,-0.0006035680817863148,9.09532781682514e-13,2.5923350522079875e-13,1,0.5999609561671514,7.808766569716852e-05,27.143564960046536,6.282776441118103,-1.1693300654697825,-0.15207195744724888
4.84,-0.0002724233314975082,-0.00018249180595507805,0.9758148331777878,-2.1657778204120053,-0.000504372477561896,-0.0006055648258007294,9.145458449642927e-13,2.4150249152739205e-13,1,0.599962487097735,7.502580452989349e-05,27.269220650256337,6.282792472985685,-1.1723114788401379,-0.14610913070653808
4.86,-0.0002736342603517887,-0.00018421002017751314,0.9925109085182832,-2.14908174507151,-0.000507512666542244,-0.0006080916327762384,9.19183905567923e-13,2.2198460520277247e-13,1,0.5999639579996718,7.208400065628062e-05,27.3948766547754,6.282807876234748,-1.1751759893201228,-0.14038010974656823
4.88,-0.00027473182928706416,-0.00018581307215984709,1.01082474089113,-2.130767912698663,-0.0005088216098771577,-0.0006111180417883169,9.234215892189809e-13,2.0174446867178462e-13,1,0.5999653712267188,6.925754656239569e-05,27.520532961279475,6.282822675513776,-1.1779281807376334,-0.13487572691154703
4.9,-0.0002757100981849509,-0.00018729733412639748,1.0305361716639783,-2.1110564819258144,-0.0005082376025621363,-0.0006145724971470758,9.27255833913163e-13,1.8193636260198896e-13,1,0.5999667290403407,6.654191931865228e-05,27.646189557927567,6.282836894504774,-1.1805724571861034,-0.12958717401460706
4.92,-0.0002765708829924795,-0.00018866624619550367,1.051419094145753,-2.0901735594440396,-0.0005057222364225874,-0.0006183457468779505,9.307071464440341e-13,1.6374624123948052e-13,1,0.5999680336133288,6.393277334226788e-05,27.771846433342965,6.28285055596116,-1.1831130500719924,-0.12450598824282899
4.94,-0.000277323117780387,-0.0001899314056377109,1.0732434606958279,-2.0683491928939652,-0.0005012671422234369,-0.0006222969450224837,9.338195309825429e-13,1.4831765926553247e-13,1,0.5999692870332785,6.142593344304892e-05,27.897503576595046,6.282863681744178,-1.1855540248859402,-0.11962403861493343
4.96,-0.00027798149381828147,-0.0001911130492642325,1.0957769610128,-2.0458156925769932,-0.000494900038939117,-0.0006262621638321582,9.366588087539834e-13,1.3666682573411024e-13,1,0.5999704913059289,5.901738814206858e-05,28.023160977181785,6.282876292857884,-1.187899287708418,-0.11493351296997778
4.98,-0.0002785645087227349,-0.00019223964200459082,1.118786296733547,-2.022806356856246,-0.00048668912804347307,-0.0006300647512229615,9.393091967595667e-13,1.295962977889088e-13,1,0.5999716483583734,5.670328325324547e-05,28.148818625012947,6.282888409482747,-1.1901525914602913,-0.11042690546623124
5.0,-0.00027909219114203557,-0.00019334641657645668,1.142038041735161,-1.9995546118546326,-0.0004767450647345529,-0.0006335267607332843,9.418682383307144e-13,1.2870099406931427e-13,1,0.5999727600421425,5.447991571494448e-05,28.274476510393935,6.282900051007954,-1.1923175419082934,0.6696019435776428
5.0200000000000005,-0.00027958386194534677,-0.00019446143720893444,1.165265012921594,-1.9763276406681989,-0.0004663556088921586,-0.0006360697527842789,9.44414369901709e-13,1.2732366327508192e-13,1,0.5999738281361676,5.234372766471651e-05,28.40013462401029,6.2829112360624295,-1.1791898080321066,0.6433464758252692
5.04,-0.0002800493487363124,-0.0001956186855198043,1.1882024437601242,-1.953390209829669,-0.0004545733677073371,-0.0006381323266860861,9.469888096936356e-13,1.3144906467942043e-13,1,0.5999748543496269,5.0291300746074796e-05,28.52579295691277,6.282921982544645,-1.166576819963864,0.6181204996887839
5.0600000000000005,-0.0002805040035848632,-0.0001968577865621604,1.2106173122167807,-1.9309753413730126,-0.0004416103774484329,-0.0006396143635228012,9.496974402403597e-13,1.4057700056634468e-13,1,0.599975840324681,4.8319350637981984e-05,28.65145150050305,6.282932307651266,-1.1544583942317423,0.5938836482245407
5.08,-0.0002809587520332403,-0.00019821308521912799,1.2322741665521508,-1.909318487037642,-0.00042770030480892706,-0.0006404460963464226,9.526329670974341e-13,1.5390619747254772e-13,1,0.5999767876391001,4.642472179972046e-05,28.777110246519943,6.282942227904666,-1.142815138769168,0.5705971372993921
5.1000000000000005,-0.0002814203860727455,-0.00019971088568870009,1.2529368950947573,-1.8886557584950356,-0.0004130901144971368,-0.0006405936158020215,9.558696017671397e-13,1.7040947343201195e-13,1,0.5999776978087896,4.4604382420709854e-05,28.902769187026184,6.282951759179366,-1.131628421883374,0.5482237035278041
5.12,-0.00028189249636873984,-0.0002013675994613216,1.2723709947695017,-1.8692216588202912,-0.0003980313574188662,-0.0006400621502412298,9.594594039676034e-13,1.889212261799133e-13,1,0.5999785722902151,4.285541956972061e-05,29.02842831439574,6.28296091672744,-1.1208803424407163,0.5267275446424886
5.14,-0.0002823767503249503,-0.00020318891656420627,1.2903462531397334,-1.8512464004500595,-0.0003827719262533355,-0.0006388969981380801,9.634304009290673e-13,2.0822477796071852e-13,1,0.5999794124827335,4.1175034533047494e-05,29.154087621301592,6.282969715202917,-1.1105537012210405,0.5060742622031369
5.16,-0.0002828742012847763,-0.00020516992985071978,1.3066397011426931,-1.8349529524471002,-0.00036754907429260977,-0.0006371821556948991,9.67786374355526e-13,2.2712984000173518e-13,1,0.5999802197308319,3.9560538336091966e-05,29.279747100704025,6.282978168685236,-1.1006319733952608,0.48623080655157747
5.18,-0.00028338636086627333,-0.00020729601065987786,1.321038676203974,-1.8205539773858188,-0.00035258434478699564,-0.0006350368368731659,9.725080499343433e-13,2.445344281484875e-13,1,0.5999809953262797,3.800934744058182e-05,29.405406745839347,6.282986290701773,-1.091099282082108,0.4671654239252718
5.2,-0.00028391585333567175,-0.00020954417632379423,1.3333438737474805,-1.8082487798423124,-0.0003380808204984271,-0.0006326102001422472,9.775553537998366e-13,2.2681148309790028e-13,1,0.599981740510195,3.65189796098786e-05,29.531066550209083,6.282994094249486,-1.0819403729417316,1.2140709336938
5.22,-0.00028442892602493705,-0.00021173493827677384,1.3429838397497162,-1.7986088138400769,-0.00032537360563855304,-0.0006305466846542771,9.822105293529717e-13,2.379128002214931e-13,1,0.5999824564750311,3.5087049937709835e-05,29.65672650756956,6.283001591815717,-1.0581381718322334,1.1664665314748035
5.24,-0.0002849657297144579,-0.0002139854600197378,1.3500984683478943,-1.7914941852418984,-0.00031343963807715534,-0.000628712448938429,9.870544597768284e-13,2.455462153014372e-13,1,0.5999831443664844,3.371126703122229e-05,29.782386611921925,6.283008795398171,-1.0352692683776477,1.120728724565632
5.26,-0.00028552995228554455,-0.00021625964101884475,1.354551186839599,-1.7870414667501944,-0.00030244366617202374,-0.0006272746691828432,9.920126987027288e-13,2.4925803804752406e-13,1,0.5999838052853279,3.2389429344137355e-05,29.908046857502544,6.283015716524116,-1.0132970674534878,1.0767843227173124
5.28,-0.000286124323284223,-0.0002185194292740951,1.3562379345228968,-1.7853547190668966,-0.0002925440193836896,-0.0006263956803467339,9.970039697082376e-13,2.4882276625238875e-13,1,0.599984440289173,3.111942165401338e-05,30.03370723877378,6.283022366268831,-0.9921864088506219,1.0345630055115806
5.3,-0.000286749469752279,-0.00022072659930706654,1.3550923429039574,-1.7865003106858355,-0.0002838959715147775,-0.000626223591168421,1.0019448834500703e-12,2.442585128559706e-13,1,0.5999850503941612,2.9899211677619775e-05,30.15936775041512,6.283028755273326,-0.9719035110114382,0.9939972098332133
5.32,-0.00028740276968583354,-0.00022284471146318723,1.3510915542249669,-1.7905010993648265,-0.00027665385439600633,-0.0006268825664822989,1.006754964963911e-12,2.3584217531908e-13,1,0.5999856365765905,2.872684681887172e-05,30.28502838731469,6.283034893761372,-0.9524159169721451,0.955022021754627
5.34,-0.00028807743443787855,-0.00022484133622327582,1.3442625931152985,-1.7973300604744944,-0.00027097105539190065,-0.0006284632129150958,1.0113619600375507e-12,2.241208347290602e-13,1,0.5999861997744781,2.76004510437744e-05,30.410689144561037,6.28304079155586,-0.9336924424247046,0.917575072659746
5.36,-0.00028876208281037013,-0.0002266905490483128,1.3346888841712519,-1.8069037694185415,-0.0002669972536417017,-0.0006310137125550235,1.0157072830081576e-12,2.0991235775335624e-13,1,0.5999867408890607,2.6518221878601977e-05,30.5363500174353,6.283046458094517,-0.9157031258152863,0.8815964394409095
5.38,-0.00028944106741299265,-0.00022837556395540853,1.3225161537620933,-1.8190764998277,-0.00026487261405533987,-0.0006345325724382749,1.0197512992113393e-12,1.9428575424844428e-13,1,0.599987260786237,2.5478427525982283e-05,30.66201100140364,6.283051902445015,-0.8984191803993898,0.8470285486091165
5.4,-0.00029009574819388215,-0.0002298912012231565,1.3079566513133836,-1.8336360022764095,-0.00026471914489171875,-0.0006389640166115653,1.0234779387499115e-12,1.8155315680405407e-13,1,0.5999877602979534,2.4479404093114e-05,30.78767209211,6.283057133319477,-0.8818129481769112,0.7122671944277705
5.42,-0.00029072030760687943,-0.00023125652873295967,1.2913311474343183,-1.8502615061554746,-0.00026647218607938304,-0.0006440791820938975,1.026952542729703e-12,1.6638303041210398e-13,1,0.5999882402235353,2.3519552929451848e-05,30.91333328536912,6.283062159088418,-0.8678487500934542,0.6843387982608564
5.44,-0.0002912841784707534,-0.0002324794254398725,1.2729378506744302,-1.868654802915363,-0.000270339634211551,-0.0006498457787857714,1.0301462669872172e-12,1.5380569757410218e-13,1,0.5999887013309658,2.259733806830866e-05,31.03899457715985,6.2830669877941405,-0.8544320960486376,0.6575054901712232
5.46,-0.0002917754621172621,-0.00023359539175284475,1.2531776714373695,-1.8884149821524234,-0.0002763239986973082,-0.0006560630396295459,1.0331241485425782e-12,1.450859743983634e-13,1,0.5999891443581155,2.1711283769043632e-05,31.164655963618713,6.283071627163603,-0.8415415165336174,0.6317243311411829
5.48,-0.00029219097979253026,-0.0002346504902784662,1.2324982393121549,-1.9090944142776385,-0.0002843694333882767,-0.0006624990234224517,1.0359740241015566e-12,1.4120396632926107e-13,1,0.5999895700139221,2.0859972155840012e-05,31.290317441033714,6.283076084620787,-0.8291563838710327,0.6069540658160135
5.5,-0.0002925382933828265,-0.00023569694241924085,1.2113776241814551,-1.9302150294083376,-0.0002943577192819522,-0.0006689067283309326,1.0387995080564939e-12,1.4273134027542986e-13,1,0.5999899789795258,2.0042040948409223e-05,31.415979005838413,6.2830803672985756,-0.8172568792063208,0.5831550564865897
5.5200000000000005,-0.0002928360477001188,-0.0002367876822972338,1.1903051943901737,-1.9512874591996194,-0.00030610931363385895,-0.0006750421067085442,1.0417109190313548e-12,1.4975543893092972e-13,1,0.5999903719093589,1.9256181282178986e-05,31.54164065460621,6.283084482050165,-0.805823960793322,0.560289219660592
5.54,-0.0002931123963319653,-0.00023797078724304013,1.1697616043278054,-1.9718310492619882,-0.00031938966517370117,-0.0006806820177982971,1.0448153059169549e-12,1.618675772037698e-13,1,0.5999907494321928,1.850113561441269e-05,31.667302384044863,6.283088435460037,-0.7948393335234225,0.538319965120793
5.5600000000000005,-0.0002934017367717658,-0.0002392847623862319,1.150200061912807,-1.991392591676986,-0.00033392015575733203,-0.0006856401531721287,1.048206917142539e-12,1.7821765666141018e-13,1,0.5999911121521446,1.7775695710708916e-05,31.792964190991228,6.283092233854491,-0.7842854196494784,0.5172121373729048
5.58,-0.00029374038669853925,-0.00024075543779011852,1.1320307475993197,-2.0095619059904735,-0.000349392322981955,-0.0006897793163042676,1.0519593465866595e-12,1.976224454082309e-13,1,0.5999914606496438,1.70787007123252e-05,31.91862607240618,6.283095883311768,-0.7741453306576698,0.4969319593892876
5.6000000000000005,-0.0002941620443697101,-0.00024239482140134172,1.1156096330781196,-2.0259830205116733,-0.00036548359017319005,-0.000693019036233253,1.0561202160876256e-12,1.9202038041059683e-13,1,0.5999917954823606,1.640903527877491e-05,32.04428802536977,6.283099389671778,-0.7644028402422753,-0.29194109438255644
5.62,-0.0002946935031735708,-0.00024406386616741192,1.1009614114263917,-2.0406312421634016,-0.0003806428176251429,-0.000695134309942886,1.060153177984984e-12,2.1139972146978753e-13,1,0.5999921171860987,1.576562780258861e-05,32.169950047076526,6.2831027585454455,-0.7701264272648877,-0.2804939203373318
5.64,-0.00029533367703595806,-0.00024588742043971497,1.0886339703112513,-2.0529586832785416,-0.00039586385646235274,-0.0006965861785271907,1.0645750473353056e-12,2.3055623037069926e-13,1,0.5999924262756529,1.5147448694241561e-05,32.295612134830996,6.283105995323688,-0.7756255892302828,-0.2694955964065415
5.66,-0.0002960929028298528,-0.00024784845767939157,1.0788245165313182,-2.062768137058475,-0.0004108709177340035,-0.0006974462944986042,1.0693675754762276e-12,2.4815607461831545e-13,1,0.5999927232456322,1.45535087354709e-05,32.42127428604341,6.28310910518604,-0.7809091259708226,-0.25892852292546187
5.68,-0.0002969710136634994,-0.00024992333261365617,1.0716679832195306,-2.0699246703702627,-0.0004254151930589277,-0.0006978242267618446,1.0744878267805157e-12,2.630794880763575e-13,1,0.5999930085712522,1.3982857495653533e-05,32.546936498225556,6.283112093108945,-0.7859854922725066,-0.24877579032209396
5.7,-0.00029795805696478784,-0.00025208449617791074,1.0672421325016164,-2.074350521088177,-0.0004392774838007676,-0.0006978582006453964,1.0798729722148587e-12,2.7446331141896937e-13,1,0.5999932827090945,1.3434581811022639e-05,32.67259876898676,6.283114963873717,-0.7908628114044333,-0.2390211520582406
5.72,-0.00029903583502033983,-0.0002543026619654434,1.0655739252681014,-2.076018728321692,-0.000452267600852257,-0.0006977048374891192,1.0854456084526379e-12,2.817134128278776e-13,1,0.5999935460978383,1.2907804323392114e-05,32.79826109603011,6.283117722074192,-0.795548888117764,-0.22964899863157906
5.74,-0.0003001799250000971,-0.0002565483265989355,1.0666461130128002,-2.0749465405769927,-0.0004642212871174653,-0.0006975286089228776,1.091119102007955e-12,2.844975151411311e-13,1,0.5999937991589617,1.240168207661263e-05,32.92392347714876,6.283120372124079,-0.8000512211349898,-0.22064433259712746
5.76,-0.00030136190510138093,-0.0002587927189156152,1.0704033056664353,-2.071189347923358,-0.000474995622971903,-0.0006974915090733793,1.096802673739192e-12,2.827287416961615e-13,1,0.5999940422974165,1.1915405166984527e-05,33.04958591022238,6.2831229182640245,-0.8043770151494872,-0.21199274456813266
5.78,-0.0003025516046804824,-0.0002610083599631931,1.0767571046300795,-2.0648355489597137,-0.00048446393905582895,-0.0006977432784271837,1.1024061238055045e-12,2.7654761053206457e-13,1,0.5999942759022762,1.144819544762754e-05,33.17524839321379,6.283125364568394,-0.8085331923545647,-0.2036803901579778
5.8,-0.00030371927114421384,-0.0002631694600137015,1.085590196010334,-2.056002457579459,-0.0004925112078550463,-0.0006984124236277859,1.1078442160838491e-12,2.609367926694372e-13,1,0.5999945003473582,1.0999305283476701e-05,33.300910924165684,6.283127714951798,-0.8125264035204487,-0.3157717160973528
5.82,-0.0003048270443704105,-0.00026523147813646396,1.0967284125982353,-2.044864240991558,-0.0004988754551268417,-0.0006996890264448117,1.1129383679922674e-12,2.4769067267322153e-13,1,0.5999947159918227,1.0568016354461918e-05,33.4265735011975,6.28312997317535,-0.818717196564454,-0.30339013000934223
5.84,-0.0003058636709077804,-0.00026719622445798793,1.110050633436351,-2.0315420201534424,-0.0005036173943829081,-0.0007015539840261397,1.1177380365578462e-12,2.316939216863867e-13,1,0.5999949231807469,1.0153638506205098e-05,33.55223612250242,6.28313214285269,-0.824665245141112,-0.29149403285602626
5.86,-0.0003068120084346222,-0.0002690467549949796,1.1253670282467236,-2.0162256253430693,-0.0005066426721509396,-0.0007040241967643958,1.1221968377486162e-12,2.138485836646195e-13,1,0.5999951222456771,9.755508645792332e-06,33.67789878634448,6.283134227455764,-0.8303800673971299,-0.2800643883439904
5.88,-0.00030766157305618793,-0.0002707713109867451,1.1424689033378899,-1.9991237502519033,-0.0005078682526182708,-0.0007070731271571879,1.1262879141921737e-12,1.9519617987418113e-13,1,0.5999953135051598,9.372989680400678e-06,33.80356149105576,6.283136230320383,-0.8358708082673446,-0.26908290660356093
5.9,-0.00030840900250694137,-0.0002723648046916988,1.1611311736185457,-1.9804614799712477,-0.0005072277555687617,-0.0007106307575441288,1.1300063213178986e-12,1.7687329420380476e-13,1,0.5999954972652509,9.005469498113428e-06,33.929224235033765,6.283138154651557,-0.8411462541085689,-0.25853201492111233
5.92,-0.00030905783209563746,-0.000273830241660837,1.1811149673064278,-1.9604776862833653,-0.0005046781175808341,-0.0007145864389685573,1.1333703588718883e-12,1.6005041597833678e-13,1,0.5999956738200057,8.65235998848135e-06,34.054887016738824,6.283140003528626,-0.8462148467596373,-0.24839482961897552
5.94,-0.0003096175400852627,-0.00027517976378165605,1.2021703290784742,-1.9394223245113187,-0.0005002066771598871,-0.0007187946982604545,1.1364215182075262e-12,1.4585556951893364e-13,1,0.5999958434519497,8.313096100609485e-06,34.18054983469163,6.283141779910188,-0.8510846970501489,-0.23865512903795238
5.96,-0.0003101019316121382,-0.00027643498004700963,1.224038938346837,-1.9175537152429563,-0.0004938376460226904,-0.0007230837780429105,1.1392227876577926e-12,1.352884494447923e-13,1,0.5999960064325299,7.987134940101726e-06,34.306212687470904,6.283143486638833,-0.8557635977795253,-0.22929732757919963
5.98,-0.00031052706220386294,-0.0002776263178118065,1.2464567535710984,-1.895135900018695,-0.0004856369431687911,-0.0007272663779447875,1.141855213777156e-12,1.2913467761093196e-13,1,0.5999961630225502,7.673954899534152e-06,34.43187557371107,6.283145126445691,-0.8602590361871523,-0.22030645076394562
6.0,-0.0003109090164848546,-0.0002787912782005378,1.2691565193662395,-1.8724361342235536,-0.0004757145445837723,-0.0007311518051973109,1.1444128380518767e-12,1.2847805700963273e-13,1,0.599996313472588,7.373054824011405e-06,34.5575384921001,6.283146701954802,-0.8645782059335599,0.5225971821524917
6.0200000000000005,-0.0003112508192952094,-0.00027996425109816646,1.2918465194695434,-1.8497461341202497,-0.0004652950132872632,-0.0007341274761777661,1.1469632983561515e-12,1.2792560472941103e-13,1,0.5999964580233954,7.083953209141569e-06,34.683201441377435,6.2831482156873175,-0.8543325416287526,0.5021058535428771
6.04,-0.0003115708784614926,-0.0002811762566162734,1.3142367029254365,-1.8273559506643569,-0.0004534984585570778,-0.0007366345797378739,1.1495564283575814e-12,1.3266421011027167e-13,1,0.5999965969062846,6.806187430763444e-06,34.80886442033192,6.283149670065532,-0.8444886155675938,0.48241800142055946
6.0600000000000005,-0.0003118784099941219,-0.0002824689304049597,1.336060665998857,-1.8055319875909364,-0.0004405406538111438,-0.0007385594802347317,1.1522939562915424e-12,1.4220168598162941e-13,1,0.5999967303434978,6.5393130044277825e-06,34.9345274277999,6.283151067416761,-0.835030675368236,0.46350212102184396
6.08,-0.00031217829620835177,-0.00028387820754438727,1.3570540829737079,-1.7845385706160855,-0.0004266603259129268,-0.0007398210113726991,1.1552645940985846e-12,1.557445451713856e-13,1,0.599996858548563,6.282902873966378e-06,35.06019046266334,6.283152409977065,-0.8259435863085589,0.44532794290248967
6.1000000000000005,-0.0003124718954876351,-0.00028543151538995684,1.3769578303278405,-1.7646348232619529,-0.00041211025437380526,-0.0007403765156985605,1.15853870724127e-12,1.7227256030953291e-13,1,0.5999969817266357,6.036546728482861e-06,35.18585352384805,6.283153699894826,-0.8172128071073845,0.4278663845001409
6.12,-0.0003127584099597788,-0.00028714595355401373,1.3955212507405097,-1.7460714028492834,-0.00039714790480375697,-0.0007402252940237959,1.162164642860607e-12,1.9062682227439402e-13,1,0.5999971000748271,5.799850345766799e-06,35.311516610321966,6.283154939234188,-0.8088243666553254,0.4110895035960227
6.140000000000001,-0.0003130364748197392,-0.00028902756058489694,1.412505434506151,-1.7290872190836417,-0.0003820265393647294,-0.0007394093533044798,1.1661668587336923e-12,2.095988257451342e-13,1,0.5999972137825196,5.572434960798844e-06,35.43717972109347,6.283156129978359,-0.8007648416580289,0.39497045360142957
6.16,-0.00031330563550736277,-0.0002910715720207413,1.4276863767442503,-1.7139062768455426,-0.00036698768198755176,-0.0007380115579943675,1.1705457633201325e-12,2.28010374064089e-13,1,0.5999973230316696,5.353936660679182e-06,35.56284285520985,6.283157274032782,-0.7930213351560422,0.3794834405974563
6.18,-0.0003135674484586608,-0.00029326343783876886,1.4408578857383048,-1.700734767851488,-0.0003522556359706006,-0.000736151475625677,1.1752790089163436e-12,2.447779281474007e-13,1,0.5999974279970992,5.144005801538398e-06,35.68850601175574,6.283158373228191,-0.7855814558869261,0.364603682059224
6.2,-0.0003138260458634289,-0.00029558031043501817,1.4518341807766677,-1.689758472813125,-0.00033803447527621695,-0.0007339793338089651,1.1803238952211349e-12,2.278329805165815e-13,1,0.5999975288467755,4.942306448985079e-06,35.81416918985166,6.283159429323532,-0.7784332984565909,1.0810180128402682
6.22,-0.0003140681291963326,-0.00029784551623993413,1.4601891539654495,-1.6814034996243432,-0.00032558107887578717,-0.0007320922022376784,1.1849938577421038e-12,2.3834895714103164e-13,1,0.5999976257420794,4.74851584120195e-06,35.939832388652626,6.283160444008781,-0.7572396371716369,1.0386306902703601
6.24,-0.0003143210836177651,-0.0003001736612375032,1.465972725919506,-1.6756199276702874,-0.00031394213554032673,-0.0007304002541487103,1.1898401216105824e-12,2.453323263674137e-13,1,0.5999977188380641,4.562323871803997e-06,36.06549560734678,6.283161418907652,-0.7368769912320816,0.9979053983912496
6.26,-0.00031459268856713315,-0.0003025288811470494,1.4690771452622802,-1.6725155083275132,-0.00030327685552316636,-0.0007290700071425686,1.194787361963112e-12,2.4837245987638513e-13,1,0.599997808283703,4.383432594012859e-06,36.191158845154106,6.283162355580192,-0.717312776060159,0.9587769680474043
6.28,-0.00031489038844332646,-0.0003048734218086382,1.4694300781533471,-1.6721625754364462,-0.00029373610088494857,-0.0007282617542291945,1.199754336350874e-12,2.4729106860980325e-13,1,0.5999978942221282,4.211555743482975e-06,36.31682210132516,6.2831632555252765,-0.6985156847376721,0.9211827854024306
6.3,-0.0003152199197700356,-0.0003071693403665312,1.4669982014608622,-1.6745944521289307,-0.0002854657725731138,-0.0007281201079526233,1.2046586424378889e-12,2.421530335184764e-13,1,0.5999979767908596,4.046418280667652e-06,36.44248537513988,6.2831641201830095,-0.6804556379082449,0.8850626917435762
6.32,-0.0003155839437565193,-0.00030938035392329204,1.4617911793651224,-1.6798014742246705,-0.0002786090062733586,-0.0007287644787750191,1.2094216803298133e-12,2.3327567014886835e-13,1,0.5999980561220247,3.887755950504612e-06,36.56814866590646,6.283164950937028,-0.6631037356439349,0.8503588872149561
6.34,-0.000315980908697903,-0.00031147393017923826,1.4538659044614115,-1.687726749128382,-0.0002733063702512956,-0.0007302799335959333,1.2139737650237677e-12,2.212332744406491e-13,1,0.5999981323425704,3.7353148591989793e-06,36.69381197296021,6.283165749116716,-0.6464322111991825,0.8170158383254513
6.36,-0.0003164043899959605,-0.0003134236376448397,1.443330623599136,-1.6982620299906568,-0.000269693496101852,-0.0007327090562994974,1.2182592392563955e-12,2.0685076797065108e-13,1,0.5999982055744657,3.5888510685477826e-06,36.8194752956625,6.28316651599933,-0.6304143865780946,0.7849801890832755
6.38,-0.00031684315015818474,-0.00031521164151764524,1.4303483224199005,-1.7112443311698922,-0.00026789592898167277,-0.0007360456064735736,1.2222412914339013e-12,1.9117852439712458e-13,1,0.5999982759348973,3.4481302053634977e-06,36.945138633399736,6.2831672528120475,-0.6150246298439592,0.7542006756150048
6.4,-0.0003172821007466058,-0.00031683107032587436,1.4151385754864214,-1.7264540781033713,-0.00026802142948609986,-0.0007402308732264476,1.2259060238899332e-12,1.7972259192870397e-13,1,0.5999983435364569,3.3129270862186644e-06,37.07080198558239,6.283167960733924,-0.6002383141026787,0.5778456229714586
6.42,-0.0003177200339264479,-0.00031830535214504783,1.398018954083155,-1.743573699506638,-0.0002699326441027697,-0.0007449892089981499,1.2293420144816604e-12,1.6434311619050974e-13,1,0.5999984084873214,3.1830253570674927e-06,37.19646535164405,6.283168640897787,-0.5889094886226356,0.5551879720113724
6.44,-0.00031812546535179827,-0.0003196313312490368,1.379270241860988,-1.762322411728805,-0.00027388675041493526,-0.0007503425262543107,1.2324923693032329e-12,1.5147937141262385e-13,1,0.5999984708914262,3.058217147522413e-06,37.322128731040515,6.283169294392044,-0.5780248727434105,0.5334187402529222
6.46,-0.0003184851819511864,-0.00032084124525955495,1.3592637634629967,-1.7823288901267968,-0.00027988034261684097,-0.0007560983605383177,1.2354197971359153e-12,1.4232057877789084e-13,1,0.599998530848631,2.938302738009213e-06,37.44779212324892,6.283169922262425,-0.5675670487574214,0.5125030922809439
6.48,-0.00031879266481896196,-0.0003219781251393033,1.338407814359202,-1.8031848392305907,-0.0002878567944582516,-0.0007620355165571233,1.238208465006361e-12,1.3779276287339997e-13,1,0.5999985884548801,2.823090239800763e-06,37.573455527766896,6.283170525513655,-0.5575192819151691,0.49240755859643937
6.5,-0.00031905026404383636,-0.00032309194254798504,1.3171348862101706,-1.8244577673796227,-0.000297702456081235,-0.0007679191442729868,1.240957575282065e-12,1.3845058844306288e-13,1,0.5999986438023559,2.71239528815137e-06,37.69911894411178,6.283171105111066,-0.5478654936460683,0.4730999820582378
6.5200000000000005,-0.0003192699926577264,-0.0003242346801044602,1.2958869741412824,-1.8457056794485105,-0.00030924721713906987,-0.0007735174641197558,1.2437731379465637e-12,1.4440950740003445e-13,1,0.5999986969796262,2.60604074764359e-06,37.824782371819836,6.283171661982138,-0.5385902358293037,0.4545494664247085
6.54,-0.00031947265693448674,-0.00032545509802207206,1.2751002730404126,-1.8664923805493805,-0.00032226969689523637,-0.000778618453644423,1.2467589021085187e-12,1.5533165901146162e-13,1,0.5999987480717858,2.5038564284152187e-06,37.95044581044551,6.283172197017983,-0.5296786660735411,0.43672632691318336
6.5600000000000005,-0.00031968542135303775,-0.0003267940633816323,1.2551906621777111,-1.8864019914120824,-0.00033650663304460906,-0.0007830447947638325,1.2500075774214546e-12,1.7046810311996348e-13,1,0.5999987971605932,2.405678813488521e-06,38.0761092595607,6.283172711074772,-0.5211165239659352,0.41960204269797163
6.58,-0.00031993826777977055,-0.0003282811705439404,1.2365412259371533,-1.9050514276526398,-0.0003516654257931984,-0.0007866656399563735,1.2535934089440423e-12,1.8874837623695745e-13,1,0.5999988443246009,2.3113507980898618e-06,38.20177271875413,6.283173204975106,-0.5128901082524261,0.4031492112709534
6.6000000000000005,-0.0003202600341545946,-0.0003299330607993009,1.2194927073340198,-1.9220999462557735,-0.00036743836865663684,-0.0007894042254625489,1.2575668901301814e-12,1.8341465737834134e-13,1,0.5999988896392815,2.220721436962947e-06,38.32743618763061,6.28317367950933,-0.5049862549128098,-0.39524196801788825
6.62,-0.00032068109327377565,-0.00033161996532455544,1.2041495798049011,-1.937443073784892,-0.00038228535116002007,-0.0007910601109093675,1.2614188143317717e-12,2.0196361740838592e-13,1,0.599998933177148,2.1336457038945156e-06,38.45309966581046,6.283174135436803,-0.5127350845310703,-0.3797443087813672
6.640000000000001,-0.0003211934434685872,-0.0003334645445167306,1.190983973627045,-1.9506086799627482,-0.00039720848599715904,-0.0007920751188661551,1.2656456605762738e-12,2.2056425153589358e-13,1,0.5999989750078704,2.0499842592336392e-06,38.57876315292891,6.283174573487103,-0.5201800781940857,-0.36485432145533636
6.66,-0.0003218071376053537,-0.0003354534803714553,1.1802063258545068,-1.961386327735286,-0.00041194014532404177,-0.0007925205188095767,1.2702350750803252e-12,2.3791463389383634e-13,1,0.5999990151983866,1.9696032267368935e-06,38.70442664863545,6.283174994361206,-0.5273331494800669,-0.350548178883374
6.68,-0.00032252304322312,-0.0003375656763265021,1.1719727137866878,-1.9696199398031053,-0.00042623698963063024,-0.0007925052223702093,1.275150319861664e-12,2.528944150241242e-13,1,0.5999990538130102,1.8923739795173589e-06,38.83009015259334,6.283175398732598,-0.5342057448291413,-0.33680298818522525
6.7,-0.0003233331469896282,-0.0003397748432501068,1.166387412580904,-1.9752052410088892,-0.0004398829854388719,-0.0007921672312181082,1.280334468947423e-12,2.646134921219627e-13,1,0.5999990909135328,1.8181729344313169e-06,38.955753664479055,6.283175787248362,-0.5408088618600994,-0.3235967541233091
6.72,-0.00032422172869971306,-0.0003420517187405427,1.1635068352067541,-1.9780858183830388,-0.0004526893219934869,-0.0007916638873247421,1.2857152814273785e-12,2.724327916435317e-13,1,0.599999126559323,1.7468813540144623e-06,39.08141718398173,6.283176160530204,-0.5471530669689307,-0.31090834390564637
6.74,-0.00032516711071510593,-0.000344365761783683,1.1633440165879867,-1.9782486370018066,-0.000464491841410859,-0.0007911616178029466,1.291210271623287e-12,2.7596549790716304e-13,1,0.5999991608074218,1.6783851564117214e-06,39.20708071080269,6.2831765191754565,-0.5532485122373121,-0.29871745336888367
6.76,-0.00032614371917915843,-0.00034668633872569226,1.1658729690199858,-1.9757196845698068,-0.0004751468532294814,-0.0007908256888045943,1.2967316770218853e-12,2.750677219396781e-13,1,0.5999991937126334,1.612574733078631e-06,39.332744244655,6.283176863758027,-0.5591049516781039,-0.2870045744873
6.78,-0.00032712425707724603,-0.00034898353935625316,1.1710324747827314,-1.9705601788070615,-0.00048452631997699845,-0.0007908103285862526,1.3021911918794413e-12,2.698258589113972e-13,1,0.5999992253276133,1.5493447733661014e-06,39.45840778526294,6.283177194829322,-0.5647317568438519,-0.275750964155804
6.8,-0.00032808184979680343,-0.0003512288252899984,1.1787291384764635,-1.9628635151133293,-0.0004925133898117907,-0.0007912494926436045,1.307504450034012e-12,2.533623001538345e-13,1,0.5999992557029521,1.4885940957665156e-06,39.58407133236163,6.283177512919125,-0.5701379318232702,-0.42799288962719073
6.82,-0.0003289808882731423,-0.00035336569051808034,1.1888142088357818,-1.9527784447540117,-0.0004987882797584169,-0.0007923795605436518,1.3124578966363971e-12,2.4119049588205473e-13,1,0.5999992848872567,1.430225486487302e-06,39.70973488569656,6.2831778185364495,-0.5785288524438202,-0.4112110483860907
6.84,-0.00032981410630771914,-0.00035540300878536443,1.2011783772593114,-1.9404142763304817,-0.0005034658468675765,-0.0007941500792365,1.3171381127355095e-12,2.262385527577076e-13,1,0.5999993129272284,1.374145543131533e-06,39.8353984450232,6.283178112170347,-0.5865907603608101,-0.39508723255211087
6.86,-0.00033056723642599487,-0.0003573215765053127,1.2156408664494416,-1.9259517871403515,-0.0005064477564169967,-0.0007965814014526125,1.3214979022391256e-12,2.0938868357784333e-13,1,0.5999993398677371,1.3202645257059942e-06,39.96106201010662,6.283178394290695,-0.5943365563468725,-0.37959564057998607
6.88,-0.0003312324305393237,-0.00035910791966914314,1.2319963866773467,-1.9095962669124464,-0.0005076467184062661,-0.0007996493861347615,1.325509289246668e-12,1.916711235932518e-13,1,0.5999993657518934,1.26849621318037e-06,40.08672558072109,6.283178665348946,-0.6017786353281097,-0.36471148261751174
6.9,-0.00033180854285244063,-0.0003607559060494009,1.2500175469362207,-1.8915751066535726,-0.0005069919957911912,-0.0008032848571431872,1.329166054473084e-12,1.7421749239342383e-13,1,0.5999993906211174,1.2187577651534554e-06,40.21238915664973,6.28317892577885,-0.6089289062186198,-0.3504109408364915
6.92,-0.0003323006830858347,-0.0003622682258892236,1.2694576401148008,-1.872135013474992,-0.0005044363089262465,-0.0008073760639468166,1.3324851669952447e-12,1.5819695142191964e-13,1,0.5999994145152051,1.1709695897366146e-06,40.338052737684166,6.2831791759971525,-0.6157988109773003,-0.3366711313191306
6.94,-0.0003327190301351489,-0.0003636574101183085,1.2900537975730608,-1.8515388560167327,-0.0004999632268995743,-0.000811774274080117,1.3355067766620282e-12,1.447371301772647e-13,1,0.5999994374723923,1.1250552154340454e-06,40.463716323624205,6.283179416404255,-0.6223993429174227,-0.32347006743888573
6.96,-0.00033307702149911643,-0.0003649460490472527,1.3115304371837193,-1.8300622164060734,-0.0004935939787628521,-0.0008163023198950489,1.3382925140385357e-12,1.3483602474860415e-13,1,0.5999994595294152,1.080941169462335e-06,40.589379914277494,6.28317964738486,-0.62874106429828,-0.3107866246771711
6.98,-0.00033338916885665285,-0.0003661659568588518,1.3336028943394285,-1.8079897592503649,-0.00048539261573239743,-0.0008207655887165434,1.3409220092033638e-12,1.2927485742142837e-13,1,0.5999994807215699,1.0385568600668194e-06,40.71504350945922,6.283179869308586,-0.6348341232270542,-0.2986005068196227
7.0,-0.00033366885487826656,-0.0003673561949091331,1.3559811222651001,-1.785611531324693,-0.0004754686220971628,-0.0008249646491519246,1.3434877678272484e-12,1.2879767907805158e-13,1,0.5999995010827684,9.978344630567904e-07,40.84070710899183,6.283180082530557,-0.6406882698979532,0.42211572167672085
7.0200000000000005,-0.00033390695603082387,-0.0003685536380593156,1.3783563227221527,-1.76323633086764,-0.0004650128876226458,-0.000828262681369546,1.3460505417794753e-12,1.288122871617873e-13,1,0.5999995206455929,9.587088141138622e-07,40.96637071270471,6.283180287391976,-0.6324125728031702,0.40556432748715476
7.04,-0.00033412842348034513,-0.00036978906546975807,1.4004209608089317,-1.7411716927808616,-0.00045318253633478886,-0.0008311038759631212,1.3486663192239152e-12,1.3401648473588136e-13,1,0.5999995394413481,9.211173037648734e-07,41.09203432043396,6.283180484220663,-0.6244613704328791,0.3896619227465725
7.0600000000000005,-0.0003343378718275471,-0.00037110524795492807,1.421886211106632,-1.7197064424831616,-0.0004401965740252631,-0.0008333651994281474,1.3514347612386675e-12,1.4391348299346265e-13,1,0.5999995575001111,8.849997776838592e-07,41.21769793202209,6.283180673331588,-0.6168219391669405,0.37438306021469536
7.08,-0.00033453556398558963,-0.0003725388215790622,1.4424684609068201,-1.699124192682973,-0.0004262980079393707,-0.0008349574508426944,1.3544423901941194e-12,1.5770245918451123e-13,1,0.5999995748507799,8.502984401026481e-07,41.34336154731779,6.283180855027367,-0.6094820542854966,0.3597032904518076
7.1000000000000005,-0.0003347186256260051,-0.00037411747124816027,1.4618934310901992,-1.6796992224995941,-0.00041174448390979604,-0.0008358316685810436,1.3577572191187677e-12,1.743547359116321e-13,1,0.5999995915211193,8.169577614403067e-07,41.46902516617569,6.283181029598753,-0.6024299704068116,0.3455991226944375
7.12,-0.0003348827588483322,-0.00037585818263167375,1.4799001591291632,-1.6616924944606302,-0.00039679840646728617,-0.0008359827035403099,1.3614250791165315e-12,1.927041216873858e-13,1,0.5999996075378052,7.849243894852975e-07,41.59468878845611,6.283181197325097,-0.5956544026921546,0.33204798726512363
7.140000000000001,-0.00033502407978884633,-0.0003777666409429468,1.4962446863274523,-1.6453479672623406,-0.00038171755770187823,-0.0008354498517983717,1.3654677972125948e-12,2.1153855847607894e-13,1,0.599999622926468,7.541470639083059e-07,41.72035241402485,6.2831813584747955,-0.5891445087876508,0.31902819945611594
7.16,-0.00033514072839424725,-0.0003798376504385274,1.5107033058899992,-1.630889347699794,-0.0003667471529034289,-0.000834314692531994,1.3698831355292636e-12,2.2968235746496346e-13,1,0.5999996377117327,7.245765345498256e-07,41.84601604275298,6.283181513305725,-0.5828898714742013,0.30651892482921705
7.18,-0.000335233989508012,-0.00038205630938495524,1.5230752771070166,-1.6185173764827763,-0.000352114065732936,-0.0008326964859849315,1.3746462241547236e-12,2.4606217569861204e-13,1,0.5999996519172589,6.96165482150235e-07,41.97167967451661,6.283181662065647,-0.5768804819977111,0.29450014587623663
7.2,-0.00033530878593651333,-0.00038439962316956,1.5331849973253342,-1.6084076562644594,-0.00033802364986987727,-0.000830745620442455,1.3797121275040653e-12,2.2946100032051384e-13,1,0.5999996655657784,6.688684430766756e-07,42.09734330919672,6.2831818049926085,-0.5711067240529462,0.9917681302276411
7.22,-0.0003353647450499132,-0.0003866937801130921,1.5406974010226675,-1.6008952525671258,-0.00032568752732519795,-0.0008290261681502596,1.3844109567905287e-12,2.3958915044130904e-13,1,0.5999996786791318,6.426417362703774e-07,42.22300694667895,6.2831819423153235,-0.5516628317444073,0.9528803456105635
7.24,-0.00033542146449162607,-0.0003890512135093816,1.545608206390594,-1.595984447199199,-0.0003141931996484454,-0.0008274781160610877,1.389277663309067e-12,2.4612536269671937e-13,1,0.5999996912783033,6.17443393302608e-07,42.34867058685344,6.283182074253538,-0.5329813453583482,0.9155173728384451
7.26,-0.00033548947096784666,-0.0003914364858107779,1.5478294035896547,-1.5937632500001389,-0.00030369668612482796,-0.0008262670693175371,1.3942360443516112e-12,2.4869087043377584e-13,1,0.5999997033834542,5.93233091539247e-07,42.474334229614605,6.283182201018381,-0.5150323705309546,0.879619423183658
7.28,-0.00033557941563722187,-0.00039381244840400956,1.5473099146990208,-1.5942827388907723,-0.0002943443953925001,-0.0008255515344965222,1.3992046486579713e-12,2.471416233457273e-13,1,0.5999997150139553,5.699720893037608e-07,42.59999787486104,6.283182322812704,-0.49778718507318404,0.8451290522681169
7.3,-0.0003357005483560085,-0.0003961418552994258,1.544038059965211,-1.597554593624582,-0.0002862765796808323,-0.0008254734368464273,1.4041015479551588e-12,2.4157559993169984e-13,1,0.599999726188418,5.476231639267581e-07,42.72566152249528,6.2831824398314025,-0.4812181930091348,0.8119910681400184
7.32,-0.0003358592072006597,-0.000398389096311464,1.5380442988041978,-1.6035483547855955,-0.0002796296293317999,-0.0008261487463192972,1.4088492372717543e-12,2.3233805465000736e-13,1,0.5999997369247237,5.261505524600807e-07,42.85132517242371,6.283182552261733,-0.46529888041659767,0.7801524429549441
7.34,-0.0003360575386802557,-0.0004005221547211919,1.5294041209128553,-1.6121885326769378,-0.0002745364317871965,-0.0008276586574500835,1.413379601875972e-12,2.200218269419262e-13,1,0.5999997472400529,5.055198941672501e-07,42.97698882455636,6.2831826602836065,-0.4500037729991234,0.7495622281199956
7.36,-0.00033629268230306645,-0.0004025148183093993,1.5182407389312054,-1.6233519146585875,-0.000271124264978306,-0.0008300419233504837,1.417638801301863e-12,2.0545706887420287e-13,1,0.5999997571509121,4.856981756784506e-07,43.10265247880681,6.283182764069882,-0.4353083953217138,0.7201714727651763
7.38,-0.000336556647182798,-0.00040434904531526394,1.5047270475067682,-1.636865606083025,-0.00026951004449350766,-0.0008332890897075141,1.4215917894728821e-12,1.8968334840663284e-13,1,0.5999997666731611,4.6665367769982424e-07,43.22831613509202,6.28318286378664,-0.4211892316449038,0.6919331454115564
7.4,-0.00033683705382192585,-0.00040601723348312205,1.4890862139847596,-1.652506439605034,-0.00026979316635501076,-0.000837339444014648,1.4252260508180343e-12,1.7896311246732897e-13,1,0.5999997758220373,4.4835592527547874e-07,43.35397979333221,6.283182959593447,-0.4076236882945617,0.4884069253485738
7.42,-0.0003371343302588522,-0.0004075461215853026,1.4716283331736457,-1.6699643204161472,-0.00027179202842383076,-0.0008418894779600873,1.4286448935914847e-12,1.6338495136113795e-13,1,0.599999784612181,4.307756380494965e-07,43.47964345345071,6.283183051643617,-0.3980483335621582,0.46925621588376676
7.44,-0.000337418676333049,-0.00040892539045478605,1.4526287052157132,-1.68896394837408,-0.00027579435328145926,-0.000846993353387126,1.4317738948948627e-12,1.5028770903091084e-13,1,0.5999997930576582,4.138846836365673e-07,43.60530711537389,6.283183140084447,-0.3888484338591277,0.4508564164777058
7.46,-0.000337676376438401,-0.0004101851107067145,1.4324403236617431,-1.7091523299280498,-0.0002817929876730798,-0.0008524638553439733,1.4346746147903597e-12,1.408172184455586e-13,1,0.5999998011719835,3.976560329910228e-07,43.730970779030976,6.283183225057463,-0.3800092673831954,0.4331780835258412
7.48,-0.00033789900391175684,-0.00041136614999794536,1.411447519920513,-1.7301451336692804,-0.0002897304602568943,-0.0008580866709650502,1.437429303826509e-12,1.3586857770373545e-13,1,0.5999998089681415,3.820637168860941e-07,43.85663444435398,6.283183306698639,-0.3715166895822104,0.4161929279238712
7.5,-0.0003380856635259613,-0.0004125166929097979,1.3900552000354578,-1.7515374535543353,-0.00029949532731259043,-0.0008636348684109089,1.4401348220014366e-12,1.3598650468389132e-13,1,0.5999998164586079,3.6708278416952567e-07,43.98229811127758,6.283183385138619,-0.36335711051984454,0.39987376979913947
7.5200000000000005,-0.0003382440478340044,-0.00041368767384680776,1.368676644255866,-1.772916009333927,-0.00031092252015530787,-0.0008688848602297109,1.4428948874252507e-12,1.413018840229435e-13,1,0.5999998236553689,3.5268926223963604e-07,44.10796177973902,6.283183460502923,-0.355517473128795,0.3841944950170404
7.54,-0.00033839000299395555,-0.0004149278049847004,1.3477208326476118,-1.7938718209421811,-0.00032379797514381034,-0.0008736323125428824,1.4458115182330535e-12,1.5151649723388839e-13,1,0.5999998305699408,3.388601184095563e-07,44.233625449678,6.283183532912151,-0.34798523231669093,0.36913001339283225
7.5600000000000005,-0.0003385456302085074,-0.00041627899173125724,1.327580322315727,-1.814012331274066,-0.00033786721190033793,-0.0008777064490878659,1.4489766845751431e-12,1.6593870936996925e-13,1,0.5999998372133885,3.255732230478259e-07,44.35928912103658,6.283183602482173,-0.3407483348912692,0.3546562185419888
7.58,-0.00033873627893271803,-0.0004177728357501659,1.308620605466058,-1.832972048123735,-0.00035284696058658903,-0.0008809814197285283,1.4524651411718028e-12,1.8356288689834071e-13,1,0.5999998435963428,3.128073142733001e-07,44.484952793759106,6.283183669324314,-0.3337952002726954,0.34074994930484115
7.6000000000000005,-0.00033898701545830517,-0.0004194286612458108,1.2911716479323674,-1.8504210056574255,-0.00036843852641327794,-0.0008833838089631998,1.4563291791266002e-12,1.7840561802422304e-13,1,0.599999849729018,3.005419639823259e-07,44.610616467792084,6.283183733545537,-0.32711470196216524,-0.4642693115257853
7.62,-0.000339329137662127,-0.0004211230968236646,1.2753874895314268,-1.866205164058366,-0.0003831071390497277,-0.0008847328198677428,1.4600756912388813e-12,1.9646849698397293e-13,1,0.5999998556212275,2.8875754498614015e-07,44.73628014308414,6.283183795248611,-0.33621683200681063,-0.44606505143649455
7.640000000000001,-0.00033975080507446683,-0.00042297660981982494,1.2616908681596943,-1.879901785430099,-0.00039786156230403553,-0.0008854551146342973,1.4641889766032756e-12,2.1474818558961204e-13,1,0.5999998612824001,2.7743519970258035e-07,44.861943819585896,6.283183854532273,-0.344962062427497,-0.4285745905951218
7.66,-0.00034026135587712336,-0.0004249783006540035,1.2502988488455389,-1.8912938047442545,-0.00041243948594781553,-0.0008856223247264197,1.4686602481471739e-12,2.3196413357896293e-13,1,0.599999866721595,2.6655680995801845e-07,44.98760749724993,6.283183911491388,-0.35336438745864607,-0.4117699405328237
7.68,-0.0003408619476047108,-0.0004271088486716372,1.2413794202520316,-1.9002132333377615,-0.0004266012663142174,-0.0008853433597615225,1.4734565627548331e-12,2.469977917380264e-13,1,0.599999871947516,2.5610496789951753e-07,45.113271176030665,6.283183966217106,-0.36143725261289933,-0.39562421022431715
7.7,-0.0003415456167603979,-0.00042934295874830843,1.2350526287155463,-1.9065400248742463,-0.0004401330885983055,-0.0008847563218093826,1.4785246474321807e-12,2.5894404357706257e-13,1,0.5999998769685257,2.4606294846130083e-07,45.23893485588431,6.283184018796997,-0.3691935761968067,-0.3801115630565024
7.72,-0.0003422982107396953,-0.0004316515632581243,1.2313930737340766,-1.9101995798557168,-0.0004528471320258671,-0.0008840191226685904,1.4837954785456901e-12,2.671364970491971e-13,1,0.5999998817926588,2.3641468227530993e-07,45.3645985367688,6.2831840693152,-0.37664576998287297,-0.3652071754843699
7.74,-0.00034309993852254064,-0.00043400359185463537,1.2304330659116136,-1.9111595876781795,-0.00046457927222717706,-0.0008832994679066547,1.4891891558186287e-12,2.711536907348881e-13,1,0.599999886427635,2.2714472991403056e-07,45.490262218643714,6.2831841178525565,-0.383805759071042,-0.35088719730803186
7.76,-0.0003439272928846958,-0.0004363672902851568,1.2321658408547578,-1.9094268127350356,-0.0004751851337933093,-0.0008827647166260792,1.4946197711663628e-12,2.708143342205235e-13,1,0.5999998908808711,2.1823825768763072e-07,45.61592590147021,6.283184164486736,-0.3906850009714007,-0.33712871350731444
7.78,-0.0003447551408285401,-0.00043871119781111476,1.2365484019189095,-1.9050442516708834,-0.00048453544996981783,-0.0008825719845509108,1.5000001269636106e-12,2.661684174230612e-13,1,0.5999998951594934,2.0968101321905408e-07,45.74158958521099,6.283184209292363,-0.39729450393863947,-0.3239097075728369
7.8,-0.0003455588268958586,-0.00044100496620870803,1.2435037859124345,-1.8980888676773588,-0.0004925117019330919,-0.0008828587759982941,1.5052462695292495e-12,2.491482097526277e-13,1,0.5999998992703485,2.014593030175149e-07,45.867253269830194,6.283184252341137,-0.4036448445876084,-0.5018804743546323
7.82,-0.0003463058549522358,-0.00044318392759351154,1.252906355934439,-1.8886862976553545,-0.000498755557612902,-0.0008838937280985228,1.5101219829506686e-12,2.3762677124772797e-13,1,0.5999999032200146,1.935599707181268e-07,45.99291695529338,6.283184293701944,-0.41348435202658,-0.48220145947668913
7.84,-0.00034699068719843133,-0.00044526178296464664,1.2646495024189952,-1.8769431511707975,-0.0005034164715843889,-0.000885603935584653,1.5147372488683718e-12,2.2329880276688177e-13,1,0.5999999070148121,1.859703757656206e-07,46.11858064156746,6.283184333440971,-0.42293804686040465,-0.46329406980903987
7.86,-0.00034760130162512696,-0.0004472178180927871,1.2785593900626677,-1.8630332635271252,-0.0005063928510656969,-0.0008880121523240103,1.5190442040949568e-12,2.070344616303324e-13,1,0.5999999106608135,1.7867837298624067e-07,46.24424432862064,6.283184371621808,-0.4320210570177122,-0.44512804949442475
7.88,-0.00034813191865275207,-0.00044903742547263006,1.294433786435305,-1.847158867154488,-0.0005075939918707433,-0.0008910959591981733,1.5230140373204924e-12,1.898589493020526e-13,1,0.5999999141638531,1.7167229371395365e-07,46.36990801642236,6.283184408305553,-0.4407479172525666,-0.4276743290247159
7.9,-0.00034858314977983395,-0.00045071381498368817,1.3120443350182815,-1.8295483185715113,-0.000506945745022844,-0.000894786872584046,1.5266396537089992e-12,1.729044608943051e-13,1,0.5999999175295366,1.6494092669461224e-07,46.49557170494327,6.283184443550908,-0.4491325924031731,-0.41090497872350296
7.92,-0.00034896138670009166,-0.000452249541806227,1.3311393963933158,-1.8104532571964773,-0.0005043976245875442,-0.0008989725298914853,1.5299371995585647e-12,1.573442832125362e-13,1,0.5999999207632497,1.5847350054443154e-07,46.621235394155185,6.283184477414273,-0.45718849973859876,-0.39479316405265164
7.94,-0.00034927744348490586,-0.0004536575077013076,1.351447479448096,-1.7901451741416974,-0.000499930436699143,-0.0009035021277046943,1.5329461019811095e-12,1.4431130723898322e-13,1,0.5999999238701671,1.52259665764376e-07,46.74689908403099,6.2831845099498365,-0.4649285304292654,-0.37931310267131835
7.96,-0.0003495445998793186,-0.00045496109399400776,1.3726811935681889,-1.768911460021604,-0.0004935633392203169,-0.0009081949689641023,1.5357273672871239e-12,1.3480756698885676e-13,1,0.5999999268552605,1.4628947897499245e-07,46.87256277454467,6.283184541209661,-0.47236507017557283,-0.3644400231787035
7.98,-0.000349776332323994,-0.00045619317993966167,1.394541593244368,-1.7470510603454255,-0.0004853592295116379,-0.000912851621855647,1.5383600548130115e-12,1.296152150847216e-13,1,0.5999999297233067,1.405533864851094e-07,46.9982264656712,6.283184571243772,-0.4795100190276615,-0.3501501254745262
8.0,-0.0003499841180333638,-0.00045739398185776377,1.4167227586802311,-1.7248698949095616,-0.00047542751984689285,-0.0009172668705668787,1.5409360776873594e-12,1.292590297839786e-13,1,0.5999999324788953,1.3504220941484846e-07,47.12389015738657,6.283184600100228,-0.48637481042803177,0.35645534839740356
8.02,-0.0003501501256127647,-0.0004586011738726427,1.438903726132774,-1.702688927457019,-0.0004649407077011827,-0.0009207882546919907,1.5435119514978618e-12,1.2964998969164856e-13,1,0.5999999351264357,1.297471285965912e-07,47.24955384966767,6.2831846278252055,-0.47938640336412364,0.3424785342695873
8.040000000000001,-0.00035030391176094647,-0.00045984635812578074,1.460764548774821,-1.6808281048149718,-0.0004530770970403162,-0.0009238615712907721,1.5461479063815902e-12,1.3518408139356253e-13,1,0.5999999376701646,1.2465967080821372e-07,47.37521754249233,6.283184654463072,-0.4726720156606232,0.32904975886258647
8.06,-0.0003504466867811875,-0.0004611729835235488,1.4820008213593154,-1.6595918322304772,-0.00044005842167597583,-0.0009263575318152943,1.5489426026441644e-12,1.4535632965406383e-13,1,0.5999999401141524,1.1977169522836562e-07,47.50088123583923,6.283184680056452,-0.46622090286472584,0.3161475332707917
8.08,-0.00035057528079488913,-0.00046261797252780126,1.5023156147254089,-1.6392770388643845,-0.00042613115306767524,-0.0009281815886374033,1.551981361244879e-12,1.5935448971355315e-13,1,0.59999994246231,1.1507537989174921e-07,47.626544929687896,6.283184704646302,-0.4600227418196472,0.3037512111806344
8.1,-0.0003506836651852644,-0.00046420891625117267,1.5214243345122418,-1.6201683190775515,-0.00041155677860626484,-0.0009292805863610706,1.555330748389558e-12,1.761373698055496e-13,1,0.5999999447183951,1.1056320969871081e-07,47.75220862401866,6.28318472827197,-0.45406761414537034,0.2918409558320807
8.120000000000001,-0.00035076492630483177,-0.00046596240767434046,1.5390592199057511,-1.6025334336840418,-0.00039660153770151765,-0.0009296464116734734,1.5590349060155943e-12,1.9452770575894923e-13,1,0.5999999468860179,1.0622796420278746e-07,47.8778723188126,6.283184750971262,-0.44834599036712136,0.28039770827558275
8.14,-0.00035081328533920626,-0.000467883570145398,1.5549732974434451,-1.5866193561463477,-0.0003815266851229872,-0.0009293165387410004,1.5631137838798652e-12,2.1330627163786053e-13,1,0.599999948968647,1.020627060643875e-07,48.00353601405157,6.283184772780503,-0.4428487146661769,0.26940315687369387
8.16,-0.000350825799501111,-0.00046996662597549745,1.5689436484580959,-1.572649005131697,-0.000366580261879083,-0.00092837164581735,1.5675631780290403e-12,2.31296056430074e-13,1,0.5999999509696149,9.806077017060488e-08,48.129199709718115,6.28318479373459,-0.4375669902286008,0.2588397079985416
8.18,-0.00035080348853540257,-0.00047219621052570546,1.5807739241548469,-1.5608187294349465,-0.00035199112878789665,-0.000926930703873421,1.5723562939355143e-12,2.474293420239758e-13,1,0.5999999528921238,9.421575231094437e-08,48.254863405795476,6.283184813867056,-0.43249236516846495,0.24869045787826993
8.2,-0.0003507517655264102,-0.0004745490912593784,1.5902961474109145,-1.551296506178879,-0.0003379656900307307,-0.0009251440771168416,1.577446455662584e-12,2.309919956512143e-13,1,0.59999995473925,9.052149985144808e-08,48.380527102267536,6.283184833210117,-0.42761671900302867,0.9332327204701274
8.22,-0.0003506787893304657,-0.00047685374476719546,1.5972353275149187,-1.5443573260748744,-0.00032568735852186596,-0.0009235535730880487,1.5821734139431772e-12,2.408563987716901e-13,1,0.5999999565139494,8.697210107655451e-08,48.506190799118826,6.283184851794726,-0.4093204298175102,0.8966401420990905
8.24,-0.000350599117340359,-0.0004792209795880588,1.6015523891730674,-1.5400402644167261,-0.00031426917164384025,-0.000922118811755602,1.587062439958797e-12,2.470808129249282e-13,1,0.5999999582190618,8.356187630731426e-08,48.63185449633447,6.283184869650621,-0.39174154839238723,0.8614823792488445
8.26,-0.00035052516557514606,-0.00048161576392761004,1.6031731042471842,-1.538419549342609,-0.00030386517209072324,-0.0009210045884320128,1.5920365942814696e-12,2.4930957020831546e-13,1,0.5999999598573158,8.028536835347211e-08,48.75751819390018,6.283184886806377,-0.3748519447670181,0.8277031719981063
8.28,-0.00035046979208242754,-0.00048400154300286724,1.6020609934131567,-1.5395316601766362,-0.0002946189652753573,-0.0009203680055401781,1.5970141717067358e-12,2.4742318626702923e-13,1,0.5999999614313329,7.713733407577195e-08,48.88318189180224,6.283184903289446,-0.3586245919722947,0.7952484664086594
8.3,-0.0003504446682225821,-0.0004863417752083992,1.598219001925072,-1.5433736516647212,-0.00028666724187628874,-0.0009203489869206977,1.6019134769554608e-12,2.415430961172024e-13,1,0.599999962943632,7.411273594826184e-08,49.00884559002745,6.283184919126206,-0.3430335227817255,0.7640663280275211
8.32,-0.0003504586747037496,-0.0004886015675816147,1.5916914065546413,-1.5499012470351516,-0.000280142155602936,-0.0009210610166296683,1.606657675618811e-12,2.3203416167654433e-13,1,0.599999964396633,7.120673406468825e-08,49.134509288563144,6.283184934341996,-0.3280537881583334,0.7341068587807369
8.34,-0.000350516529276882,-0.0004907495240377019,1.582565829465566,-1.5590268241242269,-0.00027517179828435615,-0.0009225825433099952,1.6111796566002135e-12,2.1950227012868634e-13,1,0.5999999657926609,6.841467814489022e-08,49.26017298739715,6.283184948961168,-0.31366141733087394,0.7053221171258179
8.36,-0.00035061786821619144,-0.000492759844107868,1.5709750337723722,-1.5706176198174209,-0.0002718782649110078,-0.0009249496331892059,1.6154267600198945e-12,2.0478171735005075e-13,1,0.5999999671339499,6.573210020732745e-08,49.38583668651777,6.283184963007113,-0.2998333794354869,0.6776660413350438
8.38,-0.0003507569982593308,-0.0004946145853676302,1.5570980241156285,-1.5844946294741646,-0.00027037314670499035,-0.0009281505829891845,1.6193651016885707e-12,1.8890585119328664e-13,1,0.5999999684226461,6.315470768569753e-08,49.51150038591376,6.283184976502309,-0.28654754666140086,0.6510943757868718
8.4,-0.000350923486157817,-0.0004963058542430814,1.5411599128992066,-1.6004327406905867,-0.00027075069914899526,-0.0009321232551092494,1.6229830978385892e-12,1.786441863825807e-13,1,0.5999999696608119,6.067837610146398e-08,49.637164085574334,6.28318498946835,-0.2737826588417152,0.4290196621006698
8.42,-0.00035111813705199555,-0.0004978627515297302,1.5234636393669576,-1.618129014222836,-0.0002728005757981746,-0.0009365464124597914,1.626393933989449e-12,1.629031113072654e-13,1,0.5999999708504286,5.829914284660731e-08,49.76282778548911,6.283185001925986,-0.26537160805889115,0.41219756053502166
8.44,-0.0003513133177317241,-0.0004992703250581456,1.50428323775147,-1.637309415838323,-0.0002768308488573315,-0.0009414946277939238,1.6295115946258216e-12,1.4962830497056808e-13,1,0.5999999719933996,5.601320074433147e-08,49.88849148564812,6.283185013895151,-0.25729035929457994,0.39603506300639923
8.46,-0.0003514951105877655,-0.0005005572301247002,1.483959768432733,-1.65763288515706,-0.0002828319628648986,-0.0009467840926514748,1.6323970713151326e-12,1.3993918701643e-13,1,0.5999999730915541,5.381689183181493e-08,50.01415518604178,6.283185025394999,-0.24952598082666697,0.3805063060705733
8.48,-0.0003516539197152268,-0.0005017628548360044,1.4628621249580238,-1.6787305286317693,-0.0002907458046265278,-0.0009522050029289238,1.6351315785444013e-12,1.3471197308618373e-13,1,0.5999999741466493,5.1706701365006325e-08,50.13981888666091,6.28318503644393,-0.24206604799311449,0.3655864404034683
8.5,-0.0003517867451593523,-0.0005029340902615779,1.441377508587814,-1.7002151450019793,-0.00030046215215928586,-0.0009575356664209464,1.6378106781765715e-12,1.344850697563924e-13,1,0.5999999751603736,4.9679252711598565e-08,50.265482587496656,6.283185047059627,-0.2348986233098516,0.35125159103694253
8.52,-0.0003518984003978093,-0.0005041210121727345,1.4199007396897738,-1.7216919139000195,-0.00031181891547001674,-0.0009625579853345082,1.6405368131760273e-12,1.3939824197595132e-13,1,0.5999999761343493,4.7731301355824485e-08,50.391146288540526,6.283185057259076,-0.22801223736825293,0.3374788191537452
8.540000000000001,-0.0003520013572768806,-0.0005053720976391839,1.3988231770646717,-1.7427694765251216,-0.00032460645612957174,-0.0009670728640654791,1.6434110556917286e-12,1.4917673645331662e-13,1,0.5999999770701349,4.5859730235520146e-08,50.516809989784356,6.2831850670586,-0.22139587048163792,0.3242460853805152
8.56,-0.0003521142009538171,-0.000506729720051556,1.3785220626452768,-1.7630705909445163,-0.00033857569831683006,-0.0009709140832937231,1.6465250203096937e-12,1.6316322649343103e-13,1,0.5999999779692278,4.406154441305432e-08,50.64247369122031,6.283185076473878,-0.21503893505142108,0.3115322145200815
8.58,-0.00035225898619660765,-0.0005082266006800027,1.3593510399036053,-1.782241613686188,-0.00035344920989962376,-0.0009739593824424725,1.649953858060947e-12,1.8039132097904837e-13,1,0.5999999788330667,4.233386663443639e-08,50.76813739284085,6.283185085519978,-0.2089312586246955,0.29931686166663035
8.6,-0.00035245801218430727,-0.0005098836650563214,1.341632426675463,-1.7999602269143304,-0.0003689340310643213,-0.0009761378627928005,1.6537510407870325e-12,1.7534936220856266e-13,1,0.599999979663034,4.067393200024583e-08,50.89380109463874,6.283185094211376,-0.20306306761613796,-0.5105294652454596
8.620000000000001,-0.00035274265574089997,-0.0005115817704442537,1.3255526905034742,-1.816039963086319,-0.0003834976715488108,-0.0009772830043416876,1.657433270968601e-12,1.931198626835963e-13,1,0.5999999804604578,3.907908441291852e-08,51.01946479660703,6.283185102561979,-0.21307214094690746,-0.4905113185839206
8.64,-0.00035309876310858434,-0.0005134396986900731,1.3115012667154646,-1.8300913868743285,-0.00039815422978069887,-0.0009778104956979009,1.6614774170420003e-12,2.1121126118781285e-13,1,0.5999999812266141,3.754677169176546e-08,51.14512849873904,6.28318511058515,-0.22268875289881196,-0.4712780946801116
8.66,-0.00035353496531304116,-0.000515448103758191,1.2996988082233405,-1.841893845366453,-0.00041264488242228264,-0.0009777923889887968,1.6658769459523203e-12,2.283571469395115e-13,1,0.5999999819627291,3.6074541798214455e-08,51.27079220102834,6.283185118293728,-0.2319282921026278,-0.4527990162724799
8.68,-0.000354052441644513,-0.0005175888446890049,1.2903204923146234,-1.85127216127517,-0.0004267324349147278,-0.000977337711890402,1.6706013277356322e-12,2.4344084986024026e-13,1,0.5999999826699806,3.4660038839007257e-08,51.39645590346878,6.283185125700049,-0.24080554379228794,-0.43504451289315965
8.700000000000001,-0.00035464483116566374,-0.000519837318941548,1.2834963067487122,-1.858096346841081,-0.00044020453880581775,-0.0009765846961581788,1.675599625357406e-12,2.555481777129025e-13,1,0.5999999833495003,3.330099929144126e-08,51.52211960605441,6.283185132815964,-0.24933471346441052,-0.4179861735489145
8.72,-0.00035529900609039945,-0.0005221646315804652,1.279312645332285,-1.8622800082575086,-0.0004528739879976931,-0.0009756916539832485,1.6808048783922203e-12,2.6399527524409935e-13,1,0.5999999840023758,3.199524845065582e-08,51.64778330877955,6.2831851396528595,-0.2575294496101242,-0.40159670125748714
8.74,-0.00035599648332200153,-0.0005245393979104709,1.277814605784388,-1.863778047805405,-0.0004645765791356011,-0.0009748271420609267,1.686138839474417e-12,2.6833789015537375e-13,1,0.5999999846296515,3.0740696876918605e-08,51.77344701163874,6.283185146221676,-0.2654028655555657,-0.38584986936660415
8.76,-0.00035671524181679084,-0.0005269291401371024,1.2790084332205913,-1.862584220369202,-0.0004751673111303276,-0.0009741599135500445,1.6915167670905816e-12,2.6836959448265515e-13,1,0.5999999852323316,2.9535336842911875e-08,51.8991107146267,6.283185152532926,-0.27296756044599935,-0.37072047958573684
8.78,-0.0003574317438740948,-0.0005293013684823616,1.28286369463403,-1.858728958955763,-0.00048451585941338543,-0.0009738490263215975,1.6968521240286686e-12,2.641154898385072e-13,1,0.5999999858113801,2.8377239669197252e-08,52.0247744177384,6.283185158596709,-0.2802356394071376,-0.35618432166346037
8.8,-0.00035812299683096234,-0.0005316245158714204,1.2893149666939405,-1.852277686895853,-0.0004925022926426946,-0.0009740343986153128,1.7020611382254158e-12,2.46700927705097e-13,1,0.5999999863677239,2.7264552171502032e-08,52.150438120968985,6.283185164422726,-0.28721873291592437,-0.5514879745719772
8.82,-0.00035875943896357594,-0.0005338282795261617,1.2982554526868813,-1.843337200902912,-0.0004987413419398372,-0.0009750074529266738,1.7068920648744062e-12,2.3559126494858914e-13,1,0.5999999869022531,2.6195493774139322e-08,52.27610182431379,6.283185170020302,-0.29803080930778264,-0.5298638217882606
8.84,-0.00035933625204211464,-0.0005359297312715359,1.3095781085112699,-1.8320145450785237,-0.0005034058731682085,-0.0009766792199051076,1.7114705853741358e-12,2.2165304616417694e-13,1,0.599999987415823,2.516835384547278e-08,52.40176552776833,6.283185175398395,-0.30841893812038823,-0.5090875641630495
8.86,-0.00035984311419763224,-0.0005379071488931912,1.323114347006207,-1.818478306583586,-0.0005063917419377694,-0.0009790741764126843,1.7157483060460332e-12,2.0574886053657308e-13,1,0.5999999879092557,2.4181488589292144e-08,52.52742923132832,6.28318518056561,-0.31839974257609366,-0.4891259552516386
8.88,-0.0003602758162947282,-0.0005397451841973858,1.3386644561548733,-1.8029281974349196,-0.0005076056061582342,-0.0009821711729917188,1.719695789888412e-12,1.8890181523407847e-13,1,0.5999999883833406,2.323331882436719e-08,52.65309293498961,6.283185185530215,-0.32798919409137983,-0.46994705222106625
8.9,-0.0003606363101860328,-0.0005414366466712939,1.3559997183268035,-1.78559293526299,-0.0005069707245743593,-0.0009859022920722122,1.723305323240717e-12,1.7224657550606575e-13,1,0.5999999888388363,2.232232731991246e-08,52.77875663874823,6.283185190300155,-0.3372026378345301,-0.45152016473476575
8.92,-0.0003609319764423472,-0.0005429840665509216,1.3748652479242789,-1.766727405665514,-0.0005044342261031478,-0.000990154835572511,1.7265925177870025e-12,1.5696192925334827e-13,1,0.5999999892764718,2.1447056353096627e-08,52.90442034260037,6.283185194883063,-0.3460548172811729,-0.43381580584148016
8.94,-0.00036117413982200095,-0.0005444006830080259,1.3949835932556967,-1.7466090603340962,-0.0004999749199535752,-0.0009947766512338999,1.729596391928203e-12,1.4418733419157398e-13,1,0.5999999896969473,2.0606105266551822e-08,53.030084046542356,6.283185199286272,-0.35455989780698854,-0.41680564478984883
8.96,-0.0003613760041016941,-0.0005457105115617566,1.4160590413609442,-1.7255336122288494,-0.0004936105370326509,-0.00099958467875971,1.7323776695317428e-12,1.3493038180423447e-13,1,0.5999999901009359,1.9798128247927593e-08,53.15574775057067,6.28318520351683,-0.3627314893553323,-0.40046246169316135
8.98,-0.00036155031958710285,-0.0005469472501444694,1.4377824839754956,-1.7038101696142975,-0.00048540327481104645,-0.0010043762276609354,1.7350152144022705e-12,1.2997597111113916e-13,1,0.5999999904890837,1.9021832553534068e-08,53.28141145468192,6.2831852075815045,-0.37058266821604735,-0.3847601039717312
9.0,-0.0003617071914087546,-0.0005481519761299569,1.4598366540192265,-1.6817559995705667,-0.000475462677911986,-0.0010089421568724639,1.7376007610782266e-12,1.297023174990287e-13,1,0.5999999908620121,1.827597584380669e-08,53.407075158872864,6.283185211486801,-0.37812599795031837,0.31241330479795637
9.02,-0.00036182258223912435,-0.0005493624582261604,1.4818917560269884,-1.6597008975628045,-0.0004649506212028694,-0.0010126197565220056,1.7401881193762668e-12,1.3035068301797475e-13,1,0.5999999912203177,1.755936462899399e-08,53.532738863140374,6.2831852152389684,-0.37200104750161633,0.3001634039005523
9.040000000000001,-0.0003619292348468649,-0.0005506113895400232,1.5036188554466345,-1.6379737981431584,-0.00045305831562985043,-0.0010158555426932725,1.7428405152312146e-12,1.3612144485896666e-13,1,0.599999991564574,1.6870852048711527e-08,53.658402567481446,6.283185218844012,-0.36611625979517215,0.28839382848766393
9.06,-0.00036202585191553603,-0.0005519426333937703,1.5247024433635792,-1.616890210226214,-0.0004400097027249451,-0.0010185159807892447,1.7456561208908014e-12,1.4650133908900262e-13,1,0.5999999918953317,1.620933653967427e-08,53.784066271893195,6.283185222307699,-0.36046221791516714,0.2770857447276539
9.08,-0.0003621067374233647,-0.0005533932020546822,1.5448361585852575,-1.596756495004536,-0.0004260539745941428,-0.0010205029075383192,1.7487195693998786e-12,1.6066687094683986e-13,1,0.5999999922131203,1.5573759393205933e-08,53.90972997637285,6.283185225635574,-0.35502987418833337,0.2662210572739864
9.1,-0.00036216354723429275,-0.0005549904715960058,1.5637281935056395,-1.5778644600841538,-0.00041145557766937585,-0.0010217603475318028,1.752096499207575e-12,1.7756467300865055e-13,1,0.5999999925184482,1.4963103645015963e-08,54.03539368091775,6.28318522883296,-0.34981053570574616,0.25578238030881195
9.120000000000001,-0.00036218745410865013,-0.0005567505903309347,1.581106163255184,-1.5604864903346094,-0.000396483663709951,-0.001022278208976496,1.7558298888119954e-12,1.96006652381062e-13,1,0.599999992811804,1.4376391854753479e-08,54.16105738552533,6.283185231904975,-0.34479585041231503,0.2457530097219497
9.14,-0.0003621712978917057,-0.0005586781190361012,1.5967212338483423,-1.544871419741451,-0.0003814020969162459,-0.0010220927599337813,1.759938337586578e-12,2.1476618208295353e-13,1,0.5999999930936573,1.3812685439873462e-08,54.28672109019315,6.283185234856535,-0.3399777937417139,0.2361168963807474
9.16,-0.0003621113472937554,-0.0005607667232711835,1.6103513727748695,-1.5312412808149238,-0.0003664610270344957,-0.0010212840833881344,1.7644161897754467e-12,2.3266379973947896e-13,1,0.5999999933644589,1.3271082233146103e-08,54.41238479491882,6.283185237692362,-0.33534865577536294,0.2268586204480455
9.18,-0.00036200842260775313,-0.0005630005995099038,1.6218036823117572,-1.519788971278036,-0.0003518907976616159,-0.0010199709458327613,1.7692352061635686e-12,2.486350342709282e-13,1,0.5999999936246422,1.2750715594478379e-08,54.538048499700096,6.283185240416995,-0.3309010289049139,0.21796336670714744
9.200000000000001,-0.0003618682739274116,-0.0005653562768850775,1.6309158950533278,-1.5106767585364658,-0.0003378986146525642,-0.0010183036559567162,1.7743473885928846e-12,2.322808375094275e-13,1,0.5999999938746235,1.2250752856601821e-08,54.66371220453479,6.283185243034794,-0.32662779597849634,0.8937338649907158
9.22,-0.0003617048732745564,-0.0005676639659007402,1.6374541795858522,-1.5041384740039412,-0.00032564938906179484,-0.0010168087138807615,1.779098403939782e-12,2.41961963919255e-13,1,0.599999994114803,1.1770393992804884e-08,54.789375909420805,6.283185245549947,-0.30910589293107243,0.858690058895868
9.24,-0.00036152938501580404,-0.0005700332789710231,1.6413560891560437,-1.5002365644337496,-0.00031427296267231945,-0.00101545898471916,1.7840074071250057e-12,2.479655967308751e-13,1,0.5999999943455648,1.1308870284665318e-08,54.91503961435613,6.28318524796648,-0.2922710335292566,0.8250203400922363
9.26,-0.0003613555491538945,-0.0005724295189285173,1.6425571885104835,-1.4990354650793094,-0.00030392209749603385,-0.0010144186156872442,1.7889968715995669e-12,2.499528262555154e-13,1,0.5999999945672784,1.0865443211827142e-08,55.04070331933883,6.283185250288259,-0.2760962784063778,0.7926708298464787
9.28,-0.00036119776470777687,-0.0005748166279893148,1.6410312455970837,-1.5005614079927092,-0.0002947385641768077,-0.001013843643305382,1.7939848541639793e-12,2.478218666903269e-13,1,0.5999999947802984,1.0439403119733015e-08,55.166367024367055,6.283185252519,-0.2605557445034409,0.7615897620406049
9.3,-0.00036106939075095253,-0.0005771586611589381,1.6367913488052106,-1.504801304784582,-0.00028685672189470395,-0.0010138725145186903,1.7988897709946498e-12,2.417109248550578e-13,1,0.5999999949849658,1.0030068331445818e-08,55.29203072943901,6.283185254662272,-0.24562456365071045,0.731727400335144
9.32,-0.00036098108024911076,-0.0005794213449166556,1.6298912405658499,-1.5117014130239435,-0.00028040595983221453,-0.0010146169110360611,1.8036352110597903e-12,2.3199881517388813e-13,1,0.5999999951816081,9.636783815381023e-09,55.417694434552985,6.283185256721506,-0.23127884277333366,0.7030359585803905
9.34,-0.00036093934647131394,-0.0005815738410535282,1.620426744275625,-1.5211659093141678,-0.00027551125367767564,-0.001016153313582235,1.8081547238039938e-12,2.1930076838159572e-13,1,0.5999999953705399,9.258920075083665e-09,55.54335813970733,6.283185258699996,-0.21749562565732306,0.6754695243483693
9.36,-0.0003609455751525622,-0.0005835907599146369,1.6085369753385945,-1.5330556782511984,-0.00027229134427625526,-0.001018515876073036,1.8123964390063129e-12,2.0445434331542118e-13,1,0.5999999955520636,8.89587270513914e-09,55.66902184490046,6.283185260600908,-0.2042528562147165,0.6489839854631562
9.38,-0.00036099569097748673,-0.0005854543446326958,1.5944048977472878,-1.5471877558425051,-0.0002708543884169092,-0.0010216912968945854,1.8163272592458186e-12,1.8848923574995906e-13,1,0.5999999957264697,8.54706061481636e-09,55.794685550130865,6.283185262427285,-0.19152934318913106,0.6235369594119853
9.4,-0.00036108064141182877,-0.0005871566026950873,1.578256746905622,-1.5633359066841717,-0.00027129133212821024,-0.0010256164142462385,1.8199362450670202e-12,1.785278301348846e-13,1,0.5999999958940372,8.211925583978541e-09,55.92034925539708,6.283185264182047,-0.17930472624523153,0.38845113293336264
9.42,-0.00036120112252196606,-0.0005887282992703607,1.5603895713591096,-1.581203082230683,-0.00027337229034022194,-0.0010299581836931584,1.823343449895845e-12,1.626572117386459e-13,1,0.5999999960550343,7.88993137490479e-09,56.04601296069769,6.2831852658680045,-0.1716890328531152,0.37321974614913
9.44,-0.0003613314737719319,-0.0005901514264958413,1.5410776151014536,-1.6005150384883393,-0.00027741947596853184,-0.0010348047182444252,1.826454877860841e-12,1.492473166812768e-13,1,0.5999999962097186,7.580562844111682e-09,56.17167666603135,6.2831852674878546,-0.16437195507014773,0.35858559058319506
9.46,-0.0003614576914563145,-0.0005914537011062765,1.5206538585395275,-1.6209387950502654,-0.00028342173602305355,-0.001039974507781215,1.8293312345037674e-12,1.3940077617719225e-13,1,0.5999999963583376,7.2833248321302335e-09,56.29734037139678,6.28318526904419,-0.1573417840108165,0.3445252484645326
9.48,-0.0003615694214632404,-0.0005926734974390234,1.4994768214171201,-1.6421158321726725,-0.00029132048677568364,-0.0010452608088354289,1.832053151042379e-12,1.3398178643177787e-13,1,0.5999999965011292,6.99774149737209e-09,56.423004076792715,6.283185270539501,-0.15058726990157673,0.33101622024605304
9.5,-0.00036166224942297035,-0.0005938567881204591,1.47792184128825,-1.6636708123015431,-0.0003010062359677735,-0.0010504455077904212,1.8347154385787314e-12,1.3352465740220843e-13,1,0.5999999966383219,6.72335609408492e-09,56.54866778221797,6.283185271976179,-0.1440976040788138,0.3180368886005272
9.52,-0.00036173902205763596,-0.0005950529976110411,1.4563713572316601,-1.685221296358133,-0.000312318766915018,-0.0010553142842327505,1.83741980132105e-12,1.381746242354146e-13,1,0.5999999967701352,6.459729640084788e-09,56.67433148767139,6.2831852733565245,-0.1378624016926754,0.3055664838282504
9.540000000000001,-0.00036180987740503626,-0.0005963103529412851,1.435204853572528,-1.7063878000172652,-0.00032505127243721767,-0.0010596716814799685,1.8402667777135833e-12,1.4767162356759406e-13,1,0.59999999689678,6.206440028577731e-09,56.79999519315187,6.283185274682746,-0.13187168508909627,0.29358505062109214
9.56,-0.00036189093868683444,-0.0005976714422268477,1.4147891553370402,-1.7268034982527531,-0.0003389581771356521,-0.0010633546852437674,1.843347819558469e-12,1.613799506555738e-13,1,0.599999997018459,5.963082028159761e-09,56.925658898658355,6.283185275956966,-0.12611586784342296,0.2820734161297455
9.58,-0.0003620019208427816,-0.0005991696430395461,1.3954697130539817,-1.7461229405358116,-0.0003537658722566538,-0.0010662436013387155,1.8467383904761895e-12,1.7835810986000216e-13,1,0.5999999971353669,5.729266172593839e-09,57.05132260418982,6.283185277181222,-0.12058573942008924,0.27101315928307806
9.6,-0.0003621631223148309,-0.0006008268750799225,1.3775633818985984,-1.7640292716911947,-0.0003691851955410691,-0.0010682693718790386,1.850492774364083e-12,1.7339310116754815e-13,1,0.5999999972476907,5.504618538765271e-09,57.17698630974529,6.283185278357475,-0.11527245043379408,-0.5423868787176045
9.620000000000001,-0.00036240575118438113,-0.0006025268040360776,1.3612786535699182,-1.7803140000198745,-0.0003836844243026876,-0.0010692757579066508,1.8541338942478156e-12,1.9098047594843288e-13,1,0.5999999973556103,5.28877941441408e-09,57.30265001532381,6.283185279487607,-0.12590609728926316,-0.5211195850066663
9.64,-0.00036271417711614736,-0.0006043869974496308,1.3469819204472582,-1.7946107331425347,-0.00039828189960911263,-0.0010696705615841338,1.8581339208193247e-12,2.0895741411976158e-13,1,0.5999999974592983,5.081403298135001e-09,57.42831372092449,6.283185280573425,-0.13612279288767315,-0.5006861938098464
9.66,-0.0003630964451983267,-0.0006063991234064387,1.334895918769259,-1.8066967348205338,-0.0004127211405085395,-0.0010695261910595075,1.8624878083134746e-12,2.2606692304668953e-13,1,0.5999999975589206,4.882158677332882e-09,57.55397742654646,6.283185281616668,-0.1459388861216595,-0.48105400734187365
9.68,-0.00036355367214691416,-0.0006085458265045701,1.3252004112727203,-1.8163922423170726,-0.0004267666025353034,-0.0010689517972865526,1.867166622494269e-12,2.4119377158335973e-13,1,0.5999999976546367,4.690726473910445e-09,57.679641132188884,6.283185282619005,-0.15537008483460815,-0.46219160991597635
9.700000000000001,-0.0003640798648516493,-0.0006108029760664603,1.3180319401066902,-1.8235607134831024,-0.0004402069145732764,-0.001068085719603182,1.87212097458084e-12,2.5341787934126e-13,1,0.5999999977465997,4.5068004883574986e-09,57.80530483785096,6.283185283582039,-0.16443148095655621,-0.44406881767208023
9.72,-0.0003646625881092395,-0.0006131418039276717,1.313484837740276,-1.828107815849517,-0.00045285524916041984,-0.0010670865462608942,1.87728527223677e-12,2.6204372196204404e-13,1,0.5999999978349568,4.330086289527912e-09,57.93096854353192,6.283185284507312,-0.17313757465449972,-0.4266566302761932
9.74,-0.000365284279114832,-0.0006155307216472287,1.311612950003213,-1.82997970358658,-0.00046454727994219003,-0.0010661234113755603,1.8825823594973707e-12,2.666115553329954e-13,1,0.5999999979198494,4.160301214639617e-09,58.056632249231015,6.283185285396305,-0.18150229753575445,-0.40992718451368376
9.76,-0.000365923988190266,-0.0006179367650407136,1.312431550253603,-1.8291611033361903,-0.000475137475801233,-0.0010653660202091693,1.887928253293826e-12,2.668976292047243e-13,1,0.5999999980014132,3.9971734810961834e-09,58.18229595494754,6.28318528625044,-0.18953903494149976,-0.39385370970219313
9.78,-0.00036655934645628665,-0.0006203267438092956,1.3159190414435642,-1.825673612146229,-0.0004844946521546653,-0.0010649747697595545,1.8932368239872655e-12,2.6290970066089905e-13,1,0.599999998079779,3.8404419644422205e-09,58.30795966068081,6.283185287071083,-0.19726064736618032,-0.378410484852832
9.8,-0.00036716859256223313,-0.0006226682556214073,1.3220182231454665,-1.8195744304443267,-0.0004924977430398164,-0.001065091258100166,1.8984243718936238e-12,2.452077710380167e-13,1,0.599999998155072,3.6898559763187677e-09,58.43362336643017,6.283185287859548,-0.20467949103704075,-0.5857534325236389
9.82,-0.0003677246190321098,-0.0006248870574533952,1.3306369997151584,-1.8109556538746343,-0.0004987422030051362,-0.0010660231961591735,1.9032281862589976e-12,2.3436976259187365e-13,1,0.5999999982274127,3.5451745983294813e-09,58.559287072194984,6.283185288617098,-0.2161633513408926,-0.5627857119159352
9.84,-0.00036822287277304337,-0.0006270026138413101,1.3416669237015442,-1.7999257298882494,-0.0005034172744601195,-0.001067670037540391,1.9077848699765367e-12,2.2068567143027654e-13,1,0.5999999982969169,3.4061662379514246e-09,58.684950777974656,6.283185289344943,-0.22719692304153405,-0.5407185685146523
9.86,-0.00036865429883095325,-0.0006289925233972464,1.354943336182368,-1.7866493174074254,-0.0005064168558011035,-0.0010700575030815759,1.9120456188624107e-12,2.050131622837821e-13,1,0.5999999983636957,3.2726086285350675e-09,58.810614483768596,6.2831852900442495,-0.23779786220764026,-0.5195166901824398
9.88,-0.0003690158598957694,-0.0006308409501722171,1.370268510572626,-1.771324143017167,-0.0005076455975798392,-0.0010731653758496952,1.915980529371267e-12,1.8837458277523134e-13,1,0.5999999984278561,3.1442877190812624e-09,58.93627818957624,6.283185290716136,-0.2479831326035314,-0.4991461493906576
9.9,-0.00036931050989277603,-0.000632540460435315,1.3874136311193692,-1.7541790224704243,-0.0005070248060099254,-0.0010769261785335874,1.9195814439614093e-12,1.7190740498520913e-13,1,0.5999999984895008,3.0209983403750584e-09,59.06194189539706,6.2831852913616775,-0.25776903283481434,-0.4795743489280917
9.92,-0.00036954637219131103,-0.0006340936111512702,1.4061216035878934,-1.7354710500019,-0.0005044998377351912,-0.0010812270173543186,1.922863614358672e-12,1.56795660353751e-13,1,0.5999999985487283,2.9025433168072823e-09,59.18760560123054,6.283185291981907,-0.2671712224296293,-0.46076996973846174
9.94,-0.000369735161823485,-0.0006355139277909133,1.4261107645911906,-1.7154818889986023,-0.0005000480472253731,-0.0010859148269104315,1.925865817075841e-12,1.441849529160082e-13,1,0.5999999986056335,2.788733022285328e-09,59.313269307076176,6.283185292577816,-0.2762047468972354,-0.4427029208032496
9.96,-0.00036989004044802584,-0.000636825922049211,1.4470794360647297,-1.6945132175250635,-0.0004936861622818112,-0.0010908049151527905,1.9286486533124814e-12,1.350882313164569e-13,1,0.5999999986603074,2.679385158188552e-09,59.4389330129335,6.28318529315036,-0.28488406180403547,-0.42534429098964943
9.98,-0.00037002323704518267,-0.0006380639129302211,1.4687111738350465,-1.6728814797547464,-0.0004854759406169425,-0.0010956923268903348,1.931290951511021e-12,1.3029343035796026e-13,1,0.5999999987128375,2.5743249754128783e-09,59.56459671880204,6.283185293700454,-0.2932230559055663,-0.4086663027865878
10.0,-0.0003701438594221322,-0.0006392696161932451,1.4906804931855522,-1.650912160404241,-0.00047552711990216903,-0.0011003651879784317,1.9338844395774976e-12,1.3007749279840643e-13,1,0.5999999987633079,2.473384164147774e-09,59.69026042468138,6.2831852942289785,-0.3012350733714706,0.2820068123055637
10.02,-0.00037022344118985644,-0.0006404806289221826,1.5126511341200592,-1.628941519469734,-0.00046499510647468037,-0.0011041538769885556,1.9364811276603684e-12,1.3090691994254767e-13,1,0.5999999988117993,2.376401297965458e-09,59.81592413057107,6.2831852947367794,-0.2957062507347873,0.27094916703219707
10.040000000000001,-0.0003702969299339663,-0.0006417306802355243,1.5342875974835204,-1.6073050561062727,-0.00045307939542187927,-0.0011075051849356672,1.939146400394967e-12,1.3684994427506058e-13,1,0.5999999988583894,2.2832211676870884e-09,59.94158783647072,6.283185295224668,-0.2903942163345156,0.26032509823165373
10.06,-0.0003703611873361387,-0.0006430638909329256,1.5552663595578402,-1.5863262940319531,-0.0004400056583820047,-0.0011102826274727413,1.9419781898579457e-12,1.4738608498557948e-13,1,0.5999999989031526,2.19369478138276e-09,60.06725154237993,6.2831852956934275,-0.28529046978232075,0.250117605127264
10.08,-0.0003704086676089166,-0.0006445172743476783,1.5752742875433827,-1.56631836604641,-0.00042602517868303344,-0.0011123855402903268,1.9450607162005078e-12,1.6168217693746095e-13,1,0.5999999989461606,2.1076786982376916e-09,60.192915248298334,6.283185296143806,-0.28038684399486186,0.2403103535523462
10.1,-0.0003704293374976708,-0.0006461179722479034,1.5940144502417053,-1.5475782033480883,-0.0004114046472493534,-0.0011137560093597391,1.948458999629384e-12,1.7867445544660288e-13,1,0.5999999989874822,2.0250354726414344e-09,60.318578954225565,6.283185296576525,-0.27567549212471637,0.23088764981205523
10.120000000000001,-0.000370412980757327,-0.0006478817267270278,1.6112112536186567,-1.5303813999711364,-0.00039641540255680983,-0.0011143825942920875,1.9522151993350203e-12,1.9716557547773523e-13,1,0.5999999990271836,1.945632766009453e-09,60.44424266016128,6.283185296992277,-0.27114887500375,0.2218344155701225
10.14,-0.0003703514408659099,-0.0006498126106558629,1.6266146835489186,-1.5149779700408743,-0.0003813232524652559,-0.0011143007501356846,1.956346934740566e-12,2.159224601752599e-13,1,0.5999999990653283,1.8693433467831255e-09,60.569906366105144,6.283185297391727,-0.26679974907883947,0.21313616372030142
10.16,-0.0003702404226578151,-0.0006519038174464881,1.6400035251969056,-1.5015891283928875,-0.0003663799086714047,-0.00111359016327268,1.9608474786161717e-12,2.337631560674448e-13,1,0.5999999991019773,1.796045312474348e-09,60.69557007205684,6.283185297775514,-0.26262115482064186,0.2047789752039062
10.18,-0.0003700806073109033,-0.0006541391735490374,1.6511875419582238,-1.4904051116315689,-0.0003518168118567226,-0.0011123694612152533,1.96568751469934e-12,2.496251700432017e-13,1,0.5999999991371893,1.7256214235317202e-09,60.82123377801606,6.283185298144253,-0.25860640558686304,0.19674947673634857
10.200000000000001,-0.0003698779878644721,-0.0006564950024174152,1.6600087264928103,-1.4815839270969828,-0.00033784176908211957,-0.0011107888995773312,1.970818051804366e-12,2.3331518830613523e-13,1,0.5999999991710205,1.65795888129594e-09,60.94689748398251,6.283185298498533,-0.25474907692220344,0.8663477526360618
10.22,-0.00036965057788475964,-0.000658802804762764,1.666262085064617,-1.4753305685251759,-0.0003256071556528339,-0.0011093642524140485,1.9755885471267825e-12,2.4286703092797345e-13,1,0.5999999992035253,1.5929493279998042e-09,61.072561189955906,6.283185298838922,-0.23776408628721124,0.8323777713660774
10.24,-0.00036940720253834605,-0.000661171313631861,1.6698690308203423,-1.471723622769451,-0.0003142542444630056,-0.0011080775388515765,1.9805141288698243e-12,2.4871267154660307e-13,1,0.5999999992347556,1.5304888467682076e-09,61.19822489593598,6.2831852991659645,-0.22144508666100965,0.7997397721136742
10.26,-0.0003691625407780376,-0.0006635660928996677,1.6707721588600377,-1.4708204947297556,-0.0003039349435143756,-0.0011070924086762526,1.9855168149792416e-12,2.505253876912206e-13,1,0.5999999992647612,1.4704775175289342e-09,61.32388860192246,6.2831852994801825,-0.20576596416262444,0.7683815271169038
10.28,-0.00036893207942841554,-0.0006659514755271507,1.6689525267239707,-1.472640126865823,-0.00029478978982244415,-0.001106564103058901,1.9905144600051723e-12,2.4821619648340834e-13,1,0.5999999992935904,1.4128191949680513e-09,61.449552307915106,6.2831852997820805,-0.19070162885100034,0.7382528564936556
10.3,-0.0003687303656977522,-0.0006682919882790124,1.6644303741209665,-1.4771622794688266,-0.000286951574172861,-0.0011066299852089292,1.9954255299674918e-12,2.4193537398380693e-13,1,0.5999999993212891,1.357421730574515e-09,61.57521601391367,6.283185300072141,-0.17622797457574246,0.7093055479431398
10.32,-0.0003685692989155492,-0.0006705538520692037,1.6572660565742896,-1.484326597015503,-0.00028054782963876196,-0.00110740042891307,2.000173887716898e-12,2.3207174780288323e-13,1,0.5999999993479017,1.3041965285509605e-09,61.700879719917914,6.283185300350828,-0.16232184040213282,0.6814932795959205
10.34,-0.00036845665560557544,-0.0006727066825114371,1.647561070848645,-1.4940315827411483,-0.00027570144498091317,-0.0011089504977565214,2.004693526977677e-12,2.1924729621892486e-13,1,0.5999999993734708,1.2530583237690962e-09,61.826543425927625,6.283185300618587,-0.14896097354869348,0.6547715458890419
10.36,-0.00036839505431107494,-0.0006747254396237602,1.6354588738058646,-1.5061337797839283,-0.0002725289198171933,-0.0011113129753416709,2.008933116464113e-12,2.0430210323949116e-13,1,0.5999999993980374,1.203925181769705e-09,61.952207131942586,6.283185300875847,-0.13612399377798862,0.6290975863476321
10.38,-0.00036838156282298893,-0.0006765925542698809,1.621145081414914,-1.520447572174879,-0.0002711361196332799,-0.0011144734166943222,2.012860101466979e-12,1.8826366726279226e-13,1,0.5999999994216407,1.1567184987626433e-09,62.07787083796259,6.28318530112302,-0.12379035918368336,0.6044303171590216
10.4,-0.00036840810795971173,-0.0006783000158966285,1.604846607781858,-1.5367460458079352,-0.00027161178357300623,-0.0011183679235073215,2.016463994423336e-12,1.785050838775174e-13,1,0.5999999994443185,1.1113630016268417e-09,62.203534543987445,6.2831853013605015,-0.11194033331911113,0.3600817905860678
10.42,-0.00036847512105035295,-0.000679879763104617,1.5868559087418703,-1.554736744847923,-0.0002737123798691212,-0.0011226553645887756,2.019869722050333e-12,1.625333392967763e-13,1,0.599999999466107,1.0677858597318846e-09,62.32919825001695,6.283185301588671,-0.10488082883915342,0.3459627816261524
10.44,-0.00036855855223970747,-0.0006813117303950448,1.5674478899050717,-1.5741447636847212,-0.0002777701672987095,-0.0011274331103985893,2.0229776644584573e-12,1.4902078365497046e-13,1,0.5999999994870413,1.0259173510718256e-09,62.454861956050934,6.283185301807894,-0.09809813148916152,0.3323973869261686
10.46,-0.0003686443589674746,-0.0006826230001671901,1.5469499225438095,-1.5946427310459832,-0.00028377289784715443,-0.0011325212463250706,2.025848381602258e-12,1.3905903489784437e-13,1,0.5999999995071547,9.856906402205823e-10,62.580525662089215,6.283185302018521,-0.09158138750632286,0.3193638989604913
10.48,-0.0003687216764665773,-0.0006838512450446843,1.525713366112974,-1.6158792874768189,-0.000291661641627415,-0.001137715160877974,2.02856216418011e-12,1.335044070815963e-13,1,0.5999999995264794,9.470411121981215e-10,62.706189368131625,6.283185302220889,-0.08532016870995204,0.30684146136774965
10.5,-0.00036878511636112847,-0.0006850417864756738,1.5041053878994557,-1.6374872656903374,-0.0003013273619418104,-0.0011427992423630425,2.031213372853463e-12,1.3288851126680702e-13,1,0.5999999995450465,9.09907038604274e-10,62.831853074178,6.283185302415322,-0.07930445581417694,0.29481003557619945
10.52,-0.0003688361573585315,-0.0006862435680937446,1.482499896651204,-1.6590927569385894,-0.00031261106775099635,-0.0011475618234901798,2.0339032687992565e-12,1.3736013602304517e-13,1,0.5999999995628854,8.742291335295249e-10,62.95751678022819,6.283185302602131,-0.07352462239494378,0.2832503687377331
10.540000000000001,-0.0003688833017070271,-0.0006875046017395025,1.4612681706002226,-1.6803244829895707,-0.0003253078306553867,-0.001151810018764357,2.036732081071758e-12,1.4666880847740452e-13,1,0.5999999995800249,8.399501094658035e-10,63.08318048628204,6.283185302781615,-0.06797141948568489,0.27214396291921533
10.56,-0.00036894093378018246,-0.0006888675741018137,1.4407697913725428,-1.70082286221725,-0.0003391744200905363,-0.0011553830960972153,2.0397911946026465e-12,1.6019298290152423e-13,1,0.5999999995964924,8.070151213956933e-10,63.208844192339406,6.283185302954063,-0.06263596077699898,0.2614730455018435
10.58,-0.0003690271013068539,-0.0006903662645241529,1.4213444500962553,-1.7202482034935382,-0.0003539398094810842,-0.001158163207343242,2.0431563179689877e-12,1.77007525027005e-13,1,0.5999999996123142,7.753715447478271e-10,63.334507898400155,6.2831853031197475,-0.05750970839666028,0.2512205407411661
10.6,-0.0003691606613240956,-0.000692023231624605,1.4033050806538099,-1.7382875729359828,-0.0003693174212294215,-0.0011600826370163054,2.0468823089542034e-12,1.7209487548740332e-13,1,0.5999999996275156,7.44968753352282e-10,63.46017160446415,6.283185303278936,-0.0525844592472014,-0.5647960660699421
10.620000000000001,-0.0003693726070232522,-0.0006937240330616622,1.386875485010255,-1.7547171685795382,-0.00038377560715243005,-0.0011609925727162841,2.050496170787513e-12,1.8956339184310215e-13,1,0.5999999996421209,7.157581194405793e-10,63.585835310531266,6.283185303431882,-0.06365744450478339,-0.5426500955547782
10.64,-0.0003696463286117626,-0.000695585376888506,1.3724058480947052,-1.7691868054950879,-0.00039833602723149446,-0.0011612951268126,2.0544670073919304e-12,2.0746823358455578e-13,1,0.5999999996561536,6.8769279160108e-10,63.71149901660138,6.283185303578832,-0.07429625180015753,-0.5213724809640299
10.66,-0.0003699894165745981,-0.0006975996068389926,1.3601201838339765,-1.7814724697558164,-0.00041274380761589037,-0.0011610629866127464,2.058790784919586e-12,2.2455876220584737e-13,1,0.599999999669636,6.607279168235891e-10,63.83716272267438,6.283185303720019,-0.0845179054947297,-0.5009291735748855
10.68,-0.00037040290840648077,-0.0006997498976660283,1.3502012949112898,-1.7913913586785029,-0.000426764536725519,-0.001160405407185622,2.0634396548391816e-12,2.3972075384681686e-13,1,0.5999999996825898,6.348204184547512e-10,63.96282642875014,6.283185303855671,-0.09433876241514697,-0.481287459734051
10.700000000000001,-0.0003708810468178302,-0.0007020124410831484,1.3427901767614852,-1.7988024768283077,-0.00044018750716859226,-0.0011594608094396828,2.0683652823789564e-12,2.520301306884885e-13,1,0.5999999996950356,6.099287741534454e-10,64.08849013482856,6.283185303986003,-0.10377453802770986,-0.4624159085089252
10.72,-0.0003714118757176888,-0.0007043585577583873,1.3379866366788384,-1.8036060169109547,-0.00045282613007116654,-0.0011583879725310343,2.0735030059833642e-12,2.6078334057047114e-13,1,0.5999999997069935,5.86013015890785e-10,64.21415384090955,6.2831853041112256,-0.11284033158647136,-0.4442843213914022
10.74,-0.0003719784866408289,-0.0007067565209770407,1.3358506238528969,-1.805742029736896,-0.0004645159546093739,-0.0011573564283045383,2.0787764091372035e-12,2.6550987543143055e-13,1,0.5999999997184824,5.63035174039328e-10,64.33981754699298,6.283185304231537,-0.12155065029526455,-0.42686368397381586
10.76,-0.0003725607040048705,-0.0007091730318198912,1.3364037745764576,-1.8051888790133352,-0.0004751110248546027,-0.00115653654285068,2.0841020158381305e-12,2.659738441353634e-13,1,0.5999999997295209,5.409581671500518e-10,64.46548125307876,6.283185304347132,-0.12991943252232394,-0.4101261195196971
10.78,-0.00037313701248422855,-0.0007115744151214333,1.339630778414177,-1.801961875175616,-0.00048447948373973773,-0.0011560896501933062,2.0893939566311444e-12,2.6217075632602843e-13,1,0.5999999997401265,5.197469121753784e-10,64.59114495916683,6.283185304458194,-0.13796007010464825,-0.39404484435504844
10.8,-0.00037368655618929533,-0.0007139276887080415,1.3454803398680713,-1.7961123137217214,-0.000492499384575198,-0.0011561585324006383,2.094568554595049e-12,2.442579245478019e-13,1,0.5999999997503163,4.993674362907541e-10,64.71680866525706,6.283185304564902,-0.14568542977779675,-0.609893088151706
10.82,-0.00037418416931566214,-0.0007161558284851861,1.353871566196261,-1.7877210873935319,-0.000498752247754038,-0.0011570626238631531,2.0993552444471993e-12,2.336044392175019e-13,1,0.5999999997601065,4.7978687689465e-10,64.84247237134939,6.283185304667424,-0.15764255479957173,-0.585978838108156
10.84,-0.00037462536304756045,-0.0007182800127093481,1.3646944616916725,-1.7768981918981206,-0.0005034389672550449,-0.0011586929960012804,2.1038983711790676e-12,2.200913553062708e-13,1,0.5999999997695129,4.6097414774237677e-10,64.96813607744373,6.283185304765928,-0.16913083424311715,-0.5630022792210652
10.86,-0.00037500201733638074,-0.0007202773768106125,1.3777872840230367,-1.7638053695667564,-0.0005064519620769914,-0.0011610762684709393,2.1081488193480907e-12,2.0457304036042652e-13,1,0.5999999997785505,4.4289905076766445e-10,65.09379978354,6.283185304860568,-0.18016865180650632,-0.5409266440942868
10.88,-0.0003753119600981735,-0.0007221317593620659,1.3929538287362992,-1.7486388248534936,-0.0005076943723225842,-0.0011641929051577813,2.112076339888835e-12,1.880716669012087e-13,1,0.5999999997872336,4.255327201718728e-10,65.21946348963813,6.283185304951498,-0.19077367035270065,-0.5197166070018981
10.9,-0.0003755588856506073,-0.0007238355772343533,1.4099652899931179,-1.731627363596675,-0.0005070860439594792,-0.0011679757603339377,2.1156724549912157e-12,1.717272520637692e-13,1,0.5999999997955763,4.0884740037938627e-10,65.34512719573804,6.283185305038863,-0.2009628601738987,-0.49933822735950206
10.92,-0.00037575146719127825,-0.0007253914322606947,1.4285630384843289,-1.713029615105464,-0.0005045710194184943,-0.0011723118179080248,2.1189521684995313e-12,1.5672826498504394e-13,1,0.5999999998035919,3.9281622399300886e-10,65.47079090183966,6.283185305122802,-0.2107525261476241,-0.47975889541205124
10.94,-0.0003759017106871838,-0.0007268130809111404,1.4484623999183026,-1.693130253671491,-0.0005001255883473432,-0.0011770473767730462,2.12195410826461e-12,1.442254715672286e-13,1,0.5999999998112931,3.774136558831742e-10,65.59645460794293,6.28318530520345,-0.22015833382800834,-0.46094728005128277
10.96,-0.00037602275135764537,-0.0007281254147501128,1.4693573876251196,-1.672235265964673,-0.0004937657622978214,-0.001181996594821674,2.1247388273742416e-12,1.352363817697074e-13,1,0.5999999998186925,3.6261504909873565e-10,65.72211831404778,6.283185305280935,-0.22919533451401933,-0.4428732786792608
10.98,-0.00037612644017958626,-0.0007293632179922419,1.4909262318861234,-1.6506664217036695,-0.00048555301177044953,-0.001186952914686575,2.1273851818323474e-12,1.305516618098201e-13,1,0.5999999998258017,3.483966448669662e-10,65.84778202015414,6.283185305355382,-0.23787798933475096,-0.42550796903779753
11.0,-0.0003762211580481991,-0.0007305686765804846,1.512837468802591,-1.6287551847872024,-0.0004755972634160786,-0.0011917025272779485,2.129984956231228e-12,1.3037679039441117e-13,1,0.5999999998326321,3.347357946381635e-10,65.97344572626197,6.28318530542691,-0.24622019239031492,0.26060495281140655
11.02,-0.000376275270220571,-0.0007317791422480984,1.5347500995193737,-1.6068425540704192,-0.0004650498126317526,-0.0011955710444523557,2.132588928061832e-12,1.313356891197218e-13,1,0.5999999998391947,3.2161051599643997e-10,66.09910943237121,6.283185305495634,-0.24111095921060613,0.25038648645198897
11.040000000000001,-0.0003763252582316022,-0.0007330292174848616,1.5563238210803672,-1.585268832509426,-0.0004531156719914018,-0.0011990053279531383,2.1352640522017054e-12,1.3740487359004228e-13,1,0.5999999998455,3.0899993674893267e-10,66.22477313848178,6.283185305561663,-0.23620206192937526,0.24056869188952723
11.06,-0.00037636663667266874,-0.0007343631857820304,1.5772292958066785,-1.5643633577831144,-0.00044002183819276907,-0.0012018668116614254,2.138108142160477e-12,1.4805799633605301e-13,1,0.599999999851558,2.968838508365934e-10,66.35043684459364,6.283185305625102,-0.2314856452636851,0.2311358585581469
11.08,-0.00037639051004638587,-0.0007358180264494001,1.5971485003275572,-1.5444441532622362,-0.00042602117625004885,-0.001204053072862025,2.1412051597502286e-12,1.6245409314933146e-13,1,0.5999999998573785,2.852429403787937e-10,66.47610055070676,6.283185305686054,-0.22695416194064796,0.22207289191207263
11.1,-0.0003763856171904813,-0.0007374206695664956,1.6157808345365845,-1.5258118190532084,-0.00041138205955872006,-0.0012055048418684073,2.1446197016608394e-12,1.7952105212518085e-13,1,0.5999999998629708,2.7405833158411497e-10,66.60176425682107,6.283185305744616,-0.22260036062017902,0.21336528927113474
11.120000000000001,-0.00037634073697275465,-0.000739186518697367,1.632848448923077,-1.5087442046667157,-0.0003963774541779179,-0.0012062097422391158,2.1483933423189994e-12,1.9805410713374868e-13,1,0.5999999998683438,2.6331226088416315e-10,66.72742796293653,6.283185305800882,-0.21841727429130503,0.20499911661338677
11.14,-0.00037624699665658734,-0.000741119251560208,1.6481005633502621,-1.4934920902395312,-0.00038127460641757254,-0.001206202670449034,2.1525429872422106e-12,2.1681496339333555e-13,1,0.5999999998735062,2.5298763084435905e-10,66.85309166905309,6.283185305854942,-0.21439820912346041,0.19696098627769754
11.16,-0.00037609969988758573,-0.0007432116842978755,1.661316652676743,-1.48027600091305,-0.00036632637927028466,-0.0012055630438110104,2.1570611200650832e-12,2.346195154829049e-13,1,0.5999999998784661,2.4306778811933327e-10,66.9787553751707,6.283185305906882,-0.21053673375493037,0.18923803554063745
11.18,-0.0003758994331337564,-0.0007454473489730059,1.6723085007389462,-1.4692841528508467,-0.000351765021425756,-0.00120440939504216,2.1619176262790753e-12,2.5040653361540804e-13,1,0.5999999998832315,2.3353696754213615e-10,67.10441908128935,6.283185305956786,-0.20682666900129987,0.18181790603337644
11.200000000000001,-0.0003756523676366815,-0.000747802403495734,1.6809212613547235,-1.4606713922350698,-0.0003377987870520991,-0.0012028919361980665,2.167062775356227e-12,2.341209591660091e-13,1,0.59999999988781,2.2437984803502786e-10,67.23008278740897,6.283185306004732,-0.20326207796744045,0.8470238941741879
11.22,-0.00037537936231044186,-0.0007501093000755315,1.6869704007074482,-1.454622252882345,-0.0003255713798286865,-0.00120151883245452,2.1718485299225444e-12,2.4358074587184604e-13,1,0.5999999998922091,2.1558177465408335e-10,67.35574649352954,6.2831853060507985,-0.18665593699646388,0.8138116122322347
11.24,-0.0003750876056698164,-0.0007524761262031402,1.690366001902613,-1.45122665168718,-0.0003142320127370534,-0.0012002785333877898,2.176787292276554e-12,2.493126685373746e-13,1,0.5999999998964356,2.0712875858919233e-10,67.481410199651,6.283185306095058,-0.17070093212647486,0.7819016024922567
11.26,-0.0003747924472427298,-0.000754868643809189,1.6910557318134642,-1.4505369217763286,-0.00030393201262560426,-0.001199334315244373,2.181800733558639e-12,2.509988731755704e-13,1,0.5999999999004965,1.9900703307484946e-10,67.60707390577332,6.283185306137582,-0.15537153194576553,0.751242802130838
11.28,-0.00037451014737546447,-0.0007572514835741227,1.6890258711907253,-1.4525667823990673,-0.00029481107107887675,-0.001198840831865578,2.186806545432647e-12,2.4855965511556077e-13,1,0.599999999904398,1.91203941568574e-10,67.73273761189648,6.28318530617844,-0.14064320614360032,0.7217861505265076
11.3,-0.00037425609587916935,-0.0007595895327716584,1.684301750099944,-1.4572909034898487,-0.0002870009031019961,-0.0011989346546016318,2.1917232133542507e-12,2.4215400390464824e-13,1,0.5999999999081466,1.8370682752788525e-10,67.85840131802044,6.283185306217695,-0.1264923862564853,0.6934845107522776
11.32,-0.0003740430748527946,-0.0007618493920837333,1.676948399700712,-1.4646442538890811,-0.0002806277698943563,-0.0011997252085730425,2.1964747811510287e-12,2.3217796400772605e-13,1,0.5999999999117482,1.765034784995123e-10,67.98406502414518,6.283185306255412,-0.1128964279535985,0.666292594146504
11.34,-0.0003738797554358658,-0.0007640010293737657,1.667071298746334,-1.4745213548434588,-0.00027581313215169505,-0.0012012865349053043,2.2009955464702736e-12,2.1925840228990986e-13,1,0.5999999999152087,1.69582570208604e-10,68.10972873027066,6.283185306291649,-0.09983357480102956,0.6401668878413661
11.36,-0.0003737696298751804,-0.0007660196827303347,1.6548169238062655,-1.4867757297835276,-0.0002726719575927326,-0.0012036504321165774,2.2052345513120168e-12,2.0423732475382965e-13,1,0.5999999999185334,1.6293322246951902e-10,68.23539243639685,6.283185306326466,-0.08728292344684369,0.6150655851329944
11.38,-0.00037371057725190093,-0.0007678879446334149,1.6403727070586238,-1.5012199465311689,-0.00027130854644910206,-0.0012068016347735343,2.2091596201656944e-12,1.8814087388889342e-13,1,0.5999999999217277,1.5654455509661602e-10,68.36105614252372,6.2831853063599175,-0.07522439017125909,0.5909485185818252
11.4,-0.0003736952209908305,-0.0007695978176174786,1.6239659877497024,-1.5176266658400905,-0.0002718101298130961,-0.0012106757150935463,2.2127605852851487e-12,1.7852212048237555e-13,1,0.5999999999247968,1.5040635403806846e-10,68.48671984865125,6.283185306392058,-0.0636386787484105,0.3399560013160451
11.42,-0.0003737237084358991,-0.0007711820706672342,1.60588573600057,-1.5357069175892235,-0.000273923499287516,-0.0012149259066639695,2.216165867169287e-12,1.6247276011315554e-13,1,0.5999999999277456,1.4450884933125963e-10,68.6123835547794,6.283185306422938,-0.05697374601084265,0.3266261358409094
11.44,-0.0003737732416198005,-0.0007726192286026856,1.5864075801155908,-1.5551850734742025,-0.0002779881269776893,-0.001219656028882731,2.219271832695174e-12,1.4888272288628144e-13,1,0.5999999999305787,1.3884249305817775e-10,68.73804726090816,6.283185306452606,-0.0505701490239269,0.31381894186707787
11.46,-0.00037382975944613185,-0.000773935938042235,1.5658549391195935,-1.5757377144701996,-0.000283990999284874,-0.0012246872939260813,2.2221389672987884e-12,1.3883622860023332e-13,1,0.5999999999333008,1.3339840343462583e-10,68.8637109670375,6.283185306481111,-0.0444176406663106,0.3015139251518453
11.48,-0.0003738820448089562,-0.0007751693810170299,1.544574149006972,-1.5970185045828211,-0.0002918729310060531,-0.0012298165986077095,2.2248473562900056e-12,1.3318430331565506e-13,1,0.5999999999359161,1.2816769867640687e-10,68.9893746731674,6.283185306508499,-0.03850637561201645,0.28969139504325697
11.5,-0.0003739240279253261,-0.0007763644160473925,1.5229266551673424,-1.6186659984224505,-0.00030152517880627303,-0.0012348301051182567,2.2274910812694224e-12,1.3245675331427592e-13,1,0.5999999999384289,1.2314216313313864e-10,69.11503837929784,6.283185306534812,-0.03282689457582044,0.27833243297086496
11.52,-0.00037395622445094556,-0.000777569635792326,1.5012803913906523,-1.6403122621991404,-0.00031278957533819164,-0.001239518032784035,2.2301711294669286e-12,1.3680475934612626e-13,1,0.5999999999408432,1.183135811544389e-10,69.2407020854288,6.283185306560094,-0.027370109176377416,0.2674188621719789
11.540000000000001,-0.0003739859794842613,-0.0007788328809151226,1.4800008765586352,-1.6615917770311581,-0.0003254624698012621,-0.0012436893316072224,2.2329875458513766e-12,1.4598429664886214e-13,1,0.5999999999431628,1.1367440322374023e-10,69.36636579156024,6.283185306584385,-0.02212728739287198,0.25693321860496804
11.56,-0.0003740264412961333,-0.0007801968823881985,1.4594425873702046,-1.682150066219588,-0.0003393022380105231,-0.0012471849070200534,2.2360316943799668e-12,1.593833482456041e-13,1,0.5999999999453914,1.0921707982447515e-10,69.49202949769216,6.283185306607723,-0.017090039591922207,0.2468587230030685
11.58,-0.0003740944657034002,-0.0007816956745244196,1.4399411258869312,-1.7016515277028619,-0.0003540396332719733,-0.0012498882442953485,2.239379472683695e-12,1.7608781103454363e-13,1,0.5999999999475326,1.04934727573891e-10,69.61769320382454,6.283185306630146,-0.012250305102376402,0.23717925402397688
11.6,-0.0003742078719568734,-0.0007833522381410249,1.4218066028894538,-1.719786050700339,-0.0003693898696628991,-0.0012517326062691653,2.2430861496238122e-12,1.712113220052192e-13,1,0.5999999999495899,1.0082024104463017e-10,69.74335690995737,6.283185306651689,-0.007600339316519544,-0.580758216988731
11.620000000000001,-0.0003743974576250027,-0.0007850534241595898,1.4052736127199201,-1.7363190408698728,-0.0003838210937717672,-0.0012525745582225927,2.2466814740842258e-12,1.8860051832133588e-13,1,0.5999999999515665,9.686695889854491e-11,69.86902061609061,6.283185306672388,-0.018986267019032,-0.5579863615837061
11.64,-0.00037464594615315756,-0.0007869153340625445,1.3906808283056433,-1.7509118252841498,-0.0003983575162040963,-0.0012528120958357298,2.2506324966535167e-12,2.0645853951343814e-13,1,0.5999999999534656,9.306866388669732e-11,69.99468432222426,6.283185306692276,-0.02992574611055787,-0.5361074034006543
11.66,-0.0003749605859462723,-0.0007889307700319348,1.3782530802408346,-1.7633395733489587,-0.0004127453826861321,-0.0012525181186452045,2.254935885840882e-12,2.2353909140065447e-13,1,0.5999999999552903,8.941936080475443e-11,70.1203480283583,6.283185306711384,-0.04043628209152356,-0.515086331438723
11.68,-0.00037534234191823415,-0.0007910832697076776,1.368175239721463,-1.77341741386833,-0.00042675107085179276,-0.0012518019637413414,2.2595645460181807e-12,2.3872863572819655e-13,1,0.5999999999570433,8.591327649298819e-11,70.24601173449271,6.2831853067297425,-0.05053469406186589,-0.4948895074980383
11.700000000000001,-0.00037578561346449655,-0.0007933492470487235,1.360591387653974,-1.781001265935819,-0.0004401643315170207,-0.0012508021121137533,2.264470873189038e-12,2.5110030890351e-13,1,0.5999999999587277,8.254463779167054e-11,70.37167544062748,6.283185306747382,-0.06023714163518021,-0.47548461235140965
11.72,-0.0003762787809419538,-0.0007957000843738173,1.3556051654309997,-1.7859874881587938,-0.00045279873025310676,-0.001249677475904782,2.2695908505163795e-12,2.5994493729827287e-13,1,0.5999999999603459,7.930811563028328e-11,70.4973391467626,6.283185306764328,-0.06955915079754971,-0.45684059402667065
11.74,-0.00037680540404255573,-0.000798103958800159,1.3532808319376644,-1.7883118216521288,-0.00046448970782747773,-0.0012485978641225976,2.274848571837597e-12,2.647844317049117e-13,1,0.5999999999619008,7.619838093830822e-11,70.62300285289805,6.283185306780611,-0.0785156387524355,-0.43892761811689907
11.76,-0.00037734586702258216,-0.0008005273376574743,1.3536445489063353,-1.7879481046834576,-0.0004750909795284235,-0.0012477341065625209,2.280160907365245e-12,2.6537430188781025e-13,1,0.5999999999633947,7.3210548734437e-11,70.74866655903382,6.283185306796255,-0.08712093779138477,-0.4217170200390005
11.78,-0.00037787927625579295,-0.0008029362063285054,1.3566855071900226,-1.784907146399771,-0.0004844701756013506,-0.0012472481990789216,2.2854421585407057e-12,2.6170133927872453e-13,1,0.59999999996483,7.033995608196619e-11,70.8743302651699,6.283185306811285,-0.09538881822875486,-0.40518125916426034
11.8,-0.0003783854383987697,-0.0008052971761817461,1.3623566671863263,-1.7792359864034673,-0.0004925046808364067,-0.0012472837646977457,2.290608649975047e-12,2.4363377041299447e-13,1,0.599999999966209,6.758194004419238e-11,70.99999397130627,6.283185306825727,-0.10333251043715413,-0.6270936175599745
11.82,-0.00037884067672212715,-0.0008075312475551909,1.3705855429909888,-1.771007110598804,-0.0004987659090918373,-0.0012481687021021627,2.2953841556155545e-12,2.33108084147148e-13,1,0.599999999967534,6.493205972901706e-11,71.12565767744292,6.283185306839602,-0.1156268566614167,-0.6025049251114494
11.84,-0.0003792404838651434,-0.0008096608315168023,1.3812607486176334,-1.7603319049721602,-0.0005034631124575072,-0.0012497880034148196,2.299918560586197e-12,2.1971258952475395e-13,1,0.5999999999688069,6.238609628894665e-11,71.25132138357985,6.283185306852933,-0.12743913467497042,-0.5788803690843419
11.86,-0.0003795774251544517,-0.0008116627439608059,1.3942226927234105,-1.7473699608663829,-0.000506487604512962,-0.0012521689375912942,2.304162516827262e-12,2.042993995554136e-13,1,0.5999999999700301,5.993983087648758e-11,71.37698508971704,6.283185306865741,-0.13878824664272404,-0.5561821451488347
11.88,-0.00037984996291984626,-0.0008135206031765518,1.4092763172453275,-1.732316336344466,-0.0005077413996730975,-0.001255292463488216,2.3080855209987856e-12,1.8789074835029848e-13,1,0.5999999999712052,5.758948873335612e-11,71.50264879585448,6.283185306878048,-0.14969235356509897,-0.5343739313040848
11.9,-0.0003800623344277438,-0.0008152267326537567,1.4261928644213862,-1.7153997891684067,-0.0005071432596463915,-0.0012590916806673276,2.3116788637708e-12,1.7162875635788142e-13,1,0.5999999999723343,5.533129510126855e-11,71.62831250199217,6.283185306889871,-0.16016890433950454,-0.5134208297552737
11.92,-0.0003802236162971224,-0.0008167837807347647,1.444712623850889,-1.696880029738904,-0.0005046362562603145,-0.0012634534924035362,2.3149573758090567e-12,1.567054339319555e-13,1,0.5999999999734191,5.316169726654607e-11,71.75397620813008,6.283185306901231,-0.17023466368229648,-0.4932893110696898
11.94,-0.0003803460285091707,-0.0008182056840212053,1.4645487564258903,-1.6770438971639026,-0.0005001958994133536,-0.0012682237476251532,2.3179595906689686e-12,1.4427565000015785e-13,1,0.5999999999744614,5.107714251550988e-11,71.87963991426822,6.283185306912146,-0.1799057389558998,-0.47394716052248315
11.96,-0.00038044268824298673,-0.0008195176201539862,1.485392154614107,-1.6562004989756858,-0.0004938376849679605,-0.0012732157842080592,2.3207460472610304e-12,1.3536056791016022e-13,1,0.5999999999754628,4.9074300179086094e-11,72.00530362040658,6.283185306922633,-0.18919760594402504,-0.4553634265462327
11.98,-0.0003805251715363513,-0.0008207547183181273,1.5069171773635024,-1.634675476226291,-0.000485622890086148,-0.0012782219000446664,2.3233956485980136e-12,1.3075310442360164e-13,1,0.599999999976425,4.715006163280577e-11,72.13096732654513,6.283185306932708,-0.1981251336162239,-0.437508371201835
12.0,-0.0003806013296329865,-0.0008219595088558184,1.528788007416216,-1.6128046461735774,-0.000475661603074727,-0.0012830269033621796,2.326000251598664e-12,1.3060772572687382e-13,1,0.5999999999773493,4.530131825219996e-11,72.25663103268388,6.283185306942388,-0.20670260792141265,0.24537193832810178
12.02,-0.0003806372566411266,-0.000823169104240098,1.5506601774281563,-1.5909324761616368,-0.0004651024195908882,-0.0012869530685138148,2.3286097733541056e-12,1.316599392610817e-13,1,0.5999999999782375,4.352496141279971e-11,72.38229473882282,6.2831853069516885,-0.20189202226234942,0.23575076700997533
12.040000000000001,-0.0003806705082273079,-0.0008244188012979065,1.5721898732531563,-1.5694027803366364,-0.00045315412076447366,-0.0012904472418250289,2.3312923139819894e-12,1.3782157445920628e-13,1,0.5999999999790908,4.181832657934592e-11,72.50795844496194,6.2831853069606245,-0.19727006236498384,0.22650684721524417
12.06,-0.0003806956163544803,-0.0008257529882027519,1.593043534929276,-1.5485491186605174,-0.00044004470157364673,-0.0012933693742086837,2.3341456287060414e-12,1.4856169700350945e-13,1,0.5999999999799107,4.0178527171974565e-11,72.63362215110124,6.2831853069692105,-0.19282933210740946,0.2176253867000954
12.08,-0.0003807027034328584,-0.000827208600854203,1.6128995996410018,-1.5286930539487908,-0.0004260282087775394,-0.001295615794182399,2.337253512107676e-12,1.6303327798630229e-13,1,0.5999999999806984,3.860312070003147e-11,72.7592858572407,6.283185306977459,-0.1885627253738078,0.2090921732328921
12.1,-0.0003806796176828346,-0.0008288123937286183,1.631454829482879,-1.5101378241069146,-0.0004113742651376405,-0.0012971262734653179,2.3406802654419747e-12,1.8015773623954193e-13,1,0.5999999999814553,3.708944262825753e-11,72.88494956338033,6.283185306985385,-0.18446341468314714,0.20089355185157076
12.120000000000001,-0.0003806144121080386,-0.000830579501997948,1.648429776888461,-1.4931628767013319,-0.0003963570393471401,-0.0012978877776891433,2.3444670428543836e-12,1.9872456145501287e-13,1,0.5999999999821825,3.5635050465998575e-11,73.01061326952012,6.2831853069929995,-0.18052484026375618,0.19301640301278883
12.14,-0.00038049769952949915,-0.00083251329557741,1.6635731544449472,-1.478019499144846,-0.0003812448363141399,-0.001297934814007895,2.3486302295330834e-12,2.1749140386642633e-13,1,0.5999999999828811,3.423772376720535e-11,73.13627697566005,6.283185307000315,-0.17674069955628985,0.18544812159785617
12.16,-0.0003803244981858771,-0.0008346062993239438,1.676664989742471,-1.4649276638473223,-0.00036629136387955125,-0.0012973466142675249,2.3531617298356137e-12,2.3527242871413784e-13,1,0.5999999999835524,3.289524208582861e-11,73.26194068180013,6.2831853070073445,-0.17310493712828978,0.17817659674185604
12.18,-0.0003800953303211439,-0.0008368418187546061,1.687518581503823,-1.4540740720859704,-0.00035172946338174325,-0.0012962416458419182,2.358030840944252e-12,2.510072431515925e-13,1,0.5999999999841973,3.1605384975819106e-11,73.38760438794034,6.283185307014098,-0.1696117349842005,0.1711901924536775
12.200000000000001,-0.00037981649837555745,-0.0008391958835915625,1.6959814158151236,-1.4456112377746697,-0.0003377677192856597,-0.0012947700870205776,2.363187285856868e-12,2.3473560056085703e-13,1,0.5999999999848169,3.0366154035732507e-11,73.51326809408069,6.283185307020587,-0.16625550325533528,0.833251362591578
12.22,-0.0003795108804895258,-0.0008415016437404475,1.701883576365311,-1.4397090772244816,-0.0003255437552428262,-0.0012934346668435686,2.367984721994477e-12,2.441294757863951e-13,1,0.5999999999854122,2.917555086412449e-11,73.63893180022116,6.283185307026821,-0.14991937662818194,0.8005791093372713
12.24,-0.00037918450911879977,-0.0008438667139638311,1.7051271147614742,-1.436465538828319,-0.0003142123721439865,-0.0012922283974277013,2.3729336708548014e-12,2.497793251548312e-13,1,0.5999999999859842,2.8031577059550727e-11,73.76459550636176,6.283185307032811,-0.13422379868815792,0.7691879534572232
12.26,-0.0003788532146366989,-0.0008462570040495148,1.7056633636887548,-1.435929289901038,-0.00030392449536329835,-0.0012913142781468903,2.3779555432442604e-12,2.513737435066932e-13,1,0.5999999999865337,2.6932456265171822e-11,73.89025921250247,6.283185307038566,-0.11914365316199071,0.7390276624048888
12.280000000000001,-0.0003785338100370611,-0.0008486373674490824,1.7034823603294134,-1.4381102932603795,-0.00029481922900178475,-0.0012908465320980683,2.382967904021353e-12,2.4883975159803417e-13,1,0.5999999999870618,2.5876412124148374e-11,74.0159229186433,6.2831853070440955,-0.1046548085995691,0.7100499732800456
12.3,-0.0003782422857561579,-0.000850972961611984,1.6986130778693604,-1.4429795757204325,-0.0002870275397867843,-0.001290961153928861,2.3878892437973117e-12,2.423426375790215e-13,1,0.599999999987569,2.4861890324245906e-11,74.14158662478424,6.283185307049409,-0.09073407975847486,0.6822085155978571
12.32,-0.00037799205240217484,-0.0008532306726722418,1.691123877246591,-1.450468776343202,-0.00028067480463464186,-0.001291766881303331,2.39264372822275e-12,2.3228365681910585e-13,1,0.5999999999880564,2.3887114508625018e-11,74.26725033092528,6.283185307054513,-0.07735919050264833,0.6554587370862041
12.34,-0.0003777924178613436,-0.0008553807349342475,1.681123057768169,-1.4604695958216238,-0.00027588149208048504,-0.0012933370171614843,2.397165865622038e-12,2.1929322035172745e-13,1,0.5999999999885247,2.2950530365051236e-11,74.39291403706642,6.283185307059417,-0.06450873815581831,0.629757832392544
12.36,-0.0003776474964548672,-0.0008573985998730415,1.6687592206225532,-1.4728334329672403,-0.00027276150609450197,-0.0012957026507322408,2.401404959384465e-12,2.0421477729089518e-13,1,0.5999999999889747,2.2050583581290084e-11,74.51857774320766,6.283185307064128,-0.052162159252653884,0.6050646745862152
12.38,-0.00037755574537115874,-0.0008592669895446761,1.6542210608977326,-1.4873715926920603,-0.00027141806006029034,-0.0012988479267894188,2.405329101370199e-12,1.8807361231689942e-13,1,0.599999999989407,2.1185941889712012e-11,74.64424144934898,6.283185307068655,-0.040299696632832616,0.5813397493465726
12.4,-0.0003775102850590707,-0.000860977928912584,1.637736192124621,-1.5038564614651726,-0.00027193733729622267,-0.0013027080368528867,2.40892835153862e-12,1.7855259425951124e-13,1,0.5999999999898223,2.035527302268747e-11,74.7699051554904,6.283185307073005,-0.028902367825369146,0.3255641969696341
12.42,-0.0003775110107774188,-0.0008625647769694868,1.619590980607697,-1.5220016729820962,-0.00027405921190119516,-0.0013069322440063193,2.412333647276091e-12,1.6244453764843308e-13,1,0.5999999999902215,1.9557022667981983e-11,74.89556886163192,6.283185307077184,-0.022519590447817706,0.31279864221453124
12.44,-0.0003775360720744251,-0.0008640050797320864,1.6000616980843647,-1.5415309555054284,-0.0002781283598112301,-0.0013116289131287957,2.4154384736189363e-12,1.487965357837075e-13,1,0.5999999999906049,1.8790080602570924e-11,75.0212325677735,6.283185307081199,-0.016387085351005914,0.30053363202090766
12.46,-0.00037757139851662605,-0.0008653251805890997,1.579468954128884,-1.5621236994609093,-0.0002841312256996035,-0.0013166200598409223,2.418303277817205e-12,1.3868774832275133e-13,1,0.5999999999909733,1.805333660342967e-11,75.14689627391516,6.2831853070850565,-0.01049503921844136,0.28874953975577855
12.48,-0.000377605526153222,-0.0008665619157842726,1.5581555252783659,-1.5834371283114272,-0.00029200843631524886,-0.0013217036573393934,2.4210080175403027e-12,1.3296559020446226e-13,1,0.5999999999913272,1.734545840292867e-11,75.2725599800569,6.283185307088764,-0.0048340235192750325,0.2774275083574459
12.5,-0.00037763190363066234,-0.0008677598136767657,1.536478808083275,-1.6051138455065184,-0.00030165144192163026,-0.0013266671353799506,2.4236465965207597e-12,1.321586431107235e-13,1,0.5999999999916673,1.66653357780433e-11,75.3982236861987,6.2831853070923245,0.000605020579359461,0.2665494201601769
12.52,-0.0003776503632777019,-0.0008689672120860404,1.5148025083292993,-1.626790145260494,-0.00031290263940975203,-0.0013313020639816122,2.4263198278367824e-12,1.3641973576292679e-13,1,0.599999999991994,1.6011858505748933e-11,75.52388739234058,6.283185307095747,0.0058307967084112455,0.25609786790207334
12.540000000000001,-0.0003776674265632634,-0.0008702318205976044,1.493488064008102,-1.648104589581691,-0.0003255592615768963,-0.0013354187106757675,2.429127644025092e-12,1.455092682721787e-13,1,0.599999999992308,1.5383916363020944e-11,75.64955109848253,6.283185307099035,0.010851667224578518,0.2460561268697388
12.56,-0.0003776953590894472,-0.0008715963890009143,1.4728863242759456,-1.6687063293138475,-0.00033938080164755505,-0.0013388591603752686,2.4321614085194017e-12,1.5882176217702152e-13,1,0.5999999999926097,1.4780621171439634e-11,75.77521480462454,6.283185307102193,0.015675666591863313,0.2364081281351692
12.58,-0.0003777501623644747,-0.0008730951182344101,1.4533299707559992,-1.6882626828337939,-0.0003540992567676745,-0.001341507863141363,2.435497162599164e-12,1.7545069057027612e-13,1,0.5999999999928994,1.4201084752585302e-11,75.90087851076662,6.283185307105228,0.02031051423842803,0.22713843284203977
12.6,-0.0003778489083238666,-0.0008747512742549986,1.4351270787189243,-1.7064655748708688,-0.0003694310983014971,-0.0013432987939490833,2.439190471355033e-12,1.705994547052727e-13,1,0.5999999999931779,1.3644196883433324e-11,76.02654221690875,6.283185307108144,0.02476362690932743,-0.5922042461225439
12.620000000000001,-0.00037802223499621714,-0.0008764526031752699,1.4185199141622913,-1.7230727394275016,-0.00038384418598965986,-0.0013440924149398443,2.442772966408915e-12,1.8793460137675364e-13,1,0.5999999999934453,1.3109291430168923e-11,76.15220592305094,6.283185307110945,0.013153296595907138,-0.5689835854957033
12.64,-0.00037825240384864884,-0.0008783147775200019,1.403838925355991,-1.7377537282338018,-0.00039836466050649077,-0.0013442837403599972,2.4467102968044486e-12,2.057614502023847e-13,1,0.5999999999937023,1.2595258169767476e-11,76.27786962919319,6.283185307113636,0.001998213845702812,-0.5466734199952946
12.66,-0.0003785464100056077,-0.0008803309152226401,1.3913094813936597,-1.7502831721961334,-0.0004127395557906544,-0.0013439458283883638,2.450999624819847e-12,2.228367127591903e-13,1,0.5999999999939493,1.2101430968414206e-11,76.4035333353355,6.283185307116222,-0.008719471853563754,-0.5252380485967615
12.68,-0.0003789051588080033,-0.0008824848053872264,1.3811178860176048,-1.7604747675721883,-0.0004267358049989683,-0.0013431880786377156,2.45561438353509e-12,2.3804731540104286e-13,1,0.5999999999941865,1.1626921647689414e-11,76.52919704147784,6.283185307118707,-0.019016911085572907,-0.5046431701327432
12.700000000000001,-0.0003793231563997756,-0.0008847530166413243,1.3734103854242667,-1.7681822681655266,-0.0004401434792116144,-0.0013421490158394452,2.4605074818781067e-12,2.5046442462022045e-13,1,0.5999999999944144,1.1171064073778325e-11,76.65486074762025,6.283185307121094,-0.028910581950000125,-0.48485582840388874
12.72,-0.000379789021640798,-0.000887106974182201,1.3682933324558326,-1.77329932113396,-0.0004527762464275179,-0.0013409876454588464,2.4656153550980586e-12,2.5937488805685525e-13,1,0.5999999999946335,1.0732970068261238e-11,76.7805244537627,6.2831853071233885,-0.03841631643099083,-0.46584435944190733
12.74,-0.0003802866503651443,-0.0008895147873223434,1.3658340518061844,-1.7757586017836084,-0.0004644694595818797,-0.0013398739713632777,2.4708624538629844e-12,2.6429523231300127e-13,1,0.5999999999948439,1.0312195541928304e-11,76.90618815990518,6.283185307125592,-0.047549325731712805,-0.4475783408404634
12.76,-0.00038079683175232704,-0.0008919427585823581,1.3660619410477504,-1.775530712542043,-0.0004750765851128975,-0.0013389791512422608,2.4761658884270392e-12,2.6497483732066624e-13,1,0.599999999995046,9.907852316359822e-12,77.03185186604772,6.2831853071277095,-0.056324224615526414,-0.43002854307283617
12.780000000000001,-0.0003812991240053104,-0.0008943566337567809,1.3689694250396927,-1.772623228550101,-0.00048446486890588283,-0.0013384656513418622,2.48144007507572e-12,2.6139425838175353e-13,1,0.5999999999952403,9.519274257741017e-12,77.15751557219029,6.283185307129744,-0.06475505479272403,-0.41316688271844093
12.8,-0.0003817738167858084,-0.0008967227371948541,1.3745125362295247,-1.7670801173602682,-0.0004925111958986372,-0.001338477694933648,2.4866013319393695e-12,2.4321345213629107e-13,1,0.599999999995427,9.14601727686204e-12,77.28317927833291,6.283185307131699,-0.07285530739026225,-0.6394245474809619
12.82,-0.0003821983535254908,-0.000898960659614401,1.3826250295533091,-1.758967624036484,-0.0004987796460469107,-0.0013393492987856877,2.491369343504089e-12,2.3277742254128774e-13,1,0.5999999999956063,8.787415239908114e-12,77.40884298447556,6.283185307133577,-0.0853914049535125,-0.6143523523544614
12.84,-0.00038256817992727107,-0.0009010937007229141,1.3931943742916313,-1.7483982792981614,-0.0005034854898653977,-0.0013409610458063105,2.49589797752882e-12,2.1946397835319028e-13,1,0.5999999999957786,8.442802013064465e-12,77.53450669061824,6.283185307135381,-0.09743595510046649,-0.5902632520605534
12.86,-0.000382876361457822,-0.0009030984537602031,1.4060625568896536,-1.7355300967001392,-0.0005065192223482884,-0.001343340673859703,2.5001377138700237e-12,2.0412366748753477e-13,1,0.5999999999959441,8.111733507121244e-12,77.66017039676098,6.283185307137114,-0.10900823168100043,-0.5671186988994855
12.88,-0.0003831218234065249,-0.0009049583859531119,1.4210353721817952,-1.7205572814079977,-0.000507782025598203,-0.001346469500706127,2.5040578630193193e-12,1.8777886424543554e-13,1,0.5999999999961031,7.793765632868599e-12,77.78583410290373,6.28318530713878,-0.12012675280652724,-0.5448816566484319
12.9,-0.0003833091992128982,-0.0009066657612284588,1.437884118098979,-1.7037085354908141,-0.0005071918614819233,-0.0013502808055616284,2.5076495482269645e-12,1.7157334471960942e-13,1,0.5999999999962559,7.488232256491756e-12,77.91149780904652,6.283185307140379,-0.13080931048292538,-0.5235165412956356
12.92,-0.00038344785985871204,-0.0009082232691439463,1.4563483165978313,-1.6852443369919623,-0.0005046910883016449,-0.0013546614366340224,2.5109274780076956e-12,1.5670185105633876e-13,1,0.5999999999964026,7.1946892887808644e-12,78.03716151518934,6.283185307141917,-0.1410729990815443,-0.5029891640983978
12.94,-0.00038355018157571304,-0.0009096449835444545,1.4761395680133798,-1.665453085576413,-0.0005002546459666324,-0.0013594569214495143,2.5139301244880863e-12,1.4432241039614128e-13,1,0.5999999999965437,6.91247059592115e-12,78.1628252213322,6.283185307143393,-0.15093424269384548,-0.48326667687379543
12.96,-0.0003836292686733822,-0.0009109562949364128,1.4969465030961229,-1.6446461504936707,-0.0004938976577150992,-0.0013644800096240066,2.5167180269116797e-12,1.3545901126840268e-13,1,0.5999999999966793,6.6413541333076864e-12,78.28848892747509,6.283185307144811,-0.16040882141345275,-0.4643175194345809
12.98,-0.0003836964971968429,-0.0009121925863896912,1.518440668020495,-1.6231519855692982,-0.00048568126775129603,-0.0013695221769363477,2.519370136204248e-12,1.3090633953466678e-13,1,0.5999999999968095,6.380895811730625e-12,78.414152633618,6.283185307146176,-0.16951189658766874,-0.4461113690861489
13.0,-0.00038375933302817384,-0.0009133966394573028,1.5402830790260242,-1.6013095745637687,-0.0004757156939890538,-0.001374367238743332,2.5219783776832127e-12,1.3078223358697453e-13,1,0.5999999999969347,6.1306515419801144e-12,78.53981633976093,6.283185307147486,-0.17825803507886517,0.23446307908224195
13.02,-0.00038378223963238543,-0.0009146053619109396,1.5621267364715143,-1.579465917118279,-0.0004651477147622882,-0.0013783351095885995,2.52459206077509e-12,1.3190191644924867e-13,1,0.5999999999970549,5.8901772348463055e-12,78.66548004590389,6.283185307148744,-0.17366132066442122,0.22526965025335405
13.040000000000001,-0.00038380352949042346,-0.0009158545844655792,1.5836252654339058,-1.5579673881558875,-0.000453188729256977,-0.001381872589978158,2.5272801204646178e-12,1.3813117312880064e-13,1,0.5999999999971704,5.659250845724273e-12,78.79114375204688,6.283185307149954,-0.1692448460002242,0.21643670092496003
13.06,-0.0003838170196838492,-0.000917188763915702,1.6044420410321094,-1.5371506125576833,-0.0004400674756448123,-0.001384838568821557,2.530140283695213e-12,1.489355704061899e-13,1,0.5999999999972813,5.437428285404167e-12,78.9168074581899,6.283185307151117,-0.16500154378457993,0.20795009649367147
13.08,-0.00038381211958253027,-0.0009186447947013155,1.6242529379696526,-1.5173397156201407,-0.0004260388755018801,-0.0013871284824882694,2.5332562338441197e-12,1.634634709390754e-13,1,0.5999999999973878,5.224265464676137e-12,79.04247116433292,6.283185307152233,-0.16092462382865724,0.1997962565818261
13.1,-0.0003837760324377058,-0.0009202492924086675,1.642752818186598,-1.4988398354031949,-0.0004113734725384225,-0.001388681420137878,2.5366920636761734e-12,1.806313899024918e-13,1,0.5999999999974903,5.019318294330333e-12,79.16813487047598,6.283185307153306,-0.15700756219073736,0.19196213330598633
13.120000000000001,-0.0003836962873303823,-0.000922017185787313,1.6596610957680502,-1.481931557821743,-0.000396346318857555,-0.0013894838811030984,2.5404886242912906e-12,1.992244682383072e-13,1,0.5999999999975887,4.822586774366755e-12,79.29379857661905,6.283185307154336,-0.15324409073651524,0.18443519039754208
13.14,-0.00038356312746388717,-0.0009239516107456862,1.6747261414393866,-1.466866512150407,-0.0003812264947426219,-0.0013895700984262343,2.5446619220659856e-12,2.1799728036269057e-13,1,0.5999999999976833,4.633404770970628e-12,79.41946228276215,6.283185307155326,-0.1496281871087474,0.1772033831420064
13.16,-0.00038337136768472715,-0.0009260448720267038,1.687728411642771,-1.4538642419470218,-0.00036626832558715185,-0.001389019174552691,2.549203437624738e-12,2.357626547338671e-13,1,0.5999999999977741,4.451772284141953e-12,79.54512598890527,6.283185307156277,-0.14615406509019546,0.17025513910490253
13.18,-0.0003831214864734223,-0.0009282801043825243,1.6984823298072798,-1.4431103237825136,-0.00035170508580346124,-0.0013879495313547856,2.5540820366934285e-12,2.514607677726488e-13,1,0.5999999999978614,4.277245224670878e-12,79.6707896950484,6.283185307157191,-0.14281616534444425,0.1635793396134001
13.200000000000001,-0.00038281988270740967,-0.000930633240571914,1.7068370939051498,-1.4347555596846435,-0.00033774560249023573,-0.0013865113216691917,2.559247040743566e-12,2.351973356939118e-13,1,0.5999999999979452,4.1096015479524795e-12,79.79645340119156,6.283185307158069,-0.13960914651977724,0.8233813614805666
13.22,-0.00038249087493683943,-0.0009329379399758299,1.712633271951657,-1.428959381638136,-0.0003255231981964633,-0.001385203375122857,2.564053273463696e-12,2.445438684517494e-13,1,0.5999999999980258,3.948397164776907e-12,79.92211710733473,6.283185307158912,-0.12346652403218888,0.7910961165053899
13.24,-0.00038213967382321487,-0.0009353014721678447,1.715767188115156,-1.4258254654746372,-0.0003141966391118249,-0.0013840219606031908,2.5690099414592594e-12,2.501344220301572e-13,1,0.5999999999981032,3.79363207514416e-12,80.04778081347791,6.283185307159723,-0.10795686282589118,0.7600767940927945
13.26,-0.00038178245534364457,-0.0009376898561841804,1.716192825947868,-1.4253998276419253,-0.0003039165701028253,-0.0013831298739717095,2.5740382621800697e-12,2.5166227462312695e-13,1,0.5999999999981775,3.644862189844389e-12,80.17344451962111,6.283185307160502,-0.09305534413404987,0.7302737567091119
13.280000000000001,-0.0003814364285559089,-0.0009400681102808467,1.7139029290955217,-1.4276897244942717,-0.0002948216828630336,-0.0013826810239111237,2.57905570398424e-12,2.490593195182769e-13,1,0.599999999998249,3.5018654642726688e-12,80.29910822576433,6.283185307161251,-0.0787381223475978,0.7016393131362078
13.3,-0.00038111801355423803,-0.0009424015919491785,1.708929086242476,-1.4326635673473174,-0.0002870424183605342,-0.0013828109861030466,2.583980756481977e-12,2.4249539890341473e-13,1,0.5999999999983177,3.3646418984289994e-12,80.42477193190756,6.28318530716197,-0.06498228685717305,0.6741276421553583
13.32,-0.0003808410701053625,-0.0009446573990561885,1.701342040224171,-1.440250613365622,-0.0002807035322929033,-0.0013836280005122606,2.5887376686230825e-12,2.323755328643461e-13,1,0.5999999999983836,3.232747403103531e-12,80.5504356380508,6.283185307162661,-0.05176582539125624,0.6476947192235246
13.34,-0.0003806153609904347,-0.0009468059643270894,1.6912521000285965,-1.4503405535611966,-0.00027592479644422316,-0.0013852048370579593,2.593261096271393e-12,2.193327008708354e-13,1,0.599999999998447,3.105959933691338e-12,80.67609934419406,6.283185307163325,-0.03906758879183975,0.6222982460246916
13.36,-0.0003804454450096946,-0.000948822899603912,1.6788093731797804,-1.4627832804100125,-0.000272819367909852,-0.0013875720738286113,2.5975005273332694e-12,2.0421142423429893e-13,1,0.5999999999985078,2.9842794901924208e-12,80.80176305033733,6.283185307163962,-0.02686725717126287,0.5978975827835379
13.38,-0.00038033019261396835,-0.0009506910269497315,1.6642034422941328,-1.4773892112956606,-0.0002714896968621927,-0.0013907134311480034,2.6014242434166966e-12,1.8803643194028862e-13,1,0.5999999999985663,2.8672619833969293e-12,80.92742675648061,6.283185307164574,-0.015145307396056462,0.5744536832331251
13.4,-0.00038026307982642047,-0.000952402394050552,1.6476621022557512,-1.4939305513340422,-0.0002720212303569594,-0.0013945638266845387,2.605022467261544e-12,1.785843724491901e-13,1,0.5999999999986225,2.7549074133048634e-12,81.05309046262391,6.283185307165163,-0.0038829818457641885,0.3152290655349459
13.42,-0.00038024379584986696,-0.0009539907806100081,1.6294697943371181,-1.512122859252675,-0.0002741488760612476,-0.0013987697055344373,2.6084279530831227e-12,1.624324555933211e-13,1,0.5999999999986765,2.6469937353112982e-12,81.17875416876723,6.283185307165729,0.0022971723817929723,0.3028687570798316
13.44,-0.0003802511961006293,-0.0009554330460936265,1.6099033163657086,-1.5316893372240843,-0.0002782210707144889,-0.0014034426605773849,2.6115321102740977e-12,1.4874144885613925e-13,1,0.5999999999987283,2.5432989048113086e-12,81.30441787491054,6.283185307166272,0.00823499929596247,0.2909931032514926
13.46,-0.00038027120518643247,-0.0009567553208447075,1.5892812702073924,-1.552311383382401,-0.0002842238728979554,-0.0014084052833252705,2.614395366558568e-12,1.385870030880892e-13,1,0.5999999999987782,2.4436008771999695e-12,81.43008158105387,6.283185307166794,0.013940000686610943,0.27958310047019563
13.48,-0.0003802921845285791,-0.0009579941958648237,1.5679438947422633,-1.57364875884753,-0.0002920977713119985,-0.0014134563187875881,2.6170975980869522e-12,1.3281403301968355e-13,1,0.5999999999988261,2.347677607872356e-12,81.55574528719721,6.283185307167296,0.01942130577309531,0.2686204902972269
13.5,-0.0003803072401807614,-0.0009591939633767078,1.5462457029216221,-1.595346950668171,-0.00030173434656586407,-0.0014183841063442365,2.6197325923572846e-12,1.3195027839799416e-13,1,0.5999999999988722,2.255529096828468e-12,81.68140899334057,6.283185307167778,0.024687685812961407,0.2580877302174947
13.52,-0.0003803157170924575,-0.0009604027766592412,1.524547389413646,-1.6170452641761468,-0.0003129763874818623,-0.0014229811865183264,2.622401048960213e-12,1.3614972026592507e-13,1,0.5999999999989164,2.1671553440683056e-12,81.80707269948392,6.283185307168241,0.02974756813782735,0.24796796556776282
13.540000000000001,-0.00038032354806114926,-0.0009616682470245979,1.5032074832168092,-1.6383851703729837,-0.0003256217452894384,-0.0014270587752015999,2.625202829956025e-12,1.4517583899687699e-13,1,0.5999999999989589,2.0821122603820186e-12,81.9327364056273,6.283185307168686,0.03460904963891205,0.23824500256559342
13.56,-0.00038034236645332963,-0.0009630331312898097,1.4825742425123138,-1.6590184110774793,-0.00033943069875110043,-0.0014304598083168837,2.6282293061735587e-12,1.5842770566268304e-13,1,0.5999999999989998,2.000399845769607e-12,82.05840011177068,6.283185307169114,0.039279909723788614,0.2289032823958403
13.58,-0.0003803875603050638,-0.0009645317418807568,1.4629782556181525,-1.678614397971641,-0.00035413612246018854,-0.0014330694342061102,2.631556626616586e-12,1.7500406702119657e-13,1,0.599999999999039,1.922018100231071e-12,82.18406381791407,6.283185307169524,0.04376762276509613,0.21992785631322526
13.6,-0.0003804756632187192,-0.0009661875405926191,1.4447261291703912,-1.6968665244194021,-0.0003694553774210419,-0.0014348221454104834,2.63524057034541e-12,1.7017061538851033e-13,1,0.5999999999990766,1.8467449791614854e-12,82.30972752405746,6.283185307169918,0.048079370061130555,-0.6004395306202833
13.620000000000001,-0.00038063718951431404,-0.0009678888995199098,1.4280656105439402,-1.7135270430458531,-0.00038385604256168326,-0.001435581227127742,2.638814077931126e-12,1.8746835938507444e-13,1,0.5999999999991128,1.7743584379559252e-12,82.43539123020086,6.283185307170298,0.03630758468576201,-0.5768959598695462
13.64,-0.00038085407666873416,-0.0009697511867819856,1.4133212513258522,-1.7282714022639407,-0.00039836570113698427,-0.0014357395345560586,2.6427418277851332e-12,2.0527404050594958e-13,1,0.5999999999991475,1.7048584766143904e-12,82.56105493634428,6.283185307170662,0.024997377617140104,-0.5542755457323024
13.66,-0.0003811331340048906,-0.0009717677403476005,1.400718784100875,-1.7408738694889179,-0.0004127319460473618,-0.0014353702431957362,2.647021332200512e-12,2.2234647067890238e-13,1,0.599999999999181,1.638023050531956e-12,82.68671864248769,6.283185307171012,0.014130650110982246,-0.5325420907199867
13.68,-0.00038147522042901444,-0.0009739225253151938,1.3904455167808434,-1.7511471368089495,-0.0004267221043146149,-0.0014345827994364263,2.6516263986386304e-12,2.375728927884494e-13,1,0.599999999999213,1.573852159708622e-12,82.81238234863112,6.2831853071713475,0.00369001308491973,-0.5116608166678617
13.700000000000001,-0.0003818749160846617,-0.0009761922188537997,1.3826492280684044,-1.7589434255213892,-0.0004401264728796812,-0.001433515759690196,2.65651029904351e-12,2.500230689390675e-13,1,0.5999999999992439,1.5121237595394632e-12,82.93804605477455,6.28318530717167,-0.0063412407077438615,-0.4915983090825345
13.72,-0.0003823210099119723,-0.000978548276154517,1.3774382005207357,-1.7641544530690574,-0.00045275878904428064,-0.001432328195328607,2.6616097883557206e-12,2.589810121855669e-13,1,0.5999999999992736,1.4528378500244798e-12,83.06370976091799,6.283185307171981,-0.01597916341319175,-0.4723224636716387
13.74,-0.00038279763958151426,-0.00098095875833757,1.3748819499700977,-1.7667107036196956,-0.00046445433740274365,-0.0014311902481332478,2.666849569007554e-12,2.63959405213426e-13,1,0.5999999999993021,1.3957723865587468e-12,83.18937346706143,6.283185307172279,-0.02523917776395246,-0.4538024349701173
13.76,-0.0003832858870636103,-0.0009833898509543921,1.3750121951456922,-1.7665804584441007,-0.000475066398785203,-0.0014302733089361917,2.6721469195352094e-12,2.6470324076251103e-13,1,0.5999999999993294,1.341149413747189e-12,83.31503717320487,6.283185307172566,-0.0341361017585623,-0.4360085869808976
13.780000000000001,-0.00038376563834567216,-0.0009858071296934801,1.3778236886924653,-1.763768964897328,-0.00048446193418219134,-0.0014297401797566534,2.677416334790783e-12,2.611886002049573e-13,1,0.5999999999993557,1.2885248423799567e-12,83.44070087934833,6.283185307172841,-0.04268417237352434,-0.41891244575097353
13.8,-0.0003842175342298579,-0.0009881767150969028,1.3832746816776729,-1.7583179719121205,-0.0004925174586548381,-0.0014297355136945388,2.6825741243398557e-12,2.4292516952669785e-13,1,0.599999999999381,1.2378986724570495e-12,83.56636458549178,6.283185307173106,-0.05089706834550817,-0.6482924437778793
13.82,-0.0003846198501911223,-0.0009904171889366833,1.3913035259337394,-1.7502891276560533,-0.0004987917335756482,-0.001430597750543211,2.6873370163373256e-12,2.325525798384914e-13,1,0.5999999999994053,1.1892709039784677e-12,83.69202829163525,6.28318530717336,-0.06360702350242897,-0.6228725334640377
13.84,-0.00038496798063282993,-0.0009925524920177719,1.4017967909052795,-1.7397958626845131,-0.0005035043703530066,-0.0014322042774534732,2.691861747772324e-12,2.1929696237113229e-13,1,0.5999999999994287,1.1426415369442111e-12,83.81769199777872,6.283185307173604,-0.07581861418929808,-0.5984493520902995
13.86,-0.00038525535480404756,-0.000994559061146869,1.4145976154788975,-1.7269950381108954,-0.000506545261949886,-0.0014345831708378646,2.6960986721093392e-12,2.040077667165108e-13,1,0.5999999999994511,1.0977885267493548e-12,83.9433557039222,6.283185307173839,-0.08755138155649284,-0.57498381735591
13.88,-0.0003854812347153489,-0.0009964202587722047,1.4295124235671708,-1.7120802300226226,-0.0005078149789178678,-0.0014377160082642063,2.7000169640696123e-12,1.8770751746274306e-13,1,0.5999999999994726,1.0547118733938987e-12,84.06901941006568,6.283185307174064,-0.09882410053492452,-0.5524383793990466
13.9,-0.0003856505419019197,-0.0009981283100292766,1.446312564139067,-1.6952800894507263,-0.0005072308962937016,-0.0014415361997845621,2.7036076258643014e-12,1.7154125690948604e-13,1,0.5999999999994933,1.0134115768778429e-12,84.19468311620916,6.28318530717428,-0.10965480987993365,-0.5307769607090284
13.92,-0.00038577286136061645,-0.0009996859383107012,1.4647370112312323,-1.6768556423585608,-0.0005047348500731407,-0.0014459305551750396,2.706885279283378e-12,1.567057904230647e-13,1,0.5999999999995131,9.736655925962623e-13,84.32034682235265,6.283185307174488,-0.12006084103714681,-0.509964898394602
13.94,-0.00038586068289885413,-0.001001107320368432,1.4844962389967493,-1.6570964145930436,-0.0005003013645188464,-0.0014507443712825077,2.7098883555289872e-12,1.4436152724626676e-13,1,0.5999999999995322,9.35473920549157e-13,84.44601052849615,6.283185307174689,-0.13005884587648725,-0.48996888871592115
13.96,-0.00038592710146591867,-0.001002418003730014,1.5052772397779155,-1.6363154138118778,-0.0004939452933061219,-0.0014557899744220264,2.7126773995503104e-12,1.3553459318638597e-13,1,0.5999999999995506,8.988365607365267e-13,84.57167423463964,6.283185307174881,-0.13966482333871935,-0.47075693379145694
13.98,-0.00038598334778708793,-0.0010036535572845932,1.526749518424809,-1.6148431351649837,-0.0004857276878549229,-0.0014608582484482396,2.7153314040998467e-12,1.3102102613866616e-13,1,0.5999999999995682,8.635314685534468e-13,84.69733794078314,6.283185307175065,-0.1488941450371672,-0.45229829039456126
14.0,-0.0003860366078357511,-0.00100485694525996,1.5485717913415362,-1.593020862248257,-0.00047575886627760527,-0.0014657322939982391,2.7179423522503422e-12,1.309122900633059e-13,1,0.5999999999995851,8.29780688604842e-13,84.82300164692664,6.283185307175242,-0.15776157985557526,0.22662501789770917
14.02,-0.0003860501728549904,-0.0010060649111473,1.5703952147855218,-1.5711974388042709,-0.00046518436081523836,-0.001469730346409329,2.72055912110735e-12,1.3208079919456366e-13,1,0.5999999999996014,7.971401316808624e-13,84.94866535307015,6.283185307175413,-0.15331853282863328,0.2177389238438252
14.040000000000001,-0.0003860628914346751,-0.0010073136878106519,1.5918715504663166,-1.5497211031234768,-0.0004532174104530757,-0.0014732991549741019,2.72325125328824e-12,1.3835938953459807e-13,1,0.5999999999996171,7.65831842386433e-13,85.07432905921367,6.283185307175577,-0.1490497001674903,0.20920125852153926
14.06,-0.0003860680616663659,-0.0010086477778366025,1.612661950941197,-1.528930702648596,-0.0004400873018910444,-0.0014762968457932872,2.726116462357356e-12,1.49211002529367e-13,1,0.599999999999632,7.358558207215538e-13,85.19999276535718,6.283185307175734,-0.14494825082915563,0.2009983598448699
14.08,-0.0003860545760887208,-0.0010101040403439118,1.6324404363803167,-1.5091522172094765,-0.0004260495998598835,-0.0014786182155915855,2.729238356189294e-12,1.6378055254532241e-13,1,0.5999999999996465,7.069900220812997e-13,85.3256564715007,6.283185307175885,-0.14100762161966537,0.1931171014258894
14.1,-0.00038600917138976456,-0.0010117089842469648,1.6509004986819769,-1.4906921549078165,-0.0004113755231196783,-0.0014802018653859571,2.7326808793243202e-12,1.8098089230127965e-13,1,0.5999999999996604,6.792344464656708e-13,85.4513201776442,6.28318530717603,-0.13722150669157196,0.18554487156970256
14.120000000000001,-0.00038591899862146646,-0.0010134773826263723,1.6677607380621442,-1.473831915527649,-0.00039634076970320776,-0.0014810339622006981,2.7364846640617016e-12,1.9959391806742178e-13,1,0.5999999999996737,6.52589093874667e-13,85.57698388378773,6.283185307176169,-0.13358384745324287,0.17826955309304438
14.14,-0.0003857740352537463,-0.0010154121963026938,1.6827692913939147,-1.4588233621958784,-0.00038121498566717597,-0.001481148544716754,2.7406654414437234e-12,2.1837190717564264e-13,1,0.5999999999996865,6.270539643082884e-13,85.70264758993126,6.2831853071763035,-0.1300888228738214,0.17127950393420144
14.16,-0.0003855689508633201,-0.001017505566021308,1.6957069407376797,-1.4458857128521139,-0.00036625294636191626,-0.0014806246242818314,2.7452143831197243e-12,2.361266783279209e-13,1,0.5999999999996988,6.024070131616099e-13,85.82831129607479,6.283185307176432,-0.12673084016833544,0.16456353852322952
14.18,-0.0003853041938596815,-0.0010197404995432816,1.7063889382831416,-1.4352037153066517,-0.0003516882416811104,-0.0014795805908151085,2.7501000396679703e-12,2.517988023000098e-13,1,0.5999999999997105,5.788702850395566e-13,85.95397500221831,6.283185307176556,-0.12350452584804839,0.15811090988265541
14.200000000000001,-0.00038498623377762695,-0.0010220928573722967,1.7146657332102273,-1.4269269203795663,-0.0003377298761516673,-0.0014781665782659754,2.7552714389103674e-12,2.355403607498565e-13,1,0.5999999999997219,5.562217353372034e-13,86.07963870836184,6.283185307176675,-0.12040471712173068,0.8162870599047826
14.22,-0.0003846404202305199,-0.0010243966697641505,1.7203854302320607,-1.421207223357733,-0.00032550811139708813,-0.001476878612805091,2.7600842173585286e-12,2.448528269599831e-13,1,0.5999999999997327,5.344613640545504e-13,86.20530241450538,6.283185307176789,-0.10440118040594681,0.7842799864732148
14.24,-0.0003842713771574883,-0.0010267589549007943,1.7234402536815712,-1.418152399908223,-0.00031418454254498004,-0.001475715296603826,2.7650466538945916e-12,2.504005315481091e-13,1,0.5999999999997432,5.135891711915974e-13,86.33096612064892,6.2831853071768995,-0.08902515134033523,0.7535279283419917
14.26,-0.000383895529278371,-0.0010291458119799997,1.7237861037847817,-1.417806549805011,-0.00030390961680079544,-0.0014748392767677553,2.7700798234860888e-12,2.5188014931795744e-13,1,0.5999999999997533,4.933831121434196e-13,86.45662982679247,6.283185307177004,-0.07425202499799649,0.7239816756573142
14.280000000000001,-0.0003835303700788378,-0.0010315223802640132,1.721417675838563,-1.4201749777512305,-0.00029482173418779597,-0.001474404233240138,2.7751011221903676e-12,2.4922710104201875e-13,1,0.599999999999763,4.740652315149418e-13,86.582293532936,6.2831853071771055,-0.060058161225014395,0.69559394811135
14.3,-0.0003831926277683761,-0.0010338541641902975,1.716368439697219,-1.425224213892574,-0.0002870509635519713,-0.0014745454378946076,2.7800290363978582e-12,2.4261452092252157e-13,1,0.5999999999997723,4.554134847012392e-13,86.70795723907955,6.283185307177202,-0.04642084681116648,0.6683193192836542
14.32,-0.00038289648396008834,-0.00103610841733621,1.7087108468347374,-1.4328818067550557,-0.00028072162091866994,-0.0014753707706716434,2.7847878727499224e-12,2.324501490197491e-13,1,0.5999999999997812,4.376499163072367e-13,86.83362094522309,6.2831853071772965,-0.03331825914394165,0.6421141439492045
14.34,-0.00038265202729634187,-0.0010382557187293387,1.6985566437220074,-1.443036009867786,-0.00027595298502778047,-0.001476952616638539,2.7893123912402297e-12,2.1936882472105427e-13,1,0.5999999999997897,4.205524817280093e-13,86.95928465136663,6.283185307177387,-0.020729431287704547,0.6169364882367303
14.36,-0.00038246413499575427,-0.0010402717991680448,1.686057011425673,-1.4555356421641203,-0.00027285768448695463,-0.0014793211853665496,2.7935522108020854e-12,2.0421585967696073e-13,1,0.5999999999997979,4.04121180963557e-13,87.08494835751019,6.283185307177473,-0.008634218432125362,0.5927460625255719
14.38,-0.0003823319736508246,-0.001042139556177771,1.6714021609620635,-1.4701904926277294,-0.00027153762930329857,-0.0014824598914927934,2.7974757483294178e-12,1.8801561506767654e-13,1,0.5999999999998058,3.8835601401387976e-13,87.21061206365374,6.283185307177556,0.0029867343438145233,0.5695041569736922
14.4,-0.00038224927420947113,-0.001043851057162077,1.6548200095618826,-1.4867726440279103,-0.00027207774512651866,-0.0014863034555836077,2.801073343250359e-12,1.7861252837226455e-13,1,0.5999999999998135,3.730349362740526e-13,87.3362757697973,6.283185307177635,0.014152023043825457,0.30779068498029405
14.42,-0.0003822155647491628,-0.0010454403826863179,1.6365935853178166,-1.5049990682719763,-0.0002742093658597409,-0.0014904963128885716,2.8044790621757117e-12,1.6242813892466972e-13,1,0.5999999999998208,3.5837999234900053e-13,87.46193947594085,6.283185307177712,0.020186345734709427,0.2957220395985261
14.44,-0.0003822102212632517,-0.0010468839070022305,1.617000097327092,-1.524592556262701,-0.00027828364734507386,-0.0014951523599849184,2.8075828174866568e-12,1.48705446508271e-13,1,0.5999999999998278,3.4439118223872356e-13,87.58760318208441,6.283185307177785,0.02598405924854799,0.284126612570849
14.46,-0.0003822191655898333,-0.00104820760969195,1.5963567080075447,-1.5452359455822489,-0.0002842863717965676,-0.0015000946023441433,2.8104450269736767e-12,1.3851764354139065e-13,1,0.5999999999998346,3.3084646133829665e-13,87.71326688822796,6.283185307177855,0.03155444116387479,0.2729858487401954
14.48,-0.00038223063483076066,-0.0010494479070171881,1.5750018399981627,-1.5665908135916302,-0.000292157926935775,-0.001505122339845154,2.813145513440059e-12,1.32707895298157e-13,1,0.599999999999841,3.1796787425264483e-13,87.83893059437152,6.283185307177923,0.036906405280165866,0.26228192050761323
14.5,-0.0003822374902521566,-0.0010506489219333206,1.5532879439836333,-1.5883047096061595,-0.00030178998257010146,-0.0015100245661390885,2.815777986783351e-12,1.318033561902161e-13,1,0.5999999999998472,3.055333763768431e-13,87.96459430051507,6.283185307177988,0.042048515881820514,0.25199769930430393
14.52,-0.00038223872796840335,-0.0010518586742796973,1.531573561260991,-1.6100190923288018,-0.0003130256025642345,-0.0015145945204060292,2.81844307102799e-12,1.3595882092283488e-13,1,0.5999999999998532,2.935429677108914e-13,88.09025800665863,6.283185307178051,0.0469890014428435,0.24211672818225796
14.540000000000001,-0.00038223985885259813,-0.001053124702622623,1.510215139181592,-1.631377514408201,-0.00032566307468475346,-0.001518644102092862,2.8212405829450045e-12,1.4493993593533978e-13,1,0.599999999999859,2.8199664825478976e-13,88.21592171280219,6.283185307178111,0.051735767794158935,0.2326231954796271
14.56,-0.00038225206245270764,-0.0010544897655417427,1.4895590792624138,-1.6520335743273797,-0.0003394632340374655,-0.0015220168615247627,2.8242619028108326e-12,1.5814896978332642e-13,1,0.5999999999998645,2.708944180085382e-13,88.34158541894575,6.283185307178169,0.05629641077462641,0.22350190951869214
14.58,-0.000382290285689339,-0.0010559882514575593,1.4699344660498597,-1.6716581875399337,-0.00035415957824732773,-0.001524598452279432,2.8275832595917257e-12,1.7468837622282784e-13,1,0.5999999999998699,2.602362769721367e-13,88.46724912508932,6.283185307178225,0.06067822838600373,0.2147382742959375
14.6,-0.0003823706742403644,-0.0010576437584017661,1.4516468462804932,-1.6899458073093,-0.00036947010141835884,-0.001526323742465759,2.831260587007095e-12,1.6986752807661508e-13,1,0.599999999999875,2.5002222514558525e-13,88.5929128312329,6.283185307178278,0.0648882324713067,-0.6063743870002276
14.620000000000001,-0.0003825236490508013,-0.0010593450996949476,1.4349478963932332,-1.7066447571965604,-0.00038386214078907084,-0.0015270580611066445,2.8348277448818392e-12,1.87139094060701e-13,1,0.5999999999998799,2.402522625288839e-13,88.71857653737646,6.2831853071783295,0.05300009257233412,-0.5825981072022824
14.64,-0.0003827309184704944,-0.0010612074266802489,1.4201579312152577,-1.7214347223745357,-0.00039836434772953127,-0.0015271927007208775,2.8387487320912016e-12,2.0493017900889352e-13,1,0.5999999999998845,2.3092638912203256e-13,88.84424024352003,6.283185307178378,0.04157809330623591,-0.559754108670086
14.66,-0.00038299915628703515,-0.0010632242320461707,1.4075029330333089,-1.7340897205564847,-0.0004127247135250242,-0.0015268009229456548,2.8430213104002865e-12,2.2200107419861974e-13,1,0.5999999999998891,2.2182256032010628e-13,88.9699039496636,6.283185307178425,0.030603957037363128,-0.5378058361323405
14.68,-0.0003833291862165067,-0.001065379605025276,1.3971709195746849,-1.7444217340151082,-0.00042671084586023403,-0.001525992208763075,2.847619553868021e-12,2.372392400752454e-13,1,0.5999999999998934,2.1316282072803006e-13,89.09556765580717,6.283185307178471,0.02006012280641173,-0.5167181676704377
14.700000000000001,-0.00038371564031738665,-0.0010676502994777124,1.3893107604432944,-1.752281893146499,-0.0004401132019850738,-0.001524905137475136,2.85249699282222e-12,2.4971343288475846e-13,1,0.5999999999998976,2.0472512574087887e-13,89.22123136195074,6.283185307178515,0.00992971822914085,-0.4964573585158959
14.72,-0.00038414742927936877,-0.0010700077917069023,1.3840321173356724,-1.757560536254121,-0.0004527455668433076,-0.0015236988272387818,2.8575906095962698e-12,2.587056378585572e-13,1,0.5999999999999016,1.9673151996357774e-13,89.34689506809431,6.283185307178557,0.00019653249695864017,-0.4769909870515315
14.74,-0.0003846088649580491,-0.0010724201084105578,1.381406076808265,-1.7601865767815283,-0.00046444317314884003,-0.0015225435179385216,2.8628252853940534e-12,2.6372578418891114e-13,1,0.5999999999999055,1.8895995879120164e-13,89.47255877423788,6.283185307178597,-0.009155009563830113,-0.45828790292995397
14.76,-0.0003850812409482425,-0.001074853351739009,1.3814660258972629,-1.7601266276925305,-0.00047505916465828555,-0.0015216107668411267,2.8681184176726516e-12,2.6451571657990956e-13,1,0.5999999999999092,1.816324868286756e-13,89.59822248038145,6.283185307178636,-0.018139872415624703,-0.4403181772263648
14.780000000000001,-0.00038554468069638753,-0.0010772729760827333,1.3842083944218904,-1.7573842591679032,-0.0004844602928460816,-0.0015210636163729603,2.873384555774287e-12,2.6104830075088816e-13,1,0.5999999999999127,1.745270594710746e-13,89.72388618652502,6.283185307178673,-0.02677243375586097,-0.42305305454589226
14.8,-0.00038598007975415165,-0.0010796449566578665,1.3895930358028898,-1.751999617786903,-0.0004925228010579174,-0.001521047028109041,2.8785400010825863e-12,2.4272474145167414e-13,1,0.5999999999999162,1.6764367671839864e-13,89.84954989266859,6.283185307178709,-0.03506650752439461,-0.6546801489192368
14.82,-0.00038636632633999807,-0.0010818871514720033,1.3975616686852033,-1.7440309849045903,-0.0004988015972331925,-0.001521902638776231,2.883299344637685e-12,2.323973027914755e-13,1,0.5999999999999195,1.609823385706477e-13,89.97521359881216,6.2831853071787425,-0.047901695431876556,-0.6290097731042729
14.84,-0.0003866987687664586,-0.0010840239639858284,1.4080001746434831,-1.73359247894631,-0.0005035194257553268,-0.001523505521283619,2.887821392578994e-12,2.1918272111950348e-13,1,0.5999999999999226,1.5476508963274682e-13,90.10087730495573,6.283185307178775,-0.060233608422920804,-0.6043459471221844
14.86,-0.0003869711002720075,-0.0010860317203736632,1.4207525316045475,-1.7208401219852458,-0.0005065657390961827,-0.0015258839964249055,2.8920564060100092e-12,2.039296692550464e-13,1,0.5999999999999256,1.4876988529977098e-13,90.2265410110993,6.283185307178807,-0.07208198018926143,-0.5806492035895031
14.88,-0.0003871828272012973,-0.0010878937097236316,1.4356256246153536,-1.70596702897444,-0.0005078406606162465,-0.001529019829638679,2.8959734609257386e-12,1.876608055525899e-13,1,0.5999999999999285,1.4299672557172016e-13,90.35220471724287,6.2831853071788375,-0.08346577065351207,-0.5578816226610018
14.9,-0.00038733908010231107,-0.0010896021314052663,1.4523908450986565,-1.6892018084911369,-0.0005072611366520839,-0.0015328465259407404,2.89956347206344e-12,1.715221231193697e-13,1,0.5999999999999313,1.3744561044859438e-13,90.47786842338645,6.283185307178867,-0.094403196309087,-0.536006771349852
14.92,-0.0003874495991996194,-0.0010911597353974358,1.470786774677511,-1.6708058789122822,-0.0005047686222229515,-0.0015372508679362196,2.9028409993579083e-12,1.5671196404974453e-13,1,0.5999999999999339,1.3211653993039363e-13,90.60353212953004,6.283185307178895,-0.10491175937047709,-0.5149896452270718
14.94,-0.00038752695663733664,-0.0010925807747574799,1.4905230744948588,-1.6510695790949343,-0.0005003373392068221,-0.001542077986491078,2.9058444462398734e-12,1.4439251032666752e-13,1,0.5999999999999365,1.270095140171179e-13,90.72919583567362,6.283185307178922,-0.11500827578052689,-0.4947966124069722
14.96,-0.0003875842405146975,-0.0010938909121196154,1.5112855508540566,-1.6303071027357365,-0.0004939819462585141,-0.001547139902863336,2.9086343646117957e-12,1.3559148146929096e-13,1,0.5999999999999389,1.2212453270876722e-13,90.8548595418172,6.283185307178948,-0.12470890211953087,-0.47539535972896424
14.98,-0.0003876325761077058,-0.0010951258518303983,1.5327422289614312,-1.6088504246283621,-0.00048576342939669084,-0.0015522270741968143,2.9112897811759814e-12,1.3110593024575372e-13,1,0.5999999999999414,1.1723955140041653e-13,90.98052324796079,6.283185307178973,-0.13402916145920876,-0.45675484104960845
15.0,-0.00038767894639015366,-0.0010963286906591802,1.554550157271084,-1.587042496318709,-0.0004757921824866265,-0.0015571220860060484,2.913902725042807e-12,1.310083041125737e-13,1,0.5999999999999437,1.1257661469699087e-13,91.10618695410437,6.2831853071789965,-0.14298396820293208,0.22098325831061405
15.02,-0.00038768579913956564,-0.0010975360449720078,1.57635915206933,-1.5652335015204635,-0.0004652128715928107,-0.0015611419736607866,2.916521764317527e-12,1.3221214501911193e-13,1,0.5999999999999459,1.0813572259849025e-13,91.23185066024796,6.28318530717902,-0.138651529454779,0.21231838081430787
15.040000000000001,-0.0003876923643901592,-0.001098784446531343,1.5978196218899214,-1.543773031699872,-0.00045324003877555947,-0.0015647334399991966,2.919216883070958e-12,1.3852663809631182e-13,1,0.599999999999948,1.0391687510491465e-13,91.35751436639154,6.283185307179042,-0.13448896805977917,0.20399325802430823
15.06,-0.00038769156407240837,-0.0011001184289782646,1.6185911092946996,-1.5230015442950933,-0.00044010337305293,-0.0015677540622797263,2.922085788820564e-12,1.4941277719702836e-13,1,0.59999999999995,9.992007221626409e-14,91.48317807253513,6.283185307179064,-0.1304896230316402,0.19599456796803028
15.08,-0.00038767191658181324,-0.0011015748230806717,1.6383462930279387,-1.503246360561855,-0.000426058909586761,-0.0015700981776250837,2.925212037359563e-12,1.6401292369370084e-13,1,0.599999999999952,9.592326932761353e-14,91.60884177867871,6.283185307179084,-0.1266470945650779,0.18830951103490567
15.1,-0.00038761982136118254,-0.0011031800573801235,1.6567776767537665,-1.4848149768360264,-0.00041137835985378425,-0.0015717040369676472,2.9286594673455346e-12,1.8123722241449968e-13,1,0.5999999999999539,9.214851104388799e-14,91.7345054848223,6.283185307179104,-0.12295523379476267,0.18092578949427524
15.120000000000001,-0.0003875221567430368,-0.0011049487891042402,1.673603277309233,-1.4679893762805598,-0.00039633789251440214,-0.0015725575696338135,2.932468553039414e-12,1.9986517259088489e-13,1,0.5999999999999557,8.859579736508749e-14,91.86016919096588,6.283185307179123,-0.11940813295582305,0.173831587816396
15.14,-0.00038736870901770254,-0.0011068838494775223,1.6885710696091007,-1.4530215839806928,-0.00038120756524329645,-0.001572692675807005,2.936654825681807e-12,2.1864735376376715e-13,1,0.5999999999999575,8.504308368628699e-14,91.98583289710946,6.28318530717914,-0.1160001159301615,0.1670155537650729
15.16,-0.0003871540437812833,-0.001108977258221324,1.7014620792998065,-1.4401305742899861,-0.00036624248040557645,-0.0015721883022770456,2.941209232213485e-12,2.363948329485628e-13,1,0.5999999999999591,8.171241461241152e-14,92.11149660325304,6.283185307179158,-0.1127257291634546,0.16046678023165908
15.18,-0.0003868785885923137,-0.0011112119295128076,1.7120921658160844,-1.4295004877737085,-0.0003516764571463802,-0.0015711628163737274,2.9461000937490512e-12,2.520484575496573e-13,1,0.5999999999999607,7.860379014346108e-14,92.23716030939663,6.283185307179175,-0.10957973293830246,0.15417478778135482
15.200000000000001,-0.0003865488645826999,-0.0011135636705429486,1.7203126897956866,-1.421279963794106,-0.00033771862928180584,-0.0015697663381635618,2.9512762241209354e-12,2.35793139692798e-13,1,0.5999999999999622,7.549516567451064e-14,92.36282401554021,6.283185307179191,-0.10655709298956323,0.8111796379822885
15.22,-0.00038619096114293056,-0.0011158667809142303,1.7259771808855056,-1.4156154727042871,-0.00032549707119506786,-0.0015684928756440654,2.9560938316646135e-12,2.450810669380212e-13,1,0.5999999999999637,7.260858581048524e-14,92.4884877216838,6.283185307179206,-0.09065368871281276,0.7793728294287876
15.24,-0.00038580908205335595,-0.0011182280961377444,1.728974921437756,-1.412617732152036,-0.0003141754033376149,-0.0015673427065128916,2.961060536484586e-12,2.505978115655452e-13,1,0.5999999999999651,6.972200594645983e-14,92.61415142782738,6.28318530717922,-0.07537386583714101,0.7488131836774441
15.26,-0.00038541983121177955,-0.0011206137739464487,1.7292631970260313,-1.4123294565637607,-0.0003039039327487605,-0.0015664783695592687,2.966097309161894e-12,2.5204250880132004e-13,1,0.5999999999999664,6.705747068735946e-14,92.73981513397096,6.2831853071792345,-0.06069317338607749,0.7194517987753171
15.280000000000001,-0.0003850409066445847,-0.0011229890419944923,1.7268381108390685,-1.4147545427507247,-0.0002948208520446962,-0.0015660533787086731,2.971121492170963e-12,2.4935313125675177e-13,1,0.5999999999999678,6.439293542825908e-14,92.86547884011455,6.283185307179249,-0.04658811911965244,0.691241690242467
15.3,-0.00038468925789866164,-0.0011253195120866654,1.7217344872236595,-1.419858166366133,-0.00028705596529259757,-0.001566202785835405,2.9760515682639364e-12,2.427051920505295e-13,1,0.599999999999969,6.195044477408373e-14,92.99114254625813,6.283185307179262,-0.03303613194180083,0.6641377158867637
15.32,-0.0003843792976490485,-0.0011275725516548618,1.7140260055614416,-1.4275666480283515,-0.00028073327566760693,-0.0015670342106199055,2.980811884446156e-12,2.325083960417093e-13,1,0.5999999999999702,5.950795411990839e-14,93.11680625240172,6.2831853071792745,-0.020015525781793275,0.6380965035667486
15.34,-0.0003841213484263799,-0.0011297188468904675,1.7038254432023174,-1.4377672103874755,-0.00027597171111061914,-0.001568619760295322,2.9853372746339846e-12,2.193989284062798e-13,1,0.5999999999999714,5.706546346573305e-14,93.2424699585453,6.283185307179287,-0.007505464891896352,0.6130763817869548
15.36,-0.00038392051599928567,-0.0011317342160797974,1.6912847490556024,-1.4503079045341902,-0.00027288352420629705,-0.0015709893786736962,2.989577451208631e-12,2.0422267997007214e-13,1,0.5999999999999726,5.484501741648273e-14,93.36813366468888,6.2831853071792985,0.004514069494269135,0.5890373130146238
15.38,-0.00038377617955965887,-0.0011336016128839646,1.6765945814325944,-1.464998072157199,-0.00027157024054735916,-0.0015741262601260359,2.993500927840577e-12,1.8800376388059295e-13,1,0.5999999999999737,5.262457136723242e-14,93.49379737083247,6.283185307179309,0.016062311196025136,0.5659408296111118
15.4,-0.0003836822531211724,-0.0011353131206323257,1.6599829414490688,-1.481609712140724,-0.0002721164145341621,-0.0015779649832820904,2.9970981277638475e-12,1.786356153310948e-13,1,0.5999999999999747,5.062616992290714e-14,93.61946107697605,6.283185307179321,0.027157739863850727,0.3024309788889892
15.42,-0.00038363814207047073,-0.001136903035531132,1.6417318248930866,-1.4998608286967068,-0.00027425080536224214,-0.0015821485450900688,3.0005040656921836e-12,1.6242735085399043e-13,1,0.5999999999999757,4.8627768478581856e-14,93.74512478311964,6.283185307179331,0.033086984013825316,0.29057249058904
15.44,-0.0003836236037736559,-0.001138347386991246,1.6221187539329085,-1.5194738996568846,-0.00027832653456119605,-0.0015867924916131925,3.0036075737257373e-12,1.4868143935261543e-13,1,0.5999999999999767,4.6629367034256575e-14,93.87078848926322,6.283185307179341,0.03878373917527658,0.27917898026613747
15.46,-0.00038362455844818564,-0.0011396720473444348,1.6014598568331888,-1.5401327967566045,-0.00028432918598844057,-0.0015917201263461703,3.0064690646440223e-12,1.3846933732177748e-13,1,0.5999999999999776,4.4853010194856324e-14,93.9964521954068,6.283185307179351,0.04425712137183546,0.2682322158730197
15.48,-0.0003836291543233317,-0.0011409133079219086,1.580092253030408,-1.5615004005593853,-0.0002921990737399021,-0.001596731148651282,3.009168325596912e-12,1.3263297604696232e-13,1,0.5999999999999784,4.3076653355456074e-14,94.12211590155039,6.283185307179361,0.049515889182733586,0.25771468025122346
15.5,-0.00038363007724777495,-0.001142115170137283,1.5583669143064773,-1.583225739283316,-0.00030182792945867654,-0.0016016150233794271,3.011799013743533e-12,1.3169909930629593e-13,1,0.5999999999999793,4.1300296516055823e-14,94.24777960769397,6.28318530717937,0.05456845775839868,0.24760954309989328
15.52,-0.000383626073068779,-0.0011433255574214824,1.536640837788791,-1.6049518158010017,-0.0003130590114789936,-0.0016061654931712709,3.0144617018714124e-12,1.3582308010815982e-13,1,0.5999999999999801,3.9745984281580604e-14,94.37344331383756,6.283185307179379,0.05942291228649059,0.23790063404370945
15.540000000000001,-0.000383622349664809,-0.0011445919549266641,1.515268977435772,-1.626323676154021,-0.0003256909175933048,-0.0016101949504745065,3.0172561769785314e-12,1.4477209911024467e-13,1,0.5999999999999809,3.8191672047105385e-14,94.49910701998114,6.283185307179387,0.06408702092992648,0.22857241675683768
15.56,-0.0003836297603519979,-0.0011459571208186313,1.4945964014618078,-1.6469962521279857,-0.00033948487900125896,-0.0016135473892553548,3.020273828323626e-12,1.5795068844795665e-13,1,0.5999999999999817,3.6637359812630166e-14,94.62477072612472,6.283185307179395,0.06856824725759875,0.21960996410149314
15.58,-0.0003836629345679188,-0.0011474554960712396,1.4749511126260675,-1.6666415409637256,-0.0003541748377390822,-0.0016161088284668951,3.0235909437736215e-12,1.7446392626867066e-13,1,0.5999999999999823,3.530509218307998e-14,94.7504344322683,6.283185307179402,0.0728737621876776,0.21099893424133542
15.6,-0.00038373773837045656,-0.0011491107744070676,1.4566378927045276,-1.6849547608852653,-0.00036947924023918453,-0.001617814408374919,3.0272635688360094e-12,1.6965205232239324e-13,1,0.599999999999983,3.397282455352979e-14,94.87609813841189,6.2831853071794095,0.07701045546261004,-0.610654647286695
15.620000000000001,-0.00038388452332324674,-0.0011508120820424331,1.4399112403397365,-1.701681413250057,-0.00038386522876821926,-0.0016185309366325005,3.030826213685662e-12,1.869051437206001e-13,1,0.5999999999999837,3.26405569239796e-14,95.00176184455547,6.283185307179417,0.06503839986043425,-0.5867105360823435
15.64,-0.00038408483479057134,-0.0011526744154765477,1.4250884221173594,-1.7165042314724337,-0.00039836224001441636,-0.0016186485754320116,3.034742397608449e-12,2.0468604515702046e-13,1,0.5999999999999843,3.1308289294429414e-14,95.12742555069906,6.283185307179424,0.05353577527291936,-0.5637052869073137
15.66,-0.00038434524804373477,-0.0011546913769316278,1.4123955941154107,-1.729197059474382,-0.00041271855020001686,-0.0016182406493341047,3.039010060833986e-12,2.2175609629785452e-13,1,0.599999999999985,2.9976021664879227e-14,95.25308925684264,6.28318530717943,0.04248417504670121,-0.5416020864548774
15.68,-0.0003846665605716035,-0.0011568471437154117,1.402021278762319,-1.7395713748274737,-0.00042670196771709475,-0.0016174166647090807,3.0436034679988165e-12,2.3700290853155205e-13,1,0.5999999999999855,2.886579864025407e-14,95.37875296298623,6.283185307179436,0.031865914263617345,-0.5203655648887097
15.700000000000001,-0.0003850434411564477,-0.0011591185241645089,1.3941151252828499,-1.747477528306943,-0.0004401030641214375,-0.0016163152173792313,3.0484763340658206e-12,2.4949451573621966e-13,1,0.5999999999999861,2.7755575615628914e-14,95.50441666912981,6.2831853071794415,0.021664001441065117,-0.4999617392436052
15.72,-0.00038546488785703916,-0.0011614770095266843,1.3887877838211204,-1.7528048697686724,-0.000452735657514561,-0.0016150954588488669,3.053565803772612e-12,2.5851144858075846e-13,1,0.5999999999999867,2.6645352591003757e-14,95.6300803752734,6.283185307179447,0.011862111342004267,-0.4803579590454835
15.74,-0.0003859153380684504,-0.001163890601834559,1.3861114691447205,-1.7554811844450722,-0.0004644349418454261,-0.0016139276990491383,3.05879688583934e-12,2.635616595030182e-13,1,0.5999999999999872,2.55351295663786e-14,95.75574408141698,6.283185307179452,0.0024445588510948746,-0.4615228540636647
15.76,-0.00038637623828326813,-0.0011663253435757733,1.386120768855318,-1.755471884734475,-0.00047505396032894226,-0.0016129836144055888,3.0640870622471453e-12,2.6438473052188975e-13,1,0.5999999999999878,2.4424906541753444e-14,95.88140778756056,6.2831853071794574,-0.006603726124833537,-0.4434262841118079
15.780000000000001,-0.0003868278837857621,-0.0011687466023715906,1.3888133218424594,-1.752779331747334,-0.00048445931120391243,-0.0016124264198416702,3.0693509205239425e-12,2.609512133330782e-13,1,0.5999999999999882,2.353672812205332e-14,96.00707149370415,6.283185307179462,-0.01529722277214618,-0.4260392908171826
15.8,-0.0003872513546651641,-0.0011711202494887275,1.3941501386464947,-1.7474425149432982,-0.000492527039234194,-0.0016124012986542563,3.074504755115775e-12,2.4258399071391964e-13,1,0.5999999999999887,2.2648549702353193e-14,96.13273519984773,6.283185307179467,-0.023649842540190313,-0.6592850675132258
15.82,-0.0003876259877045347,-0.0011733636229183805,1.4020753936098103,-1.7395172599799826,-0.0004988092630464951,-0.001613252197537834,3.0792616125927126e-12,2.3228881536678605e-13,1,0.5999999999999891,2.1760371282653068e-14,96.25839890599131,6.283185307179472,-0.03657531116803636,-0.6334341302575337
15.84,-0.00038794709323173616,-0.001175501460026764,1.4124744518122279,-1.729118201777565,-0.0005035309886233517,-0.0016148525149056346,3.083781791897963e-12,2.1910349386200986e-13,1,0.5999999999999895,2.0872192862952943e-14,96.3840626121349,6.283185307179476,-0.0489939649217655,-0.6085968227500754
15.860000000000001,-0.0003882085557407404,-0.0011775100083466126,1.4251919005632294,-1.716400753026564,-0.0005065813473680773,-0.0016172307479317527,3.0880154868862718e-12,2.0387614658695503e-13,1,0.59999999999999,1.9984014443252818e-14,96.50972631827848,6.2831853071794805,-0.060925676296837816,-0.5847333999999308
15.88,-0.0003884100585793842,-0.0011793725052189894,1.44003496143751,-1.7015576921522833,-0.0005078601368144919,-0.0016203687978105456,3.0919317019178953e-12,1.8762954150808734e-13,1,0.5999999999999904,1.9095836023552692e-14,96.63539002442207,6.283185307179484,-0.07238953857702096,-0.5618056754395645
15.9,-0.00038855688368734517,-0.0011810811325967856,1.4567750594129911,-1.6848175941768018,-0.0005072839911473967,-0.0016242002383429583,3.0955212885374514e-12,1.7151037710262832e-13,1,0.5999999999999908,1.84297022087776e-14,96.76105373056565,6.2831853071794885,-0.08340389638771756,-0.5397769598181713
15.92,-0.00038865888369638105,-0.0011826386607878406,1.4751504944390261,-1.6664421591507672,-0.0005047940882760232,-0.001628611832776428,3.098798762419359e-12,1.5671812929923927e-13,1,0.5999999999999911,1.7763568394002505e-14,96.88671743670923,6.283185307179492,-0.09398637505127977,-0.5186120024910469
15.94,-0.0003887286903422954,-0.0011840593989874385,1.4948703407042565,-1.6467223128855366,-0.00050036443053306,-0.0016334485923933588,3.101802507867401e-12,1.444162873262284e-13,1,0.5999999999999914,1.709743457922741e-14,97.01238114285282,6.283185307179496,-0.10415390879128514,-0.49827693501103615
15.96,-0.00038877938670972274,-0.0011853690938330936,1.515619546560052,-1.6259731070297416,-0.000494009535531408,-0.0016385223184528252,3.1045930832752905e-12,1.3563374752820714e-13,1,0.5999999999999918,1.6431300764452317e-14,97.1380448489964,6.283185307179499,-0.11392276783090721,-0.478739216931792
15.98,-0.0003888220216553838,-0.0011866035481305742,1.5370650658684752,-1.6045275877213179,-0.00048579034287130697,-0.0016436231603146815,3.1072495418022446e-12,1.311683154089552e-13,1,0.5999999999999921,1.5765166949677223e-14,97.26370855513998,6.283185307179503,-0.12330858442874382,-0.4599675837361188
16.0,-0.00038886343111895784,-0.001187805954662288,1.5588627389170155,-1.5827299146727771,-0.0004758173028673939,-0.0016485333320079313,3.1098639480459434e-12,1.3107871926855922e-13,1,0.5999999999999924,1.509903313490213e-14,97.38937226128357,6.283185307179506,-0.1323263778937658,0.21691840427600934
16.02,-0.00038886545554137053,-0.0011890128336130843,1.5806614100730465,-1.5609312435167464,-0.00046523447339213227,-0.001652569008944845,3.112484648593471e-12,1.3230811587327994e-13,1,0.5999999999999928,1.4432899320127035e-14,97.51503596742715,6.28318530717951,-0.1280736317488431,0.2084129119861639
16.04,-0.0003888675973046731,-0.0011902609369235924,1.602110506797635,-1.5394821467921584,-0.0004532573244479916,-0.0016561768554742239,3.115181947719359e-12,1.3864868250644178e-13,1,0.5999999999999931,1.3766765505351941e-14,97.64069967357074,6.283185307179513,-0.12398763816540559,0.2002409248192889
16.06,-0.0003888625060360847,-0.0011915948195882267,1.6228684064957242,-1.5187242470940685,-0.0004401158387913281,-0.0016592140535661684,3.1180535504371957e-12,1.495599796821577e-13,1,0.5999999999999933,1.3322676295501878e-14,97.76636337971432,6.283185307179516,-0.12006185868199469,0.1923893658524671
16.080000000000002,-0.0003888384295340849,-0.0011930512904077865,1.6426068181694593,-1.498985835420334,-0.0004260663943881461,-0.0016615746096596271,3.1211829761844176e-12,1.641824925973038e-13,1,0.5999999999999935,1.2878587085651816e-14,97.8920270858579,6.283185307179519,-0.11629001121389262,0.18484567091626297
16.1,-0.00038878152360458963,-0.0011946567181434302,1.6610175325262029,-1.4805751210635902,-0.0004113810612179875,-0.0016631965231506272,3.1246339877457745e-12,1.8142437804088807e-13,1,0.5999999999999938,1.2434497875801753e-14,98.01769079200149,6.283185307179521,-0.11266606000044674,0.1775977684893712
16.12,-0.0003886784698446822,-0.0011964256745818015,1.6778181474758442,-1.4637745061139489,-0.000396336349937768,-0.0016640655529111623,3.1284469452327355e-12,2.0006337652488925e-13,1,0.599999999999994,1.199040866595169e-14,98.14335449814507,6.283185307179524,-0.10918420594656468,0.17063406038160708
16.14,-0.000388518916915698,-0.0011983608957365425,1.6927565246452314,-1.4488361289445617,-0.0003812026170204767,-0.0016642155000880059,3.1326372350964295e-12,2.1884882162396553e-13,1,0.5999999999999942,1.1546319456101628e-14,98.26901820428866,6.283185307179526,-0.1058388773429251,0.16394340317432793
16.16,-0.00038829735584899986,-0.0012004543126055787,1.705613870015875,-1.4359787835739182,-0.0003662352020359395,-0.001663725265498457,3.1371956411894532e-12,2.365912261245626e-13,1,0.5999999999999944,1.1102230246251565e-14,98.39468191043224,6.283185307179528,-0.10262472095005401,0.15751509038858574
16.18,-0.0003880141996227806,-0.001202688770829843,1.7162064860977708,-1.4253861674920225,-0.00035166809040439157,-0.0016627132004197317,3.1420903179545107e-12,2.522316331432203e-13,1,0.5999999999999946,1.0658141036401503e-14,98.52034561657582,6.283185307179529,-0.09953659343199953,0.15133883535247677
16.2,-0.0003876760069387494,-0.0012050400385268353,1.7243863958036214,-1.4172062577861713,-0.00033771050990220907,-0.001661329414775061,3.1472699237027907e-12,2.359783239391063e-13,1,0.5999999999999949,1.021405182655144e-14,98.64600932271941,6.283185307179532,-0.0965695531258971,0.8074993822866954
16.22,-0.00038730939882622797,-0.0012073426105671532,1.7300110367795134,-1.4115816168102793,-0.000325488967577293,-0.0016600664625710639,3.152091071825109e-12,2.452485645339473e-13,1,0.5999999999999951,9.769962616701378e-15,98.77167302886299,6.283185307179534,-0.08073830129409015,0.7758368786230815
16.240000000000002,-0.0003869182775456518,-0.0012097031899647444,1.7329675767980208,-1.4086250767917718,-0.00031416853727730113,-0.0016589258264873613,3.1570609125003255e-12,2.507429450279385e-13,1,0.5999999999999953,9.325873406851315e-15,98.89733673500658,6.283185307179536,-0.06552780172552913,0.7454158794859594
16.26,-0.00038651937612983435,-0.0012120879770500653,1.7332143023658664,-1.4083783512239272,-0.0003038994261811412,-0.001658069966653044,3.1621003401562218e-12,2.5216238114592874e-13,1,0.5999999999999955,8.881784197001252e-15,99.02300044115016,6.283185307179537,-0.05091371437582476,0.7161877047865507
16.28,-0.0003861305398361507,-0.0012144622638143975,1.7307483324615385,-1.4108443211282555,-0.00029481967883062283,-0.0016576522767019802,3.1671266578600137e-12,2.494466903540535e-13,1,0.5999999999999958,8.43769498715119e-15,99.14866414729374,6.283185307179539,-0.036872653587379234,0.6881055832096596
16.3,-0.0003857688774056528,-0.0012167917402221625,1.725605467359324,-1.4159871862304687,-0.00028705891016930654,-0.001657807649359802,3.172058345048548e-12,2.427731042562182e-13,1,0.5999999999999959,8.215650382226158e-15,99.27432785343733,6.283185307179542,-0.023382150667345003,0.6611245773695912
16.32,-0.00038544896762646397,-0.0012190438566277765,1.7178602699326666,-1.4237323836571267,-0.000280740899903798,-0.0016586435162635335,3.176819777190886e-12,2.3255274666402974e-13,1,0.599999999999996,7.993605777301127e-15,99.39999155958091,6.283185307179544,-0.010420617932922538,0.6352015119007463
16.34,-0.00038518130114271966,-0.0012211893773663221,1.7076262581314186,-1.4339663954583743,-0.00027598432540807197,-0.0016602317840987554,3.181345840910027e-12,2.194227758594158e-13,1,0.5999999999999961,7.771561172376096e-15,99.5256552657245,6.283185307179545,0.0020326858335377174,0.6102949043678257
16.36,-0.0003849711479994388,-0.0012232041846989776,1.695055931431498,-1.446536722158295,-0.00027290117067254455,-0.0016626022049942104,3.1855863154451247e-12,2.042295052811657e-13,1,0.5999999999999962,7.549516567451064e-15,99.65131897186808,6.283185307179546,0.013997688574908573,0.586364898885084
16.38,-0.0003848180402179374,-0.0012250712736559361,1.6803402677368868,-1.461252385852906,-0.00027159268665066186,-0.0016657378145492857,3.1895097838606114e-12,1.8799687818580694e-13,1,0.5999999999999963,7.327471962526033e-15,99.77698267801166,6.283185307179548,0.02549353684824629,0.5633732023384086
16.4,-0.00038471602343698993,-0.0012267827399302775,1.6637073264142466,-1.4778853271755468,-0.0002721431624044289,-0.001669573089137549,3.1931067296593663e-12,1.786537352560274e-13,1,0.5999999999999964,7.105427357601002e-15,99.90264638415525,6.283185307179549,0.03653862646336664,0.29856674555066587
16.42,-0.0003846644111867391,-0.0012283730345536653,1.6454383518132554,-1.4961543017765377,-0.0002742795010103705,-0.0016737499940029808,3.1965128523852885e-12,1.624280071212996e-13,1,0.5999999999999965,6.8833827526759706e-15,100.02831009029885,6.283185307179551,0.04239211123512027,0.2868597760071586
16.44,-0.00038464323896125177,-0.001229817940852131,1.6258111004347569,-1.515781553155036,-0.00027835624457128255,-0.001678385258923461,3.1996162044452253e-12,1.486651510835536e-13,1,0.5999999999999966,6.661338147750939e-15,100.15397379644244,6.2831853071795525,0.04801607758606008,0.275611843305279
16.46,-0.0003846384259893821,-0.001231143254565463,1.605140956579951,-1.5364516970098423,-0.0002843588343365976,-0.0016833024021356792,3.2024771961238348e-12,1.384353907868781e-13,1,0.5999999999999968,6.439293542825908e-15,100.27963750258604,6.283185307179554,0.05341952506219108,0.264804948353017
16.48,-0.000384638056790636,-0.001232385177483038,1.5837641030329133,-1.5578285505568799,-0.0002922275308615944,-0.0016883014108492068,3.205175590320672e-12,1.3257978187211926e-13,1,0.5999999999999969,6.217248937900877e-15,100.40530120872964,6.283185307179555,0.058611100332272015,0.2544217978128551
16.5,-0.0003846346912560802,-0.0012335876236345168,1.5620304490782655,-1.5795622045115278,-0.0003018541090913987,-0.0016931720895089464,3.207805007833457e-12,1.3162477799408797e-13,1,0.599999999999997,5.995204332975845e-15,100.53096491487324,6.283185307179556,0.06359911102433016,0.24444577642873883
16.52,-0.0003846268953881848,-0.0012347984468317366,1.540295882497319,-1.601296771092474,-0.00031308196561926054,-0.0016977085437474648,3.2104659861915803e-12,1.3572616501860406e-13,1,0.5999999999999971,5.773159728050814e-15,100.65662862101684,6.283185307179558,0.0683915390196385,0.23486092043812215
16.54,-0.0003846196591851334,-0.0012360650932169627,1.5189142840486507,-1.6226783695411422,-0.00032570991938366467,-0.0017017235216777405,3.2132582924270607e-12,1.4465221590730998e-13,1,0.5999999999999972,5.551115123125783e-15,100.78229232716043,6.283185307179559,0.07299605322542868,0.2256518920265418
16.56,-0.0003846236012055057,-0.0012374303197932005,1.4982297631205874,-1.6433628904692057,-0.0003394994846428104,-0.0017050613375850974,3.21627332341639e-12,1.5780907366129245e-13,1,0.5999999999999973,5.329070518200751e-15,100.90795603330403,6.2831853071795605,0.07742002184677874,0.21680395478384168
16.580000000000002,-0.0003846531222314275,-0.0012389286042792597,1.4785695435440898,-1.6630231100457031,-0.00035418492145963473,-0.0017076082745192112,3.21958741016725e-12,1.7430368405177827e-13,1,0.5999999999999974,5.10702591327572e-15,101.03361973944763,6.283185307179561,0.08167052417731313,0.2083029501227729
16.6,-0.0003847238867221451,-0.0012405837080938277,1.4602378550177417,-1.6813547985720518,-0.0003694850003423314,-0.0017092996697479304,3.223256678966911e-12,1.6949822258839975e-13,1,0.5999999999999975,4.884981308350689e-15,101.15928344559123,6.283185307179562,0.0857543619275829,-0.6137426109637869
16.62,-0.00038486619518563375,-0.0012422849803599442,1.4434912261082034,-1.69810142748159,-0.00038386671207162797,-0.0017100033999729331,3.2268161025750156e-12,1.867381967608275e-13,1,0.5999999999999976,4.6629367034256575e-15,101.28494715173483,6.283185307179563,0.07372176593157909,-0.5896774189717793
16.64,-0.0003850614765754255,-0.0012441473066977103,1.428644728347922,-1.7129479252418713,-0.0003983600677510257,-0.001710108810270059,3.230728859782577e-12,2.0451193019118613e-13,1,0.5999999999999978,4.440892098500626e-15,101.41061085787842,6.283185307179564,0.06216097477303212,-0.5665558366546853
16.66,-0.0003853162347211121,-0.0012461643672673852,1.4159246399495344,-1.7256680136402585,-0.00041271354790321357,-0.0017096892710028698,3.2349930188077973e-12,2.2158150900786786e-13,1,0.5999999999999979,4.218847493575595e-15,101.53627456402202,6.283185307179565,0.05105348871965465,-0.5443408645479304
16.68,-0.0003856312477680796,-0.0012483204021457694,1.4055198436910044,-1.736072809898789,-0.00042669510481051497,-0.0017088543070794718,3.239582980886583e-12,2.368346502209754e-13,1,0.599999999999998,3.9968028886505635e-15,101.66193827016562,6.283185307179565,0.04038153342403783,-0.5229969539566968
16.7,-0.00038600121062631995,-0.0012505922585238473,1.3975805474905578,-1.7440121060992357,-0.0004400953918014351,-0.0017077425262397629,3.2444525932818154e-12,2.493388680924107e-13,1,0.5999999999999981,3.774758283725532e-15,101.78760197630922,6.283185307179565,0.030128031480903483,-0.5024899500704281
16.72,-0.00038641518415503744,-0.001252951438276876,1.392218111303411,-1.7493745422863825,-0.00045272825027226765,-0.0017065131038317089,3.2495391170552055e-12,2.583736480797648e-13,1,0.5999999999999982,3.552713678800501e-15,101.91326568245282,6.283185307179565,0.02027657509961217,-0.48278703730784545
16.740000000000002,-0.0003868576962628175,-0.0012553659257269804,1.3895055613424747,-1.7520870922473186,-0.0004644288455115606,-0.0017053363999402545,3.2547676521760777e-12,2.6344552138585014e-13,1,0.5999999999999983,3.3306690738754696e-15,102.03892938859642,6.283185307179565,0.010811399848197734,-0.46385668680501657
16.76,-0.00038731030387223876,-0.0012578017205799744,1.389478349866306,-1.752114303723487,-0.0004750501473388868,-0.0017043841764825618,3.260055740951972e-12,2.642924418622777e-13,1,0.5999999999999984,3.1086244689504383e-15,102.16459309474001,6.283185307179565,0.0017173594269127845,-0.4456686059624467
16.78,-0.0003877534265172063,-0.001260224128243406,1.3921349876476192,-1.749457665942174,-0.0004844586423549035,-0.001703819772342266,3.2653179978790246e-12,2.6088329469304964e-13,1,0.5999999999999985,2.886579864025407e-15,102.29025680088361,6.283185307179565,-0.007020098569082117,-0.42819368997045687
16.8,-0.0003881682778147802,-0.0012625989454583934,1.3974373206788187,-1.7441553329109745,-0.0004925302307207203,-0.001703788530353168,3.270470711862459e-12,2.424844186430158e-13,1,0.5999999999999986,2.6645352591003757e-15,102.41592050702721,6.283185307179565,-0.015414955936671082,-0.6626061125909695
16.82,-0.0003885345215538427,-0.001264843136162785,1.4053313090570856,-1.736261344532707,-0.000498815013618816,-0.0017046360657456219,3.2752258136779847e-12,2.3221236171625437e-13,1,0.5999999999999986,2.6645352591003757e-15,102.54158421317081,6.283185307179565,-0.02840553458456646,-0.6366249552951787
16.84,-0.00038884743819168574,-0.0012669816787016022,1.4157019346634288,-1.7258907189263644,-0.0005035396295949721,-0.0017062345661827075,3.2797446794305157e-12,2.1904797418276734e-13,1,0.5999999999999986,2.6645352591003757e-15,102.6672479193144,6.283185307179565,-0.04088674535794201,-0.6116625337484276
16.86,-0.00038910105061973615,-0.0012689907644886731,1.4283942265943206,-1.713198426995472,-0.000506592976685054,-0.001708612656125753,3.283977454137041e-12,2.0383898196935253e-13,1,0.5999999999999986,2.6645352591003757e-15,102.792911625458,6.283185307179565,-0.052878560856835455,-0.5876789027506407
16.88,-0.0003892951702622546,-0.0012708535941519366,1.4432156512316532,-1.6983770023581402,-0.0005078746156575416,-0.0017117523348194445,3.2878930902622184e-12,1.8760823891364133e-13,1,0.5999999999999986,2.6645352591003757e-15,102.9185753316016,6.283185307179565,-0.06440017054443542,-0.5646356833754408
16.9,-0.0003894351885893825,-0.001272562337695485,1.4599376592840236,-1.6816549943057693,-0.0005073009539692954,-0.0017155872258231126,3.291482393714027e-12,1.7150296248449965e-13,1,0.5999999999999986,2.6645352591003757e-15,103.0442390377452,6.283185307179565,-0.07547001145431659,-0.5424960015556785
16.92,-0.0003895310395419696,-0.0012741197806970524,1.4782983482084562,-1.6632943053813367,-0.0005048129684011077,-0.0017200040785294714,3.2947598484232434e-12,1.567234597388986e-13,1,0.5999999999999986,2.6645352591003757e-15,103.1699027438888,6.283185307179565,-0.08610579769362675,-0.5212244290770581
16.94,-0.00038959539794052543,-0.0012755402734236608,1.4980063684731098,-1.6435862851166831,-0.0005003845021412146,-0.0017248478180074164,3.297763825366251e-12,1.4443417779103445e-13,1,0.5999999999999986,2.6645352591003757e-15,103.2955664500324,6.283185307179565,-0.09632454878943753,-0.5007869268854366
16.96,-0.00038964134320571654,-0.0012768496236201972,1.5187460481972646,-1.6228466053925281,-0.0004940299708457252,-0.0017299300868085698,3.30055488838712e-12,1.3566487611996924e-13,1,0.5999999999999986,2.6645352591003757e-15,103.421230156176,6.283185307179565,-0.10614261692361876,-0.4811507906170741
16.98,-0.00038967986887318936,-0.0012780837055095745,1.5401835662220908,-1.6014090873677027,-0.0004858102810116867,-0.0017350408122369688,3.3032121107547237e-12,1.31213914000339e-13,1,0.5999999999999986,2.6645352591003757e-15,103.54689386231959,6.283185307179565,-0.11557571309981807,-0.4622845982646755
17.0,-0.00038971770449225206,-0.0012792857813461438,1.561973888588062,-1.5796187650017313,-0.0004758359246127918,-0.0017399619403478312,3.3058275838523194e-12,1.3113012012232602e-13,1,0.5999999999999986,2.6645352591003757e-15,103.67255756846319,6.283185307179565,-0.12463893228441852,0.21398811174149823
17.02,-0.00038971625296378574,-0.0012804922996042557,1.5837651556805088,-1.557827497909284,-0.00046525052930438527,-0.0017440090290531743,3.308449495150408e-12,1.323779919057117e-13,1,0.5999999999999986,2.6645352591003757e-15,103.79822127460679,6.283185307179565,-0.12044363534635878,0.20559751786537875
17.04,-0.0003897152116471948,-0.001281740173424119,1.6052060845728686,-1.5363865690169245,-0.000453270228392121,-0.001747628712332642,3.3111483808714128e-12,1.387374622124818e-13,1,0.5999999999999986,2.6645352591003757e-15,103.92388498075039,6.283185307179565,-0.1164128383541629,0.19753592388098698
17.06,-0.00038970703323002587,-0.001283073972651063,1.6259542100955442,-1.5156384434942485,-0.00044012521838711604,-0.0017506778872895614,3.3140219451834133e-12,1.496670426248375e-13,1,0.5999999999999986,2.6645352591003757e-15,104.04954868689398,6.283185307179565,-0.11254009117269415,0.18979042951804947
17.080000000000002,-0.0003896797699364525,-0.0012845304894421616,1.645680540544257,-1.4959121130455362,-0.0004260721263724377,-0.001753050322229185,3.317153681919609e-12,1.6430584676679137e-13,1,0.5999999999999986,2.6645352591003757e-15,104.17521239303758,6.283185307179565,-0.10881919658023205,0.18234864033312528
17.1,-0.0003896194016296732,-0.0012861360484885192,1.6640763522333095,-1.4775163013564834,-0.0004113832825722653,-0.0017546838355943606,3.3206072993829022e-12,1.8156057912560704e-13,1,0.5999999999999986,2.6645352591003757e-15,104.30087609918118,6.283185307179565,-0.10524420035159547,0.17519864787585213
17.12,-0.0003895124679865096,-0.0012879051589628069,1.680858941847099,-1.4607337117426944,-0.0003963354456798062,-0.0017555640638086884,3.324423075248788e-12,2.0020769604027552e-13,1,0.5999999999999986,2.6645352591003757e-15,104.42653980532478,6.283185307179565,-0.10180938173011207,0.16832901063288533
17.14,-0.0003893485185383249,-0.0012898404872941274,1.695776091148807,-1.445816562440986,-0.0003811991887090509,-0.001755724737022889,3.328616291161324e-12,2.1899562120849768e-13,1,0.5999999999999986,2.6645352591003757e-15,104.55220351146838,6.283185307179565,-0.09850924427318708,0.16172873571903534
17.16,-0.0003891219907658316,-0.0012919338997363062,1.7086091386507773,-1.432983514939016,-0.0003662300230400361,-0.0017552447232000775,3.3331776127935223e-12,2.367344614180417e-13,1,0.5999999999999986,2.6645352591003757e-15,104.67786721761198,6.283185307179565,-0.09533850705682254,0.15538726128630626
17.18,-0.00038883328737784135,-0.0012941681919551881,1.719174709156199,-1.4224179444335938,-0.0003516620545199613,-0.001754242362165019,3.3380750737448312e-12,2.5236539906284196e-13,1,0.5999999999999986,2.6645352591003757e-15,104.80353092375557,6.283185307179565,-0.09229209622501225,0.14929443962268568
17.2,-0.0003884889943685077,-0.0012965191035628316,1.7273253058759608,-1.4142673477138317,-0.00033770457907521733,-0.0017528677564590273,3.34325721952297e-12,2.361134126797223e-13,1,0.5999999999999986,2.6645352591003757e-15,104.92919462989917,6.283185307179565,-0.08936513687048969,0.8048461900652354
17.22,-0.0003881161152576505,-0.0012988212708080248,1.7329211830896638,-1.4086714705001295,-0.0003254829784261631,-0.0017516124120631037,3.348080951887814e-12,2.4537090096151674e-13,1,0.5999999999999986,2.6645352591003757e-15,105.05485833604277,6.283185307179565,-0.07358590161620282,0.7732877195566616
17.240000000000002,-0.0003877183355993779,-0.0013011813007339304,1.735847987003266,-1.4057446665865267,-0.0003141633710577944,-0.0017504786790888832,3.3530530847264577e-12,2.5084913079734676e-13,1,0.5999999999999986,2.6645352591003757e-15,105.18052204218637,6.283185307179565,-0.05842537902598394,0.7429666743762239
17.26,-0.000387312481525959,-0.001303565424594839,1.736064727065954,-1.4055279265238383,-0.0003038958927597821,-0.0017496289606491163,3.3580944570813256e-12,2.522503053733288e-13,1,0.5999999999999986,2.6645352591003757e-15,105.30618574832997,6.283185307179565,-0.04385930902927143,0.7138345343827989
17.28,-0.00038691650434331224,-0.001305938981092566,1.733569255181013,-1.4080233984087798,-0.0002948184820531532,-0.0017492165633233323,3.363122343195324e-12,2.4951557520214797e-13,1,0.5999999999999986,2.6645352591003757e-15,105.43184945447356,6.283185307179565,-0.02986438280647652,0.685844681937209
17.3,-0.0003865476273903429,-0.00130826771694214,1.7283980750890868,-1.4131945785007058,-0.00028706061842089767,-0.0017493762647936993,3.368055219751914e-12,2.428234129125776e-13,1,0.5999999999999986,2.6645352591003757e-15,105.55751316061716,6.283185307179565,-0.01641820548989925,0.6589523273040545
17.32,-0.00038622054899345546,-0.0013105191427267432,1.7206263858594697,-1.4209662677303232,-0.00028074592150270373,-0.0017502153608853375,3.372817482412522e-12,2.325859668329986e-13,1,0.5999999999999986,2.6645352591003757e-15,105.68317686676076,6.283185307179565,-0.0034992603271623013,0.6331144369785806
17.34,-0.000385945880757377,-0.0013126640795868324,1.7103682381548269,-1.4312244154349667,-0.00027599288919750596,-0.001751805613541344,3.377344055500293e-12,2.1944109847896733e-13,1,0.5999999999999986,2.6645352591003757e-15,105.80884057290436,6.283185307179565,0.008913125750183326,0.6082896648238894
17.36,-0.00038572901092601944,-0.0013146784563800621,1.6977765269184821,-1.4438161266713108,-0.00027291331309996485,-0.001754176636623292,3.381584766198568e-12,2.042354286982942e-13,1,0.5999999999999986,2.6645352591003757e-15,105.93450427904796,6.283185307179565,0.020838815207978367,0.5844382859082993
17.38,-0.00038556958149187336,-0.0013165452984309242,1.6830424590240949,-1.4585501945656985,-0.0002716082474081258,-0.0017573113512566996,3.385508247416094e-12,1.8799278290592484e-13,1,0.5999999999999986,2.6645352591003757e-15,106.06016798519155,6.283185307179565,0.03229689169363803,0.56152213293698
17.400000000000002,-0.00038546173281955246,-0.0013182567108031033,1.6663941346873645,-1.4751985189024284,-0.0002721617910343401,-0.0017611441601201267,3.3891050260379e-12,1.7866757746703268e-13,1,0.5999999999999986,2.6645352591003757e-15,106.18583169133515,6.283185307179565,0.04330569057405942,0.2957798504217539
17.42,-0.00038540471043536234,-0.0013198472558328298,1.6481122526393326,-1.4934804009504603,-0.00027429950851697905,-0.0017653162871877886,3.39251129616499e-12,1.6242912351017493e-13,1,0.5999999999999986,2.6645352591003757e-15,106.31149539747875,6.283185307179565,0.04910453748529889,0.284182156599275
17.44,-0.0003853787520310285,-0.0013212925407085861,1.6284747428314745,-1.5131179107583188,-0.00027837696822617013,-0.0017699453130215937,3.3956145474553385e-12,1.486539400510419e-13,1,0.5999999999999986,2.6645352591003757e-15,106.43715910362235,6.283185307179565,0.05467600835687883,0.2730392148561151
17.46,-0.00038536977621028256,-0.001322618306318821,1.6077964538911258,-1.533796199698667,-0.00028437950877083814,-0.0017748549106671619,3.3984751889763388e-12,1.3841137142545457e-13,1,0.5999999999999986,2.6645352591003757e-15,106.56282280976595,6.283185307179565,0.06002901873083763,0.2623331941081975
17.48,-0.00038536582173450285,-0.0013238606901590036,1.5864128946378475,-1.5551797589519456,-0.0002922473518513743,-0.0017798452748402401,3.401172966897254e-12,1.325418491352029e-13,1,0.5999999999999986,2.6645352591003757e-15,106.68848651590955,6.283185307179565,0.06517213456581009,0.2520469624382526
17.5,-0.0003853593579264366,-0.0013250635433739103,1.5646732100693848,-1.5769194435204081,-0.0003018723029716277,-0.0017847064548301619,3.403801476659888e-12,1.3157162073809792e-13,1,0.5999999999999986,2.6645352591003757e-15,106.81415022205314,6.283185307179565,0.0701135859443887,0.24216405968109536
17.52,-0.00038534882140260466,-0.0013262746695172523,1.5429324900043675,-1.5986601635854258,-0.00031309785741661186,-0.0017892328180581947,3.4064612312449498e-12,1.3565676775089366e-13,1,0.5999999999999986,2.6645352591003757e-15,106.93981392819674,6.283185307179565,0.07486128024301171,0.23266867108384934
17.54,-0.00038533904533828554,-0.0013275414863446735,1.5215438430695283,-1.6200488105202648,-0.00032572299237066917,-0.0017932373692519364,3.4092519840695497e-12,1.4456634369844797e-13,1,0.5999999999999986,2.6645352591003757e-15,107.06547763434034,6.283185307179565,0.0794228147854524,0.22354560199896795
17.56,-0.00038534047923637126,-0.0013289067495752278,1.5008506884640218,-1.6407419651257715,-0.0003395094249137697,-0.00179656465394414,3.4122651381018353e-12,1.5770764230228824e-13,1,0.5999999999999986,2.6645352591003757e-15,107.19114134048394,6.283185307179565,0.08380548900015794,0.21478025356955688
17.580000000000002,-0.00038536735911900316,-0.001330404962833462,1.48117968882243,-1.6604129647673629,-0.0003541916432164668,-0.0017991011459910706,3.4155770558160945e-12,1.7418894343668862e-13,1,0.5999999999999986,2.6645352591003757e-15,107.31680504662754,6.283185307179565,0.08801631610089222,0.2063585993680883
17.6,-0.00038543520407302746,-0.0013320599356841357,1.4628346754290036,-1.6787579781607898,-0.00036948865043319706,-0.0018007823251387923,3.419243921853846e-12,1.6938807590747597e-13,1,0.5999999999999986,2.6645352591003757e-15,107.44246875277113,6.283185307179565,0.0920620343093741,-0.615970674082321
17.62,-0.0003855742772698368,-0.0013337611765895452,1.4460736382495305,-1.6955190153402624,-0.0003838673223838118,-0.0018014768406023865,3.422801039293213e-12,1.8661869554254739e-13,1,0.5999999999999986,2.6645352591003757e-15,107.56813245891473,6.283185307179565,0.07998575651112944,-0.5918181184858317
17.64,-0.0003857659242784282,-0.0013356234916195588,1.4312100672355796,-1.7103825863542133,-0.0003983580887368521,-0.0018015734470505872,3.4267113441245846e-12,2.0438735011441097e-13,1,0.5999999999999986,2.6645352591003757e-15,107.69379616505833,6.283185307179565,0.0683829963383063,-0.5686125981401854
17.66,-0.00038601659720133074,-0.0013376406165988347,1.418470327046012,-1.7231223265437814,-0.00041270957675607387,-0.0018011455481035095,3.430972996514685e-12,2.214566591093234e-13,1,0.5999999999999986,2.6645352591003757e-15,107.81945987120193,6.283185307179565,0.05723518689924062,-0.546316979262054
17.68,-0.00038632706001460695,-0.001339796836486031,1.4080435585021358,-1.7335490950876569,-0.0004266898420650979,-0.0018003026821574884,3.4355604957926244e-12,2.367144139793206e-13,1,0.5999999999999986,2.6645352591003757e-15,107.94512357734553,6.283185307179565,0.04652448932050374,-0.5248955841045803
17.7,-0.00038669202629225527,-0.0013420690262691236,1.4000803706662917,-1.7415122829235017,-0.0004400895966297839,-0.001799183465548262,3.44042778420516e-12,2.492277548405255e-13,1,0.5999999999999986,2.6645352591003757e-15,108.07078728348912,6.283185307179565,0.036233764200898966,-0.5043141338653707
17.72,-0.00038710060208424897,-0.0013444286954086737,1.3946926339019505,-1.7469000196878426,-0.0004527226983279244,-0.0017979470907126297,3.4455122063031966e-12,2.582754151888597e-13,1,0.5999999999999986,2.6645352591003757e-15,108.19645098963272,6.283185307179565,0.026346544184763176,-0.48453969383309914
17.740000000000002,-0.0003875373805737643,-0.0013468438154919965,1.3919539585708463,-1.7496386950189464,-0.000464424291410775,-0.0017967639537198312,3.4507389275030054e-12,2.633629033584731e-13,1,0.5999999999999986,2.6645352591003757e-15,108.32211469577632,6.283185307179565,0.016847007610684472,-0.46554062068494173
17.76,-0.00038798399841900616,-0.0013492803554955453,1.391900419994518,-1.7496922335952751,-0.0004750472922992311,-0.0017958058779177504,3.4560255332974956e-12,2.642270007125126e-13,1,0.5999999999999986,2.6645352591003757e-15,108.44777840191992,6.283185307179565,0.00771995319346841,-0.4472865118505096
17.78,-0.00038842096493988385,-0.0013517035761438098,1.3945311577873154,-1.7470614958024777,-0.00048445810648591004,-0.0017952362913684725,3.461286657338661e-12,2.6083539161179824e-13,1,0.5999999999999986,2.6645352591003757e-15,108.57344210806352,6.283185307179565,-0.0010492243011613611,-0.42974815686125006
17.8,-0.00038882959029303395,-0.0013540792206563714,1.3998086210433336,-1.7417840325464597,-0.0004925325291102888,-0.0017952006517851114,3.4664385842565294e-12,2.4241359796394675e-13,1,0.5999999999999986,2.6645352591003757e-15,108.69910581420712,6.283185307179565,-0.009474557428053865,-0.665001708150145
17.82,-0.0003891897759515781,-0.0013563239836885772,1.40768006559922,-1.7339125879905728,-0.0004988192031150475,-0.001796045779271139,3.471192438979062e-12,2.3215813902626917e-13,1,0.5999999999999986,2.6645352591003757e-15,108.82476952035071,6.283185307179565,-0.02251210239866902,-0.6389266182089147
17.84,-0.00038949677953734773,-0.0013584630174894648,1.4180301913556186,-1.7235624622341748,-0.0005035459454358972,-0.0017976429865435538,3.4757103748852062e-12,2.19008764224062e-13,1,0.5999999999999986,2.6645352591003757e-15,108.95043322649431,6.283185307179565,-0.03503843791890954,-0.6138739471684337
17.86,-0.0003897447240049629,-0.0013604724733093517,1.430704347267654,-1.710888306322139,-0.0005066014848337968,-0.0018000209899146722,3.4799425015904256e-12,2.0381291700912132e-13,1,0.5999999999999986,2.6645352591003757e-15,109.07609693263791,6.283185307179565,-0.04707360879803524,-0.5898036054101823
17.88,-0.0003899335133751627,-0.0013623355256145156,1.4455101773916867,-1.6960824761981064,-0.0005078852103673607,-0.001803161859423208,3.4838577340068526e-12,1.875935166948414e-13,1,0.5999999999999986,2.6645352591003757e-15,109.20176063878151,6.283185307179565,-0.05863687387709282,-0.5666770752520671
17.900000000000002,-0.0003900686182983761,-0.001364044336111823,1.4622191517917988,-1.6793735017979943,-0.0005073133651134483,-0.00180699925459268,3.487446845093005e-12,1.7149816043506858e-13,1,0.5999999999999986,2.6645352591003757e-15,109.3274243449251,6.283185307179565,-0.0697467368471702,-0.5444573493119124
17.92,-0.0003901600314848627,-0.0013656017017118097,1.4805692222032483,-1.6610234313865444,-0.0005048267801076006,-0.0018114199148718557,3.4907242959753757e-12,1.567277617454645e-13,1,0.5999999999999986,2.6645352591003757e-15,109.4530880510687,6.283185307179565,-0.08042097585925001,-0.5231088712877527
17.94,-0.00039022045888410545,-0.0013670220026117557,1.5002687332461238,-1.6413239203436696,-0.0005003991833198492,-0.0018162687031528567,3.4937284482604236e-12,1.4444746651306044e-13,1,0.5999999999999986,2.6645352591003757e-15,109.5787517572123,6.283185307179565,-0.09067667197304402,-0.5025974790601647
17.96,-0.00039026297724619087,-0.0013683310909057065,1.5210015648887596,-1.6205910887010333,-0.0004940449167358714,-0.0018213571474811109,3.4965198701236516e-12,1.3568766428622634e-13,1,0.5999999999999986,2.6645352591003757e-15,109.7044154633559,6.283185307179565,-0.1005302364903328,-0.48289035002558717
17.98,-0.00039029854009362273,-0.0013695648925408745,1.542433335706189,-1.599159317883604,-0.00048582486316620484,-0.0018264750149411175,3.499177649874297e-12,1.3124711943621134e-13,1,0.5999999999999986,2.6645352591003757e-15,109.8300791694995,6.283185307179565,-0.10999743721654992,-0.4639559485731529
18.0,-0.0003903338000537066,-0.0013707667199978233,1.5642183796134204,-1.577374273976373,-0.00047584954512480237,-0.001831404058260263,3.5017938988360143e-12,1.311675168063914e-13,1,0.5999999999999986,2.6645352591003757e-15,109.9557428756431,6.283185307179565,-0.11909342369263454,0.2118750586593634
18.02,-0.0003903298446916866,-0.001371972968809144,1.5860043276230447,-1.555588325966749,-0.0004652622842943927,-0.001835459391343198,3.5044166900344085e-12,1.3242873874188744e-13,1,0.5999999999999986,2.6645352591003757e-15,110.0814065817867,6.283185307179565,-0.1149395537528005,0.20356731877969533
18.04,-0.00039032651123802666,-0.0013732206696328414,1.6074393829193903,-1.5341532706704033,-0.00045327968937650294,-0.0018390876249011411,3.5071167275344158e-12,1.3880189681502172e-13,1,0.5999999999999986,2.6645352591003757e-15,110.20707028793029,6.283185307179565,-0.11094855938299567,0.19558533004008566
18.06,-0.0003903161100425746,-0.0013745544027369827,1.6281804713996084,-1.5134121821901845,-0.0004401321120605277,-0.0018421454506702124,3.5099917153918935e-12,1.497447380708225e-13,1,0.5999999999999986,2.6645352591003757e-15,110.33273399407389,6.283185307179565,-0.1071140541407708,0.18791631955563592
18.080000000000002,-0.00039028655204834464,-0.0013760109478539468,1.647898095247381,-1.493694558342412,-0.0004260763601019127,-0.0018445264653717843,3.5131251292894695e-12,1.6439537718536624e-13,1,0.5999999999999986,2.6645352591003757e-15,110.45839770021749,6.283185307179565,-0.10342990199966692,0.18054801527342818
18.1,-0.00039022369009646633,-0.0013776165973878275,1.6662831596404502,-1.475309493949343,-0.0004113849523216916,-0.0018461683571624082,3.516580638353174e-12,1.8165946145631915e-13,1,0.5999999999999986,2.6645352591003757e-15,110.58406140636109,6.283185307179565,-0.0998902075302639,0.17346862633462212
18.12,-0.0003901139614850117,-0.0013793858148303387,1.6830527444675911,-1.4585399091222015,-0.00039633482704492726,-0.0018470566743948682,3.52039846073681e-12,2.003125127485449e-13,1,0.5999999999999986,2.6645352591003757e-15,110.70972511250469,6.283185307179565,-0.09648930646623559,0.1666668242065655
18.14,-0.0003899468443155414,-0.0013813212159421928,1.6979545748530982,-1.4436380787366954,-0.0003811967140218333,-0.0018472250962341791,3.524593802284553e-12,2.191022926189562e-13,1,0.5999999999999986,2.6645352591003757e-15,110.83538881864828,6.283185307179565,-0.09322175664031529,0.1601317245547249
18.16,-0.00038971673756505094,-0.0013834146198851598,1.710770086200386,-1.4308225673894075,-0.000366226248942919,-0.001846752467103245,3.529157243133226e-12,2.368386117679806e-13,1,0.5999999999999986,2.6645352591003757e-15,110.96105252479188,6.283185307179565,-0.09008232927566706,0.15385286982542845
18.18,-0.0003894240366667604,-0.00138564878599545,1.7213161372204255,-1.420276516369368,-0.00035165762478414956,-0.0018457571186319998,3.5340567293842557e-12,2.5246275210663327e-13,1,0.5999999999999986,2.6645352591003757e-15,111.08671623093548,6.283185307179565,-0.08706600061872723,0.14782021251154878
18.2,-0.00038907534740568333,-0.001387999433156314,1.7294455789556977,-1.4121470746340954,-0.0003377001868295558,-0.0018443891480036095,3.539240724845877e-12,2.362116547519483e-13,1,0.5999999999999986,2.6645352591003757e-15,111.21237993707908,6.283185307179565,-0.08416794390012694,0.8029328964434586
18.22,-0.0003886979487042328,-0.0013903012998783947,1.7350206963787151,-1.406571957211078,-0.0003254785077136869,-0.0018431393055638942,3.544066337327938e-12,2.4545994647991247e-13,1,0.5999999999999986,2.6645352591003757e-15,111.33804364322268,6.283185307179565,-0.06842621930382814,0.771449447250861
18.240000000000002,-0.0003882953701999331,-0.0013926609237642255,1.73792603999776,-1.4036666135920335,-0.00031415945758544105,-0.0018420105662757809,3.549040139506141e-12,2.5092651553141947e-13,1,0.5999999999999986,2.6645352591003757e-15,111.46370734936627,6.283185307179565,-0.05330173655765985,0.7412004817585244
18.26,-0.0003878845051593258,-0.0013950445584782396,1.7381211412743318,-1.4034715123154609,-0.00030389312107095845,-0.0018411652919791063,3.5540829302317104e-12,2.5231449548679396e-13,1,0.5999999999999986,2.6645352591003757e-15,111.58937105550987,6.283185307179565,-0.038770293262499866,0.7121375951682044
18.28,-0.00038748338130898064,-0.001397417576574671,1.7356043809414674,-1.405988272648326,-0.00029481736062137267,-0.0018407567263074645,3.5591119627458153e-12,2.4956599969591397e-13,1,0.5999999999999986,2.6645352591003757e-15,111.71503476165347,6.283185307179565,-0.02480863600886929,0.6842142806609433
18.3,-0.0003871093045335652,-0.001399745765899211,1.73041276995108,-1.411179883638713,-0.00028706155850067493,-0.0018409195638268681,3.5640457115564764e-12,2.4286039678748396e-13,1,0.5999999999999986,2.6645352591003757e-15,111.84069846779707,6.283185307179565,-0.01139442316651662,0.6573858549762379
18.32,-0.0003867770592425447,-0.0014019966806964595,1.7226219657464206,-1.4189706878433732,-0.00028074921946556254,-0.0018417610023029282,3.5688085867141352e-12,2.3261057467255056e-13,1,0.5999999999999986,2.6645352591003757e-15,111.96636217394067,6.283185307179565,0.001493810866957268,0.6316093869092901
18.34,-0.00038649734413867266,-0.0014041411833108262,1.712346402499277,-1.4292462510905164,-0.0002759987126025784,-0.0018433526992232571,3.5733355395715612e-12,2.1945490284963793e-13,1,0.5999999999999986,2.6645352591003757e-15,112.09202588008426,6.283185307179565,0.013876690015642568,0.6068436286119195
18.36,-0.0003862756325745975,-0.0014061552364454048,1.6997392595677518,-1.4418533940220417,-0.00027292169141528513,-0.0018457241687075414,3.577576431750588e-12,2.0424022526828622e-13,1,0.5999999999999986,2.6645352591003757e-15,112.21768958622786,6.283185307179565,0.0257740295279989,0.5830489495872069
18.38,-0.00038611164573132504,-0.0014080218875123813,1.684991908188889,-1.4566007454009036,-0.00027161906886501023,-0.0018488582493314085,3.5814999320062004e-12,1.879902847923608e-13,1,0.5999999999999986,2.6645352591003757e-15,112.34335329237146,6.283185307179565,0.037204867685480536,0.5601872732722436
18.400000000000002,-0.00038599959219023407,-0.0014097332485689426,1.6683324774383377,-1.4732601761514559,-0.000272174807338061,-0.0018526892906476947,3.5850965984706147e-12,1.7867796740963875e-13,1,0.5999999999999986,2.6645352591003757e-15,112.46901699851506,6.283185307179565,0.048187496267848295,0.2937696100380661
18.42,-0.0003859386675156203,-0.0014113239620450306,1.6500412705864065,-1.4915513830033866,-0.0002743135059118877,-0.0018568579834135266,3.5885029823180677e-12,1.6243026563533178e-13,1,0.5999999999999986,2.6645352591003757e-15,112.59468070465866,6.283185307179565,0.053946931852646235,0.28225073886847024
18.44,-0.00038590925607282623,-0.0014127695087817007,1.6303963450007464,-1.5111963085890467,-0.00027839147413177606,-0.0018614825203473106,3.5916061670608793e-12,1.4864613421456878e-13,1,0.5999999999999986,2.6645352591003757e-15,112.72034441080226,6.283185307179565,0.05948053673799819,0.27118352909776633
18.46,-0.0003858972760582499,-0.0014140955903054607,1.6097121633801452,-1.5318804902096481,-0.00028439397667839135,-0.0018663866861290432,3.5944665611913794e-12,1.3839428836809998e-13,1,0.5999999999999986,2.6645352591003757e-15,112.84600811694585,6.283185307179565,0.06479716587228604,0.26055027082919063
18.48,-0.000385890733325432,-0.0014153382978860129,1.5883237492185065,-1.5532689043712864,-0.0002922612070987803,-0.0018713708251054918,3.5971638992066888e-12,1.3251471326142392e-13,1,0.5999999999999986,2.6645352591003757e-15,112.97167182308945,6.283185307179565,0.06990532699639937,0.25033394858096397
18.5,-0.0003858820320121463,-0.0014165414373825725,1.566579697266004,-1.5750129563237891,-0.0003018849925885829,-0.0018762251631383238,3.5997917587117953e-12,1.3153350944433633e-13,1,0.5999999999999986,2.6645352591003757e-15,113.09733552923305,6.283185307179565,0.07481319425793591,0.2405182140578909
18.52,-0.0003858695155759866,-0.0014177527760747164,1.5448345228622336,-1.5967581307275598,-0.0003131088990872968,-0.0018807442564786896,3.602450635439167e-12,1.3560697060655388e-13,1,0.5999999999999986,2.6645352591003757e-15,113.22299923537665,6.283185307179565,0.07952862129158166,0.2310873599905994
18.54,-0.00038585790424134914,-0.0014190197111135718,1.5234407786644142,-1.6181518749253794,-0.0003257320172737278,-0.0018847412950084145,3.605240273395033e-12,1.4450470955261975e-13,1,0.5999999999999986,2.6645352591003757e-15,113.34866294152025,6.283185307179565,0.08405915378660185,0.222026295000559
18.56,-0.00038585752570616965,-0.0014203849970620016,1.5027413867263972,-1.638851266863396,-0.00033951620983556146,-0.0018880609911811229,3.6082520802539197e-12,1.5763484427832115e-13,1,0.5999999999999986,2.6645352591003757e-15,113.47432664766384,6.283185307179565,0.08841204156155369,0.21332051945065533
18.580000000000002,-0.000385882497232179,-0.0014218831559217042,1.48306260519175,-1.6585300483980436,-0.0003541961288241446,-0.0018905899566589162,3.6115624413723073e-12,1.741066102645863e-13,1,0.5999999999999986,2.6645352591003757e-15,113.59999035380744,6.283185307179565,0.09259425016554267,0.20495610224267738
18.6,-0.00038594823306491936,-0.0014235380316330992,1.4647079778415262,-1.6768846757482674,-0.00036949094463956664,-0.0018922637741653396,3.6152275835336677e-12,1.693090401439407e-13,1,0.5999999999999986,2.6645352591003757e-15,113.72565405995104,6.283185307179565,0.09661247202458723,-0.6175783398626578
18.62,-0.0003860849691846226,-0.0014252392468439836,1.4479365474012744,-1.6936561061885183,-0.00038386744719691625,-0.0018929516509155065,3.6187830463575714e-12,1.8653296722901063e-13,1,0.5999999999999986,2.6645352591003757e-15,113.85131776609464,6.283185307179565,0.08450467548789126,-0.5933627467892658
18.64,-0.0003862739913104898,-0.0014271015504672766,1.433060663818817,-1.708531989770976,-0.0003983563703257506,-0.001893041915145388,3.6226915921433597e-12,2.0429800558066024e-13,1,0.5999999999999986,2.6645352591003757e-15,113.97698147223824,6.283185307179565,0.07287163244402867,-0.5700966607015406
18.66,-0.000386521714132185,-0.0014291187181934054,1.4203067532597111,-1.7212859003300824,-0.00041270644681999625,-0.001892607994578515,3.626951447194958e-12,2.2136715677152215e-13,1,0.5999999999999986,2.6645352591003757e-15,114.10264517838183,6.283185307179565,0.061694727542281114,-0.5477428508980455
18.68,-0.0003868288912940472,-0.0014312750671510775,1.409864141716542,-1.7317285118732508,-0.0004266858066170257,-0.0018917594374012723,3.631537181376281e-12,2.3662826502439426e-13,1,0.5999999999999986,2.6645352591003757e-15,114.22830888452543,6.283185307179565,0.050956075350272245,-0.5262655465140278
18.7,-0.0003871902497403571,-0.0014335474922597907,1.4018837266672588,-1.7397089269225345,-0.0004400852038016813,-0.0018906348661491487,3.6364028052212744e-12,2.4914820088357503e-13,1,0.5999999999999986,2.6645352591003757e-15,114.35397259066903,6.283185307179565,0.04063849173346018,-0.5056303792804037
18.72,-0.0003875949280648033,-0.0014359075084092723,1.3964777458450028,-1.7451149077447905,-0.00045271850797407335,-0.0018893934855282433,3.641485723290879e-12,2.5820515641260006e-13,1,0.5999999999999986,2.6645352591003757e-15,114.47963629681263,6.283185307179565,0.03072546635685608,-0.48580432852719546
18.740000000000002,-0.0003880275665303638,-0.0014383230780209068,1.3937202303978198,-1.7478724231919731,-0.00046442084802087466,-0.0018882057174647161,3.646711148019335e-12,2.6330390326473004e-13,1,0.5999999999999986,2.6645352591003757e-15,114.60530000295623,6.283185307179565,0.021201136264965892,-0.4667556683434151
18.76,-0.0003884698593556896,-0.0014407601479718031,1.3936477047805902,-1.7479449488092031,-0.0004750451016054688,-0.0018872434294970198,3.651996695881267e-12,2.641803780112304e-13,1,0.5999999999999986,2.6645352591003757e-15,114.73096370909983,6.283185307179565,0.012050260497677129,-0.44845391680883756
18.78,-0.00038890238071346943,-0.001443183946854597,1.3962597622033817,-1.7453328913864112,-0.00048445761540967785,-0.0018866701138939533,3.657257014193038e-12,2.6080139943288313e-13,1,0.5999999999999986,2.6645352591003757e-15,114.85662741524342,6.283185307179565,0.003258195701471178,-0.43086978721642566
18.8,-0.0003893065105164088,-0.00144556017940368,1.4015192870677802,-1.7400733665220134,-0.000492534108440888,-0.0018866313111352774,3.662408384356157e-12,2.423630289289973e-13,1,0.5999999999999986,2.6645352591003757e-15,114.98229112138702,6.283185307179565,-0.005189127303066421,-0.6667299043023345
18.82,-0.0003896623226347002,-0.0014478053463014857,1.4093744739034713,-1.7322181796863223,-0.0004988221701232766,-0.0018874747111793004,3.667161349451967e-12,2.321195030710329e-13,1,0.5999999999999986,2.6645352591003757e-15,115.10795482753062,6.283185307179565,-0.018260554043872612,-0.6405870508207221
18.84,-0.00038996505754588975,-0.0014499447252884724,1.41970981629529,-1.721882837294503,-0.0005035504678759348,-0.0018890709947389386,3.671678623727785e-12,2.1898091282904526e-13,1,0.5999999999999986,2.6645352591003757e-15,115.23361853367422,6.283185307179565,-0.0308194428110925,-0.6154692732862823
18.86,-0.0003902089105076191,-0.001451954438808257,1.432370894554178,-1.7092217590356151,-0.0005066076078580382,-0.0018914489444025711,3.6759102911713365e-12,2.0379449895310704e-13,1,0.5999999999999986,2.6645352591003757e-15,115.35928223981782,6.283185307179565,-0.04288589050612612,-0.5913363778962151
18.88,-0.00039039385244589176,-0.0014538176426228916,1.4471654814732604,-1.6944271721165327,-0.0005078928547776448,-0.0018945906813116822,3.679825239543724e-12,1.87583229824254e-13,1,0.5999999999999986,2.6645352591003757e-15,115.48494594596141,6.283185307179565,-0.054479206019598325,-0.5681497468692707
18.900000000000002,-0.0003905254112182542,-0.0014555264926223524,1.4638650614928472,-1.6777275920969457,-0.0005073223326948269,-0.0018984298909692126,3.683414218018841e-12,1.7149497925702275e-13,1,0.5999999999999986,2.6645352591003757e-15,115.61060965210501,6.283185307179565,-0.0656179411297032,-0.5458722766490609
18.92,-0.00039061362199012314,-0.0014570837940586867,1.4822074814046364,-1.6593851721851571,-0.0005048367671588184,-0.001902853305674393,3.6866916713213675e-12,1.5673110186120963e-13,1,0.5999999999999986,2.6645352591003757e-15,115.73627335824861,6.283185307179565,-0.07631992018900713,-0.5244683185304531
18.94,-0.00039067121319169177,-0.0014585039488786808,1.5019008650872965,-1.6396917885024962,-0.0005004098028013345,-0.0019077057434699017,3.6896959544252874e-12,1.44457251670416e-13,1,0.5999999999999986,2.6645352591003757e-15,115.86193706439221,6.283185307179565,-0.08660226864721565,-0.503903621614036
18.96,-0.00039071125963099755,-0.0014598128413095615,1.522628768824418,-1.6189638847653747,-0.0004940557283961897,-0.001912798649782646,3.692487638838826e-12,1.35704276633236e-13,1,0.5999999999999986,2.6645352591003757e-15,115.9876007705358,6.283185307179565,-0.0964814404555466,-0.4841452779973741
18.98,-0.0003907446859087323,-0.001461046434719547,1.5440564063876645,-1.5975362472021288,-0.00048583540976542444,-0.0019179216760922889,3.695145823999191e-12,1.3127123628300385e-13,1,0.5999999999999986,2.6645352591003757e-15,116.1132644766794,6.283185307179565,-0.10597324439656233,-0.46516167011534265
19.0,-0.00039077808906863614,-0.0014622480778798048,1.5658376549022954,-1.575754998687498,-0.00047585939170864417,-0.0019228564356449259,3.697762635936665e-12,1.3119466032780784e-13,1,0.5999999999999986,2.6645352591003757e-15,116.238928182823,6.283185307179565,-0.11509286938159463,0.21035105119278386
19.02,-0.00039077232934910924,-0.001463454127500898,1.587619777109284,-1.5539728764805094,-0.0004652707774405887,-0.0019269177227800296,3.700386065287718e-12,1.324655253165679e-13,1,0.5999999999999986,2.6645352591003757e-15,116.3645918889666,6.283185307179565,-0.11096887803551092,0.20210306850061643
19.04,-0.00039076734447255555,-0.0014647016996576906,1.609050604718273,-1.5325420488715196,-0.0004532865170235203,-0.0019305521307127725,3.7030869374753465e-12,1.3884858480304315e-13,1,0.5999999999999986,2.6645352591003757e-15,116.4902555951102,6.283185307179565,-0.10700659070303811,0.19417849383567082
19.06,-0.00039075534196548426,-0.0014660353819849336,1.6297866237495362,-1.5118060298402565,-0.0004401370746056033,-0.0019336162030902354,3.705962956732656e-12,1.4980103018379331e-13,1,0.5999999999999986,2.6645352591003757e-15,116.6159193012538,6.283185307179565,-0.10319966687911121,0.186564646187817
19.080000000000002,-0.0003907241307476056,-0.0014674919450329922,1.6494979709385316,-1.4920946826512616,-0.000426079388784682,-0.0019360034129541539,3.709097585813636e-12,1.6446025051709245e-13,1,0.5999999999999986,2.6645352591003757e-15,116.7415830073974,6.283185307179565,-0.09954201467342486,0.1792493417764443
19.1,-0.0003906594719744507,-0.001469097657655088,1.6678752836879578,-1.473717369901835,-0.00041138611488727924,-0.0019376513546000543,3.7125544656456694e-12,1.8173112546951306e-13,1,0.5999999999999986,2.6645352591003757e-15,116.867246713541,6.283185307179565,-0.09602778106210921,0.17222087455381302
19.12,-0.00039054772908880825,-0.0014708669501212598,1.6846354857513521,-1.456957167838441,-0.00039633432119382607,-0.001938545512980863,3.7163737714136195e-12,2.0038849855435447e-13,1,0.5999999999999986,2.6645352591003757e-15,116.99291041968459,6.283185307179565,-0.09265134252164302,0.16546799747288063
19.14,-0.0003903783287059267,-0.0014728024013943096,1.6995262619028781,-1.4420663916869145,-0.00038119485080101467,-0.001938719530599312,3.720570654176643e-12,2.1917965065618253e-13,1,0.5999999999999986,2.6645352591003757e-15,117.11857412582819,6.283185307179565,-0.08940729603001621,0.158979904489627
19.16,-0.0003901456420934604,-0.0014748957964624012,1.712329118117373,-1.42926353547242,-0.00036622342927113995,-0.0019382522349796832,3.7251356322162085e-12,2.369141772165633e-13,1,0.5999999999999986,2.6645352591003757e-15,117.24423783197179,6.283185307179565,-0.08629045042074203,0.15274621327107865
19.18,-0.00038985005950627145,-0.00147712986830878,1.7228610825880344,-1.418731571001759,-0.00035165431256879226,-0.0019372619518751252,3.730036588342365e-12,2.5253343145394525e-13,1,0.5999999999999986,2.6645352591003757e-15,117.36990153811539,6.283185307179565,-0.0832958180758831,0.1467569485813608
19.2,-0.00038949820106103805,-0.001479480320777112,1.7309752579947881,-1.410617395595004,-0.0003376968816871727,-0.001935898774586605,3.735221927254684e-12,2.362829416481788e-13,1,0.5999999999999986,2.6645352591003757e-15,117.49556524425898,6.283185307179565,-0.08041860694479869,0.8015529386891637
19.22,-0.0003891175440879237,-0.0014817819662937492,1.7365353936726182,-1.4050572599171751,-0.0003254751269783114,-0.0019346529085354361,3.740048904385134e-12,2.4552460024625696e-13,1,0.5999999999999986,2.6645352591003757e-15,117.62122895040258,6.283185307179565,-0.0647039368072459,0.7701235984140581
19.240000000000002,-0.0003887115059591472,-0.0014841412922562767,1.7394252506832582,-1.4021674029065352,-0.00031415645986094295,-0.0019335277789968076,3.745023919112924e-12,2.509827518021519e-13,1,0.5999999999999986,2.6645352591003757e-15,117.74689265654618,6.283185307179565,-0.04960544769932279,0.7399266201982119
19.26,-0.00038829702835895815,-0.0014865245685491463,1.7396047373326555,-1.4019879162571378,-0.0003038909282261348,-0.0019326857179623423,3.7500677411711026e-12,2.5236120195127507e-13,1,0.5999999999999986,2.6645352591003757e-15,117.87255636268978,6.283185307179565,-0.03509897881727386,0.710913682434114
19.28,-0.0003878921941021102,-0.001488897192229024,1.7370726159162198,-1.4045200376735743,-0.0002948163398618755,-0.001932279923580133,3.7550976085411825e-12,2.4960275927124017e-13,1,0.5999999999999986,2.6645352591003757e-15,117.99822006883338,6.283185307179565,-0.02116131671600946,0.6830383582315852
19.3,-0.00038751436855800713,-0.0014912249809128696,1.7318662631607022,-1.4097263904290909,-0.0002870620071576158,-0.001932445030390427,3.7600319940630275e-12,2.4288743916376033e-13,1,0.5999999999999986,2.6645352591003757e-15,118.12388377497697,6.283185307179565,-0.007770158162641039,0.6562560411248484
19.32,-0.00038717839815867813,-0.0014934755204533666,1.7240616668911564,-1.4175309866986368,-0.0002807513522973426,-0.001933288165372895,3.764795318074847e-12,2.326286633510443e-13,1,0.5999999999999986,2.6645352591003757e-15,118.24954748112057,6.283185307179565,0.005095925553449621,0.630523873692667
19.34,-0.0003868950443557713,-0.0014956197030363803,1.7137735375414664,-1.427819116048327,-0.00027600265178282033,-0.001934880910639245,3.769322551341893e-12,2.194651681527234e-13,1,0.5999999999999986,2.6645352591003757e-15,118.37521118726417,6.283185307179565,0.01745752291111924,0.6058006789773278
19.36,-0.00038666984181718304,-0.001497633515901081,1.7011552591983228,-1.44043739439147,-0.00027292745986056744,-0.0019372527083558258,3.773563580253245e-12,2.0424395916745242e-13,1,0.5999999999999986,2.6645352591003757e-15,118.50087489340777,6.283185307179565,0.02933441510342144,0.5820468945927234
19.38,-0.00038650256877606677,-0.0014995000225148931,1.6863983212505942,-1.4551943323391985,-0.00027162658796484664,-0.0019403863375620522,3.777487099366025e-12,1.8798872098826817e-13,1,0.5999999999999986,2.6645352591003757e-15,118.62653859955137,6.283185307179565,0.040745607691736074,0.5592245094160941
19.400000000000002,-0.0003863874829643114,-0.0015012113401011932,1.6697308732776701,-1.471861780312123,-0.0002721839003245022,-0.0019442161095052746,3.781083689329455e-12,1.7868567433892017e-13,1,0.5999999999999986,2.6645352591003757e-15,118.75220230569496,6.283185307179565,0.05170936101872209,0.29231946389365004
19.42,-0.0003863237434330591,-0.0015028021687650847,1.6514329322931958,-1.4901597212965978,-0.00027432329958043173,-0.0019483823310653403,3.784490159079367e-12,1.6243126566008257e-13,1,0.5999999999999986,2.6645352591003757e-15,118.87786601183856,6.283185307179565,0.05744036608170319,0.28085745376768784
19.44,-0.0003862918407789496,-0.0015042478985720592,1.631782648774075,-1.5098100048157184,-0.00027840163041967697,-0.0019530036357563224,3.787593299026481e-12,1.486406501355204e-13,1,0.5999999999999986,2.6645352591003757e-15,119.00352971798216,6.283185307179565,0.06294665522194395,0.2698448754872063
19.46,-0.0003862776929264153,-0.0015055742027602953,1.6110942072622354,-1.5304984463275577,-0.0002844041042488025,-0.001957903888772493,3.790453517405988e-12,1.3838209184584912e-13,1,0.5999999999999986,2.6645352591003757e-15,119.12919342412576,6.283185307179565,0.06823703967680639,0.25926410657748145
19.48,-0.0003862692820410516,-0.001506817139332656,1.5897022815770203,-1.5518903720127728,-0.0002922708942393531,-0.0019628835423767393,3.793150540501165e-12,1.324952560013832e-13,1,0.5999999999999986,2.6645352591003757e-15,119.25485713026936,6.283185307179565,0.07331998519009383,0.24909821555090655
19.5,-0.00038625896531296867,-0.0015080204815203133,1.567955070080702,-1.5736375835090914,-0.00030189384305178985,-0.0019677329497857984,3.795777933286008e-12,1.3150613797106462e-13,1,0.5999999999999986,2.6645352591003757e-15,119.38052083641296,6.283185307179565,0.0782036255590471,0.23933093481300002
19.52,-0.00038624501908651927,-0.0015092319704252256,1.5462066742764085,-1.5953859793133844,-0.0003131165673156254,-0.001972246803466276,3.798436179289961e-12,1.3557118394003164e-13,1,0.5999999999999986,2.6645352591003757e-15,119.50618454255655,6.283185307179565,0.08289577565015535,0.22994663463078352
19.54,-0.00038623208219541635,-0.0015104989882688885,1.5248092462737932,-1.6167834073159995,-0.0003257382392420963,-0.001976238426893062,3.8012250159442645e-12,1.4446040820995663e-13,1,0.5999999999999986,2.6645352591003757e-15,119.63184824870015,6.283185307179565,0.08740394390460977,0.22093029812187467
19.56,-0.00038623039454447656,-0.0015118642886610336,1.5041053498668409,-1.6374873037229527,-0.00033952082619590705,-0.0019795526529931048,3.804235854481559e-12,1.5758252038607784e-13,1,0.5999999999999986,2.6645352591003757e-15,119.75751195484375,6.283185307179565,0.09173534435341135,0.21226749722427152
19.580000000000002,-0.00038625398777073107,-0.0015133624066995294,1.4844209515747167,-1.6571717020150762,-0.0003541990981045985,-0.001982076192927845,3.80754509686151e-12,1.7404744180290144e-13,1,0.5999999999999986,2.6645352591003757e-15,119.88317566098735,6.283185307179565,0.09589690816135954,0.20394436960837514
19.6,-0.0003863182005018701,-0.001515017210938634,1.4660593877223698,-1.6755332658674238,-0.0003694923457189818,-0.0019837447038124154,3.81120900029396e-12,1.6925224178829858e-13,1,0.5999999999999986,2.6645352591003757e-15,120.00883936713095,6.283185307179565,0.0998952947183947,-0.6187383457268983
19.62,-0.0003864532489710866,-0.001516718406004094,1.4492804597482365,-1.6923121938415564,-0.00038386729542887074,-0.001984427795787235,3.8147632741351375e-12,1.864713696852106e-13,1,0.5999999999999986,2.6645352591003757e-15,120.13450307327454,6.283185307179565,0.08776475594143696,-0.5944772681729829
19.64,-0.0003866403758776667,-0.0015185806996964638,1.434395695667365,-1.7071969579224282,-0.0003983549016486716,-0.0019845134891809633,3.818670556142036e-12,2.042338239773366e-13,1,0.5999999999999986,2.6645352591003757e-15,120.26016677941814,6.283185307179565,0.07610986239330825,-0.5711674810767254
19.66,-0.0003868859688714689,-0.0015205978963147293,1.421631565574703,-1.71996108801509,-0.0004127039731330953,-0.00198407522916407,3.822929120230849e-12,2.213028804817939e-13,1,0.5999999999999986,2.6645352591003757e-15,120.38583048556174,6.283185307179565,0.0649119637578216,-0.5487716838057521
19.68,-0.0003871907740869338,-0.0015227543360872735,1.4111775285411527,-1.7304151250486406,-0.00042668269330797115,-0.0019832225710164934,3.8275135870318264e-12,2.3656642099853956e-13,1,0.5999999999999986,2.6645352591003757e-15,120.51149419170534,6.283185307179565,0.05415314100814783,-0.5272540383064046
19.7,-0.00038754952806564465,-0.0015250269282491465,1.403184689611286,-1.7384079639785073,-0.000440081846549035,-0.001982094141745402,3.832378016221252e-12,2.490911217652786e-13,1,0.5999999999999986,2.6645352591003757e-15,120.63715789784894,6.283185307179565,0.04381617773254953,-0.506580111755208
19.72,-0.00038795139284970924,-0.0015273871915842032,1.3977655511116602,-1.743827102478133,-0.0004527153108261209,-0.0019808491548774323,3.837459855538829e-12,2.5815478477704295e-13,1,0.5999999999999986,2.6645352591003757e-15,120.76282160399253,6.283185307179565,0.03388453258444929,-0.4867168214590075
19.740000000000002,-0.00038838104266170683,-0.0015298030819121376,1.394994447433717,-1.7465982061560759,-0.00046441820384378487,-0.001979658050938984,3.842684351237016e-12,2.632616508601465e-13,1,0.5999999999999986,2.6645352591003757e-15,120.88848531013613,6.283185307179565,0.024342312812746153,-0.46763238191560125
19.76,-0.0003888202132658717,-0.0015322405302030425,1.3949082268682198,-1.7466844267215738,-0.00047504337518251545,-0.0019786927292828296,3.847969142051824e-12,2.6414704767616966e-13,1,0.5999999999999986,2.6645352591003757e-15,121.01414901627973,6.283185307179565,0.015174248830023301,-0.44929625395015554
19.78,-0.00038924952566302286,-0.0015346647419226085,1.3975068098328833,-1.7440858437569098,-0.00048445712894120763,-0.0019781167284315805,3.853228885077032e-12,2.607771699196699e-13,1,0.5999999999999986,2.6645352591003757e-15,121.13981272242333,6.283185307179565,0.006365669777950389,-0.4316790958460097
19.8,-0.0003896504101474875,-0.001537041394106862,1.402753394889278,-1.7388392587005148,-0.0004925351290118673,-0.0019780756485183824,3.858379859310039e-12,2.42326817443064e-13,1,0.5999999999999986,2.6645352591003757e-15,121.26547642856693,6.283185307179565,-0.0020975199492196395,-0.6679766877240337
19.82,-0.00039000306544419784,-0.0015392868476532462,1.4105968558171424,-1.7309957977726507,-0.0004988242039785107,-0.0019789178073780036,3.8631321878079365e-12,2.3209187926762304e-13,1,0.5999999999999986,2.6645352591003757e-15,121.39114013471053,6.283185307179565,-0.015193390228636083,-0.6417849471652008
19.84,-0.0003903027193131659,-0.0015414264708535864,1.4209215358525202,-1.7206711177372727,-0.0005035536350272714,-0.001980513429354194,3.867648989518876e-12,2.189610455923501e-13,1,0.5999999999999986,2.6645352591003757e-15,121.51680384085412,6.283185307179565,-0.02777576408960819,-0.6166201994432566
19.86,-0.0003905436192334487,-0.0015434363654573638,1.43357318252876,-1.708019471061033,-0.0005066119396159415,-0.0019828913448554273,3.8718803298959835e-12,2.0378141149271376e-13,1,0.5999999999999986,2.6645352591003757e-15,121.64246754699772,6.283185307179565,-0.0398647760146964,-0.5924421755930802
19.88,-0.00039072578445252125,-0.0015452996738213698,1.4483596618051566,-1.6932329917846367,-0.0005078982924934313,-0.0019860337119058415,3.8757950770816e-12,1.8757598170064044e-13,1,0.5999999999999986,2.6645352591003757e-15,121.76813125314132,6.283185307179565,-0.051479771002107655,-0.5692121856182577
19.900000000000002,-0.00039085478414270064,-0.001547008547727365,1.4650524687082815,-1.676540184881512,-0.0005073287316323277,-0.0019898742347679347,3.879383963083226e-12,1.7149283105192433e-13,1,0.5999999999999986,2.6645352591003757e-15,121.89379495928492,6.283185307179565,-0.06263933552181955,-0.5468930565788339
19.92,-0.00039094068412749326,-0.0015485657985318012,1.4833893744147018,-1.6582032791750914,-0.0005048439063009442,-0.0019942996405948113,3.8826614208185846e-12,1.5673363424017638e-13,1,0.5999999999999986,2.6645352591003757e-15,122.01945866542852,6.283185307179565,-0.07336132725789773,-0.5254490731066775
19.94,-0.0003909962290672375,-0.001549985843954243,1.5030783435013768,-1.638514310088416,-0.0005004174008936014,-0.0019991547150754172,3.885665800542959e-12,1.4446441399405741e-13,1,0.5999999999999986,2.6645352591003757e-15,122.14512237157211,6.283185307179565,-0.08366290368460011,-0.5048459202532728
19.96,-0.00039103449236043536,-0.001551294591476108,1.5238026985353903,-1.6177899550544028,-0.0004940634657608288,-0.0020042508440257048,3.888457676277126e-12,1.3571635097375813e-13,1,0.5999999999999986,2.6645352591003757e-15,122.27078607771571,6.283185307179565,-0.0935605495219963,-0.4850506285784804
19.98,-0.000391066377713364,-0.0015525280315174437,1.5452273609265883,-1.5963652926632044,-0.00048584295451978353,-0.0020093775955127577,3.891116155630822e-12,1.312887191697941e-13,1,0.5999999999999986,2.6645352591003757e-15,122.39644978385931,6.283185307179565,-0.1030701031150365,-0.4660315213924
20.0,-0.00039109844202259825,-0.0015537295390597836,1.5670058778576126,-1.5745867757321808,-0.00047586642817932286,-0.002014316482149217,3.893733375411323e-12,1.312143283867529e-13,1,0.5999999999999986,2.6645352591003757e-15,122.52211349000291,6.283185307179565,-0.11220678177828255,0.20925176780742832
20.02,-0.00039109138161187625,-0.0015549354424793504,1.5887852459672873,-1.552807407622506,-0.0004652768335184753,-0.0020183820681181383,3.8963572669058695e-12,1.3249215658048767e-13,1,0.5999999999999986,2.6645352591003757e-15,122.6477771961465,6.283185307179565,-0.10810434219123399,0.2010468886333312
20.04,-0.0003910852064843233,-0.001556182919804165,1.6102130285812688,-1.5313796250085243,-0.0004532913660426565,-0.0020220209336423906,3.8990587432329e-12,1.388823733504446e-13,1,0.5999999999999986,2.6645352591003757e-15,122.7734409022901,6.283185307179565,-0.10416276156123733,0.19316372737333787
20.06,-0.00039107204991468524,-0.0015575165639037188,1.6309453940741763,-1.5106472595156166,-0.0004401405712975928,-0.0020250895155665485,3.901935508887465e-12,1.4984176709296935e-13,1,0.5999999999999986,2.6645352591003757e-15,122.8991046084337,6.283185307179565,-0.10037573251836916,0.18558966928760154
20.080000000000002,-0.000391039647167984,-0.0015589731385900107,1.650652215362841,-1.4909404382269518,-0.0004260814825369261,-0.002027481197759386,3.90507101738216e-12,1.6450720079778142e-13,1,0.5999999999999986,2.6645352591003757e-15,123.0247683145773,6.283185307179565,-0.0967371950082183,0.1783125942672998
20.1,-0.00039097369322968776,-0.0015605788955911542,1.6690239366526218,-1.4725687169371717,-0.0004113868538004335,-0.0020291335068692655,3.908528889333941e-12,1.8178299775703888e-13,1,0.5999999999999986,2.6645352591003757e-15,123.1504320207209,6.283185307179565,-0.09324132659450576,0.17132085743987474
20.12,-0.0003908604982631202,-0.0015623482410711677,1.6857773691947733,-1.4558152843950198,-0.0003963338473131978,-0.0020300318821810455,3.912349268912987e-12,2.004435099118e-13,1,0.5999999999999986,2.6645352591003757e-15,123.2760957268645,6.283185307179565,-0.08988253314194458,0.16460327053475238
20.14,-0.00039068945176352324,-0.0015642837273183207,1.7006601689203529,-1.4409324846694407,-0.00038119338808658256,-0.0020302099398104055,3.91654726760147e-12,2.192356698200016e-13,1,0.5999999999999986,2.6645352591003757e-15,123.4017594330081,6.283185307179565,-0.08665543986442982,0.15814908397972285
20.16,-0.0003904549050441533,-0.001566377114562656,1.7134538930681367,-1.428138760521657,-0.0003662212666192934,-0.0020297464951340603,3.9211133589790495e-12,2.3696891677091215e-13,1,0.5999999999999986,2.6645352591003757e-15,123.5274231391517,6.283185307179565,-0.08355488272423418,0.15194796969933158
20.18,-0.0003901572446611797,-0.0015686111167007787,1.7239756924862188,-1.4176169611035743,-0.0003516517843868964,-0.002028759869683856,3.926015380107267e-12,2.5258465517794564e-13,1,0.5999999999999986,2.6645352591003757e-15,123.65308684529529,6.283185307179565,-0.08057590016844589,0.145990004587755
20.2,-0.0003898031010991427,-0.0015709614266820593,1.7320788517622443,-1.4095138018275488,-0.0003376943481973434,-0.002027400153951454,3.931201692954581e-12,2.3633458613310816e-13,1,0.5999999999999986,2.6645352591003757e-15,123.77875055143889,6.283185307179565,-0.07771372518942549,0.8005575502482419
20.22,-0.00038942009468370816,-0.0015732629103320354,1.7376281763515702,-1.4039644772382225,-0.0003254725290551291,-0.002026157160337039,3.936029658919293e-12,2.4557146010440207e-13,1,0.5999999999999986,2.6645352591003757e-15,123.90441425758249,6.283185307179565,-0.0620185699213876,0.7691672397121662
20.240000000000002,-0.0003890115619078339,-0.0015756220187716655,1.7405068583081829,-1.4010857952816096,-0.00031415412835440716,-0.002025034638744305,3.941005552731143e-12,2.5102353628030956e-13,1,0.5999999999999986,2.6645352591003757e-15,124.03007796372609,6.283185307179565,-0.04693883049400083,0.7390077608573926
20.26,-0.00038859447937839286,-0.0015780050336145419,1.740675077938975,-1.4009175756508192,-0.00030388916757571703,-0.0020241948995935724,3.946050123051989e-12,2.523951055826361e-13,1,0.5999999999999986,2.6645352591003757e-15,124.15574166986968,6.283185307179565,-0.032450376106998746,0.7100308520833885
20.28,-0.00038818696962992003,-0.0015803773696359972,1.7381318728394888,-1.4034607807503043,-0.00029481541518336824,-0.0020237911081793757,3.951080596797898e-12,2.496294784710813e-13,1,0.5999999999999986,2.6645352591003757e-15,124.28140537601328,6.283185307179565,-0.018530022142326963,0.6821901441540449
20.3,-0.00038780644091177484,-0.0015827048659821281,1.732914883547147,-1.4086777700426456,-0.00028706213329302374,-0.002023957855704281,3.956015445553765e-12,2.429071371488618e-13,1,0.5999999999999986,2.6645352591003757e-15,124.40706908215688,6.283185307179565,-0.005155493063808136,0.6554410859970072
20.32,-0.00038746778435944405,-0.0015849551313655917,1.7251003360802215,-1.4164923175095723,-0.00028075268467733165,-0.0020248022180580855,3.960779097031345e-12,2.3264188858326136e-13,1,0.5999999999999986,2.6645352591003757e-15,124.53273278830048,6.283185307179565,0.007694613228468372,0.6297408734124542
20.34,-0.0003871818066489249,-0.0015870990795609355,1.7148031399644534,-1.42678951362534,-0.00027600527922275186,-0.0020263957229638857,3.9653065359551875e-12,2.1947273391438605e-13,1,0.5999999999999986,2.6645352591003757e-15,124.65839649444408,6.283185307179565,0.02004085964607244,0.6050483805772461
20.36,-0.00038695408663891496,-0.0015891127155702068,1.7021768267484256,-1.4394158268413673,-0.0002729313997579873,-0.002028767760680085,3.969547666541916e-12,2.0424679572461505e-13,1,0.5999999999999986,2.6645352591003757e-15,124.78406020058767,6.283185307179565,0.03190300281727865,0.5813240942348337
20.38,-0.0003867844436819023,-0.001590979114506136,1.687412970839534,-1.4541796827502589,-0.0002716317846613015,-0.002031901067303837,3.973471201932877e-12,1.8798771723756107e-13,1,0.5999999999999986,2.6645352591003757e-15,124.90972390673127,6.283185307179565,0.04330002470188643,0.5585300504656181
20.400000000000002,-0.0003866671709356865,-0.0015926903973818593,1.670739736444637,-1.470852917145156,-0.0002721902275213876,-0.0020357299264586806,3.977067739008566e-12,1.786913447908102e-13,1,0.5999999999999986,2.6645352591003757e-15,125.03538761287487,6.283185307179565,0.0542501629664055,0.29127331266615086
20.42,-0.00038660140086566145,-0.0015942813058554698,1.652436933561648,-1.489155720028145,-0.00027433012857635555,-0.0020398943684969664,3.980474272748391e-12,1.624320790511234e-13,1,0.5999999999999986,2.6645352591003757e-15,125.16105131901847,6.283185307179565,0.05996065794120575,0.27985232271655036
20.44,-0.0003865677009235804,-0.001595727164698895,1.6327827804570803,-1.508809873132713,-0.00027840871881666923,-0.002044513344508531,3.983577382055847e-12,1.4863677057280826e-13,1,0.5999999999999986,2.6645352591003757e-15,125.28671502516207,6.283185307179565,0.06544724120532625,0.2688791561883094
20.46,-0.0003865519888487607,-0.0015970536267985354,1.6120912611356257,-1.5295013924541676,-0.0002844111712455925,-0.0020494107777630655,3.9864374750627065e-12,1.3837335938384094e-13,1,0.5999999999999986,2.6645352591003757e-15,125.41237873130567,6.283185307179565,0.0707186924625231,0.25833625367391566
20.48,-0.0003865422297446088,-0.0015982967261999588,1.5906967973825024,-1.5508958562072905,-0.0002922776443009358,-0.0020543871983624653,3.9891342722340955e-12,1.324812809318139e-13,1,0.5999999999999986,2.6645352591003757e-15,125.53804243744926,6.283185307179565,0.07578344715944407,0.24820674428007372
20.5,-0.00038653074697218766,-0.001599500212617415,1.5689473018890352,-1.572645351700758,-0.00030189999170407694,-0.0020592330513879023,3.991761329554918e-12,1.314864551612816e-13,1,0.5999999999999986,2.6645352591003757e-15,125.66370614359286,6.283185307179565,0.08064960998414288,0.23847441863067612
20.52,-0.00038651576850684067,-0.0016007118082631978,1.5471965779164194,-1.594396075673374,-0.0003131218665074886,-0.0020637431275716558,3.994419121876069e-12,1.355454379780482e-13,1,0.5999999999999986,2.6645352591003757e-15,125.78936984973646,6.283185307179565,0.08532496783530912,0.22912370292834364
20.54,-0.00038650187451365515,-0.001601978884554464,1.525796488886241,-1.6157961647035517,-0.00032574249956331786,-0.002067730846777544,3.997207381997005e-12,1.444285323098344e-13,1,0.5999999999999986,2.6645352591003757e-15,125.91503355588006,6.283185307179565,0.08981700228296755,0.22013963403302678
20.56,-0.00038649924160226624,-0.0016033441943516143,1.5050893403348558,-1.6365033132549378,-0.0003395239335627544,-0.002071041128874065,4.00021752380225e-12,1.5754487298909098e-13,1,0.5999999999999986,2.6645352591003757e-15,126.04069726202366,6.283185307179565,0.09413290154058619,0.21150783551778948
20.580000000000002,-0.00038652183966444775,-0.001604842282116651,1.485400888489427,-1.656191765100366,-0.0003542010232907701,-0.0020735607568484523,4.0035259612794935e-12,1.740048743062458e-13,1,0.5999999999999986,2.6645352591003757e-15,126.16636096816725,6.283185307179565,0.09827957196775154,0.20321449466345878
20.6,-0.00038658495278392715,-0.0016064970340646087,1.4670343199858835,-1.67455833360391,-0.00036949314616524075,-0.002075225441537374,4.007188973602054e-12,1.6921137960975298e-13,1,0.5999999999999986,2.6645352591003757e-15,126.29202467431085,6.283185307179565,0.10226364912181729,-0.6195753254796885
20.62,-0.0003867187828807274,-0.0016081982137551726,1.4502499832243556,-1.6913426703654375,-0.0003838669819372919,-0.002075905083959577,4.010742392106977e-12,1.8642706025611885e-13,1,0.5999999999999986,2.6645352591003757e-15,126.41768838045445,6.283185307179565,0.09011670112209702,-0.595281429480248
20.64,-0.00038690454169946673,-0.0016100604993932305,1.4353588135047315,-1.706233840085062,-0.00039835364476312776,-0.002075987482168087,4.014648765098791e-12,2.0418766319090622e-13,1,0.5999999999999986,2.6645352591003757e-15,126.54335208659805,6.283185307179565,0.07844604176603337,-0.5719401107681207
20.66,-0.0003871485973573279,-0.001612077715837992,1.422587312384475,-1.7190053412053183,-0.00041270199810915123,-0.0020755460939504092,4.018906400790667e-12,2.2125666134844077e-13,1,0.5999999999999986,2.6645352591003757e-15,126.66901579274165,6.283185307179565,0.06723299550878314,-0.5495140182536202
20.68,-0.00038745169054185127,-0.0016142342199260942,1.4121250346779346,-1.7294676189118583,-0.000426680263925487,-0.002074690479719945,4.023489956375617e-12,2.3652196337863167e-13,1,0.5999999999999986,2.6645352591003757e-15,126.79467949888524,6.283185307179565,0.05645961908409064,-0.5279672654042352
20.7,-0.00038780856469350464,-0.0016165069311871165,1.4041232349142334,-1.73746941867556,-0.0004400792483914823,-0.002073559269709275,4.028353526919706e-12,2.4905010542503395e-13,1,0.5999999999999986,2.6645352591003757e-15,126.92034320502884,6.283185307179565,0.046108672791233485,-0.5072653728185209
20.72,-0.0003882083987557064,-0.001618867371202405,1.3986946060804875,-1.7428980475093052,-0.0004527128354699297,-0.0020723116837923147,4.0334345912540925e-12,2.581186083497646e-13,1,0.5999999999999986,2.6645352591003757e-15,127.04600691117244,6.283185307179565,0.03616359290782345,-0.48737521305170084
20.740000000000002,-0.00038863589144813506,-0.0016212834910345672,1.3959137011712255,-1.7456789524185679,-0.00046441613474743385,-0.002071118175886314,4.0386584199760095e-12,2.632313303503828e-13,1,0.5999999999999986,2.6645352591003757e-15,127.17167061731604,6.283185307179565,0.026608465184316865,-0.46826495760468767
20.76,-0.00038907280851784644,-0.0016237212101965959,1.3958176020102953,-1.745775051579498,-0.0004750419754809701,-0.002070150668261603,4.043942667835038e-12,2.6412316008264806e-13,1,0.5999999999999986,2.6645352591003757e-15,127.29733432345964,6.283185307179565,0.017427999377820164,-0.44990402599169427
20.78,-0.0003894998047707202,-0.0016261457174976976,1.3984064650602523,-1.743186188529541,-0.0004844566309678705,-0.0020695727327751548,4.049201998936937e-12,2.6075984219351973e-13,1,0.5999999999999986,2.6645352591003757e-15,127.42299802960324,6.283185307179565,0.008607504784439113,-0.43226303680493217
20.8,-0.0003898983468781116,-0.0016285226700257602,1.4036437155903492,-1.7379489379994437,-0.0004925357252382413,-0.0020695300125665823,4.054352690505737e-12,2.42300833477059e-13,1,0.5999999999999986,2.6645352591003757e-15,127.54866173574683,6.283185307179565,0.00013286673101842172,-0.6688761782802255
20.82,-0.0003902487238906214,-0.0016307683279120925,1.4114787184849877,-1.7301139351048054,-0.0004988255375578863,-0.002070371278621035,4.059104562438848e-12,2.320720797893961e-13,1,0.5999999999999986,2.6645352591003757e-15,127.67432544189043,6.283185307179565,-0.012980638312990733,-0.6426491681922072
20.84,-0.0003905461542115664,-0.0016329081247851535,1.4217957077282326,-1.7197969458615603,-0.0005035557920159469,-0.0020719664258191627,4.063621025691086e-12,2.1894682968432583e-13,1,0.5999999999999986,2.6645352591003757e-15,127.79998914803403,6.283185307179565,-0.025579955469545446,-0.6174505338790978
20.86,-0.00039078492302545894,-0.0016349181475108319,1.4344405516583025,-1.7071521019314906,-0.0005066149419458731,-0.0020743443190719114,4.067852132320128e-12,2.037720734333048e-13,1,0.5999999999999986,2.6645352591003757e-15,127.92565285417763,6.283185307179565,-0.03768524633409387,-0.5932399521500009
20.88,-0.00039096508446861137,-0.001636781528821113,1.4492211835999504,-1.6923714699898422,-0.0005079020970667539,-0.0020774871430198766,4.071766736298395e-12,1.8757084248801868e-13,1,0.5999999999999986,2.6645352591003757e-15,128.05131656032123,6.283185307179565,-0.04931588195461911,-0.5699786809089504
20.900000000000002,-0.00039109223754198337,-0.0016384904175800186,1.4659091063288556,-1.6756835472609373,-0.000507333233126802,-0.0020813286154681295,4.075355557245045e-12,1.7149135745224402e-13,1,0.5999999999999986,2.6645352591003757e-15,128.17698026646482,6.283185307179565,-0.06049047382944861,-0.5476294971592914
20.92,-0.0003911764702022189,-0.0016400476295931102,1.484242036518849,-1.6573506170709447,-0.0005048489442683212,-0.002085755459862981,4.078633019573251e-12,1.5673552491054596e-13,1,0.5999999999999986,2.6645352591003757e-15,128.30264397260842,6.283185307179565,-0.07122690368962215,-0.5261566374389444
20.94,-0.00039123053882469114,-0.001641467594001771,1.5039278237930132,-1.6376648297967797,-0.0005004227713680411,-0.0020906124385528368,4.081637470168486e-12,1.4446963467636946e-13,1,0.5999999999999986,2.6645352591003757e-15,128.42830767875202,6.283185307179565,-0.08154235211347655,-0.5055257405912356
20.96,-0.00039126751578642886,-0.0016427762351015171,1.5246496220014452,-1.616943031588348,-0.0004940689370381265,-0.0020957108943437186,4.084429484920506e-12,1.3572510848546413e-13,1,0.5999999999999986,2.6645352591003757e-15,128.55397138489562,6.283185307179565,-0.09145332601923631,-0.48570379277971604
20.98,-0.0003912982897042859,-0.0016440095628572741,1.5460721414633856,-1.5955205121264076,-0.0004858482861170763,-0.0021008403351191,4.087088177410203e-12,1.313013758357277e-13,1,0.5999999999999986,2.6645352591003757e-15,128.67963509103922,6.283185307179565,-0.10097568507960455,-0.46665907465897954
21.0,-0.0003913293884863523,-0.0016452109711748385,1.5678486911188665,-1.5737439624709264,-0.00047587139137619013,-0.002105782200886461,4.0897056923067795e-12,1.3122856239080114e-13,1,0.5999999999999986,2.6645352591003757e-15,128.80529879718281,6.283185307179565,-0.1101246671006228,0.2084587914971262
21.02,-0.00039132139024752183,-0.0016464167678189633,1.5896260754111775,-1.5519665781786154,-0.0004652810873447468,-0.0021098508899862855,4.092329918126409e-12,1.3251141749633815e-13,1,0.5999999999999986,2.6645352591003757e-15,128.9309625033264,6.283185307179565,-0.10603777403650717,0.20028500536889496
21.04,-0.0003913143570231049,-0.0016476641756848153,1.6110516638394066,-1.5305409897503868,-0.0004532947461732558,-0.0021134929730754056,4.095031831329885e-12,1.3890680519102187e-13,1,0.5999999999999986,2.6645352591003757e-15,129.05662620947,6.283185307179565,-0.10211113034156001,0.19243171797900063
21.06,-0.0003913003684825178,-0.0016489977913767102,1.6317813954571294,-1.5098112581326637,-0.0004401429722695886,-0.0021165648099640624,4.097909136670897e-12,1.4987122201668466e-13,1,0.5999999999999986,2.6645352591003757e-15,129.1822899156136,6.283185307179565,-0.09833845254814072,0.18488636239216205
21.080000000000002,-0.0003912671067266468,-0.0016504543737857617,1.651484952761982,-1.490107700827811,-0.0004260828673123008,-0.002118959720215766,4.10104528103941e-12,1.6454115009002317e-13,1,0.5999999999999986,2.6645352591003757e-15,129.3079536217572,6.283185307179565,-0.09471370356689897,0.17763686442967855
21.1,-0.0003912002189904682,-0.0016520601622151334,1.6698526405709841,-1.4717400130188087,-0.0004113872566786417,-0.0021206151817103986,4.1045038704166435e-12,1.8182050996917884e-13,1,0.5999999999999986,2.6645352591003757e-15,129.4336173279008,6.283185307179565,-0.09123108302614376,0.17067162334816813
21.12,-0.0003910859770007993,-0.0016538295453655308,1.6866011890443149,-1.4549914645454782,-0.00039633337046840635,-0.0021215166008227843,4.108325026589318e-12,2.0048329781753604e-13,1,0.5999999999999986,2.6645352591003757e-15,129.5592810340444,6.283185307179565,-0.0878850179900112,0.163979493275903
21.14,-0.0003909137434857636,-0.0016557650562149283,1.7014782334438052,-1.4401144201459877,-0.00038119219286384537,-0.002121697574664368,4.112523832459319e-12,2.192761940888531e-13,1,0.5999999999999986,2.6645352591003757e-15,129.684944740188,6.283185307179565,-0.08467015404057819,0.157549765377037
21.16,-0.0003906778553817229,-0.0016578584370777413,1.7142653681755091,-1.4273272854142842,-0.000366219561263425,-0.002121236909870881,4.117090729316271e-12,2.3700852497327655e-13,1,0.5999999999999986,2.6645352591003757e-15,129.8106084463316,6.283185307179565,-0.08158134670965143,0.15137215071518348
21.18,-0.00039037869659598595,-0.0016600923880419054,1.7247798327764645,-1.4168128208133286,-0.0003516498100120248,-0.0021202529249383763,4.121993521171019e-12,2.5262173169060017e-13,1,0.5999999999999986,2.6645352591003757e-15,129.9362721524752,6.283185307179565,-0.07861365324652073,0.14543676378892206
21.2,-0.00039002290510785527,-0.0016624425941742672,1.7328750432618483,-1.408717610327944,-0.00033769236456898845,-0.002118895708327371,4.127180539118144e-12,2.363719570879764e-13,1,0.5999999999999986,2.6645352591003757e-15,130.0619358586188,6.283185307179565,-0.07576232470850336,0.7998395152848136
21.22,-0.0003896382043314008,-0.0016647439598631638,1.738416566849238,-1.4031760867405545,-0.00032547049378406356,-0.0021176547889513123,4.132009220727175e-12,2.456053796134995e-13,1,0.5999999999999986,2.6645352591003757e-15,130.1875995647624,6.283185307179565,-0.0600812467172776,0.768477359302362
21.240000000000002,-0.0003892278724687881,-0.001667102910028303,1.741287185360701,-1.4003054682290923,-0.0003141522801286419,-0.002116534150788668,4.1369857509940365e-12,2.510530713435655e-13,1,0.5999999999999986,2.6645352591003757e-15,130.313263270906,6.283185307179565,-0.045015032588783976,0.7383449310453748
21.26,-0.00038880891131751514,-0.0016694857347594315,1.7414472754047352,-1.4001453781850586,-0.000303887726077263,-0.0021156960886777737,4.142030863345448e-12,2.5241967353611777e-13,1,0.5999999999999986,2.6645352591003757e-15,130.4389269770496,6.283185307179565,-0.03053957316611977,0.7093940122000464
21.28,-0.00038839947205568143,-0.001671857861636525,1.7388960732041916,-1.4026965803856015,-0.00029481457178297856,-0.0021152937441912007,4.147061776684914e-12,2.49648858896043e-13,1,0.5999999999999986,2.6645352591003757e-15,130.5645906831932,6.283185307179565,-0.016631704625946042,0.6815782751196989
21.3,-0.0003880169938499968,-0.0016741851453641828,1.7336714095828516,-1.4079212440069426,-0.0002870620431627743,-0.0021154616772488637,4.151996961665094e-12,2.4292144649867166e-13,1,0.5999999999999986,2.6645352591003757e-15,130.6902543893368,6.283185307179565,-0.00326917141142824,0.6548532086906633
21.32,-0.000387676400064987,-0.0016764352111766218,1.7258496823202962,-1.4157429712694967,-0.00028075346021054037,-0.0021163069268706623,4.1567608512920854e-12,2.3265152131312257e-13,1,0.5999999999999986,2.6645352591003757e-15,130.81591809548038,6.283185307179565,0.009569409381402605,0.6291760471050016
21.34,-0.00038738852997984626,-0.001678578988454449,1.7155459444643268,-1.4260467091254663,-0.00027600698484663163,-0.00211790098153653,4.1612884403374995e-12,2.194782756271583e-13,1,0.5999999999999986,2.6645352591003757e-15,130.94158180162398,6.283185307179565,0.021904582220858337,0.6045057014260902
21.36,-0.0003871589943111956,-0.0016805924950465544,1.7029138338255552,-1.4386788197642382,-0.0002729340484746381,-0.002120273194057351,4.165529645858409e-12,2.0424891660998727e-13,1,0.5999999999999986,2.6645352591003757e-15,131.06724550776758,6.283185307179565,0.033756086015125975,0.5808026938375549
21.38,-0.0003869876420556839,-0.0016824588144994782,1.6881449860326043,-1.4534476675571888,-0.0002716353368655359,-0.0021234062695549114,4.16945319438776e-12,1.8798705798838037e-13,1,0.5999999999999986,2.6645352591003757e-15,131.19290921391118,6.283185307179565,0.04514288569873198,0.5580290944703429
21.400000000000002,-0.0003868687919114936,-0.0016841700705929814,1.6714675757595197,-1.4701250778302732,-0.0002721945927357183,-0.0021272344717297217,4.173049694509023e-12,1.786954932923902e-13,1,0.5999999999999986,2.6645352591003757e-15,131.31857292005478,6.283185307179565,0.05608320258048366,0.29051859069752595
21.42,-0.0003868015570372035,-0.001685761034933874,1.6531612633945327,-1.4884313901952604,-0.000274334853883604,-0.0021313976316518295,4.17645627546608e-12,1.6243271382857568e-13,1,0.5999999999999986,2.6645352591003757e-15,131.44423662619838,6.283185307179565,0.061778901019447,0.2791271938195993
21.44,-0.0003867665604430273,-0.001687206985290284,1.6335043164312355,-1.5080883371585578,-0.00027841363011768257,-0.002136014929300069,4.179559363543879e-12,1.4863401177389038e-13,1,0.5999999999999986,2.6645352591003757e-15,131.56990033234197,6.283185307179565,0.06725126792819933,0.2681824600020946
21.46,-0.0003867497197403912,-0.0016885335598953888,1.6128105742684211,-1.5287820793213722,-0.00028441606675121893,-0.0021409103298369596,4.182419366842305e-12,1.3836709410870453e-13,1,0.5999999999999986,2.6645352591003757e-15,131.69556403848557,6.283185307179565,0.07250906026129522,0.2576668753359028
21.48,-0.00038673898773737873,-0.0016897767755331982,1.5914142769846216,-1.5501783766051718,-0.0002922823115746327,-0.002145884419512871,4.185116001685045e-12,1.3247123107475292e-13,1,0.5999999999999986,2.6645352591003757e-15,131.82122774462917,6.283185307179565,0.0775606916081898,0.24756361264211366
21.5,-0.0003867266634105128,-0.001690980364963477,1.569663131330676,-1.5719295222591168,-0.0003019042262391194,-0.0021507277096767348,4.187742817636125e-12,1.3147228844076707e-13,1,0.5999999999999986,2.6645352591003757e-15,131.94689145077277,6.283185307179565,0.08241424565677695,0.23785650454493937
21.52,-0.0003867109398651884,-0.0016921920367686536,1.5479107255669542,-1.5936819280228391,-0.00031312548999788546,-0.0021552350619513886,4.190400283350544e-12,1.355269011169181e-13,1,0.5999999999999986,2.6645352591003757e-15,132.07255515691637,6.283185307179565,0.08707748912901449,0.2285300176004643
21.54,-0.00038669635496636426,-0.0016934591545538203,1.5265087149895744,-1.6150839386002183,-0.00032574537591569284,-0.0021592199657450867,4.193188128344363e-12,1.4440557972341966e-13,1,0.5999999999999986,2.6645352591003757e-15,132.19821886305996,6.283185307179565,0.09155788420933632,0.21956922743982063
21.56,-0.0003866930396818505,-0.0016948244706067547,1.5057992189230514,-1.6357934346667413,-0.00033952598092790794,-0.002162527403664176,4.196197768459564e-12,1.5751776504716301e-13,1,0.5999999999999986,2.6645352591003757e-15,132.32388256920356,6.283185307179565,0.09586260048573955,0.21095979488701416
21.580000000000002,-0.00038671491937229777,-0.0016963225361015211,1.486107841931271,-1.6554848116585221,-0.000354202220944162,-0.0021650442105366793,4.199505626387398e-12,1.7397422605838267e-13,1,0.5999999999999986,2.6645352591003757e-15,132.44954627534716,6.283185307179565,0.0999985264226549,0.20268794301318346
21.6,-0.0003867772387762794,-0.0016979772499441553,1.4677376626465855,-1.6738549909432079,-0.00036949353582522185,-0.0021667061359837278,4.203167997153297e-12,1.6918195926714942e-13,1,0.5999999999999986,2.6645352591003757e-15,132.57520998149076,6.283185307179565,0.10397228038395934,-0.620179217361164
21.62,-0.00038691018945325985,-0.0016996784181032905,1.450949423861839,-1.6906432297279537,-0.00038386657125326123,-0.0021673832909767476,4.2067207998501225e-12,1.863951607501872e-13,1,0.5999999999999986,2.6645352591003757e-15,132.70087368763436,6.283185307179565,0.0918134929145571,-0.5958616424223595
21.64,-0.00038709496085812857,-0.0017015406974660047,1.4360536334011185,-1.7055390201886746,-0.00039835255694410985,-0.0021674633131367003,4.210626518454221e-12,2.0415443473467064e-13,1,0.5999999999999986,2.6645352591003757e-15,132.82653739377795,6.283185307179565,0.08013145832105778,-0.5724975732353609
21.66,-0.0003873379070034439,-0.0017035579276833302,1.4232768154010076,-1.7183158381887855,-0.000412700395789049,-0.0021670196693692276,4.214883485894916e-12,2.2122339598104092e-13,1,0.5999999999999986,2.6645352591003757e-15,132.95220109992155,6.283185307179565,0.06890748285581155,-0.5500496223048684
21.68,-0.00038763976463216364,-0.0017057144775442243,1.412808593612007,-1.7287840599777864,-0.00042667833749780314,-0.0021661619237994703,4.219466385710946e-12,2.3648997237366305e-13,1,0.5999999999999986,2.6645352591003757e-15,133.07786480606515,6.283185307179565,0.058123605763498176,-0.5284818681202417
21.7,-0.00038799528214898693,-0.0017079872739878146,1.4048003302717107,-1.7367923233180829,-0.0004400772039540724,-0.0021650287089865937,4.224329338467139e-12,2.490205990300289e-13,1,0.5999999999999986,2.6645352591003757e-15,133.20352851220875,6.283185307179565,0.04776257054008687,-0.507759797673419
21.72,-0.00038839365068274814,-0.0017103478406074544,1.399364855799816,-1.742227797789977,-0.0004527108834206778,-0.0021637792493752364,4.22940984539449e-12,2.580925941347064e-13,1,0.5999999999999986,2.6645352591003757e-15,133.32919221835235,6.283185307179565,0.03780779731874803,-0.4878502512307414
21.740000000000002,-0.00038881958662499987,-0.0017127641250367022,1.3965768808129695,-1.7450157727768234,-0.0004644144796012086,-0.0021625840085287193,4.2346331946260365e-12,2.6320954001204547e-13,1,0.5999999999999986,2.6645352591003757e-15,133.45485592449594,6.283185307179565,0.02824335633852934,-0.468721369270304
21.76,-0.0003892548773589942,-0.001715202038532727,1.3964736555666133,-1.7451189980231803,-0.0004750408070574165,-0.0021616149252330595,4.239917052439971e-12,2.6410600874855517e-13,1,0.5999999999999986,2.6645352591003757e-15,133.58051963063954,6.283185307179565,0.019053942453339523,-0.45034254149992436
21.78,-0.00038968020209014404,-0.0017176267579027515,1.3990555068081791,-1.742537146781614,-0.0004844561168231646,-0.0021610355953758315,4.2451760879790475e-12,2.6074742040780025e-13,1,0.5999999999999986,2.6645352591003757e-15,133.70618333678314,6.283185307179565,0.010224850640449423,-0.43268435787414417
21.8,-0.00039007705374918963,-0.001720003925861265,1.4042860233950651,-1.7373066301947278,-0.0004925360041187103,-0.0021609916931077918,4.2503265771676625e-12,2.422821604566076e-13,1,0.5999999999999986,2.6645352591003757e-15,133.83184704292674,6.283185307179565,0.0017419524693184085,-0.6695251185379616
21.82,-0.0003904257866818252,-0.0017222497298845238,1.4121149250715475,-1.7294777285182459,-0.0004988263516894874,-0.002161832316427979,4.255078121118616e-12,2.320578628114556e-13,1,0.5999999999999986,2.6645352591003757e-15,133.95751074907034,6.283185307179565,-0.011384275230421959,-0.6432726631384809
21.84,-0.00039072161244641575,-0.0017243896507424922,1.4224263665941035,-1.7191662869956899,-0.0005035572032106819,-0.0021634271224130674,4.2595943414741195e-12,2.1893663453623638e-13,1,0.5999999999999986,2.6645352591003757e-15,134.08317445521394,6.283185307179565,-0.023995816180241214,-0.6180495812388423
21.86,-0.0003909588434457958,-0.0017263997645874,1.4350663035401954,-1.7065263500495975,-0.0005066169656850737,-0.0021658050008671556,4.2638252806153985e-12,2.037653904437513e-13,1,0.5999999999999986,2.6645352591003757e-15,134.20883816135753,6.283185307179565,-0.036112851536264645,-0.5938155105267955
21.88,-0.00039113755900098185,-0.0017282631972316382,1.449842717913898,-1.6917499356758956,-0.0005079047018487992,-0.002168948155637106,4.267739782283682e-12,1.8756718151974842e-13,1,0.5999999999999986,2.6645352591003757e-15,134.33450186750113,6.283185307179565,-0.04775477114016724,-0.5705316713189903
21.900000000000002,-0.00039126337964424484,-0.001729972095458289,1.4665271181395865,-1.6750655354502069,-0.0005073363424974548,-0.002172790314302615,4.271328557158661e-12,1.7149033391792677e-13,1,0.5999999999999986,2.6645352591003757e-15,134.46016557364473,6.283185307179565,-0.05894020454705723,-0.5481608045052103
21.92,-0.00039134640930784645,-0.0017315292783062297,1.4848571815959117,-1.6567354719938816,-0.0005048524419540245,-0.0021772181976386718,4.274606023524966e-12,1.567369220235524e-13,1,0.5999999999999986,2.6645352591003757e-15,134.58582927978833,6.283185307179565,-0.06968705083673876,-0.5266671119258473
21.94,-0.0003913994128219215,-0.0017329491831792796,1.5045406749589165,-1.6370519786308764,-0.0005004265096684287,-0.002182076551155045,4.277610525854877e-12,1.4447342890557953e-13,1,0.5999999999999986,2.6645352591003757e-15,134.71149298593193,6.283185307179565,-0.08001250725605807,-0.5060161990872086
21.96,-0.00039143546182411897,-0.0017342577465229358,1.5252606303043084,-1.6163320232854845,-0.0004940727482315474,-0.0021871766866261794,4.280402641415824e-12,1.3573145076543916e-13,1,0.5999999999999986,2.6645352591003757e-15,134.83715669207552,6.283185307179565,-0.08993309673816766,-0.48617502012298947
21.98,-0.00039146543403708976,-0.0017354909924175103,1.5466816055731127,-1.5949110480166802,-0.00048585199616225596,-0.002192308068512957,4.2830614881356695e-12,1.3131052970147932e-13,1,0.5999999999999986,2.6645352591003757e-15,134.96282039821912,6.283185307179565,-0.09946469434274416,-0.46711182491383646
22.0,-0.0003914958364424872,-0.0017366923284293796,1.5684567377178094,-1.5731359158719833,-0.00047587483475338126,-0.002197252084439999,4.28567921640081e-12,1.3123885467539514e-13,1,0.5999999999999986,2.6645352591003757e-15,135.08848410436272,6.283185307179565,-0.10862255265947082,0.20788674901059462
22.02,-0.00039148716189833034,-0.0017378980473649044,1.590232692409333,-1.5513599611804603,-0.000465284017868729,-0.002201323013206384,4.2883036838941944e-12,1.3252533819002095e-13,1,0.5999999999999986,2.6645352591003757e-15,135.21414781050632,6.283185307179565,-0.10454687464871801,0.199735392989089
22.04,-0.000391479509918545,-0.0017391454045775393,1.6116566992056547,-1.529935954384138,-0.0004532970448766502,-0.0022049674184671103,4.291005912813956e-12,1.3892446026937654e-13,1,0.5999999999999986,2.6645352591003757e-15,135.33981151664992,6.283185307179565,-0.10063100625860134,0.19190365620885566
22.06,-0.00039146492148006527,-0.0017404789993442798,1.632384531635384,-1.5092081219544093,-0.000440144562722971,-0.00220804160446538,4.293883608136592e-12,1.4989250631832617e-13,1,0.5999999999999986,2.6645352591003757e-15,135.46547522279351,6.283185307179565,-0.09686868126426684,0.18437900622018666
22.080000000000002,-0.0003914310403150559,-0.0017419355869750471,1.6520857347726354,-1.489506918817158,-0.0004260837225220222,-0.0022104388443864253,4.2970202119973124e-12,1.6456568297418925e-13,1,0.5999999999999986,2.6645352591003757e-15,135.5911389289371,6.283185307179565,-0.09325387914305143,0.17714940197775583
22.1,-0.00039136347920268354,-0.0017435413977725332,1.670450512869483,-1.4711421407203105,-0.0004113874011804346,-0.002212096580944548,4.300479319827272e-12,1.8184761954606296e-13,1,0.5999999999999986,2.6645352591003757e-15,135.7168026350807,6.283185307179565,-0.08978081544036225,0.17020327457237747
22.12,-0.00039124848214086425,-0.0017453108078010334,1.6871955376213867,-1.4543971159684066,-0.0003963328778174696,-0.002213000196790951,4.304301037260458e-12,2.0051205493191604e-13,1,0.5999999999999986,2.6645352591003757e-15,135.8424663412243,6.283185307179565,-0.08644393251331522,0.16352950871828342
22.14,-0.0003910753925535037,-0.0017472463360727886,1.7020684294512078,-1.4395242241385855,-0.00038119117934254127,-0.0022131832753434903,4.308500426565138e-12,2.1930548728688075e-13,1,0.5999999999999986,2.6645352591003757e-15,135.9681300473679,6.283185307179565,-0.08323789063732075,0.15711742496629447
22.16,-0.00039083853701483604,-0.0017493397119489635,1.7148508096747512,-1.4267418439150417,-0.00036621817701672444,-0.0022127246169436265,4.313067905714459e-12,2.370371609757248e-13,1,0.5999999999999986,2.6645352591003757e-15,136.0937937535115,6.283185307179565,-0.08015755946138516,0.15095676261442328
22.18,-0.00039053829753140176,-0.0017515736255351618,1.7253599819177945,-1.4162326716719988,-0.0003516482289169199,-0.0022117425379022896,4.317971254851146e-12,2.526485437061096e-13,1,0.5999999999999986,2.6645352591003757e-15,136.2194574596551,6.283185307179565,-0.07719800979845458,0.14503766328856213
22.2,-0.00039018131749738794,-0.0017539237561995278,1.7334494571131225,-1.4081431964766704,-0.00033769077397276584,-0.0022103871252123716,4.323158782772094e-12,2.3639897679204373e-13,1,0.5999999999999986,2.6645352591003757e-15,136.3451211657987,6.283185307179565,-0.07435450573766406,0.7993215327482327
22.22,-0.00038979539466058407,-0.0017562250361713037,1.738985351960816,-1.4026073016289775,-0.00032546886324365357,-0.002209147703295888,4.32798798185595e-12,2.456299094884926e-13,1,0.5999999999999986,2.6645352591003757e-15,136.4707848719423,6.283185307179565,-0.05868358293932263,0.7679796871515499
22.240000000000002,-0.00038938376520027417,-0.001758583871451909,1.7418501524659047,-1.3997425011238889,-0.00031415078184391726,-0.0022080284249380074,4.332964972461205e-12,2.5107443734575974e-13,1,0.5999999999999986,2.6645352591003757e-15,136.5964485780859,6.283185307179565,-0.04362712581290479,0.7378667728987142
22.26,-0.00038896344908548926,-0.0017609665582535793,1.7420043768934195,-1.3995882766963739,-0.00030388651856114743,-0.002207191573725393,4.3380104770058216e-12,2.52437454489808e-13,1,0.5999999999999986,2.6645352591003757e-15,136.7221122842295,6.283185307179565,-0.029161040814792816,0.7089346029024902
22.28,-0.0003885526181528236,-0.0017633385334053775,1.73944740477223,-1.402145248817563,-0.000294813793153858,-0.002206790274106148,4.343041708597322e-12,2.496628950519339e-13,1,0.5999999999999986,2.6645352591003757e-15,136.8477759903731,6.283185307179565,-0.015262179122726982,0.6811368795183586
22.3,-0.00038816873386470803,-0.001765665662850244,1.734217204187536,-1.407375449402256,-0.0002870618054606355,-0.0022069590634226648,4.347977137201823e-12,2.429318211950122e-13,1,0.5999999999999986,2.6645352591003757e-15,136.9734396965167,6.283185307179565,-0.0019082995927513502,0.6544291204584073
22.32,-0.0003878267428256815,-0.0017679155837570463,1.726390296792875,-1.415202356796918,-0.00028075384465611053,-0.002207804954089306,4.35274119963184e-12,2.3265851848739277e-13,1,0.5999999999999986,2.6645352591003757e-15,137.0991034026603,6.283185307179565,0.010921966831361651,0.6287685876101813
22.34,-0.00038753750782402857,-0.0017700592367814216,1.7160818391214006,-1.4255108144683923,-0.00027600803810412945,-0.0022093994062717115,4.3572688978949985e-12,2.1948231716877607e-13,1,0.5999999999999986,2.6645352591003757e-15,137.2247671088039,6.283185307179565,0.023249151313160077,0.6041142186465844
22.36,-0.0003873066625479758,-0.0017720726490571268,1.70344554558179,-1.4381471080080033,-0.00027293578015925044,-0.0022117717457650517,4.361510158301052e-12,2.0425048553200426e-13,1,0.5999999999999986,2.6645352591003757e-15,137.3504308149475,6.283185307179565,0.0350929799777544,0.5804265613173958
22.38,-0.0003871340773697732,-0.0017739389102320443,1.6886730959107,-1.4529195576790936,-0.00027163771869035726,-0.0022149046553467423,4.365433717035987e-12,1.879866162052274e-13,1,0.5999999999999986,2.6645352591003757e-15,137.47609452109108,6.283185307179565,0.04647240547782616,0.5576677103172523
22.400000000000002,-0.00038701408940448054,-0.0017756501460987988,1.671992672289083,-1.4695999813007106,-0.0002721975597593167,-0.0022187323843470873,4.369030191122696e-12,1.786985162387888e-13,1,0.5999999999999986,2.6645352591003757e-15,137.60175822723468,6.283185307179565,0.05740563732191578,0.2899741073329124
22.42,-0.00038694579781597943,-0.001777241149855176,1.6536838270349532,-1.4879088265548397,-0.00027433807969144523,-0.0022228946201775603,4.37243680669298e-12,1.6243319679106792e-13,1,0.5999999999999986,2.6645352591003757e-15,137.72742193337828,6.283185307179565,0.06309066101182975,0.27860405995308446
22.44,-0.00038690986575492343,-0.0017786871654116526,1.6340248633233194,-1.5075677902664735,-0.0002784169895112496,-0.0022275107078315363,4.3755398799109455e-12,1.4863204234523284e-13,1,0.5999999999999986,2.6645352591003757e-15,137.85308563952188,6.283185307179565,0.06855277173442986,0.26767983850788424
22.46,-0.0003868922107433748,-0.0017800138204452339,1.6133295162642103,-1.5282631373255828,-0.00028441941456333944,-0.0022324046426922656,4.37839981887571e-12,1.3836259213480392e-13,1,0.5999999999999986,2.6645352591003757e-15,137.97874934566548,6.283185307179565,0.07380071003218472,0.2571839619123745
22.48,-0.00038688077672631156,-0.0017812571192982716,1.5919318949078718,-1.549660758681921,-0.00029228549494729976,-0.002237377051514135,4.3810963369523025e-12,1.324639975035274e-13,1,0.5999999999999986,2.6645352591003757e-15,138.10441305180908,6.283185307179565,0.0788428737259906,0.24709963452476277
22.5,-0.00038686784509916404,-0.0017824607825048884,1.5701795575107915,-1.5714130960790014,-0.0003019070980092139,-0.0022422184934509895,4.383722979105879e-12,1.3146208525967594e-13,1,0.5999999999999986,2.6645352591003757e-15,138.23007675795267,6.283185307179565,0.08368733135347656,0.23741071926979085
22.52,-0.0003868515838238691,-0.001783672508813284,1.5484259373070985,-1.5931667162826946,-0.00031312792186494464,-0.002246723881268095,4.386380209555378e-12,1.3551354723151143e-13,1,0.5999999999999986,2.6645352591003757e-15,138.35574046409627,6.283185307179565,0.08834183508038598,0.228101711815972
22.54,-0.0003868365002616919,-0.001784939656183585,1.527022539517938,-1.6145701140718547,-0.00032574726998471876,-0.0022507067545490434,4.3891677554783694e-12,1.4438904360000923e-13,1,0.5999999999999986,2.6645352591003757e-15,138.48140417023987,6.283185307179565,0.09281383310569569,0.2191577157653526
22.56,-0.0003868326924638886,-0.001786304976473819,1.506311349181463,-1.6352813044083305,-0.0003395272783862947,-0.0022540121411696885,4.392177034152102e-12,1.5749823545347184e-13,1,0.5999999999999986,2.6645352591003757e-15,138.60706787638347,6.283185307179565,0.0971104815803233,0.21056441881609736
22.580000000000002,-0.00038685405367198976,-0.0017878030256777517,1.4866178614710575,-1.654974792118736,-0.00035420290702789915,-0.002256526913370125,4.395484474560549e-12,1.7395214714475898e-13,1,0.5999999999999986,2.6645352591003757e-15,138.73273158252707,6.283185307179565,0.10123865605849544,0.20230806985975308
22.6,-0.0003869158002419817,-0.0017894577118311393,1.4682450770944928,-1.6733475764953,-0.0003694936407765195,-0.0022581868487666435,4.399146383169104e-12,1.6916076497571908e-13,1,0.5999999999999986,2.6645352591003757e-15,138.85839528867066,6.283185307179565,0.10520496250010136,-0.6206149238018168
22.62,-0.00038704811624098924,-0.0017911588714417694,1.451454023268762,-1.690138630321031,-0.00038386610051566823,-0.0022588622098524322,4.402698742253438e-12,1.8637218195077136e-13,1,0.5999999999999986,2.6645352591003757e-15,138.98405899481426,6.283185307179565,0.09303763288374761,-0.5962802645691093
22.64,-0.0003872321750650503,-0.0017930211460347749,1.4365548994875477,-1.7050377541022455,-0.00039835159949540776,-0.002258940518467521,4.406603989488208e-12,2.0413050065471244e-13,1,0.5999999999999986,2.6645352591003757e-15,139.10972270095786,6.283185307179565,0.08134739108566968,-0.5728997809729535
22.66,-0.0003874743205443536,-0.0017950383859112113,1.4237742461150604,-1.7178184074747325,-0.0004126990690257058,-0.002258495248103928,4.410860475619979e-12,2.2119943796813294e-13,1,0.5999999999999986,2.6645352591003757e-15,139.23538640710146,6.283185307179565,0.07011553022493933,-0.5504360592514927
22.68,-0.00038777528656832114,-0.0017971949684675549,1.4133017365641012,-1.7282909170256922,-0.00042667677882588233,-0.0022576359655688866,4.41544290317773e-12,2.3646693558066446e-13,1,0.5999999999999986,2.6645352591003757e-15,139.36105011324506,6.283185307179565,0.0593240769279213,-0.5288531526574567
22.7,-0.0003881298251163766,-0.0017994678259794549,1.4052888107072443,-1.736303842882549,-0.0004400755620960847,-0.002256501305099856,4.42030541110511e-12,2.4899935574754693e-13,1,0.5999999999999986,2.6645352591003757e-15,139.48671381938865,6.283185307179565,0.04895576256704082,-0.5081165239356957
22.72,-0.000388527136104355,-0.0018018284834885629,1.399848398052798,-1.7417442555369949,-0.00045270931018911694,-0.002255250494434573,4.4253855167773e-12,2.580738705072875e-13,1,0.5999999999999986,2.6645352591003757e-15,139.61237752553225,6.283185307179565,0.0389939956272955,-0.4881929900562051
22.740000000000002,-0.0003889519486723713,-0.0018042448861560812,1.3970553228875515,-1.7445373307022418,-0.0004644131225505814,-0.0022540540040878144,4.430608520964117e-12,2.631938632461416e-13,1,0.5999999999999986,2.6645352591003757e-15,139.73804123167585,6.283185307179565,0.029422835156291433,-0.46905066911419696
22.76,-0.0003893860658157487,-0.001806682939288176,1.396946956955457,-1.7446456966343362,-0.0004750398031232941,-0.002253083784751353,4.4358920982483885e-12,2.640936777406105e-13,1,0.5999999999999986,2.6645352591003757e-15,139.86370493781945,6.283185307179565,0.020226965255318557,-0.4506589293122512
22.78,-0.0003898101843485817,-0.0018091078110409797,1.3995237498509192,-1.7420689037388737,-0.0004844555868574653,-0.0022525034496400013,4.441150921395469e-12,2.607384999375075e-13,1,0.5999999999999986,2.6645352591003757e-15,139.98936864396305,6.283185307179565,0.011391670570645107,-0.4329883399429043
22.8,-0.00039020581615431657,-0.0018114851337687871,1.4047494084675372,-1.7368432451222562,-0.0004925360481617105,-0.002252458695269217,4.446301265381612e-12,2.422687268059399e-13,1,0.5999999999999986,2.6645352591003757e-15,140.11503235010665,6.283185307179565,0.0029028127458121666,-0.6699932988010628
22.82,-0.00039055336275319556,-0.0018137310425531776,1.4125739088508398,-1.7290187447389531,-0.0004988267835998592,-0.002253298855608302,4.4510525734408695e-12,2.320476409806478e-13,1,0.5999999999999986,2.6645352591003757e-15,140.24069605625024,6.283185307179565,-0.01023259375927521,-0.6437224857908881
22.84,-0.0003908480307160675,-0.0018158710521766234,1.4228813483862812,-1.7187113052035121,-0.0005035580674406156,-0.0022548934161114665,4.455568619226031e-12,2.189293109088453e-13,1,0.5999999999999986,2.6645352591003757e-15,140.36635976239384,6.283185307179565,-0.02285295360833589,-0.6184817660927667
22.86,-0.00039108415209056793,-0.0018178812310745657,1.435517745634074,-1.7060749079557187,-0.0005066182732260074,-0.0022572712845426368,4.459799438130853e-12,2.037605970428539e-13,1,0.5999999999999986,2.6645352591003757e-15,140.49202346853744,6.283185307179565,-0.03497846206961541,-0.5942307491702077
22.88,-0.00039126182437454314,-0.00181974470007989,1.450291117758844,-1.6913015358309487,-0.0005079064297613249,-0.0022604146786069923,4.4637138665109596e-12,1.8756456459498126e-13,1,0.5999999999999986,2.6645352591003757e-15,140.61768717468104,6.283185307179565,-0.04662852254356492,-0.5709306282223087
22.900000000000002,-0.00039138668363994123,-0.0018214536044869297,1.466972977290453,-1.67461967629934,-0.0005073384353793972,-0.002264257332938351,4.46730260859568e-12,1.714896160684854e-13,1,0.5999999999999986,2.6645352591003757e-15,140.74335088082464,6.283185307179565,-0.05782177761242152,-0.5485441180845955
22.92,-0.00039146884534858645,-0.001823010765679483,1.4853009732714706,-1.656291680318322,-0.0005048548156501934,-0.0022686859663859625,4.470580078251895e-12,1.5673794717009221e-13,1,0.5999999999999986,2.6645352591003757e-15,140.86901458696823,6.283185307179565,-0.06857613887231717,-0.5270353955648042
22.94,-0.0003915210804318055,-0.0018244306270338432,1.504982812528716,-1.6366098410610768,-0.0005004290573345639,-0.0022735453123115283,4.4735846182202264e-12,1.4447618068802783e-13,1,0.5999999999999986,2.6645352591003757e-15,140.99467829311183,6.283185307179565,-0.07890881559565377,-0.506370042118131
22.96,-0.00039155645999252984,-0.0018257391337712268,1.5257014392558725,-1.6158912143339208,-0.0004940753485740833,-0.002278646660100636,4.476376806777279e-12,1.357360389738251e-13,1,0.5999999999999986,2.6645352591003757e-15,141.12034199925543,6.283185307179565,-0.0888363422696106,-0.4865149887702173
22.98,-0.00039158585388964314,-0.0018269723201631448,1.5471213014154273,-1.5944713521743656,-0.00048585452333545866,-0.0022837794428852633,4.479035765007373e-12,1.3131714557452855e-13,1,0.5999999999999986,2.6645352591003757e-15,141.24600570539903,6.283185307179565,-0.0983746050548513,-0.4674384631997359
23.0,-0.00039161575400081317,-0.0018281736036353704,1.5688954118234768,-1.572697241766316,-0.00047587716907784177,-0.0022887250104974017,4.4816536474450985e-12,1.3124629209628378e-13,1,0.5999999999999986,2.6645352591003757e-15,141.37166941154263,6.283185307179565,-0.1075388672067702,0.20747407452786226
23.02,-0.000391606591688591,-0.0018293792661566333,1.5906703359748346,-1.5509223176149582,-0.0004652859816337402,-0.0022927975555479623,4.4842782895411935e-12,1.3253539423988987e-13,1,0.5999999999999986,2.6645352591003757e-15,141.49733311768622,6.283185307179565,-0.1034712797949751,0.19933889970427207
23.04,-0.00039159849347448556,-0.0018306265865436083,1.6120932024122987,-1.5294994511774949,-0.00045329855203715057,-0.00229644363658817,4.486980746511346e-12,1.3893721248481867e-13,1,0.5999999999999986,2.6645352591003757e-15,141.62299682382982,6.283185307179565,-0.09956318476689345,0.19152270964810877
23.06,-0.0003915834724109302,-0.001831960165990118,1.6328196652041735,-1.5087729883856191,-0.00044014555796031583,-0.002299519517777251,4.48985872351163e-12,1.4990787960990762e-13,1,0.5999999999999986,2.6645352591003757e-15,141.74866052997342,6.283185307179565,-0.0958083283367089,0.18401299678773966
23.080000000000002,-0.00039154914454202005,-0.0018334167572062693,1.6525191702566706,-1.4890734833331223,-0.0004260841862197684,-0.002301918438848495,4.4929956592589624e-12,1.6458340314425064e-13,1,0.5999999999999986,2.6645352591003757e-15,141.87432423611702,6.283185307179565,-0.09220070193305438,0.17679774398043063
23.1,-0.00039148109778559614,-0.0018350225839823626,1.6708818492676578,-1.4707108043221355,-0.00041138735093077975,-0.002303577817155592,4.496455141577762e-12,1.8186720191283685e-13,1,0.5999999999999986,2.6645352591003757e-15,141.99998794226062,6.283185307179565,-0.08873453258401605,0.16986540528235397
23.12,-0.0003913655561351946,-0.0018367920132466384,1.6876243317732993,-1.453968321816494,-0.0003963323666043747,-0.0023044830182444007,4.500277264446428e-12,2.0053282890280738e-13,1,0.5999999999999986,2.6645352591003757e-15,142.12565164840422,6.283185307179565,-0.08540427367914653,0.16320488747261494
23.14,-0.00039119184909134426,-0.0018387275539179084,1.7024942275288697,-1.439098426060923,-0.0003811902909954161,-0.002304667615662398,4.5044770752396176e-12,2.1932665053261972e-13,1,0.5999999999999986,2.6645352591003757e-15,142.2513153545478,6.283185307179565,-0.08220459609370492,0.15680553230173172
23.16,-0.00039095429575781044,-0.001840820925997647,1.7152731773139402,-1.4263194762758529,-0.00036621701980908125,-0.0023042104052162517,4.509044975097951e-12,2.3705785201467747e-13,1,0.5999999999999986,2.6645352591003757e-15,142.3769790606914,6.283185307179565,-0.07913037966092022,0.15065709943616232
23.18,-0.0003906532767751878,-0.001843054812379279,1.7257785310453346,-1.4158141225444574,-0.00035164692825333433,-0.0023032297016430696,4.513948726932166e-12,2.5266792013213755e-13,1,0.5999999999999986,2.6645352591003757e-15,142.502642766835,6.283185307179565,-0.07617670497863215,0.14474975007158616
23.2,-0.0003902954394483009,-0.0018454048883134637,1.7338638681857992,-1.407728785403993,-0.0003376894649833707,-0.0023018755908757616,4.519136623440149e-12,2.36418500592356e-13,1,0.5999999999999986,2.6645352591003757e-15,142.6283064729786,6.283185307179565,-0.07333884553719816,0.7989478566380068
23.22,-0.0003899086351324338,-0.0018477061061255439,1.739395701812146,-1.402196951777647,-0.0003254675240373899,-0.0023006372498216823,4.52396619646734e-12,2.4564763711459277e-13,1,0.5999999999999986,2.6645352591003757e-15,142.7539701791222,6.283185307179565,-0.05767524876378538,0.7676206630911813
23.240000000000002,-0.00038949606970563853,-0.0018500648581603193,1.7422563045876565,-1.3993363490021373,-0.0003141495366535633,-0.0022995189530169626,4.528943519792099e-12,2.5108988202436386e-13,1,0.5999999999999986,2.6645352591003757e-15,142.8796338852658,6.283185307179565,-0.04262583040474999,0.7375218263731105
23.26,-0.0003890747762456166,-0.0018524474450509238,1.7424062969934946,-1.3991863565962994,-0.00030388548175802117,-0.0022986829759255338,4.533989307881077e-12,2.524503119406017e-13,1,0.5999999999999986,2.6645352591003757e-15,143.0052975914094,6.283185307179565,-0.028166508180003713,0.7086031819236179
23.28,-0.0003886629414896785,-0.0018548193103049783,1.739845161949892,-1.4017474916399006,-0.0002948130644115929,-0.0022982824306357363,4.5390207696523135e-12,2.496730496445941e-13,1,0.5999999999999986,2.6645352591003757e-15,143.130961297553,6.283185307179565,-0.014274144089166996,0.6808184537419445
23.3,-0.00038827804298047973,-0.0018571463279804129,1.7346109665584677,-1.406981687031326,-0.00028706146565795135,-0.0022984518381969315,4.543956374569334e-12,2.429393327012011e-13,1,0.5999999999999986,2.6645352591003757e-15,143.2566250036966,6.283185307179565,-0.0009265073858321093,0.6541231803352747
23.32,-0.00038793504408298553,-0.001859396143864222,1.7267803218190532,-1.4148123317707402,-0.00028075395245981746,-0.002299298191825954,4.548720562183925e-12,2.32663591419088e-13,1,0.5999999999999986,2.6645352591003757e-15,143.3822887098402,6.283185307179565,0.011897760996373963,0.6284746435708626
23.34,-0.00038764482453958264,-0.0018615397067547352,1.7164684588937373,-1.425124194696056,-0.00027600862727557247,-0.0023008929312599248,4.55324833971765e-12,2.194852555885392e-13,1,0.5999999999999986,2.6645352591003757e-15,143.5079524159838,6.283185307179565,0.02421918262285261,0.6038318003179053
23.36,-0.00038741303460493103,-0.0018635530504928458,1.7038291474191747,-1.4377635061706187,-0.0002729368577576218,-0.002303265362803974,4.557489640149841e-12,2.0425163765130337e-13,1,0.5999999999999986,2.6645352591003757e-15,143.6336161221274,6.283185307179565,0.03605747439691637,0.5801552167697778
23.38,-0.00038723956006685617,-0.0018654192691369585,1.6890540989225051,-1.4525385546672878,-0.000271639264457155,-0.0023063981531166646,4.561413206626328e-12,1.8798631510866783e-13,1,0.5999999999999986,2.6645352591003757e-15,143.759279828271,6.283185307179565,0.047431580111040594,0.5574070053415293
23.400000000000002,-0.00038711875132243725,-0.001867130489940651,1.672371500977303,-1.4692211526124899,-0.00027219952701623825,-0.0023102255411626394,4.565009662256697e-12,1.78700712781316e-13,1,0.5999999999999986,2.6645352591003757e-15,143.8849435344146,6.283185307179565,0.0583597007609733,0.28958129520768017
23.42,-0.00038704969740486843,-0.0018687215216703934,1.6540608278645164,-1.4875318257252772,-0.0002743402331250022,-0.0023143871107701194,4.568416303084439e-12,1.6243355825298736e-13,1,0.5999999999999986,2.6645352591003757e-15,144.0106072405582,6.283185307179565,0.0640370232590182,0.2782266502115904
23.44,-0.0003870130904541131,-0.001870167583837805,1.634400408588112,-1.507192245001681,-0.0002784192390079947,-0.0023190023259210745,4.5715193658195545e-12,1.486306323950063e-13,1,0.5999999999999986,2.6645352591003757e-15,144.13627094670179,6.283185307179565,0.06949173475780163,0.2673172272140235
23.46,-0.0003869948479292568,-0.0018714942965121616,1.6137039030383478,-1.5278887505514458,-0.0002844216556077447,-0.002323895203800034,4.574379258572178e-12,1.3835935362065048e-13,1,0.5999999999999986,2.6645352591003757e-15,144.26193465284538,6.283185307179565,0.07473256395945549,0.2568355688107158
23.48,-0.00038698290738481265,-0.0018727376550658832,1.5923053257684447,-1.5492873278213484,-0.0002922876174704477,-0.0023288664003807856,4.57707569258801e-12,1.3245878764567401e-13,1,0.5999999999999986,2.6645352591003757e-15,144.38759835898898,6.283185307179565,0.07976789730880562,0.24676490211201552
23.5,-0.000386969537538132,-0.0018739413712161334,1.5705521279460395,-1.5710405256437534,-0.00030190899603718023,-0.0023337065093039754,4.579702209531776e-12,1.314547332353434e-13,1,0.5999999999999986,2.6645352591003757e-15,144.51326206513258,6.283185307179565,0.08460579241347273,0.2370891119026813
23.52,-0.00038695288821843004,-0.0018751531366157281,1.548797631006428,-1.5927950225833651,-0.0003131295030115123,-0.0023382104802307634,4.58235927043971e-12,1.355039232401275e-13,1,0.5999999999999986,2.6645352591003757e-15,144.63892577127618,6.283185307179565,0.0892539909377636,0.22779271485409958
23.54,-0.00038693744478725907,-0.0018764203051475918,1.5273932319393624,-1.6141994216504312,-0.0003257484637742703,-0.002342191888945043,4.5851466008180616e-12,1.4437712559644846e-13,1,0.5999999999999986,2.6645352591003757e-15,144.76458947741978,6.283185307179565,0.09371993099098568,0.21886083474765541
23.56,-0.00038693328155437574,-0.0018777856283510664,1.5066808189313892,-1.6349118346584035,-0.00033952804251209103,-0.0023454957959861394,4.588155618991564e-12,1.5748416010553617e-13,1,0.5999999999999986,2.6645352591003757e-15,144.89025318356337,6.283185307179565,0.09801075903000882,0.21027917866960913
23.580000000000002,-0.0003869542685931044,-0.0018792836656852745,1.4869858082502143,-1.654606845339579,-0.0003542032309361289,-0.002348009100591081,4.591462758491129e-12,1.7393623510512875e-13,1,0.5999999999999986,2.6645352591003757e-15,145.01591688970697,6.283185307179565,0.10213334129512093,0.2020340141393849
23.6,-0.00038701560178440724,-0.001880938331758969,1.4686111443821754,-1.6729815092076175,-0.0003694935463606025,-0.002349667600580597,4.595124334037312e-12,1.691454904944931e-13,1,0.5999999999999986,2.6645352591003757e-15,145.14158059585057,6.283185307179565,0.1060942747974773,-0.6209292792458382
23.62,-0.00038714745978090124,-0.0018826394850828057,1.4518180596844759,-1.6897745939053177,-0.00038386559166364744,-0.0023503416677899494,4.598676373422059e-12,1.8635562216174945e-13,1,0.5999999999999986,2.6645352591003757e-15,145.26724430199417,6.283185307179565,0.09392078215449079,-0.5965822939598652
23.64,-0.0003873310044044452,-0.0018845017561083496,1.4369165312434855,-1.7046761223463074,-0.0003983507404463994,-0.0023504187405096835,4.602581280971847e-12,2.041132534950799e-13,1,0.5999999999999986,2.6645352591003757e-15,145.39290800813777,6.283185307179565,0.08222461898551081,-0.5731899676219052
23.66,-0.0003875725721357583,-0.001886519002808893,1.424133111098562,-1.7174595424912313,-0.00041269794450877323,-0.002349972296987766,4.606837420280081e-12,2.2118217494518532e-13,1,0.5999999999999986,2.6645352591003757e-15,145.51857171428136,6.283185307179565,0.07098706893415252,-0.5507148675191886
23.68,-0.000387872894801582,-0.0018886756087827345,1.41365750845407,-1.7279351451357234,-0.0004266754879968541,-0.002349111905968634,4.6114195075674605e-12,2.364503381241661e-13,1,0.5999999999999986,2.6645352591003757e-15,145.64423542042496,6.283185307179565,0.06019014952286178,-0.5291210286966072
23.7,-0.0003882267269568364,-0.0018909485101508102,1.4056412191552128,-1.7359514344345808,-0.0004400742122680282,-0.0023479762029004324,4.6162816950280394e-12,2.4898405273268085e-13,1,0.5999999999999986,2.6645352591003757e-15,145.76989912656856,6.283185307179565,0.04981658337711492,-0.5083738964051134
23.72,-0.00038862327485456776,-0.0018933092329979412,1.400197244165396,-1.7413954094243973,-0.00045270801089798083,-0.002346724417894375,4.621361511675799e-12,2.5806038541155635e-13,1,0.5999999999999986,2.6645352591003757e-15,145.89556283271216,6.283185307179565,0.03984977057793329,-0.4884402708067502
23.740000000000002,-0.0003890472768319103,-0.0018957257207024457,1.3974004897545487,-1.744192163835244,-0.0004644119802532748,-0.00234552702647635,4.626584267389844e-12,2.6318257607043933e-13,1,0.5999999999999986,2.6645352591003757e-15,146.02122653885576,6.283185307179565,0.03027376209847138,-0.46928825384782635
23.76,-0.00038948054714887335,-0.0018981638742798324,1.3972884153006504,-1.7443042382891427,-0.0004750389166068264,-0.002344555987922579,4.631867642737775e-12,2.640848038127972e-13,1,0.5999999999999986,2.6645352591003757e-15,146.14689024499935,6.283185307179565,0.021073234282171283,-0.45088719821522616
23.78,-0.00038990379532624945,-0.0019005888556489464,1.399861559023335,-1.7417310945664584,-0.0004844550432940328,-0.0023439749279435765,4.637126313092571e-12,2.607320857101915e-13,1,0.5999999999999986,2.6645352591003757e-15,146.27255395114295,6.283185307179565,0.012233464321642962,-0.4332076582941695
23.8,-0.0003902985469249889,-0.0019029662896946798,1.4050837129814118,-1.7365089406083811,-0.0004925359196950364,-0.00234392955918547,4.642276552740974e-12,2.422590548662666e-13,1,0.5999999999999986,2.6645352591003757e-15,146.39821765728655,6.283185307179565,0.0037403066990313594,-0.670331068652001
23.82,-0.0003906452375344331,-0.001905212273710158,1.4129050382784871,-1.7286876153113058,-0.0004988269358497821,-0.00234476938588214,4.647027690996433e-12,2.3204028465037824e-13,1,0.5999999999999986,2.6645352591003757e-15,146.52388136343015,6.283185307179565,-0.009401721878702418,-0.6440470114965334
23.84,-0.00039093907010156754,-0.001907352347017328,1.4232095907992206,-1.718383062790572,-0.0005035585324032542,-0.0023463637696402645,4.651543611185013e-12,2.189240437457196e-13,1,0.5999999999999986,2.6645352591003757e-15,146.64954506957375,6.283185307179565,-0.022028444145227033,-0.6187935669634842
23.86,-0.0003911743908509784,-0.00190936257249092,1.4358434345655802,-1.705749219024213,-0.0005066190587387676,-0.0023487416311812103,4.655774343656044e-12,2.0375715342747182e-13,1,0.5999999999999986,2.6645352591003757e-15,146.77520877571735,6.283185307179565,-0.034160065550013385,-0.5945303241539115
23.88,-0.0003913513103979703,-0.001911226067377946,1.4506146121300063,-1.690978041459787,-0.0005079075191640039,-0.002351885198209231,4.659688719434568e-12,1.8756268924123637e-13,1,0.5999999999999986,2.6645352591003757e-15,146.90087248186094,6.283185307179565,-0.045815999275526376,-0.5712184567028855
23.900000000000002,-0.0003914754760286429,-0.0019129349759052189,1.4672946389999946,-1.674298014589798,-0.0005073397885750379,-0.0023557282104484756,4.663277438095797e-12,1.7148910887694998e-13,1,0.5999999999999986,2.6645352591003757e-15,147.02653618800454,6.283185307179565,-0.05701489730245862,-0.548820660649021
23.92,-0.0003915570115248589,-0.0019144921211546575,1.485621143782054,-1.6559715098077392,-0.000504856371784778,-0.0023601573853596325,4.666554910321345e-12,1.567386957047482e-13,1,0.5999999999999986,2.6645352591003757e-15,147.15219989414814,6.283185307179565,-0.06777468025687894,-0.5273010947401804
23.94,-0.00039160869222041705,-0.0019159119508173985,1.5053017901211287,-1.6362908634686644,-0.000500430739176614,-0.0023650174475402528,4.6695594776074e-12,1.4447817346676506e-13,1,0.5999999999999986,2.6645352591003757e-15,147.27786360029174,6.283185307179565,-0.07811256608705713,-0.506625323079824
23.96,-0.00039164358883179594,-0.0019172204164511573,1.526019458793948,-1.6155731947958447,-0.0004940770684650897,-0.0023701196702228984,4.6723517189665694e-12,1.357393556720837e-13,1,0.5999999999999986,2.6645352591003757e-15,147.40352730643534,6.283185307179565,-0.08804509761585483,-0.4867602600222286
23.98,-0.0003916725655424079,-0.001918453559683856,1.5474385183954753,-1.5941541351943176,-0.00048585619033645233,-0.0023752534639364382,4.675010757770981e-12,1.313219247397242e-13,1,0.5999999999999986,2.6645352591003757e-15,147.52919101257893,6.283185307179565,-0.09758816901277112,-0.467674117228396
24.0,-0.00039170210332972147,-0.001919654805056382,1.5692118921545528,-1.57238076143524,-0.00047587869670815157,-0.0023802001512468526,4.677628751560177e-12,1.3171252800183435e-13,1,0.5999999999999986,2.6645352591003757e-15,147.65485471872253,6.283185307179565,-0.10675705122800491,-0.44933635279792844
