time_s,x_m,y_m,orientation_rad,axis_heading_rad,head_x_m,head_y_m,dissipation_J,power_W,action,amplitude_rad,amplitude_rate_rad_s,phase_rad,phase_rate_rad_s,bias_rad,bias_rate_rad_s
0.0,0.001,0.002,0.0,-3.141592653589793,0.0004999999999999999,0.002,0.0,1.583237531953663e-13,1,0.0,1.2,0.0,0.0,0.0,-4.0
0.02,0.0010000000122155116,0.0020000009734457112,-1.3451046080337238e-05,3.1415792025437126,0.0005003436619942406,0.0019897314030571933,3.043357541149973e-15,1.4634642652636286e-13,1,0.023526336508606138,1.1529473269827877,0.002480096241394649,0.24636721980439416,-0.07842112169535365,-3.8431577566092927
0.04,0.001000000316426029,0.0020000090493808905,-0.0001293961562052948,3.1414632574335872,0.0005013156515582635,0.0019799415298761038,5.859966360636041e-15,1.3559193951958488e-13,1,0.04613019216801861,1.1077396156639627,0.009790290914295882,0.48307424274577493,-0.1537673072267285,-3.692465385546543
0.06,0.0010000016209006253,0.0020000296992314457,-0.0004381964278355804,3.1411544571619574,0.0005028261369766318,0.0019706788293271595,8.472047666850381e-15,1.2584119027443534e-13,1,0.06784773796970556,1.0643045240605888,0.021741193150254835,0.7104998505610404,-0.22615912656568504,-3.54768174686863
0.08,0.0010000049456072612,0.002000066897463127,-0.0010190109451520052,3.1405736426446413,0.0005047848964603547,0.0019619819547018968,1.0897627491532841e-14,1.16894506273999e-13,1,0.08871372662027333,1.0225725467594533,0.038150838202993975,0.9290079727427458,-0.29571242206757753,-3.408575155864845
0.1,0.0010000115179121512,0.002000123306653004,-0.0019409333616060207,3.139651720228187,0.0005071026786607638,0.0019538813702381893,1.3150951060885555e-14,1.0857389257100808e-13,1,0.10876154815321104,0.9824769036935779,0.058844396265991784,1.1389482689039339,-0.3625384938440366,-3.274923012311927
0.12,0.0010000226757083271,0.0020002004293163656,-0.0032637520374867567,3.138328901552306,0.0005096922191724586,0.001946400774642985,1.5242931240199054e-14,1.007243979950407e-13,1,0.12802328336006813,0.9439534332798637,0.08365389270749338,1.340656688308114,-0.4267442778668935,-3.146511444266213
0.14,0.001000039764275846,0.002000298729360247,-0.0050383589728084585,3.1365542946169853,0.0005124690246224085,0.001939558323131486,1.7181620776950668e-14,9.321525018090174e-14,1,0.1465297551265649,0.9069404897468701,0.11241793927526313,1.5344560074597582,-0.4884325170885495,-3.023134965822901
0.16,0.001000064017735501,0.0020004177298372267,-0.007306831456417752,3.134285822133375,0.0005153520151116723,0.0019333676417219072,1.8972707880530176e-14,8.594111047522392e-14,1,0.16431057775578567,0.8713788444884286,0.14498147584094984,1.720656346615568,-0.5477019258526186,-2.904596148294763
0.18,0.0010000964203995197,0.002000556095984941,-0.01010221214329119,3.131490441446502,0.00051826409532769,0.0019278386349639237,2.062003924940472e-14,7.882356923094831e-14,1,0.18139420435738157,0.8372115912852368,0.1811955222708,1.8995556660430515,-0.6046473478579384,-2.7907053042841232
0.2,0.0010001375477077846,0.00200071171377174,-0.013448018416609083,3.128144635173184,0.0005211327051465875,0.0019229780920640759,2.2126175142727572e-14,7.181281964887157e-14,1,0.19780797237861664,0.8043840552427667,0.2209169400256598,2.071440242820516,-0.659359907928722,-2.681280184142556
0.22,0.0010001873908141053,0.002000881774498048,-0.017357520515145206,3.124235133074648,0.0005238903822001716,0.00191879009776307,2.3492978307111565e-14,6.488930117597597e-14,1,0.21357814735011543,0.7728437052997691,0.2640082031087746,2.2365851289414698,-0.7119271578337178,-2.5761456843325643
0.24,0.0010002451732189727,0.002001062875423303,-0.02183283990120436,3.1197598136885887,0.0005264753517011633,0.0019152762545797748,2.4722233143909806e-14,5.806498637234589e-14,1,0.22872996491631575,0.7425400701673684,0.31033717799485355,2.395254591456495,-0.7624332163877188,-2.4751335672245625
0.26,0.0010003091719681789,0.0020012511447956103,-0.026863934200114514,3.114728719389678,0.0005288321427848994,0.0019124357233338616,2.581628404332999e-14,5.138390028533266e-14,1,0.24328767121788364,0.7134246575642327,0.3597769121882393,2.5477025353569074,-0.8109589040596119,-2.378082191880776
0.28,0.001000376559529994,0.0020014423969307907,-0.03242755167190447,3.1091651019178883,0.000530912215842,0.001910265090188625,2.677867303414068e-14,4.4921417145620476e-14,1,0.25727456169071133,0.6854508766185773,0.4122054310718302,2.6941729098769094,-0.8575818723023709,-2.284836255395258
0.3,0.0010004432850531926,0.0020016323190652978,-0.03848625477710033,3.1031063988126926,0.0005326745721357645,0.0019087580715533672,2.7614747734074246e-14,3.87818882807735e-14,1,0.2707130183435844,0.6585739633128311,0.4675055427216704,2.8349000988644124,-0.9023767278119479,-2.1952465443761042
0.32,0.0010005040147102262,0.0020018166867051407,-0.04498762641963118,3.0966050271701615,0.0005340863060897562,0.0019079050734327162,2.8332202240855017e-14,3.309423105485257e-14,1,0.28362454557417116,0.6327509088516576,0.5255646503748691,2.9701092958451984,-0.9454151519139036,-2.109169696172193
0.34,0.0010005521496455742,0.0020019915984708357,-0.051863780728057536,3.089728872861736,0.0005351230529798863,0.0019076926291427348,2.89415075264672e-14,2.80052609813069e-14,1,0.29602980458064654,0.6079403908387069,0.5862745722507581,3.100016864380604,-0.9867660152688216,-2.026467969462357
0.36,0.0010005799362123636,0.002002153715649765,-0.059031299370912706,3.08256135421888,0.0005357692815689682,0.0019081027481500981,2.945618564690981e-14,2.3670777817718558e-14,1,0.3079486464240173,0.5841027071519653,0.6495313684369627,3.224830684295379,-1.0264954880800574,-1.9470090238398852
0.38,0.0010005786765370315,0.002002300486732071,-0.06639170137502347,3.07520095221477,0.0005360183836764139,0.0019091122180317933,2.989288507374394e-14,2.0244706208462905e-14,1,0.31940014379405474,0.5611997124118905,0.7152351745633669,3.3447504843297535,-1.0646671459801822,-1.8706657080396356
0.4,0.001000539038331929,0.0020024303341892448,-0.07383252739792776,3.0677601261918657,0.0005358725216648284,0.0019106919096792616,3.027122362619913e-14,1.7866908885078234e-14,1,0.3304026215296673,0.5391947569406653,0.7832900419978157,3.459968161748039,-1.1013420717655573,-1.7973158564688854
0.42,0.001000451452191064,0.0020025427806475327,-0.08122907857994734,3.0603635750098457,0.0005353422105628081,0.0019128061411675772,3.061338092183229e-14,1.6650585528615865e-14,1,0.34097368594255245,0.518052628114895,0.8536037843078333,3.570668089415187,-1.136578953141841,-1.7268420937163178
0.44,0.0010003065738084197,0.002002638495050905,-0.08844679825144267,3.05314585533835,0.0005344456332637633,0.001915412156606989,3.094344294063903e-14,1.6670384131809724e-14,1,0.35113025299105144,0.4977394940178971,0.926087829742664,3.6770274108327095,-1.1704341766368378,-1.6591316467263244
0.46,0.0010000957794306555,0.00200271924642619,-0.09534422735486695,3.0462484262349268,0.0005332077130450559,0.001918459771765161,3.1286525007436736e-14,1.7952429377392846e-14,1,0.36088857534929175,0.47822284930141645,1.0006570794995744,3.779216323606072,-1.2029619178309723,-1.5940761643380554
0.48,0.0009998116571251958,0.0020027877627202184,-0.10177640896360163,3.0398162446261914,0.0005316589946045638,0.001921891228169374,3.166772310454443e-14,2.046737968031586e-14,1,0.37026426841493304,0.4594714631701339,1.0772297715476138,3.877398351797177,-1.2342142280497765,-1.531571543900447
0.5,0.0009994484553419501,0.0020028475034296615,-0.10759857196390632,3.0339940816258864,0.0005298344093211638,0.001925641282740772,3.211096341511243e-14,2.412736010361427e-14,1,0.3792723352971349,0.4414553294057302,1.1557273497909208,3.9717306075977454,-1.264241117657116,-1.471517764685768
0.52,0.0009990024541279004,0.002002902365507308,-0.11266989600114743,3.0289227575886457,0.0005277720188696345,0.001929637542784012,3.2637833216895734e-14,2.878721989423535e-14,1,0.38792719082473215,0.42414561835053566,1.2360743383622115,4.062364042742348,-1.2930906360824403,-1.4138187278351193
0.54,0.0009984722325316847,0.0020029563504232735,-0.11685715362605127,3.0247354999637412,0.0005255118406507266,0.0019338010390520144,3.326648065011593e-14,3.4250100601349255e-14,1,0.39624268461303674,0.40751463077392647,1.3181982208452878,4.149443690063379,-1.3208089487101224,-1.3583821025797551
0.56,0.0009978588166055275,0.0020030132248704253,-0.12003804180128225,3.0215546117885115,0.0005230948569286342,0.0019380470154535588,3.401066602273346e-14,4.0276858493577865e-14,1,0.4042321232261765,0.3915357535476469,1.4020293242333017,4.233108895574534,-1.3474404107539217,-1.3051191784921565
0.58,0.0009971657038456672,0.002003076207813907,-0.12210405011687316,3.0194886034729205,0.0005205622967912914,0.001942285905094854,3.4879034425406915e-14,4.6598540963864846e-14,1,0.41190829147043706,0.37618341705912584,1.48750070743708,4.313493541454162,-1.3730276382347901,-1.2539447235304197
0.6,0.0009963987697955525,0.0020031477126704195,-0.12296276063976691,3.0186298929500257,0.000517955257192992,0.001946424460030519,3.58746610628341e-14,5.293092125033539e-14,1,0.419283472852679,0.361433054294642,1.5745480541650994,4.390726260285306,-1.3976115761755965,-1.204776847648807
0.62,0.000995566069279662,0.002003229166361997,-0.12253952617662496,3.0190531274131676,0.0005153146986186467,0.0019503670062906027,3.6994900062736596e-14,5.89900611677638e-14,1,0.4263694692365698,0.3472610615268603,1.6631095700036989,4.4649306408952905,-1.4212315641218995,-1.157536871756201
0.64,0.0009946775476104136,0.0020033209181914043,-0.12077852206624551,3.0208141315235473,0.0005126818151248121,0.0019540168050442277,3.82315476407291e-14,6.450797193354698e-14,1,0.4331776197280837,0.3336447605438325,1.7531258835328343,4.536225426124203,-1.4439253990936125,-1.112149201812775
0.66,0.0009937446763334686,0.002003422242278074,-0.11764320553036878,3.0239494480594242,0.0005100987405866012,0.0019572775126561652,3.95713136007172e-14,6.924762588968943e-14,1,0.43971881882048997,0.32056236235902,1.8445399513191398,4.604724702838776,-1.4657293960683,-1.0685412078634
0.68,0.0009927800246752713,0.0020035314286913734,-0.11311624299509516,3.0284764105946973,0.0005076095156752072,0.0019600547437253774,4.099658225311587e-14,7.301677339121655e-14,1,0.4460035338278666,0.3079929323442667,1.9372969666342648,4.67053808449571,-1.486678446092889,-1.026643107814222
0.7000000000000001,0.0009917967733945156,0.0020036459509766673,-0.10719897950075209,3.034393674089041,0.0005052612059716305,0.001962257748652382,4.2486434697126153e-14,7.568018086433145e-14,1,0.45204182163503626,0.29591635672992744,2.031344271752415,4.733770886546592,-1.5068060721167877,-0.9863878557664245
0.72,0.0009908081740026171,0.0020037626916358507,-0.09991052764678866,3.0416821259430042,0.0005031050332042336,0.001963801217931525,4.4017897775920524e-14,7.716998656471247e-14,1,0.4578433447907271,0.2843133104185458,2.126631273686758,4.79452429496509,-1.526144482635757,-0.9477110347284858
0.74,0.0009898269550296806,0.0020038782022301525,-0.09128655029823624,3.0503061032915575,0.0005011973615646077,0.001964607217141523,4.5567379008521263e-14,7.749385197959427e-14,1,0.46341738696971246,0.27316522606057503,2.2231093632298493,4.852895528166091,-1.544724623232375,-0.91055075353525
0.76,0.0009888646795854603,0.0020039889710921723,-0.0813778057926068,3.0602148477971864,0.0004996003723661633,0.00196460723875388,4.711223946000722e-14,7.674047680799028e-14,1,0.4687728678286712,0.2624542643426575,2.3207318371685317,4.908977992575909,-1.562576226095571,-0.8748475478088582
0.78,0.0009879310657721452,0.002004091669409802,-0.07024852036128801,3.0713441332285054,0.0004983822660309583,0.0019637443302815425,4.863244627022994e-14,7.508187670137962e-14,1,0.47391835727954124,0.2521632854409175,2.4194538235488285,4.962861432102499,-1.579727857598471,-0.840544284803058
0.8,0.0009870332936189638,0.002004183346315003,-0.057974652316979,3.0836180012728143,0.0004976168531654012,0.0019619752256675904,5.0112232748819054e-14,7.277165121613163e-14,1,0.47886208920320683,0.2422758215935863,2.519232209871245,5.01463207174485,-1.5962069640106897,-0.8075860719786205
0.8200000000000001,0.0009861753380991825,0.0020042615465614864,-0.044642116861458636,3.0969505367283343,0.0004973824376443805,0.0019592723726382776,5.1541677212215576e-14,7.013836999472501e-14,1,0.4836119746254649,0.23277605074907015,2.620025574101571,5.064372755571381,-1.6120399154182168,-0.7759201691635664
0.84,0.0009853573850547674,0.002004324331480986,-0.03034504783687437,3.1112476057529186,0.0004977599531182705,0.001955625718793171,5.2918094388355655e-14,6.757326500590406e-14,1,0.48817561437635404,0.22364877124729188,2.72179411838679,5.112163079288127,-1.6272520479211807,-0.7454959041576386
0.86,0.0009845754016231843,0.002004370195859004,-0.015184180439856788,3.1264084731499366,0.000498830385866724,0.0019510440996779069,5.424711929620429e-14,6.551171823906251e-14,1,0.49256031125310407,0.21487937749379182,2.824499605370022,5.158079517608847,-1.6418677041770142,-0.7162645916459716
0.88,0.0009838209400250325,0.002004397889876952,0.000734557133707299,-3.1408580964560855,0.0005006715935803674,0.0019455560683641364,5.554335848582224e-14,6.440862845448895e-14,1,0.4967730817061697,0.2064538365876606,2.9281052970025954,5.202195546630884,-1.6559102723538996,-0.6881794552922007
0.9,0.0009830812481407747,0.0020044061745204044,0.01730115907110639,-3.124291494518687,0.0005033547008171808,0.0019392100213739226,5.6830493304404197e-14,6.4708611281122e-14,1,0.5008206670670481,0.19835866586590378,3.0325758957553317,5.2445817614125945,-1.6694022235568275,-0.6611955528863449
0.92,0.000982339738429657,0.0020043935573408143,0.03440229532877717,-3.1071903582610165,0.0005069403061100568,0.0019320735102111995,5.814074908935467e-14,6.681301944095977e-14,1,0.5047095443358476,0.1905809113283048,3.1378774881349685,5.285305988940504,-1.6823651477861592,-0.6352697044276816
0.9400000000000001,0.0009815768280539167,0.002004358068417512,0.05192166135014239,-3.0896709922396504,0.0005114747635602752,0.0019242316780492216,5.951369415778611e-14,7.104674435548194e-14,1,0.5084459365458697,0.18310812690826062,3.2439774904153342,5.324433396666955,-1.6948197884862328,-0.6103604230275343
0.96,0.00098077111207768,0.0020042971389940115,0.06973992056111754,-3.071852733028676,0.0005169867985664166,0.0019157848215502079,6.099439921760604e-14,7.762839080530441e-14,1,0.5120358227217899,0.17592835455642009,3.350844596496435,5.362026596791937,-1.7067860757393003,-0.5864278485213994
0.98,0.000979900777811886,0.0020042076344432,0.087734280319918,-3.0538583732698754,0.0005234846847034555,0.00190684514184456,6.263106165359862e-14,8.664743876233283e-14,1,0.515484947447373,0.16903010510525385,3.4584487278080154,5.398145746455959,-1.7182831581579106,-0.5634336836841789
1.0,0.000978945124334197,0.0020040860691420597,0.10577778517558965,-3.035814868414203,0.0005309541539143738,0.0018975328108034935,6.447226611774738e-14,9.805129105060671e-14,1,0.5187988300580324,0.16240233988393515,3.56676098517743,5.432848644004315,-1.7293294335267753,-0.5413411329464495
1.02,0.0009778860288264686,0.0020039289976896773,0.12373844523979594,-3.0178542083499966,0.0005393571452919198,0.0018879715352029317,6.656409849528399e-14,1.1164373886056572e-13,1,0.5219827734729445,0.1560344530541109,3.675753602584799,5.46619082147676,-1.7399425782431488,-0.5201148435137024
1.04,0.0009767092076724626,0.0020037335420395584,0.14147833519344524,-3.0001143183963475,0.0005486314284257096,0.0018782838499719107,6.89473441844042e-14,1.2709466423848682e-13,1,0.5250418726808506,0.14991625463829883,3.7853999027314575,5.498225633470627,-1.7501395756028357,-0.49972084879432854
1.06,0.0009754051545750892,0.002003497985869424,0.15885279732367977,-2.9827398562661127,0.0005586910720476926,0.0018685864102978022,7.165498094427947e-14,1.439591674422252e-13,1,0.527981022893126,0.144037954213748,3.8956742543505802,5.529004342519565,-1.7599367429770871,-0.48012651404582574
1.08,0.0009739696918839257,0.002003222352437669,0.17570986130995273,-2.9658827922798405,0.0005694276705561156,0.001858985577515757,7.471012722120484e-14,1.6170315606813228e-13,1,0.5308049273771624,0.13839014524567506,4.006552031191691,5.558576201124526,-1.7693497579238755,-0.461300484152249
1.1,0.000972404131601139,0.002002908882953275,0.1918899606561294,-2.9497026929336636,0.0005807121913834414,0.0018495736006078761,7.81245413256124e-14,1.797319956230855e-13,1,0.5335181049825997,0.13296379003480063,4.118009572613406,5.586988530568278,-1.7783936832753326,-0.4432126334493347
1.12,0.0009707150954562111,0.0020025623473106857,0.20722599100152173,-2.934366662588271,0.00059239726760105,0.001840425678933286,8.189770004689796e-14,1.9741911006692045e-13,1,0.5361248973724483,0.1277502052551034,4.2300241457213605,5.614286796639552,-1.7870829912414947,-0.42583401751701055
1.1400000000000001,0.0009689140789098153,0.002002190142655096,0.22154373094329194,-2.920048922646501,0.0006043197377612281,0.001831598149996254,8.601643042156344e-14,2.1413226453797286e-13,1,0.5386294759706775,0.12274104805864505,4.342573908990727,5.640514682388003,-1.7954315865689254,-0.40913682686214914
1.16,0.0009670168575847364,0.0020018021609903946,0.23466264225962338,-2.9069300113301697,0.0006163032359972353,0.001823127980424309,9.045503400136897e-14,2.2925640124140324e-13,1,0.541035848637383,0.11792830272523402,4.455637877315116,5.665714158026407,-1.8034528287912772,-0.39309434241744556
1.18,0.0009650428275575227,0.002001410429034953,0.24639709078313654,-2.8951955628066566,0.0006281606667629203,0.0018150336552861268,9.517583236874183e-14,2.422130811442765e-13,1,0.5433478660822185,0.11330426783556291,4.56919588842593,5.6899255480919635,-1.8111595536073957,-0.37768089278520867
1.2,0.000963014347966065,0.00200102853820279,0.2565580836659502,-2.8850345699238424,0.000639696463923464,0.001807317469733121,1.0013007459931534e-13,2.697396436503324e-14,0,0.5455692280263524,0.10886154394729508,4.68322857062843,5.713187595974147,-1.818564093421175,7.63712818684235
1.22,0.0009625381974184113,0.002000916770666643,0.2573777577759106,-2.8842148958138827,0.0006366129799678905,0.00180492745495182,1.0069655871055425e-13,3.006691246342851e-14,0,0.5477034891228112,0.10459302175437757,4.797717311802892,5.735537525912404,-1.6688360536853302,7.33767210737066
1.24,0.0009620120361913677,0.002000774718113535,0.2560242276824624,-2.885568425907331,0.00063259203584007,0.0018025716623030865,1.0133930284007124e-13,3.448062115069948e-14,0,0.5497540646446823,0.10049187071063526,4.9126442296212485,5.757011102562876,-1.5249789343621512,7.049957868724302
1.26,0.0009614491209113681,0.0020006069920921405,0.25243119864684854,-2.889161454942945,0.0006275021091140966,0.001800454124754731,1.0208036515880957e-13,3.9821014561533806e-14,0,0.5517242359502804,0.09655152809943912,5.02799214293154,5.777642688229477,-1.386762533369565,6.77352506673913
1.28,0.0009608632122385475,0.0020004164883036623,0.2465816610403453,-2.895010992549448,0.0006212529091770697,0.0017987949450600574,1.0293558185993585e-13,4.585898344687692e-14,0,0.55361715573402,0.09276568853195988,5.143744544264413,5.7974652978509145,-1.2539656749782457,6.5079313499564915
1.3,0.0009602668423150664,0.0020002041464714146,0.23851174161204344,-2.9030809119777494,0.0006138018116709689,0.0017978262698012891,1.0391780766194419e-13,5.252237620541491e-14,0,0.5554358530713995,0.08912829385720089,5.259885573417646,5.8165106518316305,-1.1263758558832593,6.252751711766519
1.32,0.0009596695255266458,0.0019999689762775935,0.2283113970772328,-2.91328125651256,0.0006051598973555388,0.0017977862570898308,1.0503990460760805e-13,5.987832039545228e-14,0,0.5571832382661682,0.08563352346766351,5.376399992076443,5.8348092268012195,-1.0037889051534412,6.007577810306882
1.34,0.0009590760714835773,0.001999708430148102,0.21612185086890268,-2.9254708027208904,0.0005953966347417544,0.0017989108734543817,1.0631727063082064e-13,6.810493516992188e-14,0,0.5588621075074331,0.08227578498513366,5.493273159428876,5.852390304383539,-0.8860086575143455,5.772017315028691
1.36,0.0009584852081749854,0.0019994191529681864,0.20212999864311748,-2.9394626549466754,0.0005846421975246538,0.001801423683974653,1.0776970393687705e-13,7.745383130785193e-14,0,0.5604751473441582,0.07904970531168365,5.610491008737463,5.869282018053548,-0.7728466394419571,5.545693278883914
1.3800000000000001,0.0009578887355295314,0.0019990980583122816,0.1865603645761428,-2.9550322890136504,0.0005730865198567126,0.0018055241545510234,1.0942244894787808e-13,8.820681897641634e-14,0,0.5620249389842155,0.07595012203156903,5.728040024829389,5.885511398156878,-0.6641217675648421,5.328243535129684
1.4000000000000001,0.000957271390738678,0.001998743589539343,0.16966548759584615,-2.9719271659939466,0.0005609744618555616,0.0018113753144180912,1.1130635233387399e-13,2.2874978100464996e-13,3,0.5635139624248691,0.07297207515026183,5.8459072224693465,5.901104415164147,-0.5596600588921206,-2.880679882215759
1.42,0.0009557739040800958,0.0019989524591304806,0.15311843084272997,-2.9884742227470635,0.0005603566842061387,0.001810313907980659,1.155979538461355e-13,2.00751000016071e-13,3,0.5649446004212993,0.07011079915740126,5.964080125580385,5.916086021229252,-0.6161365957942704,-2.7677268084114592
1.44,0.0009544670685390098,0.0019991973411393692,0.13542858195108456,-3.0061640716387084,0.0005585719761272514,0.0018106689843251315,1.1934639143678447e-13,1.747516963632228e-13,3,0.5663191422995196,0.0673617154009607,6.08254674727953,5.930480190118146,-0.6703986560097523,-2.6592026879804953
1.46,0.0009533248159436752,0.001999445590774262,0.11686349270294397,-3.0247291608868494,0.0005556567761342006,0.0018124150395783213,1.2260429563745938e-13,1.519988531164231e-13,3,0.5676397876197863,0.06472042476042739,6.201295570696209,5.9443099555719705,-0.7225330704114348,-2.5549338591771305
1.48,0.0009523094883727533,0.00199966706076869,0.09774591436353479,-3.0438467392262583,0.0005516887126695502,0.0018155084995996982,1.254482267788521e-13,1.3360568611133648e-13,3,0.5689086496963645,0.062182700607271046,6.320315530542807,5.957597448165959,-0.772623265184962,-2.454753469630076
1.5,0.0009513743570587844,0.0019998376357756938,0.07844702860642225,-3.0631456249833704,0.0005467812104750444,0.0018198823490578682,1.279746921888081e-13,1.2042273163288175e-13,3,0.5701277589792816,0.059744482041436786,6.4395959954078394,5.970363930723078,-0.8207493953284499,-2.3585012093431
1.52,0.0009504675377495458,0.00199994192431562,0.059374385976730774,-3.0822182676130625,0.00054107571382798,0.0018254420815822761,1.3029371775416352e-13,1.1292812520881813e-13,3,0.5712990663034809,0.0574018673930381,6.55912675074343,5.98262983233908,-0.8669884729175834,-2.266023054164833
1.54,0.0009495367665423002,0.001999974587629322,0.040955217479206475,-3.1006374361105866,0.0005347319694510267,0.0018320637249853594,1.3252059064648245e-13,1.1115950801984044e-13,3,0.5724244460105734,0.05515110797885314,6.678897982519854,5.994414781073416,-0.9114144903413677,-2.1771710193172646
1.56,0.0009485342715347976,0.001999940061310002,0.02361671631029382,-3.1179759372794997,0.0005279172114378135,0.0018395943810613892,1.3476678702547432e-13,1.147031768558208e-13,3,0.5735056989481843,0.05298860210363143,6.798900261520995,6.005737635358318,-0.9540985387057368,-2.0918029225885264
1.58,0.0009474209418847463,0.001999850787798571,0.007765565041216178,-3.1338270885485766,0.000520795382204258,0.0018478552902848051,1.371312981942909e-13,1.227438576993789e-13,3,0.5745445553516931,0.05091088929661369,6.9191245282555895,6.016616514176312,-0.9951089215944897,-2.0097821568110206
1.6,0.0009461691782518157,0.0019997244064089456,-0.00623082296941019,3.1353618306203828,0.0005135176094655883,0.0018566469907289299,1.3969349609209835e-13,5.354681683394302e-13,3,0.5755426776129803,0.048914644774039395,7.039562078460108,6.0270688260544585,-1.0345112643695966,6.069022528739193
1.62,0.0009433435013501701,0.0019990046958348585,-0.014232719118700696,3.1273599344710927,0.0004983589835771951,0.0018759493557728112,1.5048307684719037e-13,5.425573934772318e-13,3,0.5765016629406078,0.04699667411878439,7.160204549170075,6.037111296921709,-0.9155263757950718,5.831052751590144
1.6400000000000001,0.0009403115593977234,0.001998461591240343,-0.020724369206594425,3.1208682843831985,0.00048583761002481504,0.0018959074863969239,1.6137766245134188e-13,5.460187736733473e-13,3,0.5774230459156943,0.04515390816861142,7.281043905337542,6.0467599968739565,-0.8012069514339526,5.602413902867905
1.6600000000000001,0.000937120378489111,0.0019980882122758925,-0.025692852420458066,3.115899801169335,0.00047589407184299746,0.001916101349541121,1.723066086517789e-13,5.460331466451444e-13,3,0.5783083009475721,0.0433833981048557,7.402072426973299,6.056030365889627,-0.6913700558178162,5.382740111635632
1.68,0.0009338161044657591,0.0019978661888900144,-0.02911219771846018,3.1124804558713333,0.0004683843794995348,0.0019361363664887115,1.8320242770327143e-13,5.427315330777933e-13,3,0.5791588446331568,0.041682310733686334,7.52328269679324,6.064937238536928,-0.5858399264805563,5.1716798529611125
1.7,0.0009304428251716315,0.001997768089917766,-0.030946754609676455,3.110645898980117,0.00046309298252235185,0.0019556562576534373,1.939996616681354e-13,5.361842887027014e-13,3,0.5799760380238043,0.04004792395239143,7.644667588349131,6.073494867712328,-0.48444769270093824,4.9688953854018765
1.72,0.0009270421833989584,0.0019977601332436604,-0.03115486383304129,3.1104377897567517,0.00045974836821513184,0.0019743512641799835,2.0463362912766968e-13,5.26399630182212e-13,3,0.5807611888032834,0.03847762239343311,7.76622025462477,6.0817169474482355,-0.3870311052734179,4.774062210546836
1.74,0.0009236535800354822,0.001997804998806037,-0.029692486254720298,3.1119001673350724,0.00045803985206466084,0.001991961637432731,2.1503924770982512e-13,5.133331101431148e-13,3,0.5815155533803492,0.036968893239301526,7.887934117079298,6.089616634826363,-0.2934342768747973,4.586868553749595
1.76,0.0009203147028257149,0.0019978646237062826,-0.026516702132639475,3.115075951457154,0.00045763431251894275,0.0020082768812091935,2.2515016712067932e-13,4.969094463413481e-13,3,0.5822403388992646,0.03551932220147069,8.009802855120135,6.097206571031874,-0.20350743261125048,4.407014865222501
1.78,0.0009170620846687519,0.0019979028984630108,-0.021589178195319185,3.1200034753944745,0.00045819190327587325,0.0020231316661092997,2.3489846664622253e-13,4.770570246563586e-13,3,0.5829367051714891,0.034126589657021755,8.13182039598868,6.104498901581968,-0.11710667034653888,4.234213340693078
1.8,0.0009139313988502599,0.0019978881966681047,-0.01487981985719082,3.1267128337326024,0.00045938010627889216,0.002036399583284366,2.442151612767249e-13,1.0683858914494928e-13,1,0.5836057665316243,0.032788466936751304,8.253980905042603,6.111505295761305,-0.034093730427893654,-3.9318125391442127
1.82,0.0009125063171495231,0.0019979392789457183,-0.0057180063615133135,3.1358746472282792,0.0004552216328872761,0.002036344678482202,2.4635666172563456e-13,1.070380377290846e-13,1,0.5842485936205871,0.031502812758825716,8.376278776419172,6.118236965295352,-0.11117801783178005,-3.77764396433644
1.84,0.0009111330882642791,0.001997978839578304,0.005799111158563944,-3.1357935424312293,0.0004506122006423471,0.0020347132755637073,2.4849228398240096e-13,1.0636802135940162e-13,1,0.5848662150988636,0.030267569802272742,8.498708624064676,6.124704682291527,-0.18523978709401656,-3.629520425811967
1.86,0.0009098238250998463,0.00199800653312732,0.01947902788153994,-3.122113625708254,0.0004457177444905517,0.0020313817272047826,2.506097128099087e-13,1.0537140806938223e-13,1,0.5854596192925853,0.029080761414829404,8.621265273115592,6.1309187964768785,-0.25639755284610954,-3.487204894307781
1.8800000000000001,0.0009085834765532999,0.001998022657942623,0.03509680896440867,-3.1064958446253845,0.0004407432872067115,0.0020262623442373526,2.5270878534142726e-13,1.0470766388122073e-13,1,0.5860297557750618,0.0279404884498764,8.743943751617698,6.13688925175985,-0.32476518269439536,-3.3504696346112093
1.9000000000000001,0.000907408932660169,0.001998027509986677,0.052402696381677744,-3.0891899572081147,0.00043592664400607557,0.0020193117427306775,2.5480328617403187e-13,1.0509725538343343e-13,1,0.5865775368863007,0.026844926227398647,8.866739282569885,6.142625602142661,-0.3904520794325035,-3.219095841134993
1.92,0.0009062887235270497,0.0019980205154659174,0.07112980070807798,-3.0704628528817146,0.00043152850596461025,0.0020105381151249834,2.5692156117601425e-13,1.0725988624312221e-13,1,0.5871038391929461,0.025792321614107827,8.989647276279936,6.148137027009743,-0.453563356109167,-3.092873287781666
1.94,0.000905203432131983,0.0019979992974724645,0.09100142316689804,-3.0505912304228957,0.0004278193902590504,0.0020000062813726864,2.5910585988972e-13,1.1185015104353032e-13,1,0.5876095048909725,0.02478099021805491,9.11266332302004,6.153432345816717,-0.5142000042315256,-2.971599991536949
1.96,0.0009041268739895619,0.0019979588759460485,0.11173763070547368,-3.0298550228843197,0.00042506441236077303,0.001987839497066711,2.6141039900711475e-13,1.1939530542796164e-13,1,0.5880953431533779,0.02380931369324424,9.23578318597029,6.158520032203402,-0.5724590553730833,-2.8550818892538334
1.98,0.0009030279981172408,0.001997891207449237,0.13306081634134756,-3.008531837248446,0.0004235072039671004,0.001974217304850111,2.638982443701559e-13,1.3024087559954437e-13,1,0.588562131425033,0.02287573714993396,9.359002794438858,6.163408227553448,-0.6284337364449271,-2.743132527110146
2.0,0.0009018733496310707,0.0019977852334038715,0.15470009692948658,-2.9868925566603064,0.0004233544924220431,0.0019593691744135664,2.6663723003841515e-13,1.4451027729078405e-13,1,0.5890106166667595,0.02197876666648102,9.48231823734803,6.168104754022285,-0.682213618878674,-2.635572762242652
2.02,0.0009006298294837935,0.0019976275238435467,0.1763945114147224,-2.965198142175071,0.0004247628260381049,0.001943564209531778,2.696952529668687e-13,1.6208393279031852e-13,1,0.5894415165506259,0.02111696689874809,9.605725756975643,6.172617127054243,-0.7338847619598716,-2.5322304760802568
2.04,0.0008992674202006287,0.001997403491899289,0.1978950738512588,-2.9436975797385347,0.0004278286752834924,0.0019270977120011727,2.731353739478677e-13,1.8260124153392234e-13,1,0.5898555206083768,0.020288958783246436,9.729221742941924,6.176952567408865,-0.7835298505412149,-2.43294029891757
2.06,0.0008977615417577429,0.001997099037077057,0.21896580403987614,-2.922626849549917,0.0004325827106429159,0.0019102757910086235,2.770111911380937e-13,2.0548537849320468e-13,1,0.59025329133483,0.019493417330340046,9.852802726432119,6.18111801271566,-0.8312283273559511,-2.337543345288098
2.08,0.0008960947672767877,0.0019967023831143106,0.23938390436031234,-2.90220874922948,0.00043898853647203007,0.0018933994297348471,2.813629134411045e-13,2.2998706512754304e-13,1,0.5906354652480101,0.01872906950397968,9.976465374645642,6.185120128575796,-0.8770565201432017,-2.2458869597135966
2.1,0.0008942577506735313,0.001996205834061354,0.2589392735884779,-2.882653380001315,0.0004469456389839689,0.0018767494467524931,2.8621444930313037e-13,2.5524030686224947e-13,1,0.5910026539077132,0.017994692184573502,10.100206485462893,6.188965319228478,-0.9210877637886286,-2.157824472422743
2.12,0.0008922493657703998,0.001995607190640418,0.27743354749053295,-2.86415910609926,0.0004562958659110074,0.001860573634162443,2.9157166637510725e-13,2.8032158627396063e-13,1,0.5913554448941325,0.01728911021173496,10.224022982321173,6.192659737799103,-0.9633925176758975,-2.073214964648205
2.14,0.0008900761894262185,0.0019949106392870546,0.294678837243354,-2.846913816346439,0.00046683245004621495,0.0018450770599255455,2.974218075768564e-13,3.0430453253556995e-13,1,0.5916944027481122,0.01661119450377546,10.347911909291533,6.196209296145566,-1.0040384784367238,-1.9919230431265524
2.16,0.0008877515480153374,0.0019941270247999716,0.3104963131238059,-2.8310963404659875,0.0004783104452430001,0.001830416143757751,3.0373390866731184e-13,3.2630435346885725e-13,1,0.5920200698745337,0.015959860250932545,10.471870426348655,6.199619674318504,-1.0430906882799253,-1.9138186234401493
2.18,0.0008852943726464187,0.0019932735150345,0.3247147699507799,-2.8168778836390134,0.0004904574633001443,0.0018166967121099682,3.104599791003798e-13,3.4550953360808315e-13,1,0.5923329674102785,0.015334065179442913,10.59589580482621,6.202896329650578,-1.080611639072834,-1.838776721854332
2.2,0.0008827280784988291,0.001992372738596352,0.33716932777249015,-2.804423325817303,0.0005029837651499172,0.0018039758617528973,3.175366915974433e-13,3.612015705007015e-13,3,0.5926335960581589,0.014732807883682142,10.719985423050401,6.206044505489377,-1.1166613723416146,-1.766677255316771
2.22,0.0008800796153013853,0.0019914515120961385,0.3477004726280343,-2.793892180961759,0.0005155910354108454,0.0017922671566256618,3.2488736972109417e-13,3.727661354780016e-13,3,0.592922436888149,0.014155126223701853,10.844136762144737,6.2090692395878895,-1.151297575350517,-1.697404849298966
2.24,0.0008773787508722457,0.001990539273578699,0.35615372245398047,-2.785438931135813,0.0005279795097140299,0.0017815484754155487,3.324241490740389e-13,3.797006271769179e-13,3,0.5931999521071996,0.013600095785600841,10.968347401999281,6.211975372165984,-1.1845756734138064,-1.6308486531723871
2.2600000000000002,0.0008746575655944049,0.00198966631473057,0.3623802970219535,-2.7792123565678395,0.0005398534785843281,0.0017717717225993837,3.400502945250036e-13,3.816235558331791e-13,3,0.5934665857988674,0.013066828402265251,11.092615017397968,6.214767553655794,-1.2165489185880902,-1.5669021628238196
2.2800000000000002,0.000871950063416634,0.001988861872996767,0.36623925690753273,-2.7753533966822603,0.0005509255124007495,0.0017628735960545205,3.4766276146969645e-13,3.7829063945873583e-13,3,0.5937227646339439,0.012554470732112133,11.216937374297757,6.2174502521434,-1.2472684748869702,-1.5054630502260595
2.3000000000000003,0.0008692917491059104,0.0019881521229908627,0.3676016299495178,-2.773991023640275,0.0005609200002805137,0.0017547866361796863,3.551551741843142e-13,3.696210121926476e-13,3,0.5939688985532199,0.012062202893560192,11.341312326253687,6.220027760518722,-1.2767835001543792,-1.4464329996912415
2.32,0.0008667189846182796,0.0019875581091927017,0.36635703423008625,-2.775235619359707,0.0005695767431092533,0.0017474498255538456,3.6242144078851333e-13,3.5573455673742026e-13,3,0.5942053814234773,0.011589237153045273,11.46573781098411,6.222504203345057,-1.30514122472762,-1.38971755054476
2.34,0.0008642679248636446,0.001987093698696717,0.36242319455523225,-2.779169459034561,0.0005766553660344299,0.0017408180324924687,3.693602134174652e-13,3.369979982733346e-13,3,0.5944325916677612,0.011134816664477576,11.590211847070599,6.224883543459265,-1.3323870270159799,-1.3352259459680402
2.36,0.0008619728562309953,0.0019867637058615818,0.3557584834858209,-2.785834170103972,0.0005819411995818811,0.0017348695833444008,3.758803133608191e-13,3.1407299064239907e-13,3,0.5946508928709363,0.010698214258127337,11.714732530787249,6.227169588313148,-1.3585645061158682,-1.2828709877682636
2.38,0.0008598638375695425,0.001986562440137596,0.3463771432055829,-2.7952155103842102,0.0005852530029188908,0.0017296112216969083,3.819070549812159e-13,2.8795426100377304e-13,3,0.5948606343615012,0.010278731276997632,11.839298033054321,6.229365996066187,-1.3837155515786717,-1.2325688968426567
2.4,0.0008579636905916115,0.0019864730262859494,0.33436612825311646,-2.8072265253366773,0.0005864524572567176,0.0017250797145902863,3.873891116892818e-13,2.599809592434447e-13,3,0.595062151770588,0.009875696458824024,11.963906596511316,6.231476281439379,-1.407880410442973,-1.184239179114054
2.42,0.0008562846088467468,0.001986467893792853,0.3199015892225022,-2.8216910643672914,0.0005854547590442704,0.0017213394714816047,3.9230519490117336e-13,2.318017580692268e-13,3,0.595255767569044,0.009488464861912016,12.088556532704828,6.233503821339539,-1.4310977516384003,-1.1378044967231995
2.44,0.0008548249216586833,0.0019865107664179507,0.30326206246034393,-2.8383305911294494,0.000582238966303611,0.0017184758362202637,3.9666943778871445e-13,2.0527698753207573e-13,3,0.5954417915834535,0.009116416833093055,12.213246219386653,6.235451860263074,-1.4534047278641629,-1.0931905442716743
2.46,0.0008535667814749828,0.00198656025112878,0.2848347757802217,-2.856757877809571,0.0005768561565180555,0.0017165842520259914,4.0053412771068083e-13,1.8231199657550857e-13,3,0.5956205214919268,0.008758957016146374,12.337974097917849,6.237323515487864,-1.4748370350412976,-1.0503259299174048
2.48,0.000852475615612237,0.001986574729574086,0.26511157776782107,-2.876481075821972,0.0005694331787292218,0.0017157562559687936,4.039884910854264e-13,1.6463536527178723e-13,3,0.5957922433004487,0.008415513399102625,12.462738670774584,6.239121782061575,-1.4954289694337572,-1.0091420611324855
2.5,0.0008515019762326675,0.001986517790810021,0.24467223220582862,-2.896920421383964,0.0005601700714879707,0.0017160640728674532,4.071527409227369e-13,1.5355893138079742e-13,3,0.5959572318005486,0.008085536398902748,12.587538499151774,6.240849537594379,-1.5152134825297499,-0.9695730349405003
2.52,0.0008505859046905429,0.001986363099838618,0.22415521548051903,-2.9174374381092747,0.0005493301881402317,0.0017175461677005766,4.101675400046522e-13,1.4977396491333904e-13,3,0.5961157510090263,0.007768497981947453,12.71237220066069,6.242509546863733,-1.5342222337711504,-0.9315555324576992
2.54,0.000849663228144792,0.0019860975757979077,0.20421916050133385,-2.93737349308846,0.0005372235691889816,0.0017201961822584941,4.1318017611464634e-13,1.532381690783368e-13,3,0.5962680545904343,0.007463890819131347,12.837238447116837,6.244104466238623,-1.5524856412153616,-0.8950287175692768
2.56,0.0008486726008686715,0.001985722143179288,0.18550065828832416,-2.9560919953014686,0.0005241856833720353,0.0017239570812061435,4.163296764661794e-13,1.6318673602574157e-13,3,0.5964143862629963,0.007171227474007447,12.962135962414582,6.245636847930317,-1.5700329302106957,-0.8599341395786086
2.58,0.0008475618710752181,0.00198524999889615,0.1685751892814423,-2.9730174643083505,0.0005105547555696764,0.0017287212025702005,4.1973340919281006e-13,1.782643450543355e-13,3,0.5965549801886073,0.006890039622785338,13.087063520485108,6.247109144076447,-1.5868921801631666,-0.8262156396736668
2.6,0.0008462926093483792,0.0019847030223725196,0.1539270318257981,-2.9876656217639947,0.0004966511085146448,0.0017343356370063336,4.2347728086202495e-13,1.9673987085119014e-13,3,0.5966900613475433,0.006619877304913313,13.212019943334447,6.248523710664953,-1.60309036946953,-0.79381926106094
2.62,0.0008448422449263286,0.0019841073611932113,0.1419314970934969,-2.9996611564962965,0.0004827612480143883,0.0017406113931910903,4.276106357710439e-13,2.167471881604593e-13,3,0.5968198458984776,0.006360308203044784,13.337004099158431,6.249882811304167,-1.6186534186884738,-0.7626931626230524
2.64,0.000843203933345484,0.0019834892325238706,0.13284981632466308,-3.00874283726513,0.0004691281660131834,0.0017473344143599167,4.321458165478334e-13,2.3649929914415685e-13,3,0.5969445415243804,0.00611091695123922,13.462014900531571,6.2511886208450695,-1.633606232019043,-0.732787535961914
2.66,0.0008413847588490791,0.001982871675585319,0.12683453820932264,-3.01475811538047,0.00045594801311706784,0.0017542766899955689,4.3706146273938947e-13,2.544428643205763e-13,3,0.5970643477648562,0.005871304470287608,13.587051302666941,6.252443228861513,-1.6479727371526698,-0.7040545256946604
2.68,0.0008394030447875201,0.0019822725689988604,0.12394198901776898,-3.017650664572024,0.0004433722835245417,0.0017612062475877972,4.4230821038441943e-13,2.69344286225864e-13,3,0.5971794563354499,0.005641087329100181,13.712112301744295,6.253648642993989,-1.6617759235625862,-0.6764481528748276
2.7,0.0008372854506799777,0.001981703866808687,0.12414821828865524,-3.0174444353011385,0.0004315141092460833,0.0017678954484295665,4.4781548553030603e-13,2.803170296841679e-13,3,0.5972900514344323,0.005419897131135443,13.837196933303742,6.254806792162275,-1.6750378792918847,-0.6499242414162305
2.72,0.0008350643013926299,0.0019811717949939876,0.1273655218269818,-3.0142271317628113,0.00042045712294752613,0.0017741275511849038,4.534983931317239e-13,2.868089448996932e-13,3,0.5973963100375566,0.005207379924886846,13.962304270702408,6.255919529652128,-1.6877798262991004,-0.6244403474017992
2.74,0.0008327753430697507,0.0019806776833854465,0.1334576320306609,-3.0081350215591325,0.00041026546891999267,0.0017797018563125845,4.592641026457416e-13,2.885691171958584e-13,3,0.5974984021812574,0.005003195637485192,14.0874334236316,6.256988636080928,-1.7000221544178717,-0.5999556911642565
2.7600000000000002,0.0008304559250413548,0.001980219135759063,0.14225263222929552,-2.9993400213604975,0.0004009937690995836,0.0017844378964291272,4.650174880150918e-13,2.8560956484200997e-13,3,0.5975964912347456,0.004807017530508828,14.212583536692131,6.2580158222470486,-1.7117844539850249,-0.5764310920299502
2.7800000000000002,0.0008281434906211304,0.0019797913072962478,0.15355339524404402,-2.988039258345749,0.0003926960858033074,0.0017881791284273404,4.70666027977116e-13,2.781711754974098e-13,3,0.5976907341614335,0.004618531677132998,14.337753788025497,6.259002731867501,-1.7230855471892914,-0.5538289056214172
2.8000000000000003,0.0008258742158452699,0.001979388124027739,0.16714581348244456,-2.9744468401073485,0.0003854331236508907,0.0017907964604241982,4.761241020524588e-13,2.666976727625989e-13,3,0.59778128177011,0.004437436459779898,14.462943387998724,6.259950944208229,-1.7339435181908267,-0.5321129636183466
2.82,0.0008236816464405462,0.001979003325256376,0.1828053045830474,-2.9587873490067462,0.00037927708336455215,0.0017921917559366447,4.813168461362652e-13,2.5181702402117223e-13,3,0.5978682789562669,0.004263442087466096,14.588151577940794,6.260861976611274,-1.7443757420597241,-0.5112485158805518
2.84,0.0008215952333442226,0.001978631236385442,0.2003021004651804,-2.941290553124613,0.00037431374744487626,0.0017923012405276456,4.861836863808535e-13,2.343266805459247e-13,3,0.5979518649339625,0.0040962701320750305,14.7133776289286,6.261737286922846,-1.7543989125798336,-0.4912021748403328
2.86,0.0008196387440298287,0.0019782671957705228,0.21940572181870993,-2.9221869317710834,0.00037064157487379777,0.0017910985321920763,4.906815769391151e-13,2.1517722448095718e-13,3,0.5980321734585936,0.00393565308281274,14.838620840620521,6.2625782758261845,-1.7640290689623777,-0.4719418620752447
2.88,0.0008178286209667263,0.001977907579504799,0.2398888641796543,-2.9017037894101385,0.00036836783080947783,0.0017885968645246116,4.94787848510756e-13,1.9544824753922064e-13,3,0.5981093330409331,0.0037813339181338446,14.963880540135726,6.263386289082956,-1.7732816215121112,-0.45343675697577757
2.9,0.0008161724573613964,0.001977549406091013,0.2615307297283064,-2.8800619238614864,0.0003676020765407859,0.0017848500051714027,4.985024517664107e-13,1.76310652863598e-13,3,0.5981834671527743,0.0036330656944514317,15.089156080977416,6.264162619686759,-1.7821713762870972,-0.4356572474258056
2.92,0.0008146678445074728,0.001977189566276944,0.2841196775159716,-2.8574729760738213,0.00036844766448823553,0.0017799514129761029,5.018492770587338e-13,1.5897130264452534e-13,3,0.5982546944245122,0.0034906111509755977,15.214446841998296,6.264908509932183,-1.7907125587915578,-0.41857488241688445
2.94,0.0008133018874888873,0.0019768238079947574,0.30745496996150873,-2.8341376836282848,0.0003709921661854084,0.0017740313260877728,5.048761796528811e-13,1.4459929412314628e-13,3,0.5983231288349776,0.0033537423300447067,15.339752226406603,6.265625153402753,-1.798918836739716,-0.40216232652056805
2.96,0.0008120516575779098,0.001976445693695465,0.33134738609047804,-2.8102452674993152,0.00037529783897176014,0.0017672517033328256,5.076533711157985e-13,1.3423804108218849e-13,3,0.5983888798938275,0.0032222402123449623,15.465071660811114,6.266313696880914,-1.806803341927055,-0.3863933161458899
2.98,0.0008108857324551657,0.00197604580629567,0.35561855456293645,-2.7859740990268564,0.0003813932518307977,0.0017597992009012258,5.102699768211803e-13,1.2871289959620063e-13,3,0.5984520528167835,0.003095894366432983,15.5904045943036,6.266975242183128,-1.814378691243992,-0.3712426175120158
3.0,0.0008097667783141315,0.001975611477133249,0.38009901461640594,-2.7614936389733877,0.0003892670216872974,0.001751876594130541,5.128288044666018e-13,1.2854855113348237e-13,3,0.598512748694,0.0029745026120000517,15.715750497577247,6.267610847923017,-1.8216570068655948,-0.3566859862688103
3.02,0.0008086548958947104,0.0019751272257241873,0.4046252048177216,-2.736967448772072,0.0003988642900027169,0.001743693200982599,5.154396757935813e-13,1.339116183468225e-13,3,0.5985710646518296,0.002857870696340692,15.841108862079665,6.2682215312053655,-1.8286499356496482,-0.34270012870070365
3.04,0.0008075112579545215,0.0019745759469493693,0.4290357596271058,-2.712556893962687,0.0004100861724115035,0.0017354549141858089,5.182119618167472e-13,1.445906514197808e-13,3,0.5986270940082464,0.002745811983507096,15.966479199199082,6.2688082692537135,-1.835368667774111,-0.329262664451778
3.06,0.0008063014807663658,0.0019739406989133083,0.4531676127855686,-2.6884250408042245,0.0004227920336615126,0.0017273544252141217,5.212471377191251e-13,1.6001811133668674e-13,3,0.5986809264221742,0.0026381471556515823,16.091861039482474,6.269372000974116,-1.8418239546437882,-0.31635209071242354
3.08,0.0008049982338027284,0.001973206793680178,0.47685242909965536,-2.6647402244901377,0.00043680414622384776,0.0017195621680877668,5.246321736729052e-13,1.7932970769460295e-13,3,0.5987326480369601,0.0025347039260796844,16.217253931884326,6.2699136284575925,-1.848026126094873,-0.30394774781025413
3.1,0.0008035827807048393,0.001972363823618833,0.4999138041693346,-2.641678849420458,0.0004519141080564334,0.0017122184589970077,5.284344002013166e-13,2.0144875678038696e-13,3,0.5987823416182223,0.0024353167635553508,16.342657443044878,6.270434018423672,-1.8539851069248872,-0.2920297861502257
3.12,0.0008020453939479141,0.001971407286048927,0.5221655081549788,-2.6194271454348144,0.00046789030685027576,0.0017054272648483844,5.326981922635185e-13,2.2517965882950335e-13,3,0.5988300866862927,0.0023398266274146096,16.468071156596643,6.270934003607322,-1.859710432774476,-0.280579134451048
3.14,0.0008003848129981833,0.0019703395781270026,0.5434108517835549,-2.5981818018062377,0.0004844856938618932,0.00169925197893481,5.374434988352883e-13,2.492957399146235e-13,3,0.5988759596434663,0.0022480807130673686,16.593494672498142,6.271414384091506,-1.8652112653864668,-0.2695774692270665
3.16,0.0007986070599674414,0.00196917027766844,0.5634430757792476,-2.578149577810546,0.0005014451515209369,0.0016937134879177773,5.426659892957206e-13,2.7261125865139307e-13,3,0.5989200338962614,0.002159932207477233,16.718927606393745,6.271875928587484,-1.8704964072666121,-0.2590071854667757
3.18,0.0007967239674196233,0.0019679157566549264,0.582046556121863,-2.55954609746793,0.0005185118083040185,0.0016887906716100349,5.483384415301533e-13,2.9403318276769207e-13,3,0.5989623799728855,0.0020752400542289884,16.844369588998617,6.272319375664919,-1.8755743157694775,-0.24885136846104494
3.2,0.0007947517272778739,0.0019665982606600152,0.5989986049761699,-2.5425940486136227,0.0005354317863124573,0.0016844233038455724,5.544129639249633e-13,3.125935399565205e-13,3,0.5990030656360954,0.001993868727809156,16.9698202655078,6.272745434933742,-1.8804531166320122,-0.2390937667359756
3.22,0.0007927096743875491,0.001965244619144412,0.6140717352621341,-2.5275209183276592,0.0005519570699087805,0.0016805171570936704,5.608237002516874e-13,3.274667839824171e-13,3,0.5990421559916325,0.0019156880167350288,17.095279295028423,6.2731547881796805,-1.8851406169764628,-0.2297187660470743
3.24,0.0007906194096761174,0.001963884736170471,0.6270364289640087,-2.5145562246257844,0.0005678464484202607,0.0016769509944006555,5.674897787127279e-13,3.3797857206076644e-13,3,0.5990797135924052,0.0018405728151895673,17.220746350034226,6.27354809045526,-1.889644317803434,-0.22071136439313221
3.2600000000000002,0.0007885042701968496,0.00196254996577692,0.6376646739175162,-2.5039279796722766,0.0005828647862018454,0.0016735850809879759,5.743184031605107e-13,3.436129398238885e-13,3,0.5991157985385874,0.0017684029228250964,17.34622111584143,6.2739259711280315,-1.8939714259950893,-0.21205714800982145
3.2800000000000002,0.0007863890759409557,0.001961271420470425,0.6457347712144562,-2.4958578823753363,0.0005967811755385191,0.0016702708580832162,5.812081222068741e-13,3.4402443448030924e-13,3,0.5991504685737917,0.0016990628524164997,17.471703290105193,6.2742890348876905,-1.8981288658477011,-0.20374226830459774
3.3000000000000003,0.0007843000245493982,0.001960078212736401,0.6510381200817015,-2.4905545335080914,0.0006093668000354145,0.0016668614605784902,5.880524323704853e-13,3.3906046459100463e-13,3,0.5991837791774711,0.001632441645057714,17.597192582335776,6.27463786271371,-1.9021232901520018,-0.19575341969599647
3.3200000000000003,0.0007822645592271545,0.0019589956034143886,0.6533888039836909,-2.4882038496061023,0.0006203935506575934,0.0016632227781666726,5.947439562788977e-13,3.2879679963564405e-13,3,0.599215783653698,0.0015684326926039827,17.72268871343371,6.274973012805031,-1.9059610908390672,-0.18807781832186565
3.34,0.0007803109994469412,0.001958043040761464,0.6526367565814105,-2.488955897008383,0.0006296345633711033,0.001659244703534869,6.011794624058795e-13,3.135854250255924e-13,3,0.5992465332164624,0.0015069335670752082,17.848191415243164,6.275295021473303,-1.909648409208771,-0.1807031815824578
3.36,0.0007784677046861233,0.001957232131453615,0.6486849785386115,-2.492907675051182,0.0006368678412249957,0.0016548520400204905,6.072659264365765e-13,2.941084246692719e-13,3,0.599276077071625,0.001447845856749952,17.97370043012286,6.275604404001095,-1.913191145757175,-0.17361770848564984
3.38,0.0007767615579483413,0.001956564694735582,0.6415105886562287,-2.500082064933564,0.0006418839141092748,0.001650014244845926,6.12927638345544e-13,2.714242451080387e-13,3,0.599304462495657,0.0013910750086858492,18.09921551053377,6.275901655466456,-1.9165949696185804,-0.1668100607628391
3.4,0.0007752156400547856,0.0019560312023693925,0.6311883380684831,-2.51040431552131,0.0006444979856471554,0.001644752807292095,6.181140057984956e-13,1.4956010108756714e-13,0,0.5993317349112929,0.0013365301774141969,18.224736418643015,6.276187251535148,-1.9198653276373534,7.839730655274707
3.42,0.0007751999649411134,0.001955506052535218,0.6104129649013196,-2.531179688688473,0.0006271731459391697,0.0016344858153658625,6.213774817027668e-13,1.7758441290664958e-13,0,0.599357937960216,0.0012841240795680164,18.350262925943277,6.276461649221809,-1.7661652096933302,7.5323304193866605
3.44,0.0007751898741523961,0.00195482499443157,0.5887859867452657,-2.5528066668445275,0.0006074565655511742,0.001625758882061911,6.252321298238675e-13,2.0853806108666037e-13,0,0.5993831135728949,0.0012337728542102244,18.47579481288713,6.276725287621281,-1.6184917595762465,7.236983519152493
3.46,0.0007751363883066089,0.001953964782498246,0.5668277012553592,-2.5747649523344336,0.000585697379982177,0.0016190137981827502,6.297302064098799e-13,2.417176126901025e-13,0,0.5994073020356809,0.0011853959286380888,18.601331868535738,6.276978588611249,-1.4766086682605648,6.95321733652113
3.48,0.0007749794542740042,0.0019529146209864316,0.5450068163186291,-2.5965858372711637,0.0005623448726694673,0.0016146241040021368,6.349073397705679e-13,2.761917693439716e-13,0,0.5994305420552751,0.0011389158894496987,18.726873890221285,6.277221957527337,-1.340288892530173,6.680577785060346
3.5,0.0007746549845003515,0.0019516791344291187,0.5237203041640875,-2.6178723494257055,0.0005379205270630827,0.0016128719555046562,6.407791656200065e-13,3.1092494573124335e-13,0,0.599452870820667,0.001094258358665945,18.85242068322268,6.277455783811733,-1.2093142916607995,6.418628583321599
3.52,0.0007741025325227258,0.0019502783570926289,0.5032874307898525,-2.638305222799941,0.0005129870942580058,0.001613931683889801,6.473405046535855e-13,3.4489857200639743e-13,0,0.5994743240626448,0.0010513518747103934,18.97797206045395,6.277680441636376,-1.083475278348315,6.16695055669663
3.54,0.0007732720123384445,0.0019487449674482232,0.48395517569726776,-2.657637477892525,0.00048811696275263426,0.0016178607648979697,6.545667035816946e-13,3.7720127857745636e-13,0,0.5994949361109726,0.001010127778054759,19.103527842164873,6.277896290501716,-0.9625704833243311,5.925140966648662
3.56,0.0007721283889336871,0.0019471196546533749,0.4659104117969073,-2.6756822417928863,0.00046386152825887933,0.0016245986030034856,6.624163724698503e-13,4.0707811919346114e-13,0,0.5995147399493252,0.0009705201013494591,19.22908785565333,6.278103675811988,-0.8464064331224113,5.6928128662448225
3.58,0.0007706539523111409,0.0019454457472146227,0.4492943445262029,-2.69229830906359,0.0004407231090570693,0.0016339731328581797,6.708347229904888e-13,4.339439008277873e-13,0,0.5995337672680692,0.0009324654638616092,19.354651934988947,6.278302929427933,-0.7347972404792462,5.469594480958492
3.6,0.000768848363158547,0.0019437641228023247,0.434216003502478,-2.7073766500873155,0.00041913101567649515,0.0016457145925633282,6.797568981066412e-13,1.2972787995359837e-13,3,0.5995520485149737,0.0008959029700525978,19.480219920747583,6.278494370197846,-0.6275643068753762,-2.7448713862492475
3.62,0.000767643669325913,0.0019431591539894667,0.41851352596765923,-2.7230791276221336,0.0004100398287862177,0.0016523151349143884,6.824352005964824e-13,1.3901849610822093e-13,3,0.5995696129439341,0.0008607741121318124,19.605791659756196,6.278678304467801,-0.6813782801301629,-2.6372434397396742
3.64,0.0007663072689241677,0.0019424765241231139,0.4051197041191692,-2.736472949470624,0.0004007904497338455,0.0016591423832330034,6.853320021204219e-13,1.5117897325751653e-13,3,0.599586488661784,0.0008270226764319766,19.73136700484775,6.278855026571873,-0.7330821773121874,-2.5338356453756252
3.66,0.0007648278312424828,0.0019417305866670069,0.3943119391522825,-2.74728071443751,0.00039155583714025883,0.0016659924416158036,6.884887271708607e-13,1.6461939222981527e-13,3,0.5996027026732723,0.0007945946534553272,19.856945814625714,6.279024819303129,-0.7827587356876942,-2.4344825286246117
3.68,0.0007632073391872434,0.0019409382406904146,0.386296941803305,-2.755295711786488,0.0003824845585344286,0.0016726555574025687,6.91915649996316e-13,1.7784770511350226e-13,3,0.5996182809242766,0.0007634381514467492,19.98252795323779,6.279187954366165,-0.8304874483483149,-2.33902510330337
3.7,0.0007614594562195296,0.001940116231294033,0.3812083903554963,-2.7603842632342968,0.0003737016541508682,0.0016789225030680414,6.955950747284327e-13,1.8958165155770267e-13,3,0.599633248343322,0.0007335033133559765,20.10811329015852,6.279344692811885,-0.876344691416975,-2.24731061716605
3.72,0.0007596071324600806,0.001939279371697962,0.3791092144967056,-2.7624834390930877,0.0003653126698934308,0.0016845906055518475,6.994863311862571e-13,1.9881823078668638e-13,3,0.5996476288814722,0.0007047422370556333,20.233701699980433,6.279495285455242,-0.9204038462659847,-2.1591923074680306
3.74,0.000757679935709302,0.0019384396997546294,0.37999717654771153,-2.761595477042082,0.00035740997953117703,0.0016894692777927696,7.035317543712857e-13,2.0486453312617943e-13,3,0.5996614455506561,0.0006771088986876617,20.35929306221335,6.279639973276594,-0.9627354169428901,-2.07452916611422
3.7600000000000002,0.0007557114394774723,0.001937606393928514,0.3838123661904988,-2.757780287399294,0.0003500803047232538,0.001693385147362931,7.076629640769777e-13,2.0733973366853634e-13,3,0.5996747204604924,0.0006505590790151228,20.48488726109158,6.2797789878073225,-1.003407142991991,-1.9931857140160179
3.7800000000000002,0.0007537368274055443,0.0019367861847731983,0.39044546420389903,-2.751147189385894,0.00034341229047719197,0.001696187000895493,7.118069807539019e-13,2.0615935682766813e-13,3,0.5996874748536688,0.0006250502926623547,20.610484185388664,6.279912551500336,-1.0424841078520637,-1.9150317842958726
3.8000000000000003,0.0007517907392290335,0.001935983986491411,0.3997460053490274,-2.7418466482407657,0.00033750305918638795,0.0016977507487248716,7.158919212633854e-13,2.01510827201984e-13,3,0.5996997291399354,0.000600541720129133,20.736083728239404,6.280040878086037,-1.080028843003748,-1.8399423139925042
3.8200000000000003,0.0007499053129782223,0.0019352035073662336,0.4115302373492436,-2.73006241624055,0.000332462810432952,0.0016979844786496256,7.198521633967071e-13,1.9382563027335533e-13,3,0.5997115029287647,0.0005769941424704772,20.861685786968845,6.280164172914342,-1.116101428033257,-1.7677971439334859
3.84,0.000748108370922548,0.001934447652360852,0.4255884408471013,-2.7160042127426918,0.00032841673860605674,0.0016968334539220887,7.236329354973514e-13,1.837496275435921e-13,3,0.5997228150607308,0.0005543698785384077,20.987290262927967,6.280282633283278,-1.1507595867725335,-1.698480826454933
3.86,0.0007464217376997558,0.0019337185935156707,0.441691711808874,-2.6999009417809194,0.0003255038059658698,0.0016942846751118177,7.271942861958207e-13,1.721101281295008e-13,3,0.599733683637658,0.0005326327246839568,21.112897061335843,6.2803964487547095,-1.1840587796696953,-1.6318824406606094
3.88,0.0007448597469711718,0.0019330174521268715,0.45959822785702725,-2.681994425732766,0.00032387223863487836,0.0016903704285456908,7.305143409868978e-13,1.5987662087074303e-13,3,0.5997441260515883,0.0005117478968232891,21.238506091127952,6.280505801457674,-1.2160522925375843,-1.5678954149248314
3.9,0.0007434280649718358,0.0019323436136646493,0.47905896660834346,-2.6625336869814493,0.0003236719977522076,0.001685170140108299,7.335916836673888e-13,1.4811173790724032e-13,3,0.5997541590126119,0.0004916819747762258,21.364117264810467,6.280610866379825,-1.2467913218224362,-1.5064173563551275
3.92,0.0007421230123626037,0.0019316937819059026,0.49982276881076065,-2.6417698847790323,0.00032504488367817043,0.0016788098814515585,7.364466391791043e-13,1.3791008158839759e-13,3,0.5997637985756067,0.00047240284878657945,21.489730498320245,6.2807118116474525,-1.276325056529116,-1.447349886941768
3.94,0.0007409315777940614,0.0019310609644590066,0.5216405850341721,-2.6199520685556212,0.00032811329765214235,0.0016714590498017679,7.391212080820376e-13,1.3032498247972178e-13,3,0.5997730601659301,0.0004538796681397006,21.615345710890303,6.280808798794522,-1.3047007569340203,-1.3905984861319594
3.96,0.0007398322704375772,0.0019304336489516397,0.5442687367320694,-2.5973239168577233,0.00033296893799750996,0.0016633240429208126,7.416774378401647e-13,1.2628684819368108e-13,3,0.5997819586041027,0.00043608279179463416,21.740962824920576,6.280901983021159,-1.3319638302116026,-1.3360723395767948
3.98,0.0007387968494102638,0.001929795451742724,0.567471065822828,-2.5741215877669656,0.000339662779816534,0.0016546391235858302,7.441941301472828e-13,1.2652083841736115e-13,3,0.5997905081295238,0.0004189837409522834,21.866581765853745,6.280991513442008,-1.3581579030955395,-1.283684193808921
4.0,0.0007377928106142037,0.001929125475866041,0.5910199320609366,-2.550572721528857,0.0003481975448338979,0.001645655036029761,7.467619752088353e-13,1.3147491896674402e-13,3,0.5997987224232583,0.0004025551534834193,21.992202462055918,6.281077533324844,-1.3833248916908123,-1.2333502166183754
4.0200000000000005,0.0007367863442138117,0.0019283994951166455,0.61469612698098,-2.5268965266088133,0.00035852353017397934,0.0016366262219644065,7.494774427537586e-13,1.4127037758611799e-13,3,0.5998066146299283,0.00038677074014326074,22.117824844702017,6.281160180319827,-1.4075050685484174,-1.1849898629031652
4.04,0.0007357453519472998,0.0019275919069475064,0.6382878862333242,-2.503304767356469,0.0003705382008382115,0.0016277976332178888,7.524359866495986e-13,1.5568452401385168e-13,3,0.5998141973787486,0.0003716052425026817,22.24344884766563,6.281239586679787,-1.4307371271100398,-1.1385257457799205
4.0600000000000005,0.0007346420809719414,0.0019266782148073586,0.6615892762566041,-2.4800033773331887,0.0003840894580329669,0.0016193921410141184,7.557252648975195e-13,1.7416965706053952e-13,3,0.5998214828037348,0.0003570343925303199,22.369074407413194,6.281315879471837,-1.4530582436258148,-1.0938835127483704
4.08,0.000733455010104386,0.0019256376681325228,0.6843982847977997,-2.4571943687919937,0.0003989820654044772,0.0016115994272950258,7.594190864364199e-13,1.9590505102404918e-13,3,0.5998284825631214,0.00034303487375719754,22.494701462902345,6.281389180780722,-1.47450413664426,-1.0509917267114801
4.1,0.0007321697943974701,0.0019244556489337215,0.7065149423275516,-2.4350777112622417,0.00041498640462409383,0.0016045670586478863,7.63572660610971e-13,2.198721599051844e-13,3,0.5998352078580166,0.0003295842839667884,22.62032995548421,6.281459607904175,-1.4951091241695726,-1.0097817516608547
4.12,0.0007307792806641509,0.0019231254575698322,0.7277397409606202,-2.4138529126291726,0.0004318485567542083,0.0015983942296487524,7.682194838230289e-13,2.449396257294751e-13,3,0.599841669450327,0.00031666109934591624,22.74595982880958,6.281527273540618,-1.5149061785777584,-0.9701876428444831
4.14,0.0007292827860448358,0.0019216492896471284,0.7478725153942201,-2.3937201381955733,0.00044930065542392306,0.0015931284423301745,7.733699221940465e-13,2.6994486793035357e-13,3,0.599847877679979,0.0003042446400418619,22.871591028738727,6.281592285969506,-1.5339269793794674,-0.9321460412410651
4.16,0.0007276849376831764,0.001920038361304102,0.7667118389799124,-2.374880814609881,0.00046707051406432744,0.0015887651706877628,7.790113119051126e-13,2.9376237557045716e-13,3,0.5998538424814646,0.00029231503707083384,22.997223503254773,6.281654749224596,-1.5522019639139693,-0.8955960721720615
4.18,0.0007259943900736671,0.0019183122816997902,0.784054906066879,-2.3575377475229136,0.00048488967870320986,0.0015852503523958528,7.851092488469091e-13,3.153537550820613e-13,3,0.5998595733997384,0.00028085320052317897,23.12285720238045,6.28171476326042,-1.5697603760553909,-0.8604792478892183
4.2,0.0007242226837477802,0.0019164978573272425,0.7996978511269495,-2.3418948024628436,0.0005024992889594796,0.0015824853726351838,7.916096909915541e-13,7.92332449314791e-14,2,0.5998650796054926,0.0002698407890147081,23.24849207809813,6.281772424112242,-1.5866303130091524,6.372052030526103
4.22,0.0007233763232928655,0.0019156440035215856,0.8080028694421613,-2.333589784147632,0.0005073781211462508,0.0015797969538704404,7.932360662676878e-13,8.363573497248232e-14,2,0.599870369909831,0.0002592601803379502,23.374128084272982,6.281827824049725,-1.461704446075399,6.122200296658596
4.24,0.0007224896189531863,0.0019147310237615618,0.8135387331524518,-2.328053920437341,0.0005114210655805469,0.0015765027769322312,7.949574337659754e-13,8.851609093484099e-14,2,0.5998754527783693,0.0002490944432613773,23.499765176579142,6.281881051724588,-1.3416769924485004,5.882145389404799
4.26,0.0007215724517539717,0.001913779085694959,0.8161694604722514,-2.325423193117542,0.0005143726133146435,0.001572665520632714,7.967753181895717e-13,9.313469177689709e-14,2,0.5998803363447814,0.00023932731043707633,23.625403312428794,6.281932192312468,-1.2263558825954313,5.65150316969866
4.28,0.0007206382396338442,0.0019128092313618545,0.8158121908950577,-2.325780462694736,0.0005159943867189356,0.0015683751875336118,7.986790488739803e-13,9.701620946673038e-14,2,0.5998850284238156,0.00022994315236868346,23.751042450904013,6.281981327649214,-1.1155565781372774,5.429904560782353
4.3,0.0007197028517668614,0.0019118415948640207,0.8124459962668488,-2.3291466573229442,0.0005160708728180161,0.0015637543614152804,8.006512026834813e-13,9.996226174681179e-14,2,0.5998895365237994,0.0002209269524011681,23.876682552691285,6.282028536361849,-1.00910177654846,5.216994957604718
4.32,0.0007187832795878515,0.0019108934968311258,0.8061174413260127,-2.3354752122637805,0.0005144173635883477,0.0015589624792852362,8.026731627365432e-13,1.0204893106910875e-13,2,0.5998938678586544,0.00021226428269116582,24.002323580018608,6.282073893994385,-0.9068211274348683,5.0124336593775345
4.34,0.0007178959939716701,0.001909977596934724,0.7969425228915927,-2.3446501306982004,0.0005108897810774781,0.0015541978372472136,8.047304386402279e-13,1.0360451436109576e-13,2,0.5998980293594405,0.00020394128111900223,24.12796549659504,6.28211747312871,-0.8085509599368854,4.815893324381569
4.36,0.0007170549760025714,0.001909100361417417,0.7851047370215,-2.356487916568293,0.0005053955665228161,0.0015496961515177703,8.068173243277885e-13,1.0516537778425872e-13,2,0.5999020276854468,0.00019594462910643706,24.253608267552618,6.282159343500737,-0.7141340208210933,4.6270594461499845
4.38,0.0007162695188684539,0.0019082611375729295,0.7708492644531773,-2.3707433891366154,0.0004979043540901289,0.0015457248170653705,8.089404580392316e-13,1.0741106081485627e-13,2,0.5999058692348479,0.00018826153030415682,24.379251859390582,6.2821995721119945,-0.6234192228415525,4.445629850190903
4.4,0.00071554203769814,0.0019074520918398894,0.7544736354829668,-2.3871190181068265,0.0004884568506155924,0.001542572538965703,8.111209087815064e-13,1.0726137358707483e-13,0,0.5999095601549426,0.0001808796901148213,24.50489623992175,6.282238223336842,-0.5362614029679733,5.072522805935947
4.42,0.000714987756221018,0.0019066849822890822,0.7361296262877768,-2.405463027302016,0.0004757155552818944,0.001540637117950025,8.1335838722685e-13,1.1709704643683938e-13,0,0.5999131063519902,0.00017378729601946752,24.630541378221018,6.282275359025485,-0.43681317090128324,4.8736263418025665
4.44,0.0007144488892310029,0.0019058964756446504,0.7164222486120663,-2.4251704049777274,0.0004614171787306827,0.0015402683625238497,8.158180190013326e-13,1.2956793444040312e-13,0,0.5999165135006628,0.0001669729986744084,24.756187244575877,6.28231103860295,-0.3412643597892382,4.682528719578476
4.46,0.0007138966654510084,0.0019050697952549243,0.6957182235231988,-2.4458744300665938,0.0004458631583548672,0.001541735505889806,8.185557128318778e-13,1.44947711942035e-13,0,0.599919787053125,0.0001604258937499825,24.881833810438856,6.282345319164172,-0.24946207114922503,4.49892414229845
4.48,0.0007132950669609916,0.0019041900916793011,0.6743786342330435,-2.4672140193567493,0.0004294168373588867,0.0015452491633967534,8.216309020329798e-13,1.6330872421566176e-13,0,0.5999229322477592,0.00015413550448162283,25.00748104838185,6.282378255565361,-0.1612594017338873,4.322518803467775
4.5,0.0007126036724893511,0.0019032464758989523,0.6527495958968675,-2.4888430576929252,0.00041248492409780605,0.0015509447506795665,8.251023152328992e-13,1.845071473242753e-13,0,0.5999259541175478,0.00014809176490437892,25.13312893205223,6.282409900511788,-0.07651520845458704,4.153030416909174
4.5200000000000005,0.0007117811911826152,0.0019022332767375818,0.631155829769396,-2.510436823820397,0.00039549493844951854,0.0015588712106277157,8.290236639972123e-13,2.0818906661768276e-13,0,0.5999288574981272,0.00014228500374557917,25.258777436130657,6.282440304642118,0.004906117477647909,3.990187765044704
4.54,0.0007107892086382471,0.0019011503510484543,0.6098969040848431,-2.5316957495049497,0.0003788706029351105,0.001568986369681785,8.334396437314657e-13,2.3381490084453963e-13,0,0.5999316470355257,0.00013670592894854394,25.384426536290587,6.282469516609446,0.08313486755511845,3.833730264889763
4.5600000000000005,0.0007095956519234904,0.001900002469467053,0.5892456648708578,-2.552346988718935,0.00036300742597555934,0.0015811593973276044,8.383825783980049e-13,2.6069820221593786e-13,0,0.5999343271935983,0.00013134561280336854,25.510076209159326,6.2824975831591505,0.15829622446763847,3.683407551064723
4.58,0.0007081775581933772,0.0018987979709878214,0.5694483116442011,-2.5721443419455916,0.00034825070551776035,0.0015951799237103482,8.438699471635509e-13,2.880535994171938e-13,0,0.5999369022611697,0.00012619547766057337,25.63572643228064,6.282524549203701,0.23051046242154616,3.5389790751569077
4.6000000000000005,0.0007065228780098377,0.0018975469940087188,0.5507256203394851,-2.5908670332503085,0.00033487785231684864,0.0016107725405333615,8.499029157677767e-13,3.150477200954685e-13,0,0.5999393763588975,0.0001212472822049726,25.761377184078825,6.282550457894519,0.2998931396040936,3.400213720791813
4.62,0.0007046312231436761,0.0018962596341952638,0.5332749176776329,-2.60831773591216,0.00032308635525798036,0.0016276148094841428,8.564658681725623e-13,3.408467878294189e-13,0,0.5999417534458658,0.00011649310826844506,25.887028443824157,6.28257535069104,0.3665552831012,3.2668894337976
4.64,0.000702513639094649,0.001894944351979159,0.5172725196285815,-2.624320133961212,0.00031298799597507447,0.0016453566171396406,8.635268149113273e-13,3.6465558667830487e-13,0,0.5999440373259208,0.00011192534815829269,26.012680191599745,6.282599267427049,0.43060356656447674,3.1387928668710465
4.66,0.0007001916096295723,0.0018936068709730263,0.5028764306235673,-2.6387162229662255,0.0003046091957336346,0.001663638765660107,8.710384670953619e-13,3.8574459154536304e-13,0,0.599946231653758,0.00010753669248386721,26.138332408269648,6.282622246374425,0.49214048091182727,3.0157190381763455
4.68,0.0006976955628868162,0.0018922496988736316,0.49022914251352084,-2.6513635110762728,0.000297896762176418,0.0016821090318444348,8.789397278086665e-13,4.0346482968789096e-13,0,0.59994833994077,0.00010332011845992639,26.263985075448257,6.282644324304386,0.5512644983347827,2.8974710033304345
4.7,0.0006950631427390354,0.0018908722922136778,0.4794603673339932,-2.6621322862558,0.00029272788105509954,0.0017004344747501932,8.871573724091843e-13,4.172527983243851e-13,0,0.5999503655606658,9.926887866829048e-05,26.389638175470875,6.2826655365463315,0.6080702298750165,2.783859540249967
4.72,0.000692337448429139,0.0018894717972122615,0.47068949123062187,-2.6709031623591715,0.0002889230059472428,0.001718309413303197,8.956077591922629e-13,4.2662988400700207e-13,0,0.5999523117548695,9.537649026092332e-05,26.515291691365444,6.282685917044374,0.662648576822195,2.67470284635561
4.74,0.0006895653533853009,0.0018880442412500696,0.4640274637065634,-2.6775651898832296,0.0002862603267150657,0.0017354591218034148,9.041985144855344e-13,4.312018145953045e-13,0,0.599954181637707,9.163672458600836e-05,26.640945606825394,6.282705498411657,0.7150868761754356,2.5698262476491287
4.76,0.000686795916008594,0.0018865860212420587,0.4595777577726466,-2.6820148958171464,0.00028449069499384875,0.0017516398179029155,9.128302491060472e-13,4.306636227776788e-13,0,0.5999559782013896,8.804359722081045e-05,26.76659990618354,6.282724311982546,0.7654690404011373,2.4690619191977254
4.78,0.0006840788124319384,0.0018850955255353553,0.4574359743273991,-2.6841566792623937,0.0002833521779954526,0.0017666358950096822,9.213984643118824e-13,4.248145342759493e-13,0,0.5999577043208026,8.459135839467002e-05,26.89225457438702,6.28274238786277,0.8138756917108294,2.372248616578341
4.8,0.0006814626686214162,0.0018835747207637166,0.4576876373309991,-2.6839050162587945,0.0002825837202825106,0.0017802555663365973,9.29795876679678e-13,8.76217297855014e-14,3,0.5999593627581054,8.127448378925095e-05,27.0179095969732,6.282759754977593,0.8603842910739106,-5.720768582147821
4.82,0.000680356734618948,0.0018830505884915888,0.4645399753394894,-2.6770526782503037,0.0002773640622821742,0.0017788183939013939,9.315824056515964e-13,9.093902574135209e-14,3,0.5999609561671514,7.808766569716852e-05,27.143564960046536,6.282776441118103,0.748227018781018,-5.496454037562036
4.84,0.0006792803160722031,0.0018825464529932752,0.4741754067078725,-2.6674172468819206,0.0002717720505731467,0.001775574795275211,9.334323630606632e-13,9.405368037265243e-14,3,0.599962487097735,7.502580452989349e-05,27.269220650256337,6.282792472985685,0.6404674960378753,-5.280934992075751
4.86,0.0006782426821973455,0.0018820713775714877,0.48640080202067904,-2.655191851569114,0.0002660393210142606,0.0017703873576238622,9.353457148068559e-13,9.740906492447805e-14,3,0.5999639579996718,7.208400065628062e-05,27.3948766547754,6.282807876234748,0.5369332846181694,-5.073866569236339
4.88,0.0006772456215721201,0.0018816314149939287,0.5009672980268913,-2.640625355562902,0.00026044237442831013,0.0017631749228008955,9.373327878361318e-13,1.0158054839686563e-13,3,0.5999653712267188,6.925754656239569e-05,27.520532961279475,6.282822675513776,0.43745870769515216,-4.874917415390304
4.9,0.0006762829731787503,0.0018812277790011852,0.5175810677603181,-2.624011585829475,0.00025529307316185496,0.001753923116241376,9.394161910448888e-13,1.0720164377674528e-13,3,0.5999667290403407,6.654191931865228e-05,27.646189557927567,6.282836894504774,0.3418845847233718,-4.683769169446744
4.92,0.0006753411097333438,0.001880855221531046,0.535915898833332,-2.6056767547564608,0.00025092427901310523,0.0017426923440134762,9.416312015942024e-13,1.1488646825212276e-13,3,0.5999680336133288,6.393277334226788e-05,27.771846433342965,6.28285055596116,0.25005797671583974,-4.5001159534316795
4.94,0.000674400365087701,0.001880500947278609,0.5556262860957751,-2.5859663674940183,0.0002476714618630683,0.0017296217414410357,9.440246254423895e-13,1.2515667010970998e-13,3,0.5999692870332785,6.142593344304892e-05,27.897503576595046,6.282863681744178,0.16183194150902258,-4.323663883018045
4.96,0.0006734372226775814,0.0018801443663007682,0.5763598012012195,-2.565232852388574,0.0002458518015369172,0.0017149278914545209,9.466522966303981e-13,1.3837994847599496e-13,3,0.5999704913059289,5.901738814206858e-05,28.023160977181785,6.282876292857884,0.07706529862403189,-4.154130597248064
4.98,0.0006724269366173978,0.0018797578697743616,0.5977677757180248,-2.543824877871769,0.00024574281600430207,0.0016988976809810977,9.495755049707243e-13,1.5472542990210518e-13,3,0.5999716483583734,5.670328325324547e-05,28.148818625012947,6.282888409482747,-0.004377596652263671,-3.9912448066954727
5.0,0.0006713461800650199,0.0018793086407360535,0.6195137348719428,-2.5220789187178507,0.00024756277280008976,0.0016818753598429746,9.528567263589487e-13,1.6989535542780772e-13,1,0.5999727600421425,5.447991571494448e-05,28.274476510393935,6.282900051007954,-0.08262707032771721,-3.6398762270363823
5.0200000000000005,0.0006701844864927128,0.0018787539906249047,0.6412783616507046,-2.5003142919390884,0.0002513929420324406,0.0016645609344732534,9.564621915284033e-13,1.913295028655137e-13,1,0.5999738281361676,5.234372766471651e-05,28.40013462401029,6.2829112360624295,-0.15398786446682844,-3.49715463875816
5.04,0.0006689210109605637,0.0018780725248720375,0.6627607004584832,-2.4788319531313103,0.0002572969653394528,0.001647000960235786,9.605221165476611e-13,2.1519406311798855e-13,1,0.5999748543496269,5.0291300746074796e-05,28.52579295691277,6.282921982544645,-0.2225505618452095,-3.3600292440013977
5.0600000000000005,0.0006675464129188139,0.0018772331408108637,0.6836833457982935,-2.4579093077914997,0.000265247731414996,0.0016295848945911643,9.650787850840083e-13,2.408164534652073e-13,1,0.599975840324681,4.8319350637981984e-05,28.65145150050305,6.282932307651266,-0.28842487740615463,-3.2282806128795074
5.08,0.0006660575352520119,0.0018762114010747784,0.7037931569590098,-2.4377994966307828,0.0002751348052538561,0.0016126764472680147,9.701595587217311e-13,2.673909248543114e-13,1,0.5999767876391001,4.642472179972046e-05,28.777110246519943,6.282942227904666,-0.35171622410849834,-3.10169791947482
5.1000000000000005,0.0006644566426820944,0.0018749919032040698,0.7228607371848752,-2.4187319164049175,0.00028677297302914453,0.001596594273185324,9.757747806308983e-13,2.9403595400817046e-13,1,0.5999776978087896,4.4604382420709854e-05,28.902769187026184,6.282951759179366,-0.4125258816098383,-2.98007860447214
5.12,0.0006627501603312723,0.0018735697457149241,0.7406790743769301,-2.4009135792128635,0.00029991522734498837,0.0015815968165056016,9.81916835097063e-13,3.198505300094394e-13,1,0.5999785722902151,4.285541956972061e-05,29.02842831439574,6.28296091672744,-0.47095115833559564,-2.8632280510206254
5.14,0.000660947223253729,0.0018719510183637443,0.7570616119550806,-2.3845310416347125,0.00031426843348796463,0.0015678723718386555,9.885602679315667e-13,3.4396248283617143e-13,1,0.5999794124827335,4.1175034533047494e-05,29.154087621301592,6.282969715202917,-0.5270855471932554,-2.750959273305306
5.16,0.0006590583363154512,0.0018701523982993244,0.7718399645925624,-2.369752688997231,0.0003295097947019212,0.0015555347840449133,9.956627564421391e-13,3.65564365762797e-13,1,0.5999802197308319,3.9560538336091966e-05,29.279747100704025,6.282978168685236,-0.5810188751809646,-2.6430926173298874
5.18,0.0006570943770723201,0.0018682000414812488,0.7848614648044234,-2.3567311887853695,0.00034530239146771444,0.0015446245900817214,1.003166658558099e-12,3.8393557500463825e-13,1,0.5999809953262797,3.800934744058182e-05,29.405406745839347,6.282986290701773,-0.6328374471298941,-2.5394554734320285
5.2,0.0006550660763478811,0.001866128002873055,0.7959867331930434,-2.34560592039675,0.00036130844973516113,0.0015351149053856217,1.0110008771290308e-12,3.595571316566345e-13,1,0.599981740510195,3.65189796098786e-05,29.531066550209083,6.282994094249486,-0.6826241838103804,-1.7339900067866525
5.22,0.0006530861867685782,0.001864077374715673,0.8048471503822338,-2.3367455032075597,0.00037613756354755424,0.0015272468639225775,1.0183076276816717e-12,3.699931043799528e-13,1,0.5999824564750311,3.5087049937709835e-05,29.65672650756956,6.283001591815717,-0.7166195441455662,-1.665999286116281
5.24,0.0006510628978404145,0.0018619895116435737,0.8114558759122921,-2.3301367776775006,0.00039046295216714743,0.0015203773734785275,1.025777074272446e-12,3.757320744176609e-13,1,0.5999831443664844,3.371126703122229e-05,29.782386611921925,6.283008795398171,-0.7492819273357905,-1.6006745197358323
5.26,0.000649009257452083,0.0018599079820154566,0.8157046887433933,-2.3258879648464,0.00040400910659511786,0.0015143723524838296,1.0333118317219853e-12,3.764643167834689e-13,1,0.5999838052853279,3.2389429344137355e-05,29.908046857502544,6.283015716524116,-0.7806636001625044,-1.5379111740824045
5.28,0.0006469399776691708,0.001857876828547895,0.8175006244347561,-2.324092029155037,0.00041651784268145406,0.001509083537299955,1.0408097440673255e-12,3.7202632692773203e-13,1,0.599984440289173,3.111942165401338e-05,30.03370723877378,6.283022366268831,-0.8108147799973444,-1.4776088144127244
5.3,0.0006448722146918522,0.0018559384471002285,0.8167688298646341,-2.3248238237251595,0.0004277488748622597,0.001504361289013273,1.0481669887286256e-12,3.624213952800605e-13,1,0.5999850503941612,2.9899211677619775e-05,30.15936775041512,6.283028755273326,-0.8397837151606413,-1.4196709440861306
5.32,0.0006428261575767069,0.001854131324019848,0.813457349687219,-2.328135303902574,0.0004374803067871567,0.0015000666422494463,1.0552816946616424e-12,3.478500583831485e-13,1,0.5999856365765905,2.872684681887172e-05,30.28502838731469,6.283034893761372,-0.8676167621290254,-1.3640048501493625
5.34,0.000640825184152864,0.0018524876105920685,0.8075439979840033,-2.3340486556057893,0.00044550994417825887,0.0014960820483472855,1.0620582476986487e-12,3.2874702589882245e-13,1,0.5999861997744781,2.76004510437744e-05,30.410689144561037,6.28304079155586,-0.8943584597156793,-1.3105214549760547
5.36,0.0006388953465526984,0.0018510305981332708,0.7990452170577396,-2.3425474365320538,0.0004516581602679361,0.0014923202812380037,1.0684123487494207e-12,3.0581718187222757e-13,1,0.5999867408890607,2.6518221878601977e-05,30.5363500174353,6.283046458094517,-0.9200516003419416,-1.2591351737235301
5.38,0.0006370639923663716,0.001849772286455213,0.7880264664458813,-2.3535661871439117,0.0004557727401528801,0.001488730948093503,1.074276702526681e-12,2.8005939205772097e-13,1,0.599987260786237,2.5478427525982283e-05,30.66201100140364,6.283051902445015,-0.9447372985143099,-1.2097637773787935
5.4,0.0006353574340251111,0.0018487113870324502,0.7746132270104139,-2.3669794265793787,0.00045773571091617415,0.0014853040208441526,1.0796069571177053e-12,1.1166908100804774e-13,2,0.5999877602979534,2.4479404093114e-05,30.78767209211,6.283057133319477,-0.9684550566164232,5.035363021274502
5.42,0.0006348580416664536,0.0018479695709211809,0.7563416346435721,-2.385251018946221,0.00044543556372109687,0.0014804960821770304,1.0819360889937136e-12,1.2193612549840458e-13,2,0.5999882402235353,2.3519552929451848e-05,30.91333328536912,6.283062159088418,-0.8697353525485103,4.837923613138677
5.44,0.0006343949303857066,0.0018471903901898922,0.7366638523415404,-2.4049288012482526,0.00043117901273737876,0.0014768966452764218,1.0844992758700987e-12,1.3516354066035518e-13,2,0.5999887013309658,2.259733806830866e-05,31.03899457715985,6.2830669877941405,-0.7748865034438168,4.64822591492929
5.46,0.000633938937570384,0.0018463506147241846,0.7160019921017529,-2.42559066148804,0.00041521867302757087,0.0014748276988429756,1.0873586799877201e-12,1.5158416222848617e-13,2,0.5999891443581155,2.1711283769043632e-05,31.164655963618713,6.283071627163603,-0.683756730908275,4.465966369858206
5.48,0.00063345142915236,0.0018454298918078329,0.6947739291333849,-2.446818724456408,0.0003978835114246293,0.001474565595618195,1.0905785452184594e-12,1.7116861558317086e-13,2,0.5999895700139221,2.0859972155840012e-05,31.290317441033714,6.283076084620787,-0.5962002078637734,4.290853323769203
5.5,0.0006328875420281814,0.0018444137578634953,0.6733789119431257,-2.468213741646667,0.00037956237740813226,0.0014763210470383039,1.094219851482089e-12,1.9362355912982243e-13,2,0.5999899789795258,2.0042040948409223e-05,31.415979005838413,6.2830803672985756,-0.5120768251937191,4.122606558429094
5.5200000000000005,0.000632200456087925,0.0018432955680613965,0.6521872725960273,-2.489405380993766,0.0003606826165222872,0.0014802236841781433,1.0983352546916972e-12,2.1842028068840682e-13,2,0.5999903719093589,1.9256181282178986e-05,31.54164065460621,6.283084482050165,-0.4312519675385613,3.9609568431187787
5.54,0.0006313460143529913,0.0018420770359118177,0.6315343321538223,-2.510058321435971,0.00034168565584567735,0.00148631279105772,1.1029648423217807e-12,2.448452749547438e-13,2,0.5999907494321928,1.850113561441269e-05,31.667302384044863,6.283088435460037,-0.353596297882496,3.805645503806648
5.5600000000000005,0.0006302869857842033,0.0018407673950782688,0.6117179590602182,-2.5298746945295747,0.00032300176004532307,0.0014945350409304998,1.10813304657105e-12,2.7206294437623074e-13,2,0.5999911121521446,1.7775695710708916e-05,31.792964190991228,6.283092233854491,-0.278985550586647,3.65642400921495
5.58,0.0006289963997576574,0.0018393814728266452,0.5929989075063288,-2.548593746083464,0.00030502620502415555,0.0015047491948840335,1.113846860380101e-12,2.991809700123204e-13,2,0.5999914606496438,1.70787007123252e-05,31.91862607240618,6.283095883311768,-0.20730033253753244,3.513053573116721
5.6000000000000005,0.0006274596153111186,0.0018379371369216728,0.5756030088846847,-2.565989644705109,0.0002880988988268995,0.001516736886519654,1.1200953253663614e-12,1.1338097467403689e-13,1,0.5999917954823606,1.640903527877491e-05,32.04428802536977,6.283099389671778,-0.13842593209261156,-3.7039214074556264
5.62,0.0006263894747804593,0.001837319002741457,0.559008788971422,-2.582583864618371,0.0002810763468352684,0.001523318430759243,1.1223903949467442e-12,1.1725658303178124e-13,1,0.5999921171860987,1.576562780258861e-05,32.169950047076526,6.2831027585454455,-0.21104234995363735,-3.558688571733575
5.64,0.0006252166733011677,0.0018366207051606607,0.5445001891782691,-2.5970924644115243,0.000273741567297403,0.0015300515078237615,1.1248047160567693e-12,1.2495003143864151e-13,1,0.5999924262756529,1.5147448694241561e-05,32.295612134830996,6.283105995323688,-0.28081143734358305,-3.4191503969536834
5.66,0.0006239265965199891,0.0018358455462005395,0.5323657284073774,-2.6092269251824156,0.00026624639462329025,0.0015367321929801393,1.1274001820058437e-12,1.3500147145905742e-13,1,0.5999927232456322,1.45535087354709e-05,32.42127428604341,6.28310910518604,-0.34784483968713853,-3.2850835922665724
5.68,0.0006225159853845337,0.0018350031731309475,0.5228431492801425,-2.618749504309651,0.00025872852146595425,0.0015431536036823032,1.1302092805018281e-12,1.4596232345905564e-13,1,0.5999930085712522,1.3982857495653533e-05,32.546936498225556,6.283112093108945,-0.4122498247292752,-3.156273622182299
5.7,0.0006209924840383319,0.00183410687635088,0.5161109684320645,-2.6254816851577285,0.000251311104194359,0.001549110577157169,1.1332365544884807e-12,1.5651299894429956e-13,1,0.5999932827090945,1.3434581811022639e-05,32.67259876898676,6.283114963873717,-0.4741294541865233,-3.032514363267803
5.72,0.0006193731563187722,0.00183317132688736,0.5122842981506972,-2.629308355439096,0.00024410512446750417,0.0015544045582281266,1.1364621563281139e-12,1.6555225259874208e-13,1,0.5999935460978383,1.2907804323392114e-05,32.79826109603011,6.283117722074192,-0.5335827486677063,-2.913607774305437
5.74,0.0006176823571660083,0.0018322109877032618,0.5114145743391046,-2.6301780792506886,0.00023721398182324148,0.0015588485499969979,1.1398468593406667e-12,1.72253406532499e-13,1,0.5999937991589617,1.240168207661263e-05,32.92392347714876,6.283120372124079,-0.59070484612804,-2.7993635793847695
5.76,0.0006159493154360076,0.001831239217359521,0.5134923860931957,-2.628100267496597,0.00023073947425649788,0.001562272146501957,1.143337874801208e-12,1.760900084035708e-13,1,0.5999940422974165,1.1915405166984527e-05,33.04958591022238,6.2831229182640245,-0.6455871541101583,-2.689598963420533
5.78,0.0006142056839677822,0.0018302679268586356,0.5184524572916563,-2.623140196298136,0.0002247881385494399,0.0015645267610582406,1.1468749248607137e-12,1.7683771210615217e-13,1,0.5999942759022762,1.144819544762754e-05,33.17524839321379,6.283125364568394,-0.698317496015683,-2.5841382796094834
5.8,0.0006124831998658999,0.0018293075682763154,0.5261799257006236,-2.6154127278891695,0.00021947687196355688,0.0015654911471049155,1.1503961736336748e-12,5.940871086418589e-13,0,0.5999945003473582,1.0999305283476701e-05,33.300910924165684,6.283127714951798,-0.7489802516414024,5.497960503282805
5.82,0.0006094826710766286,0.0018275494949090698,0.5382488343899849,-2.603343819199808,0.0002098826408810062,0.001575991158911371,1.1618604516253815e-12,5.51939954544936e-13,0,0.5999947159918227,1.0568016354461918e-05,33.4265735011975,6.28312997317535,-0.6411911942153554,5.282382388430711
5.84,0.0006066979293600642,0.0018258521948528663,0.5516507427320552,-2.589941910857738,0.00020212805778616988,0.0015855184854292412,1.1724660160002399e-12,5.08250454531564e-13,0,0.5999949231807469,1.0153638506205098e-05,33.55223612250242,6.28313214285269,-0.5376286061842261,5.075257212368452
5.86,0.0006041670405197273,0.001824209792557423,0.5663961791781681,-2.5751964744116247,0.0001959996500985917,0.001593797800295126,1.182183804334414e-12,4.632407302068885e-13,0,0.5999951222456771,9.755508645792332e-06,33.67789878634448,6.283134227455764,-0.43812676531263417,4.876253530625268
5.88,0.0006019174990522166,0.0018226229788099635,0.5824680501226686,-2.559124603467124,0.00019129529451181486,0.0016006080396851487,1.1909910920713603e-12,4.1733578332804164e-13,0,0.5999953135051598,9.372989680400678e-06,33.80356149105576,6.283136230320383,-0.34252644742699356,4.685052894853987
5.9,0.0005999642094014826,0.0018210987914455963,0.5998166014193076,-2.5417760521704853,0.00018783343742598312,0.0016057819838545993,1.198876016699791e-12,3.7120288328345927e-13,0,0.5999954972652509,9.005469498113428e-06,33.929224235033765,6.283138154651557,-0.2506746716228654,4.501349343245731
5.92,0.0005983076836042844,0.0018196490354451412,0.618354490991087,-2.523238162598706,0.00018545853661393184,0.0016092054175432507,1.205842577292895e-12,3.2575774645329534e-13,0,0.5999956738200057,8.65235998848135e-06,34.054887016738824,6.283140003528626,-0.16242445546287199,4.324848910925744
5.94,0.0005969329522885821,0.0018182875172990407,0.6379519943141039,-2.503640659275689,0.0001840428405126504,0.001610816208510742,1.2119153750063597e-12,2.8213142954581397e-13,0,0.5999958434519497,8.313096100609485e-06,34.18054983469163,6.283141779910188,-0.07763457977344057,4.155269159546881
5.96,0.000595809691899846,0.0018170264905118176,0.6584327218031212,-2.4831599317866715,0.00018348488372649485,0.001610603324579166,1.2171432800502453e-12,2.4159636014881986e-13,0,0.5999960064325299,7.987134940101726e-06,34.306212687470904,6.283143486638833,0.0038306373360033064,3.9923387253279934
5.98,0.0005948939370792754,0.001815872913628275,0.6795705858382496,-2.462022067751544,0.0001837052655280048,0.0016086055314556307,1.2216012342732697e-12,2.0545573849528263e-13,0,0.5999961630225502,7.673954899534152e-06,34.43187557371107,6.283145126445691,0.08210155759300819,3.8357968848139836
6.0,0.0005941314777689134,0.001814825248782633,0.7010890269162899,-2.440503626673503,0.00018464040835940333,0.0016049093193452385,1.225389548953876e-12,1.5230890700496973e-13,2,0.599996313472588,7.373054824011405e-06,34.5575384921001,6.283146701954802,0.15730343116867207,2.4897492453278165
6.0200000000000005,0.0005933807911444121,0.0018139355247553206,0.7226516640759177,-2.4189409895138754,0.0001864478158458153,0.0015975980381316426,1.228271493968185e-12,1.3752221041343223e-13,2,0.5999964580233954,7.083953209141569e-06,34.683201441377435,6.2831482156873175,0.20611566330836406,2.3921247810484325
6.04,0.0005926346074082178,0.0018130896143567102,0.7438715104863527,-2.397721143103441,0.0001890016903972312,0.001589023467897607,1.2309236243296784e-12,1.2934274353955496e-13,2,0.5999965969062846,6.806187430763444e-06,34.80886442033192,6.283149670065532,0.25301394044963166,2.2983282267658973
6.0600000000000005,0.0005918478606510146,0.0018122530490503309,0.7643531447752133,-2.3772395088145792,0.00019226516870734736,0.001579413339753055,1.2334774882989148e-12,1.275908000079137e-13,2,0.5999967303434978,6.5393130044277825e-06,34.9345274277999,6.283151067416761,0.29807330984140035,2.20820948798236
6.08,0.0005909859341167997,0.0018113884877352334,0.7837008566088894,-2.357891796980904,0.00019617666863599184,0.0015690112018774413,1.2360563055246369e-12,1.3162372706730573e-13,2,0.599996858548563,6.282902873966378e-06,35.06019046266334,6.283152409977065,0.34136587608787505,2.1216243554894105
6.1000000000000005,0.0005900265677818171,0.0018104601006961754,0.8015340473607243,-2.3400586062290687,0.00020064690031607865,0.001558065110687241,1.238766268129122e-12,1.4040510993543116e-13,2,0.5999969817266357,6.036546728482861e-06,35.18585352384805,6.283153699894826,0.3829609165312904,2.03843427460258
6.12,0.0005889599548414741,0.001809437716939064,0.8175020617774835,-2.3240905918123094,0.00020555860422378906,0.0015468167160116197,1.24168971432438e-12,1.526184638039892e-13,2,0.5999971000748271,5.799850345766799e-06,35.311516610321966,6.283154939234188,0.42292499211043755,1.9585061234442855
6.140000000000001,0.0005877872957010484,0.001808300049969992,0.8312969400921393,-2.310295713497654,0.00021076884857639514,0.0015354919398520026,1.2448808719750784e-12,1.6680476571475536e-13,2,0.5999972137825196,5.572434960798844e-06,35.43717972109347,6.283156129978359,0.46132205387236747,1.8817119999204257
6.16,0.0005865183512469078,0.0018070365891671727,0.8426629477939787,-2.298929705795814,0.00021611342662551268,0.0015242942578844725,1.2483644158884958e-12,1.81500697478375e-13,2,0.5999973230316696,5.353936660679182e-06,35.56284285520985,6.283157274032782,0.4982135453077092,1.8079290170497422
6.18,0.0005851686299787577,0.001805648071217279,0.8514023206200362,-2.2901903329697575,0.00022141272698632377,0.0015134012113142833,1.252136641679998e-12,1.9535798579534309e-13,2,0.5999974279970992,5.144005801538398e-06,35.68850601175574,6.283158373228191,0.533658500673364,1.7370391063184327
6.2,0.000583756763244257,0.0018041457213272744,0.8573772927315728,-2.2842153608582203,0.00022647843612050062,0.0015029642931246887,1.256168736571787e-12,1.6312160221317783e-13,0,0.5999975288467755,4.942306448985079e-06,35.81416918985166,6.283159429323532,0.5677136394599105,2.864572721080179
6.22,0.0005824876338716879,0.0018027242016204514,0.8608573605381483,-2.280735293051645,0.00023001902456685754,0.001494482709028707,1.2595281469287393e-12,1.7227532841213563e-13,0,0.5999976257420794,4.74851584120195e-06,35.939832388652626,6.283160444008781,0.6238743909511653,2.7522512180976695
6.24,0.000581182295514217,0.0018012363544324037,0.861368918563793,-2.2802237350260004,0.0002328238314516449,0.0014865328476889304,1.2630470414928657e-12,1.7890664715327012e-13,0,0.5999977188380641,4.562323871803997e-06,36.06549560734678,6.283161418907652,0.6778330478788208,2.6443339042423584
6.26,0.0005798598731558564,0.001799708799277813,0.8589322797194006,-2.2826603738703923,0.00023474896120228564,0.0014792497428028962,1.266669207393779e-12,1.825159171669634e-13,0,0.599997808283703,4.383432594012859e-06,36.191158845154106,6.283162355580192,0.7296759556057557,2.5406480887884886
6.28,0.0005785383217169605,0.0017981707733817098,0.8536225967230827,-2.28797005686671,0.0002356727407084731,0.0014727674148883362,1.2703314939101527e-12,1.8290626232367244e-13,0,0.5999978942221282,4.211555743482975e-06,36.31682210132516,6.2831632555252765,0.7794860738447431,2.441027852310514
6.3,0.0005772340387022492,0.0017966518371375704,0.8455630106715,-2.2960296429182936,0.00023550231235049807,0.0014672233330342095,1.27396972654643e-12,1.8016664001415767e-13,0,0.5999979767908596,4.046418280667652e-06,36.44248537513988,6.2831641201830095,0.8273431094116908,2.3453137811766185
6.32,0.0005759615906029107,0.0017951797431713695,0.834917380812766,-2.306675272777027,0.0002341800333456367,0.0014627610984160253,1.2775241835165197e-12,1.746461534922037e-13,0,0.5999980561220247,3.887755950504612e-06,36.56814866590646,6.283164950937028,0.8733236437735512,2.2533527124528976
6.34,0.0005747333554060306,0.0017937785217393355,0.8218829525010459,-2.3197097010887475,0.00023168928119284964,0.0014595306049049006,1.2809444971882186e-12,1.6692260480744583e-13,0,0.5999981323425704,3.7353148591989793e-06,36.69381197296021,6.283165749116716,0.9175012555950073,2.1649974888099854
6.36,0.0005735589501377444,0.0017924668370077896,0.8066831542750564,-2.334909499314737,0.00022805909502103604,0.0014576852497013822,1.284193873515452e-12,1.5776551847275233e-13,0,0.5999982055744657,3.5888510685477826e-06,36.8194752956625,6.28316651599933,0.959946638480033,2.080106723039934
6.38,0.0005724444002618144,0.0017912566948820677,0.7895606484790405,-2.352032005110752,0.00022336696735880337,0.0014573761559148798,1.287252506197765e-12,1.480920694691578e-13,0,0.5999982759348973,3.4481302053634977e-06,36.945138633399736,6.2831672528120475,1.0007277140967425,1.998544571806515
6.4,0.0005713911064600787,0.0017901526120571137,0.7707707680955314,-2.370821885494262,0.00021773909435705732,0.0014587437988605578,1.2901200222690729e-12,1.5863250559818118e-13,2,0.5999983435364569,3.3129270862186644e-06,37.07080198558239,6.283167960733924,1.0399097408665492,1.003263590649027
6.42,0.0005703202071555411,0.0017890772308816886,0.7504159241833969,-2.3911767294063964,0.00021239200595204164,0.0014609465397604894,1.2931596289717938e-12,1.458519165388689e-13,2,0.5999984084873214,3.1830253570674927e-06,37.19646535164405,6.283168640897787,1.0595790049002505,0.9639250625816245
6.44,0.0005693118240048232,0.001788112281327894,0.728993868547368,-2.412598785042425,0.00020638426072878816,0.001464979936179796,1.295967228323127e-12,1.356891464141148e-13,2,0.5999984708914262,3.058217147522413e-06,37.322128731040515,6.283169294392044,1.0784770260597292,0.9261290202626671
6.46,0.0005683489797441108,0.001787239492877589,0.706757896327372,-2.434834757262421,0.00019991881566620433,0.0014708789797291376,1.2986050961599914e-12,1.2909335047821066e-13,2,0.599998530848631,2.938302738009213e-06,37.44779212324892,6.283169922262425,1.0966340452106336,0.8898149819608583
6.48,0.0005674076441155942,0.0017864357011934072,0.6839597234282981,-2.4576329301614948,0.0001932202267107556,0.0014786368113741315,1.3011525758860114e-12,1.2680246957439202e-13,2,0.5999985884548801,2.823090239800763e-06,37.573455527766896,6.283170525513655,1.114079117457309,0.8549248374675074
6.5,0.0005664577775540346,0.0017856752653106194,0.6608477191974769,-2.480744934392316,0.00018652249246123314,0.0014881995396261592,1.3037011046492373e-12,1.2927271309057373e-13,2,0.5999986438023559,2.71239528815137e-06,37.69911894411178,6.283171105111066,1.130840158637164,0.8214027551077976
6.5200000000000005,0.0005654653294357558,0.0017849326268753174,0.6376658182076599,-2.503926835382133,0.00018005596815449346,0.0014994643294923545,1.3063480352995702e-12,1.36631344945359e-13,2,0.5999986969796262,2.60604074764359e-06,37.824782371819836,6.283171661982138,1.1469439899919658,0.7891950923981939
6.54,0.0005643950085940186,0.001784184622413998,0.6146530018878007,-2.5269396517019924,0.0001740343694229234,0.0015122810469492998,1.3091898188085017e-12,1.4866154975028e-13,2,0.5999987480717858,2.5038564284152187e-06,37.95044581044551,6.283172197017983,1.1624163810875494,0.7582503102070266
6.5600000000000005,0.000563213465135115,0.001783412202219145,0.5920431820304765,-2.5495494715593168,0.0001686428487669622,0.001526457285296429,1.312315237470042e-12,1.6482261567346561e-13,2,0.5999987971605932,2.405678813488521e-06,38.0761092595607,6.283172711074772,1.1772820910506208,0.7285188902808839
6.58,0.0005618924246988005,0.0017826013391673908,0.5700652891408106,-2.5715273644489827,0.00016402798323964754,0.0015417661964133062,1.3157993766166665e-12,1.843018900817934e-13,2,0.5999988443246009,2.3113507980898618e-06,38.20177271875413,6.283173204975106,1.191564908188641,0.6999532560048434
6.6000000000000005,0.0005604113301616005,0.001781743090680744,0.5489433755303652,-2.5926492780594277,0.00016029029920016334,0.0015579562526542548,1.3196988880659374e-12,1.7980871615001236e-13,2,0.5999988896392815,2.220721436962947e-06,38.32743618763061,6.28317367950933,1.2052876880561947,-0.21480187399092765
6.62,0.0005588655626417186,0.0017808865455095592,0.5291772478208625,-2.612415405768931,0.0001577451025793384,0.0015734137325619504,1.3234911837021417e-12,1.9971780938056207e-13,2,0.599998933177148,2.1336457038945156e-06,38.45309966581046,6.283174135436803,1.2010764370810365,-0.2063793720406113
6.640000000000001,0.0005571586006314686,0.0017799794450352963,0.5108029363680867,-2.630789717221706,0.00015586888138010234,0.0015892074220373055,1.3276905147973577e-12,2.2021179857227244e-13,2,0.5999989750078704,2.0499842592336392e-06,38.57876315292891,6.283174573487103,1.1970303116184846,-0.1982871211155075
6.66,0.0005552968909494048,0.0017790219563365043,0.49403931900271575,-2.6475533345870774,0.0001546219196454025,0.0016050852961753462,1.3322966814108686e-12,2.4011665168573626e-13,2,0.5999990151983866,1.9696032267368935e-06,38.70442664863545,6.283174994361206,1.1931428370045796,-0.19051217188769742
6.68,0.0005532963856309274,0.001778015826179264,0.4790972896657217,-2.662495363924071,0.00015392451715853003,0.0016208046029160066,1.33728676927322e-12,2.583474719847027e-13,2,0.5999990538130102,1.8923739795173589e-06,38.83009015259334,6.283175398732598,1.1894077924505668,-0.18304208277967193
6.7,0.0005511813006535315,0.0017769634960319851,0.4661772842260948,-2.675415369363698,0.00015366191267357504,0.0016361358007068426,1.3426173894209144e-12,2.7395003564865017e-13,2,0.5999990909135328,1.8181729344313169e-06,38.955753664479055,6.283175787248362,1.185819201088308,-0.1758649000551542
6.72,0.0005489825502900201,0.0017758676518791244,0.45546671978003006,-2.6861259338097625,0.000153691020208121,0.001650864235991785,1.3482275907601688e-12,2.861275299879893e-13,2,0.599999126559323,1.7468813540144623e-06,39.08141718398173,6.283176160530204,1.1823713204060164,-0.16896913869057117
6.74,0.0005467360349799784,0.0017747312420026676,0.4471372299027992,-2.6944554236869944,0.0001538485663557326,0.001664789695962544,1.3540421937991752e-12,2.942573200010797e-13,2,0.5999991608074218,1.6783851564117214e-06,39.20708071080269,6.2831765191754565,1.1790586330590134,-0.16234376399656503
6.76,0.000544480881639677,0.0017735579177803828,0.4413414408148733,-2.700251212774919,0.0001539602415584144,0.0016777242901441975,1.3599754031073654e-12,2.9790350539777635e-13,2,0.5999991937126334,1.612574733078631e-06,39.332744244655,6.283176863758027,1.1758758380407992,-0.1559781739601367
6.78,0.0005422576504517129,0.001772352792601419,0.43820892883164103,-2.7033837247581527,0.00015385053739391883,0.0016894893820940781,1.3659346704720441e-12,2.968306156524758e-13,2,0.5999992253276133,1.5493447733661014e-06,39.45840778526294,6.283177194829322,1.1728178422003124,-0.14986218227916304
6.8,0.0005401064531901745,0.0017711233661830215,0.43784096881513934,-2.7037516847746534,0.0001533529932979338,0.001699912478203387,1.3718248737306056e-12,7.80715496982459e-14,1,0.5999992557029521,1.4885940957665156e-06,39.58407133236163,6.283177512919125,1.1698797520918012,-6.339759504183602
6.82,0.0005391243789786737,0.0017706818862525914,0.44456285657753136,-2.697029797012261,0.00014734499696342153,0.0016984790007080225,1.3734317803292157e-12,8.263348097898668e-14,1,0.5999992848872567,1.430225486487302e-06,39.70973488569656,6.2831778185364495,1.045586989192587,-6.091173978385174
6.84,0.0005381624069888562,0.0017702641495318122,0.4541159667087216,-2.6874766868810713,0.00014073162645477624,0.0016952436933469538,1.3751311960139149e-12,8.740391291082605e-14,1,0.5999993129272284,1.374145543131533e-06,39.8353984450232,6.283178112170347,0.9261678152359583,-5.8523356304719165
6.86,0.000537227846533375,0.001769880088292628,0.46630474704592245,-2.67528790654387,0.00013374468022483483,0.0016900306301350417,1.3769309837714923e-12,9.279128466857511e-14,1,0.5999993398677371,1.3202645257059942e-06,39.96106201010662,6.283178394290695,0.8114311340661353,-5.622862268132271
6.88,0.0005363201227494815,0.0017695365533782407,0.4808713011850987,-2.6607213524046944,0.00012667000450391206,0.0016827205520323057,1.3788485589230415e-12,9.932345854622799e-14,1,0.5999993657518934,1.26849621318037e-06,40.08672558072109,6.283178665348946,0.7011933425147823,-5.4023866850295645
6.9,0.0005354303903711456,0.0017692351399309942,0.49750716825743946,-2.6440854853323534,0.00011983818222328159,0.0016732633365329356,1.3809124976240562e-12,1.0756809220433788e-13,1,0.5999993906211174,1.2187577651534554e-06,40.21238915664973,6.28317892577885,0.5952780365967669,-5.190556073193534
6.92,0.0005345422494146652,0.0017689702686737939,0.5158677371612889,-2.6257249164285046,0.00011360976694312129,0.0016616879656397104,1.3831625136161613e-12,1.1805171392647942e-13,1,0.5999994145152051,1.1709695897366146e-06,40.338052737684166,6.2831791759971525,0.49351572922615006,-4.9870314584523
6.94,0.0005336335350163709,0.0017687279352657825,0.5355876117474676,-2.6060050418423257,0.00010835584531735396,0.0016481082982799922,1.385647881118216e-12,1.311876188232754e-13,1,0.5999994374723923,1.1250552154340454e-06,40.463716323624205,6.283179416404255,0.3957435790006887,-4.791487158001377
6.96,0.0005326789259312632,0.0017684854829130708,0.5562952316630928,-2.5852974219267004,0.0001044354841465558,0.0016327233156454527,1.388424567768893e-12,1.472205676914785e-13,1,0.5999994595294152,1.080941169462335e-06,40.589379914277494,6.28317964738486,0.30180512962085126,-4.6036102592417025
6.98,0.000531652939235445,0.0017682125879781622,0.5776253931624827,-2.56396726042731,0.00010217219546410073,0.0016158110835058823,1.3915514679400358e-12,1.661927877682481e-13,1,0.5999994807215699,1.0385568600668194e-06,40.71504350945922,6.283179869308586,0.2115500595263584,-4.423100119052717
7.0,0.0005305328068472273,0.0017678734208249408,0.5992288782343607,-2.5423637753554322,0.00010183183231625355,0.0015977163903032757,1.395086180564221e-12,1.4705126190460574e-13,2,0.5999995010827684,9.978344630567904e-07,40.84070710899183,6.283180082530557,0.12483394134961667,2.14724763023821
7.0200000000000005,0.0005296697385664847,0.0017670866532243984,0.6208120528333373,-2.5207806007564564,0.00010303107189833555,0.0015896889667384015,1.3978895216681835e-12,1.348799823360547e-13,2,0.5999995206455929,9.587088141138622e-07,40.96637071270471,6.283180287391976,0.1669313332798592,2.063052846377725
7.04,0.0005288080197647189,0.001766333458817851,0.6420432368649627,-2.4995494167248307,0.00010491504521242508,0.0015803810784820438,1.4005135655007886e-12,1.2911632659551163e-13,2,0.5999995394413481,9.211173037648734e-07,41.09203432043396,6.283180484220663,0.20737806286229254,1.9821593872128584
7.0600000000000005,0.0005279018891856494,0.0017655834990474308,0.6625332049163951,-2.4790594486733983,0.00010747320777591422,0.0015700287866362449,1.4030850816045606e-12,1.2950600203283332e-13,2,0.5999995575001111,8.849997776838592e-07,41.21769793202209,6.283180673331588,0.2462388534933443,1.904437805950755
7.08,0.0005269156003266166,0.0017648032889622722,0.6818955342586853,-2.459697119331108,0.00011066846669786126,0.0015588840669972254,1.4057212072588862e-12,1.3535279636116082e-13,2,0.5999995748507799,8.502984401026481e-07,41.34336154731779,6.283180855027367,0.28357589072876843,1.8297637314799067
7.1000000000000005,0.0005258255059607427,0.0017639602736854501,0.6997606486573019,-2.4418320049324915,0.00011443358853984771,0.0015472035699950926,1.4085212451817885e-12,1.455940300596939e-13,2,0.5999995915211193,8.169577614403067e-07,41.46902516617569,6.283181029598753,0.319448921793801,1.7580176693498415
7.12,0.0005246204004821269,0.0017630267633115468,0.7157890842950285,-2.4258035692947644,0.0001186704401593704,0.001535237705792055,1.41156040373864e-12,1.5891490561302593e-13,2,0.5999996075378052,7.849243894852975e-07,41.59468878845611,6.283181197325097,0.35391535119146755,1.6890848105545084
7.140000000000001,0.000523300341740244,0.0017619830729091858,0.729682722288122,-2.411909931301671,0.00012325193096578645,0.0015232212419230649,1.4148860660798838e-12,1.7388159783488335e-13,2,0.599999622926468,7.541470639083059e-07,41.72035241402485,6.2831813584747955,0.3870303325620347,1.6228548478133742
7.16,0.0005218744421076716,0.001760819454484544,0.7411930757278472,-2.400399577861946,0.0001280262291554438,0.0015113664121388596,1.4185167455967985e-12,1.8907175196032906e-13,2,0.5999996377117327,7.245765345498256e-07,41.84601604275298,6.283181513305725,0.41884685694060153,1.5592217990562405
7.18,0.0005203582217426506,0.001759536705350688,0.7501262211925396,-2.3914664323972534,0.00013282264335979978,0.0014998591673755484,1.4224434873914967e-12,2.0318508680629686e-13,2,0.5999996519172589,6.96165482150235e-07,41.97167967451661,6.283181662065647,0.449415837554061,1.4980838378293215
7.2,0.0005187710577274752,0.0017581455953007742,0.7563444943054048,-2.385248159284388,0.00013745852513353596,0.0014888587348436749,1.4266331980210415e-12,1.9056552873049387e-13,2,0.5999996655657784,6.688684430766756e-07,42.09734330919672,6.2831818049926085,0.47878619129312483,2.06780559463537
7.22,0.0005172390714342582,0.0017567473952810621,0.7599169780405202,-2.381675675549273,0.00014120414493663867,0.0014792500228781877,1.430543106469459e-12,1.9971177560167974e-13,2,0.5999996786791318,6.426417362703774e-07,42.22300694667895,6.2831819423153235,0.5193260998379332,1.9867257775457534
7.24,0.0005156722137393667,0.0017552867989891812,0.7606051602777932,-2.3809874933120003,0.00014433761691282548,0.001470313067170779,1.4346058951580574e-12,2.0572145552166812e-13,2,0.5999996912783033,6.17443393302608e-07,42.34867058685344,6.283182074253538,0.5582764158319861,1.9088251455576477
7.26,0.0005140917011042215,0.001753791410581311,0.7584251343919022,-2.383167519197891,0.00014670214815695206,0.0014621683550871509,1.4387542747834565e-12,2.082109225278655e-13,2,0.5999997033834542,5.93233091539247e-07,42.474334229614605,6.283182201018381,0.5956994680907179,1.833979041040184
7.28,0.0005125178424835895,0.0017522910906193653,0.7534417392310396,-2.3881509143587536,0.00014816000985983587,0.0014549320483157214,1.4429161447609495e-12,2.0707967464067293e-13,2,0.5999997150139553,5.699720893037608e-07,42.59999787486104,6.283182322812704,0.6316551414817531,1.7620676942581137
7.3,0.000510969634412996,0.0017508157011551703,0.7457633555343262,-2.3958292980554674,0.00014859955493807994,0.0014487211298074543,1.4470201150763391e-12,2.0249447962913986e-13,2,0.599999726188418,5.476231639267581e-07,42.72566152249528,6.2831824398314025,0.6662009727534698,1.6929760317146803
7.32,0.0005094644047212502,0.00174939298511852,0.735536610645511,-2.4060560429442823,0.00014794197804790998,0.0014436569014115834,1.4510006478368506e-12,1.9486782366423777e-13,2,0.5999997369247237,5.261505524600807e-07,42.85132517242371,6.283182552261733,0.6993922426060732,1.6265934920094733
7.34,0.000508017316065336,0.0017480466482551282,0.7229411271085008,-2.418651526481293,0.00014614748533140517,0.0014398661000435198,1.4548027214903647e-12,1.8483161088910342e-13,2,0.5999997472400529,5.055198941672501e-07,42.97698882455636,6.2831826602836065,0.7312820641525095,1.5628138489166008
7.36,0.0005066406094012566,0.0017467947246007421,0.7081843229768833,-2.4334083306129095,0.00014322037640937275,0.0014374791847797319,1.4583859124795603e-12,1.7320461625738442e-13,2,0.5999997571509121,4.856981756784506e-07,43.10265247880681,6.283182764069882,0.7619214679107777,1.5015350414000643
7.38,0.0005053425616755729,0.0017456483355101982,0.6914962406387319,-2.450096412951061,0.00013921241615215147,0.0014366256997932509,1.4617277435399874e-12,1.6095097453913978e-13,2,0.5999997666731611,4.6665367769982424e-07,43.22831613509202,6.28318286378664,0.7913594834636458,1.4426590102943282
7.4,0.0005041262397586511,0.001744610974737379,0.6731244228922286,-2.4684682306975647,0.00013422384236309897,0.0014374270145354699,1.4648260918355233e-12,4.0005314091980744e-13,1,0.5999997758220373,4.4835592527547874e-07,43.35397979333221,6.283182959593447,0.8196432179164432,-5.229974051443559
7.42,0.0005023351249594009,0.0017432552243485293,0.6526105870587682,-2.488982066531025,0.00013638888799103176,0.0014332604494340295,1.4722982828120806e-12,3.478420514852835e-13,1,0.599999784612181,4.307756380494965e-07,43.47964345345071,6.283183051643617,0.717108110028494,-5.0249038356676605
7.44,0.0005007111801660644,0.0017421522237966358,0.6314874326970655,-2.5101052208927275,0.0001376123713865984,0.001430936011821638,1.4787555922960345e-12,2.988011008161686e-13,1,0.5999997930576582,4.138846836365673e-07,43.60530711537389,6.283183140084447,0.6185934612274084,-4.8278745380654895
7.46,0.0004992486144665652,0.0017412766265795703,0.609869289321548,-2.5317233642682453,0.00013780986055078256,0.0014303333006008506,1.4842710743608442e-12,2.5391057452351893e-13,1,0.5999998011719835,3.976560329910228e-07,43.730970779030976,6.283183225057463,0.5239416270575252,-4.638570869725723
7.48,0.0004979351182705456,0.0017405917070460817,0.5879151728057446,-2.5536774807840485,0.0001369495955964854,0.0014313272196092549,1.4889377595204123e-12,2.141630795997931e-13,1,0.5999998089681415,3.820637168860941e-07,43.85663444435398,6.283183306698639,0.43300114439070425,-4.456689904392081
7.5,0.0004967504705797874,0.0017400528032108643,0.5658285354188792,-2.5757641181709143,0.00013504741655479333,0.0014337864218035507,1.4928678715790078e-12,1.8045753371816696e-13,1,0.5999998164586079,3.6708278416952567e-07,43.98229811127758,6.283183385138619,0.3456264890530081,-4.281940593716689
7.5200000000000005,0.0004956661782331294,0.001739611632859597,0.5438553268057627,-2.5977373267840305,0.00013216034155605165,0.0014375708039883856,1.4961898396957863e-12,1.5348857941443715e-13,1,0.5999998236553689,3.5268926223963604e-07,44.10796177973902,6.283183460502923,0.2616778429549753,-4.114043301520623
7.54,0.000494646467782732,0.0017392209307753779,0.5222797242930316,-2.619312929296761,0.00012837898922578772,0.001442528795328335,1.4990431732250964e-12,1.3364756821087325e-13,1,0.5999998305699408,3.388601184095563e-07,44.233625449678,6.283183532912151,0.18102087035284953,-3.9527293563163717
7.5600000000000005,0.0004936506573942071,0.0017388387327796524,0.5014170160664986,-2.6401756375232948,0.00012381908308876813,0.001448495125493127,1.5015715934472866e-12,1.2095100587674982e-13,1,0.5999998372133885,3.255732230478259e-07,44.35928912103658,6.283183602482173,0.1035265028827288,-3.79774062137613
7.58,0.0004926366156639238,0.0017384316616810168,0.4816034592653696,-2.6599891943244236,0.00011861239213619085,0.0014552896263882347,1.503915111956163e-12,1.1500942514701348e-13,1,0.5999998435963428,3.128073142733001e-07,44.484952793759106,6.283183669324314,0.029070733023647488,-3.6488290816579676
7.6000000000000005,0.0004915647514369129,0.0017379767587221036,0.4631834429263679,-2.6784092106634247,0.00011289762518156894,0.001462717422711789,1.5062019542146291e-12,3.5834582033766054e-13,0,0.599999849729018,3.005419639823259e-07,44.610616467792084,6.283183733545537,-0.04246558434091385,4.084931168681828
7.62,0.000489530099008716,0.0017366673115894054,0.44698358776189034,-2.694609065827903,9.898211954613705e-05,0.001479335160603503,1.5136200499936057e-12,3.8286940143450175e-13,0,0.5999998556212275,2.8875754498614015e-07,44.73628014308414,6.283183795248611,0.03762063673317129,3.9247587265336574
7.640000000000001,0.0004872473737911463,0.0017353695256145576,0.4323358896360416,-2.7092567639537517,8.698957030148962e-05,0.0014970045220955178,1.5215033396872358e-12,4.047197024804791e-13,0,0.5999998612824001,2.7743519970258035e-07,44.861943819585896,6.283183854532273,0.11456663216277052,3.770866735674459
7.66,0.0004847438247152012,0.0017340902490512293,0.4193730493042264,-2.7222196042855664,7.696302594902097e-05,0.001515333320280606,1.529792730686758e-12,4.233532224083369e-13,0,0.599999866721595,2.6655680995801845e-07,44.98760749724993,6.283183911491388,0.1884955319565924,3.623008936086815
7.68,0.00048205477583457913,0.0017328302479507089,0.4082124123977391,-2.7333802411920542,6.885638266825337e-05,0.0015339363675899284,1.5384190184703587e-12,4.3830090983700166e-13,0,0.599999871947516,2.5610496789951753e-07,45.113271176030665,6.283183966217106,0.25952563812664686,3.4809487237467063
7.7,0.0004792216826662656,0.001731584860682628,0.3989588588423698,-2.742633794747423,6.25454245364023e-05,0.001552450083052095,1.5473043091195899e-12,4.4916061700095596e-13,0,0.5999998769685257,2.4606294846130083e-07,45.23893485588431,6.283184018796997,0.3277706139967034,3.3444587720065933
7.72,0.0004762903835047267,0.0017303453073470297,0.39170725970673403,-2.7498853938830585,5.784218813184908e-05,0.0015705422809567874,1.5563632676407364e-12,4.555885236767687e-13,0,0.5999998817926588,2.3641468227530993e-07,45.3645985367688,6.2831840693152,0.393339666087859,3.213320667824282
7.74,0.00047330960296504757,0.0017291004578840296,0.386544329824816,-2.755048323764977,5.451111195500823e-05,0.0015879171162013082,1.565504224017166e-12,4.572947846969201e-13,0,0.599999886427635,2.2714472991403056e-07,45.490262218643714,6.2831841178525565,0.4563377188722697,3.0873245622554606
7.76,0.0004703296543832562,0.0017278388604814936,0.38354960878418404,-2.758043044805609,5.228563932180064e-05,0.001604315766393206,1.5746302715807555e-12,4.540481754861882e-13,0,0.5999998908808711,2.1823825768763072e-07,45.61592590147021,6.283184164486736,0.5168655826746922,2.9662688346506156
7.78,0.00046740120570902603,0.001726550845658863,0.3827952259155575,-2.758797427674235,5.0884271249396055e-05,0.001619513862451231,1.5836405762037175e-12,4.4569315743501963e-13,0,0.5999998951594934,2.0968101321905408e-07,45.74158958521099,6.283184209292363,0.5750201149905099,2.8499597700189803
7.8,0.0004645739305888582,0.0017252305336624592,0.38434406688512623,-2.7572485867046668,5.002542246877219e-05,0.0016333169196835068,1.5924321644178951e-12,2.953473110357578e-13,2,0.5999998992703485,2.014593030175149e-07,45.867253269830194,6.283184252341137,0.63089437547839,0.2755875165837254
7.82,0.0004623379020667773,0.0017241498772197713,0.3892877878155834,-2.75230486577421,4.8024165077022445e-05,0.0016415030384405057,1.5982284355635612e-12,2.8326371339110305e-13,2,0.5999999032200146,1.935599707181268e-07,45.99291695529338,6.283184293701944,0.6362973460223231,0.2647815754958591
7.84,0.0004602453655021795,0.0017230632908622296,0.39685971823431476,-2.7447329353554784,4.574348010584679e-05,0.0016479595178195451,1.603743934406744e-12,2.6744029866729863e-13,2,0.5999999070148121,1.859703757656206e-07,46.11858064156746,6.283184333440971,0.6414884630609852,0.25439934141853504
7.86,0.0004583234250768985,0.0017219842898026807,0.40698071302804156,-2.734611940561752,4.3119747295848187e-05,0.0016525482763006013,1.608911309371376e-12,2.4868484502848486e-13,2,0.5999999106608135,1.7867837298624067e-07,46.24424432862064,6.283184371621808,0.6464760334891354,0.24442420056223457
7.88,0.0004565893905633734,0.00172092997580878,0.4195211019200268,-2.7220715516697664,4.013263555425025e-05,0.0016551510245405236,1.6136818691439435e-12,2.280511848576217e-13,2,0.5999999141638531,1.7167229371395365e-07,46.36990801642236,6.283184408305553,0.6512680384835305,0.2348401905734443
7.9,0.0004550484982449568,0.0017199195599848338,0.4342955922499277,-2.7072970613398653,3.680811181296578e-05,0.0016556761128737212,1.6180302542180644e-12,2.0680645056137276e-13,2,0.5999999175295366,1.6494092669461224e-07,46.49557170494327,6.283184443550908,0.6558721462745105,0.22563197499148435
7.92,0.0004536923083627746,0.0017189719692815289,0.45105998225953037,-2.6905326713302626,3.321795912226294e-05,0.0016540667888361334,1.6219581241664146e-12,1.8636405667936792e-13,2,0.5999999207632497,1.5847350054443154e-07,46.621235394155185,6.283184477414273,0.6602957244168031,0.21678481870689925
7.94,0.00045249826891373163,0.001718102770492771,0.46951077204495434,-2.6720818815448393,2.9475396364938916e-05,0.0016503097853260444,1.6254961385624158e-12,1.681806235156163e-13,2,0.5999999238701671,1.52259665764376e-07,46.74689908403099,6.2831845099498365,0.6645458515791828,0.20828456438213983
7.96,0.0004514308512896927,0.0017173208872381942,0.4892885945475281,-2.6523040590422653,2.5726762608950277e-05,0.0016444428709902774,1.628703555453773e-12,1.5362375587437415e-13,2,0.5999999268552605,1.4628947897499245e-07,46.87256277454467,6.283184541209661,0.6686293288718517,0.20011760979680204
7.98,0.0004504444188172734,0.0017166257712228213,0.5099859979097138,-2.631606655680079,2.2139719698435463e-05,0.0016365599229018967,1.6316650064437996e-12,1.4382714139126184e-13,2,0.5999999297233067,1.405533864851094e-07,46.9982264656712,6.283184571243772,0.6725526907296663,0.19227088608117282
8.0,0.0004494876207886399,0.001716005730086752,0.5311595222744121,-2.6104331313153812,1.888894853230305e-05,0.0016268122841472058,1.6344844197918597e-12,2.3827848828613456e-13,3,0.5999999324788953,1.3504220941484846e-07,47.12389015738657,6.283184600100228,0.6763222153686277,-5.352644430737255
8.02,0.0004480991795715904,0.0017159219417470762,0.5521798870458579,-2.5894127665439353,1.3741518671401133e-05,0.0016056719426609499,1.6395405437086658e-12,2.675111999269611e-13,3,0.5999999351264357,1.297471285965912e-07,47.24955384966767,6.2831846278252055,0.5713821202949267,-5.1427642405898535
8.040000000000001,0.0004465242966649496,0.0017156782809477585,0.5725503637573909,-2.569042289832402,1.0977498411768739e-05,0.0015836171784343687,1.6451865216756904e-12,2.970737059569851e-13,3,0.5999999376701646,1.2465967080821372e-07,47.37521754249233,6.283184654463072,0.4705567852044741,-4.941113570408948
8.06,0.0004447688913498977,0.0017152350018757095,0.5920192987766337,-2.549573354813159,1.0722725942332787e-05,0.001561122779006061,1.6514213304155717e-12,3.2620551485405113e-13,3,0.5999999401141524,1.1977169522836562e-07,47.50088123583923,6.283184680056452,0.3736848680505731,-4.747369736101146
8.08,0.000442847114954717,0.001714562720957078,0.610371581277492,-2.5312210723123005,1.2992555510049067e-05,0.0015386619945707398,1.6582288904821195e-12,3.541704574330493e-13,3,0.59999994246231,1.1507537989174921e-07,47.626544929687896,6.283184704646302,0.28061135309866625,-4.5612227061973325
8.1,0.0004407787700410231,0.0017136447724823633,0.6274233547002767,-2.5141692988895166,1.7695527195978847e-05,0.001516680156691548,1.6655788823652554e-12,3.8028678517954265e-13,3,0.5999999447183951,1.1056320969871081e-07,47.75220862401866,6.28318472827197,0.1911873028680886,-4.382374605736177
8.120000000000001,0.00043858651599378837,0.0017124781681381934,0.643016839342326,-2.4985758142474666,2.464413110326284e-05,0.0014955716728675902,1.6734280498799037e-12,4.0394583661515144e-13,3,0.5999999468860179,1.0622796420278746e-07,47.8778723188126,6.283184750971262,0.10526961980032246,-4.210539239600645
8.14,0.00043629334699849247,0.0017110733017946975,0.6570156976029035,-2.48457695598689,3.357094289601991e-05,0.0014756622933688155,1.6817217650870644e-12,4.246197173959099e-13,3,0.599999948968647,1.020627060643875e-07,48.00353601405157,6.283184772780503,0.022720817272376514,-4.045441634544753
8.16,0.0004339206908441366,0.001709452682901937,0.6693010632429058,-2.472291590346887,4.414796110104675e-05,0.0014571978594432637,1.690395644959527e-12,4.418592363334227e-13,3,0.5999999509696149,9.806077017060488e-08,48.129199709718115,6.28318479373459,-0.056591200411144627,-3.8868175991777107
8.18,0.0004314873150237925,0.001707649037838005,0.6797681966071247,-2.4618244569826686,5.6006884785017705e-05,0.0014403399362352678,1.6993770457751204e-12,4.552845138974371e-13,3,0.5999999528921238,9.421575231094437e-08,48.254863405795476,6.283184813867056,-0.13279334939933407,-3.734413301201332
8.2,0.000429009072130886,0.0017057030980378997,0.6883236953553248,-2.4532689582344682,6.875831678510594e-05,0.0014251679610711556,1.7085863228688063e-12,1.4938948826845176e-13,2,0.59999995473925,9.052149985144808e-08,48.380527102267536,6.283184833210117,-0.20600756938789822,3.165309920197096
8.22,0.00042760849339108586,0.0017045013256198368,0.6941937978500551,-2.4473988557397384,7.386101830285325e-05,0.0014178606679341125,1.711665250103996e-12,1.5807451634501979e-13,2,0.5999999565139494,8.697210107655451e-08,48.506190799118826,6.283184851794726,-0.14395078077407653,3.0411963429694526
8.24,0.00042615725804501144,0.0017032496626729658,0.6972440988743294,-2.4443485547154635,7.813049748738986e-05,0.0014108866417239187,1.714898872338583e-12,1.6468994553161723e-13,2,0.5999999582190618,8.356187630731426e-08,48.63185449633447,6.283184869650621,-0.08432727364620862,2.921949328713717
8.26,0.0004246755141489691,0.0017019712664895763,0.6974219716925828,-2.4441706818972104,8.139502732869584e-05,0.001404357248259512,1.7182397134392303e-12,1.686960538598182e-13,2,0.5999999598573158,8.028536835347211e-08,48.75751819390018,6.283184886806377,-0.02704163767252976,2.807378056766359
8.28,0.00042318431992544427,0.0017006913578565962,0.6947279479254544,-2.446864705664339,8.350193791735537e-05,0.001398387523713966,1.7216322780399153e-12,1.698324292518751e-13,2,0.5999999614313329,7.713733407577195e-08,48.88318189180224,6.283184903289446,0.027997796386105334,2.697299188649089
8.3,0.0004217046846654813,0.0016994351426460233,0.6892147862778079,-2.452377867311985,8.432420249105196e-05,0.0013931010593794752,1.7250186728858587e-12,1.6811800902360372e-13,2,0.599999962943632,7.411273594826184e-08,49.00884559002745,6.283184919126206,0.08087910336656257,2.5915365746881744
8.32,0.0004202566587399785,0.0016982257441192476,0.6809851734835013,-2.460607480106292,8.376748890328174e-05,0.0013886334136970892,1.7283440957756084e-12,1.6383828654994402e-13,2,0.599999964396633,7.120673406468825e-08,49.134509288563144,6.283184934341996,0.13168690464195798,2.4899209721373836
8.34,0.0004188583216461241,0.0016970822950042935,0.6701882855395828,-2.4714043680502105,8.177729472135978e-05,0.0013851331868627176,1.731561950963987e-12,1.5752084481830492e-13,2,0.5999999657926609,6.841467814489022e-08,49.26017298739715,6.283184948961168,0.18050250353390784,2.392289774353484
8.36,0.0004175245694988521,0.0016960183455311283,0.6570153435102265,-2.484577310079567,7.834554818810462e-05,0.0013827601300812132,1.7346383580067275e-12,1.498989811734674e-13,2,0.5999999671339499,6.573210020732745e-08,49.38583668651777,6.283184963007113,0.22740401541518906,2.2984867505909214
8.38,0.0004162656965649507,0.0016950407526103086,0.6416942651230554,-2.499898388466738,7.351585971971736e-05,0.0013816800094724646,1.7375558075241814e-12,1.4186257449047622e-13,2,0.5999999684226461,6.315470768569753e-08,49.51150038591376,6.283184976502309,0.2724664927110012,2.208361795999297
8.4,0.00041508587975972594,0.0016941492067229587,0.6244835511532718,-2.517109102436521,6.73865153021781e-05,0.0013820563775120847,1.7403157029340696e-12,3.6511404018966067e-13,1,0.5999999696608119,6.067837610146398e-08,49.637164085574334,6.28318498946835,0.3157620449988592,-4.4167751925642165
8.42,0.0004131891017815151,0.0016930658485544187,0.6057293929545908,-2.5358632606352023,6.951717286714205e-05,0.0013787098958813104,1.7471640752478734e-12,3.2006924336743885e-13,1,0.5999999708504286,5.829914284660731e-08,49.76282778548911,6.283185001925986,0.22916992877958497,-4.243590960125668
8.44,0.0004114683616309122,0.0016922138557070587,0.5859534621305844,-2.5556391914592087,7.032331459774066e-05,0.0013769205799302622,1.7531283234061822e-12,2.7700253111185087e-13,1,0.5999999719933996,5.601320074433147e-08,49.88849148564812,6.283185013895151,0.14597313800225553,-4.077197378571009
8.46,0.0004099233351152678,0.0016915616656347815,0.5653324374438531,-2.57626021614594,6.976359261959785e-05,0.0013765992668627772,1.7582602987898543e-12,2.3716133324949495e-13,1,0.5999999730915541,5.381689183181493e-08,50.01415518604178,6.283185025394999,0.06603854005203202,-3.917328182670562
8.48,0.0004085443721035309,0.0016910669856715582,0.5440904617975189,-2.597502191792274,6.785002244240535e-05,0.0013776586104471689,1.762637247491463e-12,2.0180698546801646e-13,1,0.5999999741466493,5.1706701365006325e-08,50.13981888666091,6.28318503644393,-0.010761777481429702,-3.7637275476036387
8.5,0.00040731081897134335,0.0016906809508916742,0.5224995038420595,-2.6190931497477337,6.464357615639389e-05,0.001380008104330482,1.7663608113901415e-12,1.7208324453606686e-13,1,0.5999999751603736,4.9679252711598565e-08,50.265482587496656,6.283185047059627,-0.08455071149112459,-3.616149679584249
8.52,0.0004061909328170343,0.0016903531421645756,0.5008766479633535,-2.640716005626439,6.0248142507735155e-05,0.0013835484948136801,1.7695532955133188e-12,1.488793949637992e-13,1,0.5999999761343493,4.7731301355824485e-08,50.391146288540526,6.283185057259076,-0.1554463400139472,-3.4743584225386037
8.540000000000001,0.00040514364522433507,0.0016900367320589378,0.4795775408773162,-2.662015112712477,5.4802791664613484e-05,0.0013881665000599786,1.7723513021120405e-12,1.3270946056419932e-13,1,0.5999999770701349,4.5859730235520146e-08,50.516809989784356,6.2831850670586,-0.22356211118074132,-3.3381268802050155
8.56,0.0004041220370847442,0.001689692921192234,0.45898568050688704,-2.6826069730829065,4.847248970416018e-05,0.001393730672523293,1.774897277878938e-12,1.2362947182133537e-13,1,0.5999999779692278,4.406154441305432e-08,50.64247369122031,6.283185076473878,-0.2890070247575136,-3.207237053051471
8.58,0.0004030779845481991,0.001689293932713699,0.4394979215352591,-2.702094732054534,4.143770312250246e-05,0.0014000890581393908,1.7773299269842025e-12,1.2121010709811108e-13,1,0.5999999788330667,4.233386663443639e-08,50.76813739284085,6.283185085519978,-0.3518858065683128,-3.0814794894298725
8.6,0.00040196715278050183,0.0016888241393069705,0.42150734360999353,-2.7200853099797992,3.3883651342696535e-05,0.0014070690230415452,1.7797747029638221e-12,1.2152609756229188e-13,1,0.599999979663034,4.067393200024583e-08,50.89380109463874,6.283185094211376,-0.4122990760788918,-3.1754018478422164
8.620000000000001,0.0004007785112699554,0.0016883057631351325,0.4053365328532788,-2.736256120736514,2.625759247423885e-05,0.0014142679711553533,1.7822630539704054e-12,1.2833554544910455e-13,1,0.5999999804604578,3.907908441291852e-08,51.01946479660703,6.283185102561979,-0.4745537197642131,-3.0508925604715738
8.64,0.00039946633576424986,0.0016877154965916957,0.391368035807164,-2.7502246177826297,1.8414588709481463e-05,0.0014216739586581492,1.784924905119665e-12,1.3849545822018975e-13,1,0.5999999812266141,3.754677169176546e-08,51.14512849873904,6.28318511058515,-0.5343673239552607,-2.9312653520894787
8.66,0.00039801777677398944,0.001687063959709441,0.37988809829557924,-2.761704555294214,1.0503154883219237e-05,0.0014290723122972115,1.7878119104147903e-12,1.5046658889571036e-13,1,0.5999999819627291,3.6074541798214455e-08,51.27079220102834,6.283185118293728,-0.5918356031796563,-2.8163287936406873
8.68,0.00039643294765082923,0.0016863652214308903,0.3711208940578315,-2.7704717595319615,2.651777664166731e-06,0.0014362450444296274,1.7909451432464166e-12,1.6276368787037526e-13,1,0.5999999826699806,3.4660038839007257e-08,51.39645590346878,6.283185125700049,-0.6470505189447127,-2.7058989621105747
8.700000000000001,0.0003947236272029584,0.0016856340802161155,0.36522310643804684,-2.776369547151747,-5.030482114121951e-06,0.0014429764652071964,1.7943174411148727e-12,1.74073545853343e-13,1,0.5999999833495003,3.330099929144126e-08,51.52211960605441,6.283185132815964,-0.7001004268954638,-2.5997991462090724
