time_s,x_m,y_m,orientation_rad,axis_heading_rad,head_x_m,head_y_m,dissipation_J,power_W,action,amplitude_rad,amplitude_rate_rad_s,phase_rad,phase_rate_rad_s,bias_rad,bias_rate_rad_s
0.0,0.0,0.0,0.0,-3.141592653589793,-0.0005000000000000001,0.0,0.0,3.647562611124175e-14,2,0.0,1.2,0.0,0.0,0.0,-0.0
0.02,-2.5191517920740758e-12,1.3211640527694464e-10,-1.3448947004490306e-05,3.141579204642788,-0.0004999309237737241,-3.7372353056096736e-06,7.009548894185456e-16,3.36798662323334e-14,2,0.023526336508606138,1.1529473269827877,0.002480096241394649,0.24636721980439416,0.0,-0.0
0.04,-6.942062250917029e-11,1.2296149525439046e-09,-0.00012923873186580686,3.1414634148579275,-0.0004997358786583901,-7.2739456914835785e-06,1.348323715257465e-15,3.110983017474848e-14,2,0.04613019216801861,1.1077396156639627,0.009790290914295882,0.48307424274577493,0.0,-0.0
0.06,-3.736461124633052e-10,4.0427548769420904e-09,-0.00043694182188200477,3.1411557117679116,-0.0004994337714784453,-1.0567963737157209e-05,1.9463314766557776e-15,2.873653652132518e-14,2,0.06784773796970556,1.0643045240605888,0.021741193150254835,0.7104998505610404,0.0,-0.0
0.08,-1.1944592592619643e-09,9.127716657909478e-09,-0.0010138917896553798,3.1405787618001373,-0.0004990438777096107,-1.3581515480362843e-05,2.4986279928439517e-15,2.653199075339533e-14,2,0.08871372662027333,1.0225725467594533,0.038150838202993975,0.9290079727427458,0.0,-0.0
0.1,-2.916104040653117e-09,1.6871794945654715e-08,-0.001926123508536925,3.1396665300812563,-0.000498585300955914,-1.6280064882922023e-05,3.0083280381659908e-15,2.447111654757516e-14,2,0.10876154815321104,0.9824769036935779,0.058844396265991784,1.1389482689039339,0.0,-0.0
0.12,-6.038095938306423e-09,2.7512400921539504e-08,-0.0032290968078338067,3.138363556781959,-0.0004980764826508141,-1.863147516017317e-05,3.478086504940503e-15,2.2533394192836958e-14,2,0.12802328336006813,0.9439534332798637,0.08365389270749338,1.340656688308114,0.0,-0.0
0.14,-1.1201616807982955e-08,4.115128096534286e-08,-0.004968206109958786,3.136624447479834,-0.0004975347493402499,-2.0605456744407713e-05,3.9102051304670895e-15,2.0704416790564106e-14,2,0.1465297551265649,0.9069404897468701,0.11241793927526313,1.5344560074597582,0.0,-0.0
0.16,-1.9234511621149678e-08,5.776591240604445e-08,-0.007179091793346934,3.134413561796446,-0.0004969758880764401,-2.2173272408301367e-05,4.306770384879762e-15,1.8977460269560563e-14,2,0.16431057775578567,0.8713788444884286,0.14498147584094984,1.720656346615568,0.0,-0.0
0.18,-3.1215004139078515e-08,7.72204601678988e-08,-0.009887778402301178,3.1317048751874914,-0.0004964137455712262,-2.330767149929146e-05,4.6698229454863e-15,1.7355057686043723e-14,2,0.18139420435738157,0.8372115912852368,0.1811955222708,1.8995556660430515,0.0,-0.0
0.2,-4.855169871781426e-08,9.927895461431488e-08,-0.013110671455284053,3.1284819821345096,-0.0004958598529027817,-2.398302668639354e-05,5.0015580617345406e-15,1.6454829864931763e-14,2,0.19780797237861664,0.8043840552427667,0.2209169400256598,2.071440242820516,0.0,-0.05244268582113598
0.22,-7.181101831088284e-08,1.240965581187529e-07,-0.0168547134356982,3.1247379401540947,-0.0004953093477333056,-2.426033240419186e-05,5.315830896181917e-15,1.5012158844461728e-14,2,0.21357814735011543,0.7728437052997691,0.2640082031087746,2.2365851289414698,-0.0010281535617026258,-0.05038637869773073
0.24,-1.0432481652997189e-07,1.509286742286969e-07,-0.021116527126145007,3.1204761264636485,-0.0004947823747770668,-2.4030113632377073e-05,5.602941069554945e-15,1.3749639111439323e-14,2,0.22872996491631575,0.7425400701673684,0.31033717799485355,2.395254591456495,-0.0020159926456133556,-0.04841070052990927
0.26,-1.490297438843285e-07,1.7935986185111703e-07,-0.025882787933907837,3.1157098656558855,-0.0004942824129995097,-2.3274240666916095e-05,5.866967086984405e-15,1.2718014025547891e-14,2,0.24328767121788364,0.7134246575642327,0.3597769121882393,2.5477025353569074,-0.0029650980050166913,-0.0465124898111026
0.28,-2.0954769964564008e-07,2.089926788727492e-07,-0.031129872003213904,3.1104627815865786,-0.0004938096068475676,-2.1978248957523517e-05,6.113127440046491e-15,1.1980201505579398e-14,2,0.25727456169071133,0.6854508766185773,0.4122054310718302,2.6941729098769094,-0.0038769884109742837,-0.044688708999187414
0.3,-2.902313707825427e-07,2.3950261741235725e-07,-0.03682372836235158,3.1047689252274413,-0.0004933607394084704,-2.013208721305605e-05,6.348007821536861e-15,1.1609381802215292e-14,2,0.2707130183435844,0.6585739633128311,0.4675055427216704,2.8349000988644124,-0.004753123082682664,-0.04293643965577065
0.32,-3.961697498622053e-07,2.7069966560246374e-07,-0.04291984902537664,3.0986728045644165,-0.0004929293461422318,-1.773089741536523e-05,6.579738513822803e-15,1.168591342632346e-14,2,0.28362454557417116,0.6327509088516576,0.5255646503748691,2.9701092958451984,-0.005594904022535263,-0.041252877776065455
0.34,-5.331433999772899e-07,3.0259155913770347e-07,-0.04936337258463118,3.092229281005162,-0.0004925059910287629,-1.4775788686101594e-05,6.8180982293249595e-15,1.2293076236950266e-14,2,0.29602980458064654,0.6079403908387069,0.5862745722507581,3.100016864380604,-0.006403678259625359,-0.039635329301885264
0.36,-7.075219516544545e-07,3.354417269555996e-07,-0.05608935127476302,3.08550330231503,-0.0004920787208244496,-1.1274564009823904e-05,7.074521805410422e-15,1.3511758882837491e-14,2,0.3079486464240173,0.5841027071519653,0.6495313684369627,3.224830684295379,-0.00718074000528,-0.03808120581057598
0.38,-9.261003111979519e-07,3.698133638091547e-07,-0.06302320424065543,3.0785694493491373,-0.0004916337040593039,-7.24235733269512e-06,7.361992765939828e-15,1.5414334927594117e-14,2,0.31940014379405474,0.5611997124118905,0.7152351745633669,3.3447504843297535,-0.007927332724074247,-0.03658802037298749
0.4,-1.1958750891798761e-06,4.0659038210880625e-07,-0.07008137104505985,3.0715112825447335,-0.0004911560497735558,-2.702139349088488e-06,7.694807896199867e-15,1.6875153244315102e-14,2,0.3304026215296673,0.5391947569406653,0.7832900419978157,3.459968161748039,-0.008644651123639768,-0.26303618193295897
0.42,-1.498155140129873e-06,4.48093753234906e-07,-0.07717783121924869,3.0644148223705443,-0.000490610360924055,1.9515878556943766e-06,8.059842848258507e-15,1.983255264351312e-14,2,0.34097368594255245,0.518052628114895,0.8536037843078333,3.570668089415187,-0.013801549232051208,-0.2527223857161361
0.44,-1.8638926074519285e-06,4.941464404111476e-07,-0.08420617478748811,3.0573864788023055,-0.0004900249946161668,7.058599960961899e-06,8.492208276384998e-15,2.360752081509162e-14,2,0.35113025299105144,0.4977394940178971,0.926087829742664,3.6770274108327095,-0.018756242473397508,-0.2428129992334435
0.46,-2.2991154469886603e-06,5.462991376086703e-07,-0.09106064435173492,3.050532009238058,-0.0004893896681181047,1.2570913711871528e-05,9.008142343536374e-15,2.817990765435108e-14,2,0.36088857534929175,0.47822284930141645,1.0006570794995744,3.779216323606072,-0.023516659413922433,-0.23329216535239364
0.48,-2.8087911426839808e-06,6.061873897824259e-07,-0.09763095469470469,3.043961698895089,-0.0004886969514230126,1.843262867563207e-05,9.623119161672249e-15,3.349279562673485e-14,2,0.37026426841493304,0.4594714631701339,1.0772297715476138,3.877398351797177,-0.028090417736340592,-0.22414464870755732
0.5,-3.396496673517121e-06,6.753711835266886e-07,-0.1038038885998155,3.037788764989978,-0.00048794340559200314,2.458041029815398e-05,1.0351092209749823e-14,3.945091978518856e-14,2,0.3792723352971349,0.4414553294057302,1.1557273497909208,3.9717306075977454,-0.032484836429755,-0.2153558113207285
0.52,-4.064129750765874e-06,7.551500490693757e-07,-0.1094650010858986,3.0321276525038945,-0.00048713060865845215,3.094416257969473e-05,1.1203728442748055e-14,4.5921361789499816e-14,2,0.38792719082473215,0.42414561835053566,1.2360743383622115,4.062364042742348,-0.03670694750160111,-0.20691158917703628
0.54,-4.811679938280688e-06,8.463701878515904e-07,-0.11450039376625998,3.027092259823533,-0.000486265992129829,3.744785268785435e-05,1.2189679938106794e-14,5.273661156631804e-14,2,0.39624268461303674,0.40751463077392647,1.3181982208452878,4.149443690063379,-0.04076350723035896,-0.1987984697195206
0.56,-5.637073611037321e-06,9.49243480847502e-07,-0.11879852283617728,3.0227941307536152,-0.00048536341417657844,4.4010438334529386e-05,1.3313940098574818e-14,5.969992368351918e-14,2,0.4042321232261765,0.3915357535476469,1.4020293242333017,4.233108895574534,-0.044661006977040105,-0.1910034702261583
0.58,-6.536101341816325e-06,1.0631995876021834e-06,-0.12225200917203573,3.019340644417758,-0.00048444340361689103,5.054684250235641e-05,1.4577328465794153e-14,6.65927535254722e-14,2,0.41190829147043706,0.37618341705912584,1.48750070743708,4.313493541454162,-0.04840568357275021,-0.18351411703473808
0.6,-7.502431249489161e-06,1.1867914636156609e-06,-0.12475942647037745,3.016833227119416,-0.00048353302127970436,5.696892073591607e-05,1.5976142775786507e-14,6.775328235576674e-14,2,0.419283472852679,0.361433054294642,1.5745480541650994,4.390726260285306,-0.05200352929894936,-0.3950306472836105
0.62,-8.489322981668365e-06,1.314009593543132e-06,-0.12622687749252476,3.0153657760972683,-0.00048276232981429835,6.285694239894662e-05,1.7392704716940937e-14,7.37566953874618e-14,2,0.4263694692365698,0.3472610615268603,1.6631095700036989,4.4649306408952905,-0.05974821591495494,-0.3795412740515993
0.64,-9.526222116448123e-06,1.4457118904460233e-06,-0.12656159467648853,3.015031058913305,-0.00048209271917975394,6.846378426400449e-05,1.8922927896731885e-14,7.906492629903264e-14,2,0.4331776197280837,0.3336447605438325,1.7531258835328343,4.536225426124203,-0.06718922902515745,-0.3646592478311943
0.66,-1.0601547261411319e-05,1.5782839818517929e-06,-0.12569020141529103,3.015902452174502,-0.0004815624651698177,7.369568129889971e-05,2.0550791737122978e-14,8.347330632503824e-14,2,0.43971881882048997,0.32056236235902,1.8445399513191398,4.604724702838776,-0.07433847583803399,-0.3503607542054412
0.68,-1.1702473765083045e-05,1.7076433658144783e-06,-0.12355247617860295,3.0180401774111907,-0.00048121099525569896,7.845878196477944e-05,2.2256495143231125e-14,8.681162388498054e-14,2,0.4460035338278666,0.3079929323442667,1.9372969666342648,4.67053808449571,-0.08120739667373919,-0.3366229125340308
0.7000000000000001,-1.2815370098192105e-05,1.82953088419193e-06,-0.12010293493559981,3.021489718654193,-0.00048107673818628986,8.265984073501403e-05,2.4017271583696426e-14,8.895659446171025e-14,2,0.45204182163503626,0.29591635672992744,2.031344271752415,4.733770886546592,-0.0878069832710581,-0.323423739339393
0.72,-1.3926319540220054e-05,1.9398559595120465e-06,-0.11531233891368914,3.0262803146761037,-0.00048119469865808516,8.620697860145963e-05,2.5808447256068533e-14,8.984355448288104e-14,2,0.4578433447907271,0.2843133104185458,2.126631273686758,4.79452429496509,-0.09414779637653331,-0.3107421131284426
0.74,-1.502172793700674e-05,2.035065874856028e-06,-0.10916911060684774,3.0324235429829454,-0.00048159386610097956,8.90106001086946e-05,2.760472064716754e-14,8.947672108142082e-14,2,0.46341738696971246,0.27316522606057503,2.2231093632298493,4.852895528166091,-0.10023998264391254,-0.2985577405936841
0.76,-1.6089013123667397e-05,2.1125007679403536e-06,-0.10168062648618201,3.039912027103611,-0.00048229459664316334,9.098455986658574e-05,2.93816268890794e-14,8.793717718289589e-14,2,0.4687728678286712,0.2624542643426575,2.3207318371685317,4.908977992575909,-0.10609329087095931,-0.2868511241395906
0.78,-1.7117361316349885e-05,2.170689535739453e-06,-0.09287433841025508,3.0487183151795385,-0.00048330613533701977,9.204766055856597e-05,3.111713155954041e-14,8.538755270548808e-14,2,0.47391835727954124,0.2521632854409175,2.4194538235488285,4.962861432102499,-0.11171708759960927,-0.27560353068229065
0.8,-1.809852027234919e-05,2.209539326944917e-06,-0.08279866004256405,3.058793993547229,-0.00048462446805167946,9.212553623517257e-05,3.2793276442664e-14,8.582382015510621e-14,2,0.47886208920320683,0.2422758215935863,2.519232209871245,5.01463207174485,-0.11712037210443554,-0.09695389596138526
0.8200000000000001,-1.9046402092648033e-05,2.2268072442639283e-06,-0.07152875190578467,3.0700639016840086,-0.00048610072087355974,9.139954669522285e-05,3.44677289513523e-14,8.154743715715684e-14,2,0.4836119746254649,0.23277605074907015,2.620025574101571,5.064372755571381,-0.11902118042294216,-0.09315227932437203
0.84,-1.9937939828925634e-05,2.2274086740486353e-06,-0.05915372209271884,3.082438931497075,-0.0004878393895404192,8.95649862773916e-05,3.6054713124703673e-14,7.718187927911988e-14,2,0.48817561437635404,0.22364877124729188,2.72179411838679,5.112163079288127,-0.1208474569812162,-0.08949972620782395
0.86,-2.0776708922167828e-05,2.215138299321409e-06,-0.04578547214300306,3.0958071814467907,-0.000489794998033163,8.658363779837715e-05,3.75567455453576e-14,7.316598326823788e-14,2,0.49256031125310407,0.21487937749379182,2.824499605370022,5.158079517608847,-0.12260212421137734,-0.08599039174750167
0.88,-2.1571178530943688e-05,2.194296012739217e-06,-0.03155685247415663,3.110035801115636,-0.0004919071272955361,8.243431572840867e-05,3.898540448342664e-14,6.995990466908553e-14,2,0.4967730817061697,0.2064538365876606,2.9281052970025954,5.202195546630884,-0.12428798995534282,-0.08261866025957071
0.9,-2.233465541238258e-05,2.169026689027403e-06,-0.016620398249591627,3.124972255340202,-0.0004941023899057524,7.711554260611872e-05,4.0361456238275115e-14,6.801396299990903e-14,2,0.5008206670670481,0.19835866586590378,3.0325758957553317,5.2445817614125945,-0.12590775195797355,-0.07937913625430926
0.92,-2.30848230868069e-05,2.142606531677877e-06,-0.0011464582344145255,3.140446195355379,-0.0004962974639827897,7.064779505786441e-05,4.171431880270244e-14,6.773423478116771e-14,2,0.5047095443358476,0.1905809113283048,3.1378774881349685,5.285305988940504,-0.12746400218404136,-0.07626663580217363
0.9400000000000001,-2.384286065949738e-05,2.1167823196788577e-06,0.014679262463993037,-3.1269133911258002,-0.0004984030741142725,6.307505039518556e-05,4.308082817166621e-14,6.944811873247351e-14,2,0.5084459365458697,0.18310812690826062,3.2439774904153342,5.324433396666955,-0.12895923096592574,-0.07327617823840488
0.96,-2.4632182411217557e-05,2.0912773024685255e-06,0.03065868273084521,-3.110933970858948,-0.0005003287140203409,5.4465396160081005e-05,4.4503343485239315e-14,7.337361011382836e-14,2,0.5120358227217899,0.17592835455642009,3.350844596496435,5.362026596791937,-0.13039583098867683,-0.0704029781929027
0.98,-2.547689810929474e-05,2.063563382684511e-06,0.04658474625337268,-3.09500790733642,-0.0005019878245375685,4.491053188438181e-05,4.602730286922961e-14,7.959595388971605e-14,2,0.515484947447373,0.16903010510525385,3.4584487278080154,5.398145746455959,-0.13177610111882207,-0.06764243793261221
1.0,-2.640014211667052e-05,2.0289634677335908e-06,0.06224510842001058,-3.0793475451697825,-0.0005033030822588861,3.452408928254215e-05,4.769840964551181e-14,8.06225267539108e-14,2,0.5187988300580324,0.16240233988393515,3.56676098517743,5.432848644004315,-0.133102250083043,0.5151849338461285
1.02,-2.7363169254211333e-05,1.9646231298438055e-06,0.07743185760036903,-3.064160795989424,-0.0005040377405316134,2.4345860295945005e-05,4.938975949117738e-14,8.905409868262358e-14,2,0.5219827734729445,0.1560344530541109,3.675753602584799,5.46619082147676,-0.123001904984853,0.4949842436497485
1.04,-2.84330840756007e-05,1.8852194964162942e-06,0.09191249576252873,-3.0496801578272645,-0.0005044436764448722,1.3582891847847355e-05,5.127050816319982e-14,9.94645448605556e-14,2,0.5250418726808506,0.14991625463829883,3.7853999027314575,5.498225633470627,-0.11329760008271814,0.4755756338454788
1.06,-2.9623327978792106e-05,1.7837089178723588e-06,0.10547455546022633,-3.036118098129567,-0.0005044993441374556,2.389877822084787e-06,5.337601485820572e-14,1.1140357427068115e-13,2,0.527981022893126,0.144037954213748,3.8956742543505802,5.529004342519565,-0.10397380641843282,0.45692804651690816
1.08,-3.094149194763706e-05,1.6535517714476133e-06,0.11791444039170766,-3.0236782131980853,-0.0005042040773339132,-9.071594678920682e-06,5.573157499874103e-14,1.2432351162183653e-13,2,0.5308049273771624,0.13839014524567506,4.006552031191691,5.558576201124526,-0.09501560393295216,0.43901164154594685
1.1,-3.238901740096789e-05,1.4897129859020925e-06,0.12904107426129532,-3.0125515793284983,-0.0005035793463456777,-2.0637385049454007e-05,5.8350820839122e-14,1.376150673146397e-13,2,0.5335181049825997,0.13296379003480063,4.118009572613406,5.586988530568278,-0.08640865759111424,0.421797748862271
1.12,-3.396132749016064e-05,1.289506061504153e-06,0.13867907245923963,-3.002913581130553,-0.0005026687141701831,-3.21447748727638e-05,6.123486554930442e-14,1.5064498992652792e-13,2,0.5361248973724483,0.1277502052551034,4.2300241457213605,5.614286796639552,-0.07813919444252565,0.4052588225650938
1.1400000000000001,-3.564830389251622e-05,1.0531750201586365e-06,0.14667138160174614,-2.994921271988047,-0.0005015364988128344,-4.343575061458723e-05,6.43721929818776e-14,1.6279224619143084e-13,2,0.5386294759706775,0.12274104805864505,4.342573908990727,5.640514682388003,-0.0701939815819024,0.38936839684384733
1.16,-3.743499880139088e-05,7.84150315462928e-07,0.152881395642581,-2.9887112579472124,-0.0005002652283257459,-5.435935412313564e-05,6.773923694668347e-14,1.7348034188088517e-13,2,0.541035848637383,0.11792830272523402,4.455637877315116,5.665714158026407,-0.06256030497359838,0.3741010436272393
1.18,-3.930247303023236e-05,4.88958204031225e-07,0.15719461778748783,-2.9843980358023057,-0.0004989520320471177,-6.477298605451022e-05,7.130155793343697e-14,1.8220460349621684e-13,2,0.5433478660822185,0.11330426783556291,4.56919588842593,5.6899255480919635,-0.055225949106435746,0.359432331892914
1.2,-4.122867492235328e-05,1.7680060439393138e-07,0.15951998475918977,-2.982072668830604,-0.0004977041438032151,-7.45426896938303e-05,7.50155135824963e-14,1.7355910210709002e-13,2,0.5455692280263524,0.10886154394729508,4.68322857062843,5.713187595974147,-0.048179177446280974,0.7344382939293208
1.22,-4.311044155692455e-05,-1.3170027463159052e-07,0.15976948003333794,-2.981823173556455,-0.000496885504443159,-8.299482269280846e-05,7.853391851011367e-14,1.776251890777166e-13,2,0.5477034891228112,0.10459302175437757,4.797717311802892,5.735537525912404,-0.033780308739791154,0.7056405565163412
1.24,-4.50041530784485e-05,-4.351620258590912e-07,0.1578952774665567,-2.983697376123237,-0.0004964049827098723,-9.058340030525987e-05,8.210700774112271e-14,1.789976329711165e-13,2,0.5497540646446823,0.10049187071063526,4.9126442296212485,5.757011102562876,-0.01994602775085491,0.6779719945384687
1.26,-4.688407047458954e-05,-7.223769092874102e-07,0.15388597228483492,-2.9877066813049584,-0.0004963539294523845,-9.718945512817027e-05,8.56800803551347e-14,1.7763100928375287e-13,2,0.5517242359502804,0.09655152809943912,5.02799214293154,5.777642688229477,-0.006654196678419211,0.6513883323935973
1.28,-4.872495026154396e-05,-9.83130693241838e-07,0.14775972737768642,-2.9938329262121073,-0.0004968098703987019,-0.00010269825610509748,8.919904354608677e-14,1.736334448819445e-13,2,0.55361715573402,0.09276568853195988,5.143744544264413,5.7974652978509145,0.006116454242973746,0.6258470305508114
1.3,-5.050318049951661e-05,-1.2092277435870912e-06,0.13956517605593768,-3.002027477533856,-0.0004978307179765205,-0.00010699933748896074,9.261354850074509e-14,1.672719059997248e-13,2,0.5554358530713995,0.08912829385720089,5.259885573417646,5.8165106518316305,0.018386360779348965,0.6013072174780609
1.32,-5.2198062443113286e-05,-1.3953557577176785e-06,0.12938214570711673,-3.012210507882676,-0.0004994495118137978,-0.00010998758489040674,9.588017883562142e-14,1.5897158372215152e-13,2,0.5571832382661682,0.08563352346766351,5.376399992076443,5.8348092268012195,0.030175157398884322,0.5777296242389902
1.34,-5.379322057938801e-05,-1.5396678079074739e-06,0.11732204535794795,-3.024270608231845,-0.0005016700970821656,-0.00011156558626328704,9.896554855592597e-14,1.49306747636145e-13,2,0.5588621075074331,0.08227578498513366,5.493273159428876,5.852390304383539,0.04150170869124853,0.5550765216542618
1.36,-5.5278060415886115e-05,-1.6439670697177767e-06,0.10352772668749813,-3.038064926902295,-0.0005044641826352424,-0.00011164728209123452,1.0184911040758291e-13,1.3898027631838144e-13,2,0.5604751473441582,0.07904970531168365,5.610491008737463,5.869282018053548,0.05238413955496912,0.5333116599268206
1.3800000000000001,-5.664912405674687e-05,-1.713410034498388e-06,0.0881726296861556,-3.0534200239036373,-0.0005077702060570812,-0.00011016274440840709,1.0452542426732061e-13,1.2878976750645875e-13,2,0.5620249389842155,0.07595012203156903,5.728040024829389,5.885511398156878,0.06283986420113719,0.5124002106344845
1.4000000000000001,-5.791113636339164e-05,-1.7557023369841108e-06,0.0714590613311582,-3.0701335922586352,-0.0005114943529229579,-0.0001070637042921511,1.0700560731913734e-13,1.263243738170988e-13,2,0.5635139624248691,0.07297207515026183,5.8459072224693465,5.901104415164147,0.07288561401986013,0.140065017284913
1.42,-5.9108602071483595e-05,-1.7637472517248683e-06,0.05363116418027486,-3.087961489409518,-0.0005151926392587828,-0.00010283192210978448,1.0943381345697879e-13,1.1704667528076326e-13,2,0.5649446004212993,0.07011079915740126,5.964080125580385,5.916086021229252,0.07563162796130062,0.13457298940203202
1.44,-6.022200100933501e-05,-1.7603340796635806e-06,0.03492658015219687,-3.106666073437596,-0.0005190887501290944,-9.697823447559614e-05,1.117004041805479e-13,1.1034592724349252e-13,2,0.5663191422995196,0.0673617154009607,6.08254674727953,5.930480190118146,0.07826996915600169,0.12929630701262987
1.46,-6.128057675797606e-05,-1.7537973135691697e-06,0.015612624391206548,-3.125980029198587,-0.0005230345694646107,-8.954969682873651e-05,1.1386384000338488e-13,1.0687009043803413e-13,2,0.5676397876197863,0.06472042476042739,6.201295570696209,5.9443099555719705,0.08080485951275101,0.12422652629913122
1.48,-6.23193109393226e-05,-1.7492809588229195e-06,-0.004028405507816361,3.1375642480819765,-0.0005268737684331467,-8.063048056020631e-05,1.1599362368732711e-13,1.0706153004666491e-13,2,0.5689086496963645,0.062182700607271046,6.320315530542807,5.957597448165959,0.08324035539692481,0.11935553453078362
1.5,-6.337626906812032e-05,-1.7476945895648882e-06,-0.02370489189980997,3.1178877616899836,-0.0005304516444905094,-7.034203839611686e-05,1.1816567896728238e-13,1.1111119562368152e-13,2,0.5701277589792816,0.059744482041436786,6.4395959954078394,5.970363930723078,0.08558035412153796,0.11467553708155734
1.52,-6.448951356671766e-05,-1.7453703131383476e-06,-0.04312195235613275,3.0984707012336603,-0.0005336251711342991,-5.8840863132418056e-05,1.2045703374942965e-13,1.1893628226759762e-13,2,0.5712990663034809,0.0574018673930381,6.55912675074343,5.98262983233908,0.08782860018377617,0.11017904495708092
1.54,-6.569398100766762e-05,-1.7345102242592259e-06,-0.061987571975437174,3.079605081614356,-0.0005362724444103468,-4.63138889889957e-05,1.2294032329246368e-13,1.3018491834173507e-13,2,0.5724244460105734,0.05515110797885314,6.678897982519854,5.994414781073416,0.08998869125699044,0.10585886281065238
1.56,-6.701873169429847e-05,-1.7043591768741938e-06,-0.08001849371138009,3.061574159878413,-0.0005383007648927658,-3.2971878231069567e-05,1.256786564898018e-13,1.4426700945972532e-13,2,0.5735056989481843,0.05298860210363143,6.798900261520995,6.005737635358318,0.09206408394774192,0.10170807742914942
1.58,-6.848490319511676e-05,-1.6428974759786263e-06,-0.09694557793423594,3.0446470756555577,-0.000539652734470605,-1.9041390031579695e-05,1.2872132709954072e-13,1.6040617757491465e-13,2,0.5745445553516931,0.05091088929661369,6.9191245282555895,6.016616514176312,0.09405809932710986,0.09772004667041354
1.6,-7.010455713720417e-05,-1.5387581764918389e-06,-0.11251840105436797,3.029074252535425,-0.0005403099545697985,-4.756105615932127e-06,1.3210071693490085e-13,1.5546858706945606e-13,2,0.5755426776129803,0.048914644774039395,7.039562078460108,6.0270688260544585,0.09597392824511386,-0.6420214607076999
1.62,-7.175988661166825e-05,-1.376763669489219e-06,-0.12651920373623854,3.0150734498535545,-0.0005402768832718724,8.527103709259715e-06,1.3536738931606985e-13,1.7127523913941167e-13,2,0.5765016629406078,0.04699667411878439,7.160204549170075,6.037111296921709,0.08338691746981702,-0.6168474391571063
1.6400000000000001,-7.356091336846705e-05,-1.1675526377678865e-06,-0.13868752809548468,3.0029051254943084,-0.0005398183402071562,2.1765864425144423e-05,1.389507813521561e-13,1.8689637286684417e-13,2,0.5774230459156943,0.04515390816861142,7.281043905337542,6.0467599968739565,0.07129345044641533,-0.5926605051103029
1.6600000000000001,-7.549651581340541e-05,-9.092996122848495e-07,-0.14883691541869204,2.992755738171101,-0.0005390154811316176,3.475415134520143e-05,1.4283759008949024e-13,2.0139337747751006e-13,2,0.5783083009475721,0.0433833981048557,7.402072426973299,6.056030365889627,0.05967417504759415,-0.5694219543126605
1.68,-7.7548668554783e-05,-6.048824084898379e-07,-0.15681175437231376,2.98478089921748,-0.000537975116405756,4.730074008584796e-05,1.469966846490448e-13,2.1393300020492988e-13,2,0.5791588446331568,0.041682310733686334,7.52328269679324,6.064937238536928,0.048510497953804355,-0.5470946001250809
1.7,-7.969396896017949e-05,-2.618010426435706e-07,-0.16248854147611938,2.9791041121136743,-0.0005368238061187781,5.923068622209555e-05,1.5138161484488193e-13,2.2382402246482385e-13,2,0.5799760380238043,0.04004792395239143,7.644667588349131,6.073494867712328,0.03778455489998439,-0.525642714017441
1.72,-8.190512157969635e-05,1.0845004835409679e-07,-0.16577647084694283,2.97581618274285,-0.0005357008906509912,7.038499127061229e-05,1.5593371985538666e-13,2.305412302554008e-13,2,0.5807611888032834,0.03847762239343311,7.76622025462477,6.0817169474482355,0.02747918208892497,-0.5050319683953222
1.74,-8.415228219579022e-05,4.914444195586432e-07,-0.16661764929991374,2.9749750042898793,-0.0005347508178979656,8.061883162077404e-05,1.605856120547295e-13,2.3373987495945265e-13,2,0.5815155533803492,0.036968893239301526,7.887934117079298,6.089616634826363,0.017577888725531593,-0.4852293816685354
1.76,-8.640425503897955e-05,8.711894124606413e-07,-0.16498722009493128,2.9766054334948624,-0.0005341150812165721,8.979891739417939e-05,1.6526488265670834e-13,2.3326425350722503e-13,2,0.5822403388992646,0.03551932220147069,8.009802855120135,6.097206571031874,0.00806483062803423,-0.4662032654735407
1.78,-8.862961047090105e-05,1.2316604951478985e-06,-0.16089360571624398,2.980699047873549,-0.0005339240480806612,9.780066043706043e-05,1.6989794318526378e-13,2.291532353001451e-13,2,0.5829367051714891,0.034126589657021755,8.13182039598868,6.104498901581968,-0.0010752151260837173,-0.4479231739653048
1.8,-9.079783236023125e-05,1.5583682362965769e-06,-0.15437896203308304,2.9872136915567102,-0.0005342889620188764,0.00010450585558680593,1.7441395784479152e-13,2.148346842573018e-13,2,0.5836057665316243,0.032788466936751304,8.253980905042603,6.111505295761305,-0.009856874560009277,-0.597802099012313
1.82,-9.284804770690568e-05,1.8383390612626801e-06,-0.1455052281518337,2.9960874254379597,-0.0005354472629511039,0.00010957723961989096,1.7861808295390255e-13,2.0492239718995128e-13,2,0.5842485936205871,0.031502812758825716,8.376278776419172,6.118236965295352,-0.021576952349104894,-0.5743619434341217
1.84,-9.479087716734705e-05,2.067738932044486e-06,-0.13438848055395947,3.0072041730358334,-0.0005373045787031584,0.00011313563200756101,1.8259942908063312e-13,1.927363109993689e-13,2,0.5848662150988636,0.030267569802272742,8.498708624064676,6.124704682291527,-0.032837479314911655,-0.5518408895025082
1.86,-9.660746764368595e-05,2.244330445232779e-06,-0.12117881860346905,3.020413834986324,-0.000539865887892213,0.00011507904435164628,1.8632012890890745e-13,1.7907803564305226e-13,2,0.5854596192925853,0.029080761414829404,8.621265273115592,6.1309187964768785,-0.043656474702948755,-0.530202898726434
1.8800000000000001,-9.828622308352951e-05,2.370807786180707e-06,-0.10606135027360038,3.0355313033161924,-0.0005430945281285886,0.00011531850448017158,1.897598851197593e-13,1.6489264014598634e-13,2,0.5860297557750618,0.0279404884498764,8.743943751617698,6.13688925175985,-0.0540512512140125,-0.5094133457043065
1.9000000000000001,-9.982445476262517e-05,2.4542715760912443e-06,-0.08925467324506045,3.052337980344733,-0.00054691165882319,0.00011378418848369772,1.929183810750372e-13,1.51218233989535e-13,2,0.5865775368863007,0.026844926227398647,8.866739282569885,6.142625602142661,-0.06403844270819117,-0.48943896271594917
1.92,-0.00010122959312663041,2.5050112500741278e-06,-0.07100826596280085,3.070584387626992,-0.0005511986484054408,0.00011043248413107873,1.9581650266730168e-13,1.3911797911541104e-13,2,0.5871038391929461,0.025792321614107827,8.989647276279936,6.148137027009743,-0.07363403082258996,-0.4702477864871516
1.94,-0.00010251963871945506,2.53470895878995e-06,-0.05159871226006899,3.089993941329724,-0.0005558025422587077,0.0001052531192798815,1.9849604918299459e-13,1.2959848240453555e-13,2,0.5876095048909725,0.02478099021805491,9.11266332302004,6.153432345816717,-0.08285337054535985,-0.4518091070416118
1.96,-0.00010372258784977912,2.554315405914641e-06,-0.031324810189339025,3.110267843400454,-0.0005605444529369593,9.827536657262184e-05,2.0101773079770208e-13,1.2352249769914062e-13,2,0.5880953431533779,0.02380931369324424,9.23578318597029,6.158520032203402,-0.09171121478695468,-0.43409341855842215
1.98,-0.00010487471234231823,2.5719564435817907e-06,-0.010501735914704463,3.1310909176750883,-0.0005652303720269753,8.957235883846932e-05,2.034574429084276e-13,1.2152688686778343e-13,2,0.588562131425033,0.02287573714993396,9.359002794438858,6.163408227553448,-0.10022173798793521,-0.4170723721564611
2.0,-0.00010601777829949118,2.5912696026681956e-06,0.010545468389848388,-3.131047185199945,-0.0005696635938248877,7.92627275570588e-05,2.0590104278084258e-13,1.2200350508140222e-13,2,0.5890106166667595,0.02197876666648102,9.48231823734803,6.168104754022285,-0.10839855880109814,0.25897899116158934
2.02,-0.00010717545844086843,2.5722574049251654e-06,0.03148939372339865,-3.1101032598663947,-0.0005732191118110894,6.850663917031269e-05,2.0836011045099776e-13,1.2509094933502037e-13,2,0.5894415165506259,0.02111696689874809,9.605725756975643,6.172617127054243,-0.10332120305549242,0.2488242796703779
2.04,-0.00010839099067355129,2.5520837715873197e-06,0.05199591500350888,-3.089596738586284,-0.0005763350164689198,5.649784657489924e-05,2.1092762187390204e-13,1.3274588121784384e-13,2,0.5898555206083768,0.020288958783246436,9.729221742941924,6.176952567408865,-0.09844293327629507,0.2390677401119832
2.06,-0.00010970376160313169,2.521770059275722e-06,0.0717429555787472,-3.069849698011046,-0.0005788918254272381,4.345877050718272e-05,2.1369004859888208e-13,1.444042398902918e-13,2,0.59025329133483,0.019493417330340046,9.852802726432119,6.18111801271566,-0.09375594319110632,0.2296937599416057
2.08,-0.00011114514829101309,2.469021466592945e-06,0.09042176970976197,-3.0511708838800313,-0.0005808051861352589,2.963364595023509e-05,2.1671969140519319e-13,1.5923050374324835e-13,2,0.5906354652480101,0.01872906950397968,9.976465374645642,6.185120128575796,-0.08925273261584532,0.2206873387910837
2.1,-0.00011273642509511526,2.380453828740589e-06,0.10774323599363889,-3.033849417596154,-0.0005820316235597732,1.5278763787308392e-05,2.2007000257974534e-13,1.7619720610848565e-13,2,0.5910026539077132,0.017994692184573502,10.100206485462893,6.188965319228478,-0.0849260954528555,0.21203406446510406
2.12,-0.00011448786905667025,2.2439619278345795e-06,0.12344314779210089,-3.018149505797693,-0.0005825712704657655,6.524850745940996e-07,2.237726404867076e-13,1.9417537877703945e-13,2,0.5913554448941325,0.01728911021173496,10.224022982321173,6.192659737799103,-0.0807691081596109,0.20372008987861487
2.14,-0.00011639899038698335,2.050822084832853e-06,0.13728629436823786,-3.0043063592215553,-0.0005824675510212454,-1.3993941456768848e-05,2.2783634588552687e-13,2.120233495429958e-13,2,0.5916944027481122,0.01661119450377546,10.347911909291533,6.196209296145566,-0.0767751186695711,0.19573211089853526
2.16,-0.0001184596362629646,1.7972205867386668e-06,0.14906926105153734,-2.9925233925382564,-0.0005818040695204614,-2.8423866055974893e-05,2.322474975078341e-13,2.286638172761403e-13,2,0.5920200698745337,0.015959860250932545,10.471870426348655,6.199619674318504,-0.07293773574745548,0.18805734505430402
2.18,-0.00012065162559126779,1.485041933066472e-06,0.15862202192007846,-2.9829706316697147,-0.0005806991647638315,-4.242039918902767e-05,2.3697204140974536e-13,2.4314323475557196e-13,2,0.5923329674102785,0.015334065179442913,10.59589580482621,6.202896329650578,-0.06925081876190331,0.1806835110831997
2.2,-0.000122950574939313,1.1218924882298907e-06,0.16580853536356652,-2.975784118226226,-0.0005792987003800493,-5.578896036505122e-05,2.4195841478162656e-13,2.27868342708501e-13,2,0.5926335960581589,0.014732807883682142,10.719985423050401,6.206044505489377,-0.06570846785915346,0.7946510771725731
2.22,-0.00012519976058835485,7.358492726938292e-07,0.1705041190804156,-2.971088534509377,-0.0005780824828107231,-6.747605061504239e-05,2.466076109411571e-13,2.3618794134387604e-13,2,0.592922436888149,0.014155126223701853,10.844136762144737,6.2090692395878895,-0.05012911065207992,0.763492362758426
2.24,-0.00012749878280376225,3.2919761895782205e-07,0.17260300146579158,-2.9689896521240016,-0.0005770308925291806,-7.825998313217621e-05,2.513876362646972e-13,2.408621268405006e-13,2,0.5931999521071996,0.013600095785600841,10.968347401999281,6.211975372165984,-0.03516062877874204,0.7335553990117503
2.2600000000000002,-0.00012981500081071,-8.157427112482147e-08,0.17207156020371878,-2.9695210933860743,-0.0005762956152015405,-8.799677232056627e-05,2.5622257213568464e-13,2.416455153465359e-13,2,0.5934665857988674,0.013066828402265251,11.092615017397968,6.214767553655794,-0.020779069474695988,0.7047922804036582
2.2800000000000002,-0.0001321151441390229,-4.792529983622196e-07,0.16891342517383176,-2.972679228415961,-0.0005760180132991022,-9.655286395001838e-05,2.610338229016869e-13,2.3851609510719123e-13,2,0.5937227646339439,0.012554470732112133,11.216937374297757,6.2174502521434,-0.0069614191768256894,0.6771569798079176
2.3000000000000003,-0.00013436655631279465,-8.47638323991885e-07,0.16316944010902154,-2.978423213480772,-0.0005763203033929803,-0.00010380202821462582,2.65744590120319e-13,2.316753592748909e-13,2,0.5939688985532199,0.012062202893560192,11.341312326253687,6.220027760518722,0.00631443330326803,0.6506052748477301
2.32,-0.0001365385267113894,-1.1732036966712955e-06,0.15491779192038574,-2.9866748616694068,-0.0005772972151337931,-0.00010962343207495102,2.702843259553466e-13,2.2154575754082383e-13,2,0.5942053814234773,0.011589237153045273,11.46573781098411,6.222504203345057,0.019069732161886233,0.6250946771304937
2.34,-0.00013860382013014059,-1.446509544632703e-06,0.14427416776348068,-2.9973184858263124,-0.0005790085620906173,-0.0001139015140889945,2.7459309240906774e-13,2.0876289684831759e-13,2,0.5944325916677612,0.011134816664477576,11.590211847070599,6.224883543459265,0.03132488859847832,0.6005843642573095
2.36,-0.00014054043653908185,-1.6631904092474455e-06,0.13139167241375538,-3.0102009811760375,-0.0005814732585328424,-0.00011652803718552238,2.786256799300541e-13,1.9415801456269183e-13,2,0.5946508928709363,0.010698214258127337,11.714732530787249,6.227169588313148,0.043099513477915574,0.577035114498435
2.38,-0.00014233352082535503,-1.8243423231325202e-06,0.11646017644951633,-3.0251324771402768,-0.0005846653903344777,-0.00011740637808041777,2.823552398801512e-13,1.7872569761742237e-13,2,0.5948606343615012,0.010278731276997632,11.839298033054321,6.229365996066187,0.05441244871205908,0.554409244030148
2.4,-0.00014397721636593284,-1.936176637511906e-06,0.09970477944879289,-3.0418878741410005,-0.0005885129433272516,-0.00011645775698513168,2.8577609217573144e-13,1.7062186265403722e-13,2,0.595062151770588,0.009875696458824024,11.963906596511316,6.231476281439379,0.0652817974108384,0.26825552297349553
2.42,-0.00014550912474108665,-1.998747746123544e-06,0.08140055477651378,-3.060192098813279,-0.0005926364675469765,-0.00011399232481912764,2.890310602318902e-13,1.553653219521643e-13,2,0.595255767569044,0.009488464861912016,12.088556532704828,6.233503821339539,0.0705410221639772,0.2577370734672179
2.44,-0.00014690434110377953,-2.031864912669609e-06,0.06182012163487632,-3.0797725319549167,-0.0005971736131574134,-0.0001096308990399777,2.920033126372259e-13,1.426219755237183e-13,2,0.5954417915834535,0.009116416833093055,12.213246219386653,6.235451860263074,0.07559402976492145,0.2476310582653294
2.46,-0.0001481893600852231,-2.048906488554832e-06,0.04127034346369926,-3.100322310126094,-0.000601951239760387,-0.00010339377474520121,2.9475358615161117e-13,1.3339368652867063e-13,2,0.5956205214919268,0.008758957016146374,12.337974097917849,6.237323515487864,0.0804489061038651,0.23792130558744212
2.48,-0.00014940037120422136,-2.0609873291864518e-06,0.02007747884682839,-3.1215151747429646,-0.0006067754307411705,-9.5345266560383e-05,2.9736060550633207e-13,1.2845514899027805e-13,2,0.5957922433004487,0.008415513399102625,12.462738670774584,6.239121782061575,0.08511342001871265,0.22859227775774701
2.5,-0.00015058055888189328,-2.074840092649358e-06,-0.0014195274276687236,3.140173126162124,-0.0006114443133651307,-8.559644276132818e-05,2.9991569879804744e-13,1.2827542980995476e-13,2,0.5959572318005486,0.008085536398902748,12.587538499151774,6.240849537594379,0.08959503572687724,0.21962904634141783
2.52,-0.00015177642897563733,-2.0914624705273566e-06,-0.02287635287762375,3.118716300712169,-0.0006157618242373003,-7.430460377153589e-05,3.025161011709812e-13,1.3296807569815595e-13,2,0.5961157510090263,0.007768497981947453,12.71237220066069,6.242509546863733,0.09390092476962095,0.21101726825593042
2.54,-0.00015303365039765076,-2.1058224244886277e-06,-0.04395080467454795,3.097641848915245,-0.0006195512239782996,-6.16692909227936e-05,3.052576184892226e-13,1.4227843613230786e-13,2,0.5962680545904343,0.007463890819131347,12.837238447116837,6.244104466238623,0.09803797748805079,0.20274316281907073
2.56,-0.00015439301490373047,-2.1076938284386722e-06,-0.06431010910917986,3.077282544480614,-0.0006226671819525351,-4.7925076123995914e-05,3.0822743518362496e-13,1.5561041143665944e-13,2,0.5964143862629963,0.007171227474007447,12.962135962414582,6.245636847930317,0.1020128140491346,0.1947934896969031
2.58,-0.0001558870907968839,-2.0834537721946203e-06,-0.08363759461074322,3.05795505897905,-0.0006250054203155472,-3.3331815660965314e-05,3.11497823203592e-13,1.7208778128692526e-13,2,0.5965549801886073,0.006890039622785338,13.087063520485108,6.247109144076447,0.10583179503938046,0.1871555277164114
2.6,-0.00015753798573797643,-2.0184790791543936e-06,-0.10163844655337673,3.0399542070364163,-0.0006265091962924872,-1.8163383520704177e-05,3.151213490361548e-13,1.6724523944662512e-13,2,0.5966900613475433,0.006619877304913313,13.212019943334447,6.248523710664953,0.10950103164313219,-0.6255558494997717
2.62,-0.00015923396810263427,-1.884809912619691e-06,-0.11805702500803045,3.0235356285817625,-0.0006270698711394718,-3.93029300950807e-06,3.1863415503062107e-13,1.8429707140048745e-13,2,0.5968198458984776,0.006360308203044784,13.337004099158431,6.249882811304167,0.0972368337929167,-0.6010274537993407
2.64,-0.00016108927100416068,-1.700156106267903e-06,-0.13259162755051407,3.0090010260392788,-0.000627057625707623,1.039130551111551e-05,3.2249535643149494e-13,2.0177702173996988e-13,2,0.5969445415243804,0.00611091695123922,13.462014900531571,6.2511886208450695,0.08545352201875506,-0.5774608302510175
2.66,-0.0001630969387276083,-1.4589056531480345e-06,-0.1450216784984121,2.996570975091381,-0.0006265476187649771,2.4557186412932625e-05,3.2670138278177835e-13,2.1849413081779073e-13,2,0.5970643477648562,0.005871304470287608,13.587051302666941,6.252443228861513,0.07413224050790129,-0.5548182672293099
2.68,-0.00016524093002037092,-1.1609172530582703e-06,-0.15516244837523085,2.986430205214562,-0.000625649498752901,3.834184372882847e-05,3.31225906445045e-13,2.3337916226655415e-13,2,0.5971794563354499,0.005641087329100181,13.712112301744295,6.253648642993989,0.06325487279460257,-0.5330635318027125
2.7,-0.00016749806974197657,-8.118168327246063e-07,-0.1628664111555285,2.9787262424342646,-0.0006245005460048147,5.1541411442358983e-05,3.36022842718742e-13,2.455357401255175e-13,2,0.5972900514344323,0.005419897131135443,13.837196933303742,6.254806792162275,0.052804012769888664,-0.5121618117532847
2.72,-0.00016983999936499462,-4.2253375719204924e-07,-0.16802358345794766,2.9735690701318456,-0.0006232574315779489,6.397399609062645e-05,3.41030161755731e-13,2.5427121670134437e-13,2,0.5973963100375566,0.005207379924886846,13.962304270702408,6.255919529652128,0.04276293682808438,-0.4920796598696761
2.74,-0.00017223492659249585,-8.220857273223171e-09,-0.17056123549387306,2.9710314180959205,-0.000622087127301379,7.547780864019023e-05,3.4617414694184527e-13,2.5911185615389923e-13,2,0.5974984021812574,0.005003195637485192,14.0874334236316,6.256988636080928,0.03311557710547236,-0.47278494042445207
2.7600000000000002,-0.00017464910983985764,4.1326337847000207e-07,-0.17044338396395803,2.971149269625835,-0.0006211574046645534,8.59077692364351e-05,3.513738442844543e-13,2.59808235087598e-13,2,0.5975964912347456,0.004807017530508828,14.212583536692131,6.2580158222470486,0.023846495768283238,-0.4542467777500738
2.7800000000000002,-0.00017704813147479195,8.23131653621561e-07,-0.16767041110592493,2.9739222424838676,-0.0006206272644813842,9.513143776329723e-05,3.5654556376590935e-13,2.563361545079844e-13,2,0.5976907341614335,0.004618531677132998,14.337753788025497,6.259002731867501,0.014940860308868043,-0.43643550683124344
2.8000000000000003,-0.00017939809247041294,1.2035361745592407e-06,-0.1622790163725891,2.9793136372172047,-0.000620637587574046,0.00010302518445287326,3.6160738138208103e-13,2.384303522831818e-13,2,0.59778128177011,0.004437436459779898,14.462943387998724,6.259950944208229,0.006384419810521458,-0.6618849051113985
2.82,-0.00018161815201852617,1.536085863144184e-06,-0.15431990016724811,2.9872727534225447,-0.0006215229670257266,0.00010914965639481732,3.6628203847146905e-13,2.2824327207455355e-13,2,0.5978682789562669,0.004263442087466096,14.588151577940794,6.260861976611274,-0.006592019362493207,-0.6359320267653692
2.84,-0.00018373181673037367,1.8160776659206874e-06,-0.14390941837416468,2.9976832352156286,-0.0006231567404723303,0.00011372067945310844,3.707230010821372e-13,2.1524680700443334e-13,2,0.5979518649339625,0.0040962701320750305,14.7133776289286,6.261737286922846,-0.01905964507772817,-0.6109967753348993
2.86,-0.00018571581693186434,2.0384445643112445e-06,-0.13120082300618335,3.0103918305836093,-0.0006255643429095985,0.00011662773030370745,3.7488201482974507e-13,2.00282050406313e-13,2,0.5980321734585936,0.00393565308281274,14.838620840620521,6.2625782758261845,-0.031038408196229883,-0.5870392490978958
2.88,-0.00018755398753681092,2.203770308030076e-06,-0.11638506928440776,3.0252075843053854,-0.0006287251779692451,0.00011777128237769352,3.7872946775817817e-13,1.8436195025566636e-13,2,0.5981093330409331,0.0037813339181338446,14.963880540135726,6.263386289082956,-0.04254747729459368,-0.5640211109011682
2.9,-0.00018923920218862325,2.318010415906701e-06,-0.09968933096392818,3.041903322625865,-0.0006325710015189609,0.00011706903814177368,3.822573694227665e-13,1.6862041733759045e-13,2,0.5981834671527743,0.0036330656944514317,15.089156080977416,6.264162619686759,-0.05360526933877596,-0.5419055268128037
2.92,-0.00019077496639320553,2.3913985548047373e-06,-0.08137436862813821,3.060218284961655,-0.000636987524313721,0.0001144636142334987,3.854811073132248e-13,1.5424111432074902e-13,2,0.5982546944245122,0.0034906111509755977,15.214446841998296,6.264908509932183,-0.06422947915516886,-0.5206571071800179
2.94,-0.0001921762916953674,2.436614022796126e-06,-0.06173062260826273,3.0798620309815306,-0.0006418195159991202,0.000109930723919995,3.8843959256684317e-13,1.4236897202413534e-13,2,0.5983231288349776,0.0033537423300447067,15.339752226406603,6.265625153402753,-0.07443710774609757,-0.5002418499981605
2.96,-0.00019346950365176462,2.4664484830526427e-06,-0.041073056175958016,3.100519597413835,-0.0006468793425888599,0.00010348671045395594,3.9119351688948277e-13,1.3401235200445787e-13,2,0.5983888798938275,0.0032222402123449623,15.465071660811114,6.266313696880914,-0.08424448949505123,-0.48062708650025315
2.98,-0.00019469077290587856,2.4913560337022077e-06,-0.01973492126798307,3.1218577323218106,-0.0006519584653193631,9.519426166393577e-05,3.9382164535560505e-13,1.299478357979041e-13,2,0.5984520528167835,0.003095894366432983,15.5904045943036,6.266975242183128,-0.09366731830518113,-0.46178142887999335
3.0,-0.00019588338328891357,2.5173492356115984e-06,0.0019392622415983218,-3.1396533913481948,-0.0006568410444416951,8.516530068487464e-05,3.964153354363408e-13,1.2996787585171112e-13,2,0.598512748694,0.0029745026120000517,15.715750497577247,6.267610847923017,-0.1027206727128942,0.2131983943921818
3.02,-0.00019708185994672003,2.50444758926851e-06,0.02359924193851035,-3.117993411651282,-0.0006608490283980771,7.454542936011891e-05,3.990172948470141e-13,1.3152794817931739e-13,2,0.5985710646518296,0.002857870696340692,15.841108862079665,6.2682215312053655,-0.09854085840492338,0.20483876577624016
3.04,-0.00019832441615854626,2.492516678342743e-06,0.044894278220665995,-3.0966983753691277,-0.0006644282510713103,6.254896295739131e-05,4.0170176054354433e-13,1.381259458020435e-13,2,0.5986270940082464,0.002745811983507096,15.966479199199082,6.2688082692537135,-0.09452493696020724,0.19680692288680787
3.06,-0.00019965494865637495,2.473275526476111e-06,0.06548258133251608,-3.0761100722572774,-0.0006674382651238436,4.940570771834496e-05,4.045648796433952e-13,1.4921352217438472e-13,2,0.5986809264221742,0.0026381471556515823,16.091861039482474,6.269372000974116,-0.09066648204765863,0.18909001306171067
3.08,-0.0002011094486579115,2.43420128514521e-06,0.08503618804932572,-3.056556465540467,-0.0006697753993405066,3.5371313509873014e-05,4.076885123042944e-13,1.6392898975969972e-13,2,0.5987326480369601,0.0025347039260796844,16.217253931884326,6.2699136284575925,-0.08695931931623653,0.18167568759886646
3.1,-0.00020271340981199682,2.360893669629412e-06,0.10324780017698085,-3.038344853412813,-0.0006713797518259749,2.0716614112395474e-05,4.111347759091671e-13,1.811839525248114e-13,2,0.5987823416182223,0.0024353167635553508,16.342657443044878,6.270434018423672,-0.08339751651466709,0.17455208199572758
3.12,-0.00020448057115467176,2.239708651580133e-06,0.11983654019295967,-3.021756113396833,-0.0006722388043876086,5.7164722868483305e-06,4.149425054182047e-13,1.9976447853150165e-13,2,0.5988300866862927,0.0023398266274146096,16.468071156596643,6.270934003607322,-0.07997537399857602,0.16770779696354543
3.14,-0.0002064129601144374,2.0601819591751453e-06,0.1345523814436711,-3.0070402721461225,-0.000672387587597509,-9.36067993769671e-06,4.191257690182209e-13,2.1843193215175388e-13,2,0.5988759596434663,0.0022480807130673686,16.593494672498142,6.271414384091506,-0.07668741560984155,0.1611318801860765
3.16,-0.00020850197726130168,1.8168636826943918e-06,0.1471791563677495,-2.9944134972220438,-0.0006719056620401424,-2.4261549987439702e-05,4.2367429971364537e-13,2.3601118981189857e-13,2,0.5989200338962614,0.002159932207477233,16.718927606393745,6.271875928587484,-0.07352837991357318,0.15481380879353976
3.18,-0.0002107301399021045,1.5103469723331155e-06,0.15753620620567332,-2.98405644738412,-0.0006709114363498507,-3.875417164149468e-05,4.2855550154680646e-13,2.514586664065596e-13,2,0.5989623799728855,0.0020752400542289884,16.844369588998617,6.272319375664919,-0.07049321177869333,0.14874347252378006
3.2,-0.0002130730878295893,1.1474420954699063e-06,0.16547888978329614,-2.976113763806497,-0.0006695544823792387,-5.263118299758611e-05,4.3371759133712856e-13,2.3533997191147826e-13,2,0.5990030656360954,0.001993868727809156,16.9698202655078,6.272745434933742,-0.06757705428864913,0.7970696677104829
3.22,-0.00021536698429565473,7.563193494525513e-07,0.17087678062866102,-2.970715872961132,-0.0006683223111015067,-6.477999042542498e-05,4.385242112965188e-13,2.4443387845178185e-13,2,0.5990421559916325,0.0019156880167350288,17.095279295028423,6.2731547881796805,-0.051950279935849386,0.7658161190048834
3.24,-0.00021771724792126612,3.3989539491204335e-07,0.17361284507927804,-2.967979808510515,-0.0006672162063204434,-7.602429757250093e-05,4.434760218734124e-13,2.497576492946233e-13,2,0.5990797135924052,0.0018405728151895673,17.220746350034226,6.27354809045526,-0.036936240169663015,0.7357880394725107
3.2600000000000002,-0.00022009034380952782,-8.480204061902884e-08,0.17364899524399438,-2.967943658345799,-0.000666396961482082,-8.621503807394573e-05,4.484941573214107e-13,2.510242523725601e-13,2,0.5991157985385874,0.0017684029228250964,17.34622111584143,6.2739259711280315,-0.022510909323298134,0.7069373777797809
3.2800000000000002,-0.00022245192226978572,-4.996442005635947e-07,0.1709857867355741,-2.9706068668542187,-0.0006660160157145963,-9.52151730586042e-05,4.5349638171727886e-13,2.4818351402464716e-13,2,0.5991504685737917,0.0016990628524164997,17.471703290105193,6.2742890348876905,-0.008651203789832529,0.6792179667128497
3.3000000000000003,-0.00022476809592276919,-8.872499642921297e-07,0.16566214911865276,-2.9759305044711404,-0.0006662061126735673,-0.00010289602664673676,4.584018135672338e-13,2.4142040344273396e-13,2,0.5991837791774711,0.001632441645057714,17.597192582335776,6.27463786271371,0.004665054916482225,0.6525854493002202
3.3200000000000003,-0.00022700677502219386,-1.232773294389995e-06,0.1577553456962663,-2.983837307893527,-0.0006670724516867871,-0.00010913476849874151,4.631355975078137e-13,2.3115124016574375e-13,2,0.599215783653698,0.0015684326926039827,17.72268871343371,6.274973012805031,0.017459175650529624,0.6269972078321254
3.34,-0.00022913919413614512,-1.525453431472071e-06,0.14738103830074217,-2.9942116152890508,-0.0006686847526717751,-0.00011381374959719243,4.676334653698709e-13,2.180155021126722e-13,2,0.5992465332164624,0.0015069335670752082,17.848191415243164,6.275295021473303,0.02975163173504214,0.6024122956631004
3.36,-0.0002311416871436261,-1.759741509808718e-06,0.13469318392165794,-3.0068994696681353,-0.0006710707689580784,-0.00011682213820444276,4.718460566179963e-13,2.0285860934537194e-13,2,0.599276077071625,0.001447845856749952,17.97370043012286,6.275604404001095,0.041562093722285476,0.5787913716886137
3.38,-0.00023299765004046094,-1.9358185127984145e-06,0.11988341131432116,-3.021709242275472,-0.000674211872587781,-0.0001180599684763692,4.75742762698665e-13,1.8670019133555644e-13,2,0.599304462495657,0.0013910750086858492,18.09921551053377,6.275901655466456,0.05290946087113885,0.556096637390907
3.4,-0.0002346994950413467,-2.059354197783947e-06,0.10317953067294526,-3.0384131229168485,-0.0006780413496528551,-0.0001174443357086622,4.793147551755532e-13,1.775920260289763e-13,2,0.5993317349112929,0.0013365301774141969,18.224736418643015,6.276187251535148,0.06381189138994114,0.2850943399118979
3.42,-0.0002362825100074717,-2.131199749134396e-06,0.08486007436028828,-3.0567325792295055,-0.0006821955531779762,-0.00011525801458364629,4.827004962744786e-13,1.614553628640673e-13,2,0.599357937960216,0.0012841240795680164,18.350262925943277,6.276461649221809,0.069401245871163,0.2739156309494542
3.44,-0.00023772176773822085,-2.1705939841231326e-06,0.06520272218632227,-3.0763899314034706,-0.0006867970312008514,-0.00011113953478677763,4.857853695586092e-13,1.4779061226949893e-13,2,0.5993831135728949,0.0012337728542102244,18.47579481288713,6.276725287621281,0.07477143862839969,0.26317524543498083
3.46,-0.00023904297861322737,-2.1915274454044485e-06,0.04451986097064023,-3.0970727926191532,-0.0006916702509052782,-0.00010510459147931415,4.886298412128249e-13,1.376555763734624e-13,2,0.5994073020356809,0.0011853959286380888,18.601331868535738,6.276978588611249,0.07993106311576498,0.25285599646025025
3.48,-0.00024028212919194274,-2.205965564001552e-06,0.02314400679335826,-3.118448646796435,-0.0006966167116948425,-9.72136893021317e-05,4.913134884545386e-13,1.318799773538213e-13,2,0.5994305420552751,0.0011389158894496987,18.726873890221285,6.277221957527337,0.08488837583321727,0.24294137102534566
3.5,-0.00024148282385658547,-2.2215636745805058e-06,0.001420946731809071,-3.140171706857984,-0.0007014281697859579,-8.75753486604471e-05,4.93929542350745e-13,1.30981545160753e-13,2,0.599452870820667,0.001094258358665945,18.85242068322268,6.277455783811733,0.08965130953872096,0.2334155036143383
3.52,-0.00024269256359020706,-2.2401404111345394e-06,-0.020297755084025565,3.1212948985057674,-0.0007059009544511726,-7.634594431038659e-05,4.965780116321462e-13,1.351111023800231e-13,2,0.5994743240626448,0.0010513518747103934,18.97797206045395,6.277680441636376,0.09422748594235153,0.22426315080707715
3.54,-0.0002439584556648944,-2.2572381771927314e-06,-0.041662473570724924,3.0999301800190686,-0.0007098501201376582,-6.372590590335276e-05,4.993580777953333e-13,1.4403625753958762e-13,2,0.5994949361109726,0.001010127778054759,19.103527842164873,6.277896290501716,0.09862422790265785,0.21546966688646452
3.56,-0.0002453229831346548,-2.2628724965375603e-06,-0.06233302932131842,3.0792596242684747,-0.0007131221852473048,-4.995250299522871e-05,5.023605814221428e-13,1.5716660824015448e-13,2,0.5995147399493252,0.0009705201013494591,19.22908785565333,6.278103675811988,0.10284857114479803,0.20702098040218414
3.58,-0.00024682044877472476,-2.2433153473829238e-06,-0.08198558167360709,3.0596070719161865,-0.0007156053779356795,-3.5289900865368435e-05,5.056614019109954e-13,1.7361583566807476e-13,2,0.5995337672680692,0.0009324654638616092,19.354651934988947,6.278302929427933,0.10690727551920082,0.19890357165337857
3.6,-0.00024847454910888693,-2.1835453620119266e-06,-0.10031857179787623,3.041274081791917,-0.0007172366104951088,-2.0017534331806525e-05,5.093163721204077e-13,1.6882045070992298e-13,2,0.5995520485149737,0.0008959029700525978,19.480219920747583,6.278494370197846,0.11080683581876832,-0.6228879588290418
3.62,-0.0002501750197662119,-2.053707959067838e-06,-0.11707056261010679,3.024522090979686,-0.000717889595636014,-5.665809411850833e-06,5.128616929955311e-13,1.86004491546258e-13,2,0.5995696129439341,0.0008607741121318124,19.605791659756196,6.278678304467801,0.09859494271329267,-0.5984641726180905
3.64,-0.0002520363880849557,-1.8725476209345755e-06,-0.13193376918197544,3.009658884407818,-0.0007179490855944103,8.79594087650628e-06,5.167592041573921e-13,2.0372209960167415e-13,2,0.599586488661784,0.0008270226764319766,19.73136700484775,6.278855026571873,0.08686188478549456,-0.5749980567624943
3.66,-0.00025405243427954126,-1.633862466729579e-06,-0.14468240785860081,2.9969102457311925,-0.0007174888137144197,2.31176964367336e-05,5.210070571205377e-13,2.2074364169901335e-13,2,0.5996027026732723,0.0007945946534553272,19.856945814625714,6.279024819303129,0.0755888866395037,-0.5524520604705125
3.68,-0.00025620751068781137,-1.3370120515004523e-06,-0.15512728614823965,2.9864653674415536,-0.0007166183723917331,3.706865806466456e-05,5.255798827737354e-13,2.3596302833218256e-13,2,0.5996182809242766,0.0007634381514467492,19.98252795323779,6.279187954366165,0.06475790907325196,-0.5307901053380091
3.7,-0.0002584785542201294,-9.872824113776978e-07,-0.16311718945252712,2.978475464137266,-0.0007154762216088393,5.044042902969613e-05,5.304318574526595e-13,2.4845148377653313e-13,2,0.599633248343322,0.0007335033133559765,20.10811329015852,6.279344692811885,0.05435162021190154,-0.5099775276153082
3.72,-0.00026083710972112144,-5.954563162856342e-07,-0.16853919236775367,2.9730534612220394,-0.0007142212572785727,6.304748889154664e-05,5.355006205680802e-13,2.57489770991128e-13,2,0.5996476288814722,0.0007047422370556333,20.233701699980433,6.279495285455242,0.044353367773147634,-0.4899810227378004
3.74,-0.00026325114642748444,-1.7673712286866963e-07,-0.17131829707807314,2.9702743565117196,-0.0007130235043773677,7.47253441031655e-05,5.407116541799958e-13,2.6258364047981426e-13,2,0.5996614455506561,0.0006771088986876617,20.35929306221335,6.279639973276594,0.034747152420013916,-0.470768592031533
3.7600000000000002,-0.0002656865920550366,2.5078778281040183e-07,-0.17141682807749753,2.970175825512296,-0.0007120543952824012,8.532704299441606e-05,5.459828505293782e-13,2.6346876181223843e-13,2,0.5996747204604924,0.0006505590790151228,20.48488726109158,6.2797789878073225,0.02551760215850013,-0.4523094915085054
3.7800000000000002,-0.0002681086345370858,6.679575469122772e-07,-0.16883394871169172,2.9727587048781015,-0.0007114769877189101,9.471893376879438e-05,5.512291179158456e-13,2.6011084372578096e-13,2,0.5996874748536688,0.0006250502926623547,20.610484185388664,6.279912551500336,0.01664994773911213,-0.4345741826697294
3.8000000000000003,-0.00027048292644509214,1.0564492055701877e-06,-0.16360552515952453,2.977987128430269,-0.0007114364152461401,0.00010277661190446294,5.563669710428442e-13,2.4169883029229535e-13,2,0.5996997291399354,0.000600541720129133,20.736083728239404,6.280040878086037,0.008129999022911671,-0.6706820986839206
3.8200000000000003,-0.00027272579977400833,1.3970257327189553e-06,-0.1557806216552665,2.985812031934527,-0.0007122809635481647,0.00010904653994944765,5.611070225253025e-13,2.314946403760014e-13,2,0.5997115029287647,0.0005769941424704772,20.861685786968845,6.280164172914342,-0.005018911597035047,-0.6443842774440272
3.84,-0.000274862633607555,1.6848835057148885e-06,-0.1454754405025496,2.9961172130872438,-0.000713879944831283,0.00011375797406776273,5.656122581697161e-13,2.1840384869442648e-13,2,0.5997228150607308,0.0005543698785384077,20.987290262927967,6.280282633283278,-0.01765224605703769,-0.6191176085240219
3.86,-0.00027686955413446055,1.914517935725824e-06,-0.1328436047621072,3.008749048827686,-0.0007162618674736003,0.0001167993000466607,5.698329170972649e-13,2.0327232819390306e-13,2,0.599733683637658,0.0005326327246839568,21.112897061335843,6.2803964487547095,-0.029790220387487354,-0.5948416598631225
3.88,-0.0002787297585778667,2.086168386258471e-06,-0.11807681212081333,3.0235158414689796,-0.0007194086223822528,0.00011806960464002602,5.7373801659516e-13,1.8712184678029973e-13,2,0.5997441260515883,0.0005117478968232891,21.238506091127952,6.280505801457674,-0.041452257936885395,-0.5715175847643265
3.9,-0.00028043548528376727,2.205579278520101e-06,-0.10140335341128039,3.040189300178513,-0.0007232537031854674,0.00011748490053295194,5.773184125708797e-13,1.7109917045830868e-13,2,0.5997541590126119,0.0004916819747762258,21.364117264810467,6.280610866379825,-0.05265702045334486,-0.5491080597314075
3.92,-0.000281989658844624,2.2829304343385454e-06,-0.08308547875804298,3.0585071748317496,-0.0007276836833459284,0.00011498588351460886,5.805886342229314e-13,1.5640449327244854e-13,2,0.5997637985756067,0.00047240284878657945,21.489730498320245,6.2807118116474525,-0.0634224379473689,-0.5275772247433594
3.94,-0.0002834068253762689,2.3310060092612113e-06,-0.06341547468095296,3.07817717890884,-0.0007325432517495228,0.00011054625543334176,5.835870959410065e-13,1.442020802922558e-13,2,0.5997730601659301,0.0004538796681397006,21.615345710890303,6.280808798794522,-0.07376573738369291,-0.5068906258707114
3.96,-0.00028471301911027713,2.362837106691125e-06,-0.04271047349906662,3.098882180090726,-0.0007376437539201829,0.00010418044493568402,5.863743973670714e-13,1.3552100933863865e-13,2,0.5997819586041027,0.00043608279179463416,21.740962824920576,6.280901983021159,-0.08370347024810318,-0.4870151601418909
3.98,-0.00028594433610576724,2.389204450717001e-06,-0.021306167006819476,3.120286486582973,-0.0007427747732246969,9.594952703188633e-05,5.890296261587388e-13,1.3115811320055025e-13,2,0.5997905081295238,0.0004189837409522834,21.866581765853745,6.280991513442008,-0.09325153903334552,-0.4679190225714062
4.0,-0.00028714421745068406,2.416471921985411e-06,0.0004502817418757174,-3.1411423718479172,-0.0007477178910715071,8.596430409112662e-05,5.916448476132459e-13,1.311029622601276e-13,2,0.5997987224232583,0.0004025551534834193,21.992202462055918,6.281077533324844,-0.1024252226865063,0.20665157234051618
4.0200000000000005,-0.00028834866172907254,2.404760190188184e-06,0.022205457809701273,-3.1193871957800923,-0.0007517880210671873,7.536765847621661e-05,5.94267117279865e-13,1.324392505535594e-13,2,0.5998066146299283,0.00038677074014326074,22.117824844702017,6.281160180319827,-0.09837376066074335,0.19854864828899027
4.04,-0.00028959517280015165,2.394271334697749e-06,0.0436063626331859,-3.097986290956607,-0.0007554315958053174,6.337709289066649e-05,5.969680519611186e-13,1.3887850005662939e-13,2,0.5998141973787486,0.0003716052425026817,22.24344884766563,6.281239586679787,-0.09448115873326364,0.19076344443403084
4.0600000000000005,-0.0002909282644328212,2.376862287895347e-06,0.06430850450040082,-3.077284149089392,-0.0007585051699831747,5.022329788683485e-05,5.998451475037735e-13,1.4987559482874138e-13,2,0.5998214828037348,0.0003570343925303199,22.369074407413194,6.281315879471837,-0.09074118791051715,0.18328350278853786
4.08,-0.00029238457522020385,2.3400151449291874e-06,0.08398127156071855,-3.0576113820290747,-0.0007609022742309048,3.616340169990502e-05,6.029816154630464e-13,1.6456602282674546e-13,2,0.5998284825631214,0.00034303487375719754,22.494701462902345,6.281389180780722,-0.0871478634412845,0.17609685385007257
4.1,-0.0002939902027293199,2.2692162292346007e-06,0.10231484449967412,-3.0392778090901196,-0.0007625605943449916,2.147019060107716e-05,6.064408136866269e-13,1.8185343565309844e-13,2,0.5998352078580166,0.0003295842839667884,22.62032995548421,6.281459607904175,-0.08369543523979814,0.16919199744709984
4.12,-0.0002957593906211217,2.150624574327564e-06,0.11902601669761016,-3.022566636892183,-0.0007634657209148238,6.4207917250260504e-06,6.102626179886192e-13,2.005123098449105e-13,2,0.599841669450327,0.00031666109934591624,22.74595982880958,6.281527273540618,-0.08037837868437839,0.16255788433626034
4.14,-0.0002976945404859304,1.9735401634945465e-06,0.13386267419917883,-3.0077299793906143,-0.0007636513917444323,-8.713968307956772e-06,6.144618820570575e-13,2.192904975945152e-13,2,0.599847877679979,0.0003042446400418619,22.871591028738727,6.281592285969506,-0.07719138577686012,0.1561838985212238
4.16,-0.00029978729012474924,1.7322827980139335e-06,0.14660683523935267,-2.9949858183504405,-0.0007631964936008587,-2.3678449327292536e-05,6.190288474530115e-13,2.36999064877585e-13,2,0.5998538424814646,0.00029231503707083384,22.997223503254773,6.281654749224596,-0.0741293566486632,0.15005984026482996
4.18,-0.0003020202701253181,1.427256662117498e-06,0.1570763109456212,-2.984516342644172,-0.000762219351924509,-3.823853615838723e-05,6.239311577488028e-13,2.525815994728693e-13,2,0.5998595733997384,0.00028085320052317897,23.12285720238045,6.28171476326042,-0.07118739139991481,0.1441759097673332
4.2,-0.00030436913402818815,1.0651477544112923e-06,0.16512520528167773,-2.9764674483081155,-0.0007608699815860437,-5.218502729403035e-05,6.2911702931892e-13,2.36350586860174e-13,2,0.5998650796054926,0.0002698407890147081,23.24849207809813,6.281772424112242,-0.06836078225856423,0.797222385643839
4.22,-0.0003066690814847899,6.740751594962118e-07,0.17062208379241753,-2.970970569797375,-0.0007596367457198548,-6.439708086424706e-05,6.339449880725088e-13,2.4555394847407135e-13,2,0.599870369909831,0.0002592601803379502,23.374128084272982,6.281827824049725,-0.05273101382785533,0.7659628487824212
4.24,-0.0003090263170211613,2.5707804987527074e-07,0.17344843299088966,-2.9681442205989033,-0.0007585239944504687,-7.570459878402003e-05,6.3892017961559e-13,2.5097070307349376e-13,2,0.5998754527783693,0.0002490944432613773,23.499765176579142,6.281881051724588,-0.037714097383233836,0.7359290158931782
4.26,-0.00031140718221574947,-1.687566039357109e-07,0.1735654716817065,-2.968027181908086,-0.0007576937688142572,-8.595776906655458e-05,6.439633429542626e-13,2.523077509163171e-13,2,0.5998803363447814,0.00023932731043707633,23.625403312428794,6.281932192312468,-0.023286002654608617,0.7070728264359277
4.28,-0.00031377717662713913,-5.85187930104546e-07,0.1709732565296201,-2.9706193970601724,-0.0007572989024409252,-9.501903948425119e-05,6.48991745440791e-13,2.4951076768715344e-13,2,0.5998850284238156,0.00022994315236868346,23.751042450904013,6.281981327649214,-0.009423641612256228,0.679348104351223
4.3,-0.00031610224060985926,-9.746846220133398e-07,0.16571038202838637,-2.9758822715614066,-0.0007574736070145709,-0.00010275937617915428,6.539239429442835e-13,2.427622223918215e-13,2,0.5998895365237994,0.0002209269524011681,23.876682552691285,6.282028536361849,0.0038951684789525487,0.6527104841688054
4.32,-0.000318350091816845,-1.3222296106779995e-06,0.15785391830475307,-2.9837387352850406,-0.0007583245517561149,-0.00010905566345031612,6.586844824371727e-13,2.324774009215461e-13,2,0.5998938678586544,0.00021226428269116582,24.002323580018608,6.282073893994385,0.01669174055666134,0.6271173400133878
4.34,-0.000320491751796332,-1.6168889157082157e-06,0.14751946490469103,-2.9940731886851015,-0.0007599228570357755,-0.000113789962802654,6.632084914662711e-13,2.1929615267810518e-13,2,0.5998980293594405,0.00020394128111900223,24.12796549659504,6.28211747312871,0.028986551866275412,0.6025277173941597
4.36,-0.0003225033230905611,-1.8529573116188246e-06,0.13486104672243487,-3.0067316068673584,-0.0007622975360012465,-0.00011685108852528499,6.674460269286924e-13,2.040657175737535e-13,2,0.5999020276854468,0.00019594462910643706,24.253608267552618,6.282159343500737,0.040799276728923195,0.5789022676688641
4.38,-0.00032436795916935467,-2.0304941642153614e-06,0.12007049699374245,-3.021522156596051,-0.0007654310108442754,-0.00011813862014267343,6.713659492249923e-13,1.8780907616677393e-13,2,0.5999058692348479,0.00018826153030415682,24.379251859390582,6.2821995721119945,0.05214881802456722,0.556203185077576
4.4,-0.0003260778321477172,-2.15509680171911e-06,0.10337597578156779,-3.038216677808226,-0.0007692573459187112,-0.00011756909029903836,6.749589815781392e-13,1.78558109419966e-13,2,0.5999095601549426,0.0001808796901148213,24.50489623992175,6.282238223336842,0.06305333744064517,0.2873972282449807
4.42,-0.0003276678806278302,-2.2277109459489247e-06,0.08505650705404934,-3.056536146535744,-0.000773415250864252,-0.00011542141405711922,6.783628682019879e-13,1.6230130003867478e-13,2,0.5999131063519902,0.00017378729601946752,24.630541378221018,6.282275359025485,0.0686878406934219,0.27612822173942725
4.44,-0.00032911320308671055,-2.267514196272244e-06,0.06539044078981401,-3.076202212799979,-0.0007780251020016322,-0.00011133664502379626,6.814634014731773e-13,1.4851004729163106e-13,2,0.5999165135006628,0.0001669729986744084,24.756187244575877,6.28231103860295,0.0741014119135592,0.26530107929915264
4.46,-0.00033043940039881526,-2.288577043221581e-06,0.04469095360469698,-3.0969016999850965,-0.0007829110645825824,-0.0001053298390128607,6.843209978181799e-13,1.3824995953655772e-13,2,0.599919787053125,0.0001604258937499825,24.881833810438856,6.282345319164172,0.07930271396996608,0.2548984751863389
4.48,-0.00033168242961799756,-2.3029754642258175e-06,0.023291466041897926,-3.118301187547895,-0.0007878740265706527,-9.746096916229697e-05,6.870153417896665e-13,1.3235847296191202e-13,2,0.5999229322477592,0.00015413550448162283,25.00748104838185,6.282378255565361,0.08430007005560307,0.24490376301506492
4.5,-0.00033288595137224075,-2.31848322375919e-06,0.001538760256216621,-3.140053893333576,-0.0007927048786189991,-8.783819852332656e-05,6.896399193490578e-13,1.3136016659799975e-13,2,0.5999259541175478,0.00014809176490437892,25.13312893205223,6.282409900511788,0.08910147700636668,0.2353009491135377
4.5200000000000005,-0.0003340976020100438,-2.337021633549017e-06,-0.02021454389870406,3.121378109691089,-0.0007971989068290093,-7.661776953036655e-05,6.922951169038222e-13,1.3541113176711884e-13,2,0.5999288574981272,0.00014228500374557917,25.258777436130657,6.282440304642118,0.09371461809773292,0.22607466693080522
4.54,-0.0003353646849842337,-2.3542005655837722e-06,-0.04161773862618667,3.0999749149636067,-0.000801170034084974,-6.40002319314707e-05,6.950805789597114e-13,1.4428214494696858e-13,2,0.5999316470355257,0.00013670592894854394,25.384426536290587,6.282469516609446,0.09814687533963723,0.2172101524469966
4.5600000000000005,-0.00033672991397375727,-2.360056594061843e-06,-0.062329569587964595,3.0792630840018287,-0.0008044636507503582,-5.0223227589367196e-05,6.980876493560004e-13,1.573836456196512e-13,2,0.5999343271935983,0.00013134561280336854,25.510076209159326,6.2824975831591505,0.10240534128926529,0.20869322054774048
4.58,-0.00033822782783200545,-2.3408352347580206e-06,-0.08202516222530541,3.059567491364488,-0.0008069669451969797,-3.555151886128669e-05,7.013927047075851e-13,1.7382793455072297e-13,2,0.5999369022611697,0.00012619547766057337,25.63572643228064,6.282524549203701,0.1064968304006577,0.20051024232495565
4.6000000000000005,-0.00033988233866094993,-2.281449416343125e-06,-0.10040199416639425,3.041190659423399,-0.0008086159474914574,-2.0265312207065075e-05,7.050520279087287e-13,1.6903917908014123e-13,2,0.5999393763588975,0.0001212472822049726,25.761377184078825,6.282550457894519,0.11042788992929026,-0.6224637565241576
4.62,-0.000341583379359183,-2.151785993559591e-06,-0.11719795424050597,3.024394699349287,-0.0008092819232694739,-5.897675527917268e-06,7.086018542930751e-13,1.8624060092613223e-13,2,0.5999417534458658,0.00011649310826844506,25.887028443824157,6.28257535069104,0.09822431342895827,-0.5980566035234937
4.64,-0.0003434455201900754,-1.970719526489154e-06,-0.13210428663372842,3.009488366956065,-0.0008093516102241242,8.582917140246811e-06,7.125043768285788e-13,2.0399007545929036e-13,2,0.5999440373259208,0.00011192534815829269,26.012680191599745,6.282599267427049,0.08649924600755182,-0.5746064686806808
4.66,-0.00034546264019765427,-1.7319623690427426e-06,-0.1448944959999309,2.9966981575898624,-0.0008088985394538338,2.292564102510876e-05,7.167579829063198e-13,2.2105259314452263e-13,2,0.599946231653758,0.00010753669248386721,26.138332408269648,6.282622246374425,0.07523392505571558,-0.5520758267770083
4.68,-0.0003476191442678349,-1.4348036699743167e-06,-0.15537879544092573,2.986213858148867,-0.0008080322898797813,3.689896333213619e-05,7.213374333128442e-13,2.363169591059474e-13,2,0.59994833994077,0.00010332011845992639,26.263985075448257,6.282644324304386,0.06441032365652988,-0.5304286239786369
4.7,-0.00034989198438504815,-1.0844836476603243e-06,-0.1634054954508874,2.9781871581389057,-0.0008068914774923281,5.0293861427032836e-05,7.261969379135494e-13,2.4884993604798496e-13,2,0.5999503655606658,9.926887866829048e-05,26.389638175470875,6.2826655365463315,0.054011121738597956,-0.509630220142773
4.72,-0.0003522526933080827,-6.917681505980843e-07,-0.16886130890331527,2.972731344686478,-0.00080563529659151,6.292431640176871e-05,7.312740884928043e-13,2.5792865866617223e-13,2,0.5999523117548695,9.537649026092332e-05,26.515291691365444,6.282685917044374,0.044019678360236375,-0.4896473333860499
4.74,-0.0003546692103198562,-2.7187259328988066e-07,-0.17167097662205333,2.96992167696774,-0.0008044341823651061,7.462546631589654e-05,7.364942556561009e-13,2.6305611509771247e-13,2,0.599954181637707,9.163672458600836e-05,26.640945606825394,6.282705498411657,0.034420005080418176,-0.4704479868264135
4.76,-0.00035710742204061834,1.5707759987149738e-07,-0.17179664559139007,2.9697960079984025,-0.000803460058487962,8.525010872358977e-05,7.417751731378651e-13,2.6396600511869894e-13,2,0.5999559782013896,8.804359722081045e-05,26.76659990618354,6.282724311982546,0.025196740373856108,-0.45200145741328934
4.78,-0.000359532467817356,5.75862536107508e-07,-0.16923736833278533,2.9723552852570077,-0.0008028765259459159,9.466443472669e-05,7.470315583713176e-13,2.606227395127199e-13,2,0.5999577043208026,8.459135839467002e-05,26.89225457438702,6.28274238786277,0.016335125049284915,-0.43427822676414696
4.8,-0.0003619099450780096,9.66085389860222e-07,-0.16402895173639256,2.9775637018534002,-0.0008028292864141158,0.00010274394540109176,7.521797150410921e-13,2.4214430325022797e-13,2,0.5999593627581054,8.127448378925095e-05,27.0179095969732,6.282759754977593,0.007820978631606523,-0.6717577642087827
4.82,-0.00036415582563116436,1.3083687813754073e-06,-0.15622035749549212,2.985372296094301,-0.0008036683860495968,0.0001090333144372605,7.569286715147823e-13,2.319370359525438e-13,2,0.5999609561671514,7.808766569716852e-05,27.143564960046536,6.282776441118103,-0.005349020712597408,-0.6454177655203749
4.84,-0.00036629572907678553,1.5978991608104518e-06,-0.14592773812004692,2.995664915469746,-0.0008052626670439769,0.00011376351569489723,7.614426460766809e-13,2.18832815362302e-13,2,0.599962487097735,7.502580452989349e-05,27.269220650256337,6.282792472985685,-0.01800261699615152,-0.6201105729532667
4.86,-0.00036830570368061555,1.8291021498164284e-06,-0.13330479717443147,3.008287856415361,-0.0008076410487750805,0.00011682280301838859,7.656716761243431e-13,2.0367817254882853e-13,2,0.5999639579996718,7.208400065628062e-05,27.3948766547754,6.282807876234748,-0.030160058672687395,-0.5957956896001949
4.88,-0.00037016886259148173,2.0021605665692286e-06,-0.11854335044910665,3.023049303140686,-0.0008107857556073404,0.00011811009022964417,7.695845955225839e-13,1.8749605089222769e-13,2,0.5999653712267188,6.925754656239569e-05,27.520532961279475,6.282822675513776,-0.041840800242613385,-0.5724342064603429
4.9,-0.0003718773583748492,2.122781665071695e-06,-0.10187184312044031,3.039720810469353,-0.0008146305158691197,0.00011754117387281489,7.731721054958579e-13,1.7143491153727947e-13,2,0.5999667290403407,6.654191931865228e-05,27.646189557927567,6.282836894504774,-0.053063533384465844,-0.549988740176638
4.92,-0.00037343403500428996,2.2011315357847812e-06,-0.08355271473183423,3.0580399388579593,-0.0008190620225852383,0.0001150564989720229,7.764486194349045e-13,1.5669712364937755e-13,2,0.5999680336133288,6.393277334226788e-05,27.771846433342965,6.28285055596116,-0.06384621686558245,-0.5284233732144048
4.94,-0.00037485337157241804,2.2500050572674588e-06,-0.06387847441731478,3.077714179172478,-0.0008239249599904025,0.00011062950001086872,7.79452483530956e-13,1.4444950287159238e-13,2,0.5999692870332785,6.142593344304892e-05,27.897503576595046,6.282863681744178,-0.07420610527996147,-0.5077035963856468
4.96,-0.0003761613573448755,2.2824659234943567e-06,-0.043166507244020075,3.0984261463457727,-0.0008290305449380844,0.0001042743463411014,7.822442827550843e-13,1.357238766567639e-13,2,0.5999704913059289,5.901738814206858e-05,28.023160977181785,6.282876292857884,-0.08415977665929333,-0.48779625362698303
4.98,-0.00037739407208485076,2.3093432630499313e-06,-0.021752783571014348,3.1198398700187786,-0.0008341681184585472,9.605188921484491e-05,7.849031453651877e-13,1.313197912445095e-13,2,0.5999716483583734,5.670328325324547e-05,28.148818625012947,6.282888409482747,-0.09372315900134814,-0.4686694889428734
5.0,-0.00037859497231879373,2.3370566211693085e-06,1.5234562958453546e-05,-3.1415774190268344,-0.0008391189259601731,8.607276875136958e-05,7.875212292018578e-13,1.3125400062823412e-13,2,0.5999727600421425,5.447991571494448e-05,28.274476510393935,6.282900051007954,-0.10291155575817021,0.20588404976817348
5.0200000000000005,-0.0003798002617944569,2.325771969429995e-06,0.021783751072386448,-3.1198089025174065,-0.0008431969510567333,7.54795002167196e-05,7.901461850817517e-13,1.3255888797301625e-13,2,0.5999738281361676,5.234372766471651e-05,28.40013462401029,6.2829112360624295,-0.09887514122766966,0.19781122070717239
5.04,-0.0003810473356196339,2.315723809461235e-06,0.04319950999593382,-3.098393143593859,-0.0008468487132282591,6.348999171285131e-05,7.928492629880284e-13,1.3897547373986412e-13,2,0.5999748543496269,5.0291300746074796e-05,28.52579295691277,6.282921982544645,-0.09499699677472376,0.19005493180128058
5.0600000000000005,-0.00038238079007392185,2.298802432517843e-06,0.06391771132902199,-3.0776749422607708,-0.000849930372011374,5.033503495901318e-05,7.957281408173066e-13,1.4995916674637638e-13,2,0.599975840324681,4.8319350637981984e-05,28.65145150050305,6.282932307651266,-0.09127091654082617,0.1826027713334854
5.08,-0.00038383735288675946,2.2625050144108628e-06,0.08360743255123823,-3.057985221038555,-0.0008523350865905021,3.627193900195351e-05,7.988662145167522e-13,1.6464517908921487e-13,2,0.5999767876391001,4.642472179972046e-05,28.777110246519943,6.282942227904666,-0.08769093800266314,0.17544281425715935
5.1000000000000005,-0.00038544320698753786,2.192315301130791e-06,0.10195854814304298,-3.0396341054467495,-0.0008540002200015948,2.157373604525689e-05,8.023270134985385e-13,1.8193619378982438e-13,2,0.5999776978087896,4.4604382420709854e-05,28.902769187026184,6.282951759179366,-0.08425133243080414,0.16856360311344135
5.12,-0.0003872126693065256,2.0743757713401323e-06,0.11868755650862288,-3.0229050970811704,-0.0008549111074139628,6.51784379435468e-06,8.061505601606124e-13,2.006052104094596e-13,2,0.5999785722902151,4.285541956972061e-05,29.02842831439574,6.28296091672744,-0.08094659572251252,0.1619541296968581
5.14,-0.0003891481974597752,1.8979613496866068e-06,0.13354206603100277,-3.00805058755879,-0.0008551013098403385,-8.624599450048614e-06,8.103518217856028e-13,2.1939831488596094e-13,2,0.5999794124827335,4.1175034533047494e-05,29.154087621301592,6.282969715202917,-0.07777143959400692,0.15560381743984691
5.16,-0.00039124146624562156,1.6573641358358183e-06,0.14630383940229494,-2.9952888141874983,-0.000854649619777225,-2.359764416105279e-05,8.149211169376115e-13,2.371247294493736e-13,2,0.5999802197308319,3.9560538336091966e-05,29.279747100704025,6.282978168685236,-0.07472078311807896,0.149502504487991
5.18,-0.0003934751252452897,1.3529630608931057e-06,0.1567904573545981,-2.9848021962351954,-0.0008536743483008684,-3.8166888597322704e-05,8.19826129898152e-13,2.5272629241357315e-13,2,0.5999809953262797,3.800934744058182e-05,29.405406745839347,6.282986290701773,-0.07178974459352574,0.14364042743888455
5.2,-0.00039582483182695993,9.914249513883196e-07,0.16485581959923548,-2.9767368339905573,-0.0008523255682487966,-5.2122882783872275e-05,8.250150846367858e-13,2.3647991610562674e-13,2,0.599981740510195,3.65189796098786e-05,29.531066550209083,6.282994094249486,-0.06897363373338639,0.7973705458637141
5.22,-0.00039812564501103215,6.008326178371905e-07,0.17036815726358154,-2.9712244963262116,-0.0008510918138744796,-6.4343581860558e-05,8.298457912651788e-13,2.4569903974258524e-13,2,0.5999824564750311,3.5087049937709835e-05,29.65672650756956,6.283001591815717,-0.05334096058001914,0.7661051995569796
5.24,-0.0004004838820914225,1.842589251127131e-07,0.17320886178618738,-2.968383791803605,-0.0008499778084976812,-7.565979854384604e-05,8.348240284393701e-13,2.5112954512657394e-13,2,0.5999831443664844,3.371126703122229e-05,29.782386611921925,6.283008795398171,-0.03832125330854386,0.7360657850140291
5.26,-0.00040286586542071775,-2.4120805164528844e-07,0.17333900632537189,-2.9682536472644214,-0.0008491457662758361,-8.592161263528778e-05,8.398704851217148e-13,2.524774183410904e-13,2,0.5999838052853279,3.2389429344137355e-05,29.908046857502544,6.283015716524116,-0.023890477182951064,0.7072042327628435
5.28,-0.0004052370704928112,-6.573200425265975e-07,0.17075852740335473,-2.970834126186438,-0.0008487487165389769,-9.499139336262372e-05,8.449023629757436e-13,2.4968767760364397e-13,2,0.599984440289173,3.111942165401338e-05,30.03370723877378,6.283022366268831,-0.010025539882710044,0.6794743581623615
5.3,-0.0004075634099677325,-1.0465337441724551e-06,0.16550592352355492,-2.976086730066238,-0.0008489210790347261,-0.00010274004797395518,8.49838141390527e-13,2.429423644522781e-13,2,0.5999850503941612,2.9899211677619775e-05,30.15936775041512,6.283028755273326,0.0032957454498706573,0.6528317874972001
5.32,-0.0004098125708179613,-1.3938175728652549e-06,0.1576581926752694,-2.983934460914524,-0.0008497697330975114,-0.00010904441063782864,8.546022844680262e-13,2.3265655102190447e-13,2,0.5999856365765905,2.872684681887172e-05,30.28502838731469,6.283034893761372,0.016094695713348928,0.6272338869702435
5.34,-0.00041195554141351394,-1.6882227953023827e-06,0.14733088721490753,-2.994261766374885,-0.0008513660007029211,-0.00011378649140641713,8.591298347215686e-13,2.194700858218045e-13,2,0.5999861997744781,2.76004510437744e-05,30.410689144561037,6.28304079155586,0.028391791958734702,0.602639694479472
5.36,-0.00041396838939064865,-1.924031479081859e-06,0.13467801213390568,-3.0069146414558876,-0.0008537390773255501,-0.00011685504398257067,8.633707662024995e-13,2.0423043217185897e-13,2,0.5999867408890607,2.6518221878601977e-05,30.5363500174353,6.283046458094517,0.04020671216354105,0.5790098540698593
5.38,-0.0004158342329836271,-2.1012943625663425e-06,0.11989141104993066,-3.021701242539862,-0.0008568715376066529,-0.00011814957376315108,8.672938632876412e-13,1.879610321427289e-13,2,0.599987260786237,2.5478427525982283e-05,30.66201100140364,6.283051902445015,0.051558362720746376,0.5563065529554486
5.4,-0.0004175452109142111,-2.2256056838504705e-06,0.10319928749268815,-3.0383933660971048,-0.0008606975588227926,-0.00011758652537254046,8.708897848317477e-13,1.786892265640478e-13,2,0.5999877602979534,2.4479404093114e-05,30.78767209211,6.283057133319477,0.062464908693056875,0.2878673325846397
5.42,-0.00041913620609302813,-2.2979183111475892e-06,0.0848807706309657,-3.056711882958828,-0.000864856229082313,-0.0001154441993094957,8.742961416494476e-13,1.6241683765355375e-13,2,0.5999882402235353,2.3519552929451848e-05,30.91333328536912,6.283062159088418,0.06810862847324109,0.2765798930242713
5.44,-0.00042058233312086354,-2.3374167078053958e-06,0.06521428712189883,-3.0763783664678943,-0.0008694675683935507,-0.00011136406387898468,8.773988216476325e-13,1.4860909383321575e-13,2,0.5999887013309658,2.259733806830866e-05,31.03899457715985,6.2830669877941405,0.07353105483557715,0.26573504029959916
5.46,-0.00042190918184374133,-2.3581820239887986e-06,0.04451315816219762,-3.097079495427595,-0.0008743556927079039,-0.0001053610825964284,8.802582342070963e-13,1.383327292413519e-13,2,0.5999891443581155,2.1711283769043632e-05,31.164655963618713,6.283071627163603,0.07874086481909079,0.2553154203325719
5.48,-0.0004231527098461707,-2.372301789798219e-06,0.023110974543836524,-3.1184816790459564,-0.0008793213950512738,-9.749515527624848e-05,8.829540793550125e-13,1.324262771674255e-13,2,0.5999895700139221,2.0859972155840012e-05,31.290317441033714,6.283076084620787,0.08374639523124104,0.24530435950827137
5.5,-0.000424356589859357,-2.3875591603453666e-06,0.0013547077124800612,-3.1402379458773133,-0.0008841554340393861,-8.787439994304546e-05,8.855798792997502e-13,1.3141526815671698e-13,2,0.5999899789795258,2.0042040948409223e-05,31.415979005838413,6.2830803672985756,0.08855565598859078,0.2356858379935719
5.5200000000000005,-0.0004255684802122524,-2.4058799006553092e-06,-0.020402822218025154,3.121189831371768,-0.0008886529383947538,-7.665504907023662e-05,8.882360734580951e-13,1.3545649562283473e-13,2,0.5999903719093589,1.9256181282178986e-05,31.54164065460621,6.283084482050165,0.09317634293438211,0.22644446410198923
5.54,-0.00042683571307181164,-2.422871576212907e-06,-0.041810705032289,3.0997819485575047,-0.000892627661888114,-6.403768059959584e-05,8.910223703098466e-13,1.4432111828434104e-13,2,0.5999907494321928,1.850113561441269e-05,31.667302384044863,6.283088435460037,0.09761585015352742,0.21756544966369862
5.5600000000000005,-0.0004282010336069552,-2.428561267877168e-06,-0.06252749057290903,3.0790651630168835,-0.0008959248278787098,-5.026000165409511e-05,8.940301818752904e-13,1.5741961461624126e-13,2,0.5999911121521446,1.7775695710708916e-05,31.792964190991228,6.283092233854491,0.10188128180472272,0.209034586361308
5.58,-0.00042969901098599344,-2.4091788558874942e-06,-0.08222812300422944,3.0593645305855635,-0.0008984314723592341,-3.558687184297473e-05,8.973359504388276e-13,1.738640077379421e-13,2,0.5999914606496438,1.70787007123252e-05,31.91862607240618,6.283095883311768,0.10597946348861724,0.20083822299351897
5.6000000000000005,-0.0004313535832701446,-2.3496177089551688e-06,-0.1006099197125225,3.0409827338772706,-0.0009000834975655045,-2.0298618610848278e-05,9.009960163171568e-13,1.6907584402298555e-13,2,0.5999917954823606,1.640903527877491e-05,32.04428802536977,6.283099389671778,0.10991695317023059,-0.6222735851905513
5.62,-0.0004330546988893299,-2.219727616918434e-06,-0.11741078346360205,3.024181870126191,-0.0009007517916706249,-5.928660800242931e-06,9.045465997627119e-13,1.862801617712779e-13,2,0.5999921171860987,1.576562780258861e-05,32.169950047076526,6.2831027585454455,0.09771710503222253,-0.5978738889145352
5.64,-0.0004349169398482284,-2.038393929751276e-06,-0.132321711611758,3.009270941978035,-0.0009008233960139036,8.55461522911965e-06,9.084499561144602e-13,2.040342204380827e-13,2,0.5999924262756529,1.5147448694241561e-05,32.295612134830996,6.283105995323688,0.08599561978196224,-0.5744309184140146
5.66,-0.0004369341947788868,-1.7993135505628287e-06,-0.14511611769692895,2.996476535892864,-0.0009003718129974085,2.2900265791864288e-05,9.127044987439213e-13,2.2110224054434496e-13,2,0.5999927232456322,1.45535087354709e-05,32.42127428604341,6.28310910518604,0.07473374054233245,-0.551907159934755
5.68,-0.00043909087263923154,-1.5017650218800154e-06,-0.1556041521596612,2.985988501430132,-0.0008995066195590756,3.687665202153291e-05,9.172849995412599e-13,2.363723259308194e-13,2,0.5999930085712522,1.3982857495653533e-05,32.546936498225556,6.283112093108945,0.06391344590388737,-0.5302665706578649
5.7,-0.0004413639256231832,-1.1509837200637256e-06,-0.16363408962426879,2.977958563965524,-0.0008983664527501274,5.0274663083372986e-05,9.221456665545437e-13,2.4891065736164287e-13,2,0.5999932827090945,1.3434581811022639e-05,32.67259876898676,6.283114963873717,0.05351742108675278,-0.5094745210235957
5.72,-0.00044372488446814596,-7.577365473788291e-07,-0.16909263065060565,2.9725000229391876,-0.000897110546359559,6.29082122075924e-05,9.27224079499024e-13,2.5799392825932263e-13,2,0.5999935460978383,1.2907804323392114e-05,32.79826109603011,6.283117722074192,0.043529030233284416,-0.48949773931665896
5.74,-0.00044614168547955154,-3.372454109906745e-07,-0.17190452303038048,2.9696881305594127,-0.0008959093886269102,7.46123899263173e-05,9.324455894951477e-13,2.631248233464625e-13,2,0.5999937991589617,1.240168207661263e-05,32.92392347714876,6.283120372124079,0.03393228978714635,-0.47030425842438284
5.76,-0.00044858021209223697,9.235315270212917e-08,-0.1720319352383344,2.9695607183514587,-0.0008949349652317005,8.523996451172953e-05,9.37727905976298e-13,2.6403685835224646e-13,2,0.5999940422974165,1.1915405166984527e-05,33.04958591022238,6.2831229182640245,0.024711842916210952,-0.45186336468251204
5.78,-0.0004510056004629001,5.118245223941934e-07,-0.16947395105256405,2.9721187025372284,-0.0008943509440340657,9.46571124200358e-05,9.42985719400449e-13,2.6069435419509167e-13,2,0.5999942759022762,1.144819544762754e-05,33.17524839321379,6.283125364568394,0.015852934938351132,-0.4341455487267924
5.8,-0.0004533834445767406,9.027546132356961e-07,-0.16426641399225378,2.9773262395975397,-0.0008943030949569085,0.00010273933021917559,9.481353054332768e-13,2.422087008810396e-13,2,0.5999945003473582,1.0999305283476701e-05,33.300910924165684,6.283127714951798,0.007341389710801172,-0.6717484353906177
5.82,-0.00045562968725220283,1.2457287313434358e-06,-0.15645836926107637,2.9851342843287165,-0.0008951416151962146,0.00010903115844478039,9.528855376891219e-13,2.31999887474277e-13,2,0.5999947159918227,1.0568016354461918e-05,33.4265735011975,6.28312997317535,-0.005828426739306614,-0.6454088024904021
5.84,-0.0004577699679865484,1.535934145130365e-06,-0.14616594103268152,2.995426712557112,-0.0008967353456123073,0.00011376371589247635,9.574007441399605e-13,2.1889284550050872e-13,2,0.5999949231807469,1.0153638506205098e-05,33.55223612250242,6.28313214285269,-0.018481847300144683,-0.620101961368726
5.86,-0.0004597803274670005,1.7677794940576817e-06,-0.13354286803059615,3.008049785559197,-0.0008991132540402322,0.00011682525098366359,9.61630937658021e-13,2.037342147896624e-13,2,0.5999951222456771,9.755508645792332e-06,33.67789878634448,6.283134227455764,-0.030639120144150767,-0.5957874156807138
5.88,-0.0004616438693711672,1.9414329711987635e-06,-0.11878099581814125,3.0228116577716513,-0.0009022576042815945,0.00011811466656106915,9.655449301915608e-13,1.8754709136154903e-13,2,0.5999953135051598,9.372989680400678e-06,33.80356149105576,6.283136230320383,-0.04231969950156517,-0.572426256965885
5.9,-0.00046335273521405255,2.062590844721614e-06,-0.10210879249074348,3.0394838610990496,-0.0009061021532187014,0.00011754774161289785,9.691334045591837e-13,1.7148013541542488e-13,2,0.5999954972652509,9.005469498113428e-06,33.929224235033765,6.283138154651557,-0.05354227679134954,-0.5499811023863163
5.92,-0.00046490975713870444,2.1414129372874544e-06,-0.0837887129170346,3.057803940672759,-0.0009105336101383651,0.00011506489736952761,9.724107602034737e-13,1.5673596260228215e-13,2,0.5999956738200057,8.65235998848135e-06,34.054887016738824,6.283140003528626,-0.06432481053144506,-0.5284160349061252
5.94,-0.000466329402849548,2.1906932614680243e-06,-0.06411327401007877,3.0774793795797137,-0.0009153966624757709,0.00011063953986840453,9.754153347498008e-13,1.4448167843357022e-13,2,0.5999958434519497,8.313096100609485e-06,34.18054983469163,6.283141779910188,-0.07468455507623245,-0.5076965458165504
5.96,-0.00046763765213033624,2.2235001606227303e-06,-0.04339986193746299,3.0981927916523304,-0.0009205025172521158,0.00010428580792450149,9.782077107580736e-13,1.3574943202093478e-13,2,0.5999960064325299,7.987134940101726e-06,34.306212687470904,6.283143486638833,-0.08463808822718005,-0.48778947951465523
5.98,-0.000468870578599018,2.2506723734476492e-06,-0.021984443125758504,3.119608210464035,-0.0009256404935466293,9.606452330542369e-05,9.808670206873078e-13,1.3133910328546058e-13,2,0.5999961630225502,7.673954899534152e-06,34.43187557371107,6.283145126445691,-0.09420133776086306,-0.4686629804472892
6.0,-0.00047007163706147743,2.2786428213503014e-06,-0.00021447292628994433,3.1413781806635033,-0.0009305918044837122,8.608630095723955e-05,9.83485433181702e-13,1.312715970740024e-13,2,0.599996313472588,7.373054824011405e-06,34.5575384921001,6.283146701954802,-0.10338960691680407,0.20592132212844877
6.0200000000000005,-0.0004712770633389685,2.26760709021012e-06,0.02155623916319927,-3.1200364144265933,-0.0009346703357447748,7.549362535371822e-05,9.86110686822328e-13,1.3257133032552186e-13,2,0.5999964580233954,7.083953209141569e-06,34.683201441377435,6.2831482156873175,-0.09935246165122827,0.19784703159729716
6.04,-0.0004725242286167139,2.2577938977990096e-06,0.042974440876181776,-3.0986182127136113,-0.0009383226230198606,6.350442714025975e-05,9.888139703952089e-13,1.389839035592038e-13,2,0.5999965969062846,6.806187430763444e-06,34.80886442033192,6.283149670065532,-0.09547361511573924,0.1900893385263191
6.0600000000000005,-0.00047385773959071343,2.2411088079154083e-06,0.06369533614043553,-3.0778973174493576,-0.0009414047863304153,5.034949963699704e-05,9.916929861281956e-13,1.4996485383211565e-13,2,0.5999967303434978,6.5393130044277825e-06,34.9345274277999,6.283151067416761,-0.09174686032834879,0.1826358289515382
6.08,-0.0004753143370409632,2.205061691962999e-06,0.08338799838389566,-3.0582046552058975,-0.0009438099460916726,3.628616254938067e-05,9.948311559761077e-13,1.6464943156434475e-13,2,0.599996858548563,6.282902873966378e-06,35.06019046266334,6.283152409977065,-0.0881662336863137,0.17547457566746802
6.1000000000000005,-0.0004769202179386633,2.135145502340248e-06,0.10174228853055925,-3.039850365059234,-0.0009454754301811148,2.1587467154555618e-05,9.982920352215148e-13,1.8194026936272387e-13,2,0.5999969817266357,6.036546728482861e-06,35.18585352384805,6.283153699894826,-0.08472600542309894,0.1685941191410385
6.12,-0.0004786897126226603,2.0175081538600527e-06,0.11847468136090651,-3.023117972228887,-0.0009463865447170217,6.530857128327278e-06,1.002115670309927e-12,2.0061023874849956e-13,2,0.5999971000748271,5.799850345766799e-06,35.311516610321966,6.283154939234188,-0.08142067043952886,0.16198344917389834
6.140000000000001,-0.00048062529014439114,1.841426509764405e-06,0.13333275194070793,-3.008259901649085,-0.0009465768297098303,-8.61249852895875e-06,1.0063170493649375e-12,2.1940523818117054e-13,2,0.5999972137825196,5.572434960798844e-06,35.43717972109347,6.283156129978359,-0.078244939494454,0.15563198728374864
6.16,-0.00048271863387152323,1.6011917640297518e-06,0.14609822109547416,-2.9954944324943185,-0.0009461250659665368,-2.3586617357328217e-05,1.0108865076075142e-12,2.371342644176517e-13,2,0.5999973230316696,5.353936660679182e-06,35.56284285520985,6.283157274032782,-0.07519373074083686,0.14952956977651435
6.18,-0.0004849523986837284,1.2971799237418081e-06,0.15658862079446825,-2.9850040327953247,-0.0009451495627398083,-3.815706490696404e-05,1.0157917412466852e-12,2.527389132116742e-13,2,0.5999974279970992,5.144005801538398e-06,35.68850601175574,6.283158373228191,-0.07226216159371239,0.1436664314822654
6.2,-0.0004873022439976924,9.360536853174158e-07,0.16465779696544292,-2.97693485662435,-0.0009438004008084956,-5.211436079230106e-05,1.0209809812941757e-12,2.3649037616929436e-13,2,0.5999975288467755,4.942306448985079e-06,35.81416918985166,6.283159429323532,-0.06944554091701038,0.7975222696957929
6.22,-0.0004896032020119125,5.458700147648844e-07,0.1701737837721564,-2.9714188698176365,-0.0009425661912213845,-6.433623611119687e-05,1.0258119252759182e-12,2.4571231855233624e-13,2,0.5999976257420794,4.74851584120195e-06,35.939832388652626,6.283160444008781,-0.05380989317536827,0.7662509742125087
6.24,-0.0004919616104679177,1.2971827615866988e-07,0.17301804138233629,-2.9685746122074566,-0.0009414516642040586,-7.565368263998061e-05,1.0307904557834093e-12,2.511455512783895e-13,2,0.5999977188380641,4.562323871803997e-06,36.06549560734678,6.283161418907652,-0.03878732795089268,0.7362058437635575
6.26,-0.0004943437873542689,-2.9531837908731006e-07,0.17315158403691597,-2.9684410695528776,-0.0009406190604746522,-8.591676145801419e-05,1.0358372579473358e-12,2.5249586760886953e-13,2,0.599997808283703,4.383432594012859e-06,36.191158845154106,6.283162355580192,-0.02435380593423958,0.7073387997302513
6.28,-0.0004967152022775161,-7.109964410557286e-07,0.17057429228627688,-2.971018361303516,-0.0009402214406769631,-9.498782530682926e-05,1.0408695260546326e-12,2.497081250562365e-13,2,0.5999978942221282,4.211555743482975e-06,36.31682210132516,6.2831632555252765,-0.010486230410866715,0.6796036486835055
6.3,-0.0004990417609685579,-1.0997771966878974e-06,0.165324613557956,-2.9762680400318366,-0.0009403932591084507,-0.00010273776612273802,1.0458057292532839e-12,2.4296424041749654e-13,2,0.5999979767908596,4.046418280667652e-06,36.44248537513988,6.2831641201830095,0.0028375896986371774,0.6529560084644978
6.32,-0.0005012911428769882,-1.446633572434337e-06,0.15747950166039662,-2.984113151929396,-0.0009412414310861993,-0.0001090434027300775,1.0505703193015542e-12,2.3267920158137623e-13,2,0.5999980561220247,3.887755950504612e-06,36.56814866590646,6.283164950937028,0.015638975349013873,0.6273532371637444
6.34,-0.0005034343287004459,-1.7406213859557938e-06,0.14715447376025165,-2.994438179829542,-0.0009428373139227795,-0.00011378672871772773,1.0550983251298587e-12,2.194928188471182e-13,2,0.5999981323425704,3.7353148591989793e-06,36.69381197296021,6.283165749116716,0.027938411488411863,0.6027543648849484
6.36,-0.0005054473787284587,-1.9760273810346863e-06,0.13450351077790018,-3.0070891428118927,-0.0009452101354912716,-0.00011685647948891225,1.0593397069459524e-12,2.0425256892390781e-13,2,0.5999982055744657,3.5888510685477826e-06,36.8194752956625,6.28316651599933,0.03975557983867389,0.5791200281844243
6.38,-0.0005073134046959932,-2.1529070773960712e-06,0.11971844534907378,-3.0218742082407193,-0.0009483424975257643,-0.00011815214015207792,1.0632632360974481e-12,1.8798196232406152e-13,2,0.5999982759348973,3.4481302053634977e-06,36.945138633399736,6.2831672528120475,0.05110939039029072,0.5564124070811907
6.4,-0.0005090245402190126,-2.276859416863838e-06,0.1030274846423288,-3.038565168947464,-0.0009521685968726602,-0.00011759013357389971,1.0668595603273965e-12,1.787063448405286e-13,2,0.5999983435364569,3.3129270862186644e-06,37.07080198558239,6.283167960733924,0.06201801166242038,0.2880739152444749
6.42,-0.000510615654677978,-2.348834221073232e-06,0.08470980203139153,-3.0568828515584014,-0.0009563276135693118,-0.00011544860546202594,1.0702662456642538e-12,1.624325089788726e-13,2,0.5999984084873214,3.1830253570674927e-06,37.19646535164405,6.283168640897787,0.06766578155358138,0.2767783754621529
6.44,-0.0005120618742161942,-2.3880281594770172e-06,0.06504382433403241,-3.076548829255761,-0.0009609394734714824,-0.00011136913583895345,1.0733692232450132e-12,1.4862316850217829e-13,2,0.5999984708914262,3.058217147522413e-06,37.322128731040515,6.283169294392044,0.07309209921977133,0.265925740129773
6.46,-0.0005133887901187442,-2.4085237845290146e-06,0.04434292112860699,-3.0972497324611865,-0.0009658282779142398,-0.00010536667055704592,1.0762289014643481e-12,1.3834525730871876e-13,2,0.599998530848631,2.938302738009213e-06,37.44779212324892,6.283169922262425,0.07830564792693231,0.25549864271545103
6.48,-0.0005146323635062771,-2.4224077029290317e-06,0.022940742526098012,-3.1186519110636954,-0.0009707947963133589,-9.750109772157999e-05,1.0789249832514255e-12,1.3243749124488208e-13,2,0.5999985884548801,2.823090239800763e-06,37.573455527766896,6.283170525513655,0.08331477046527883,0.245480397638758
6.5,-0.000515836272160427,-2.4374594228478304e-06,0.001184326770016838,-3.1404083268197764,-0.0009756297566540866,-8.788053115205697e-05,1.081550997006537e-12,1.3142554168151962e-13,2,0.5999986438023559,2.71239528815137e-06,37.69911894411178,6.283171105111066,0.08812748249954204,0.23585497357023158
6.5200000000000005,-0.0005170481801398354,-2.455598285195298e-06,-0.02057343586906971,3.1210192177207237,-0.0009801282526864042,-7.66612074619075e-05,1.0842073905872325e-12,1.3546628252866164e-13,2,0.5999986969796262,2.60604074764359e-06,37.824782371819836,6.283171661982138,0.09275148539574343,0.2266069677778288
6.54,-0.0005183154250938133,-2.4724230210846163e-06,-0.04198156603875594,3.099611087551037,-0.0009841040018877209,-6.404371703569012e-05,1.0869938818406453e-12,1.4433088389519236e-13,2,0.5999987480717858,2.5038564284152187e-06,37.95044581044551,6.283172197017983,0.09719417854502348,0.2177215814792687
6.5600000000000005,-0.0005196807566036186,-2.4779502304337058e-06,-0.06269854966377424,3.078894103926019,-0.0009874021929545751,-5.02657867947985e-05,1.0900018916976087e-12,1.5742976931367341e-13,2,0.5999987971605932,2.405678813488521e-06,38.0761092595607,6.283172711074772,0.10146267120424612,0.2091845961608234
6.58,-0.0005211787466336017,-2.458398702648837e-06,-0.08239927582570934,3.0591933777640836,-0.0009899098313461935,-3.559230178571241e-05,1.093307869680195e-12,1.7387485402273501e-13,2,0.5999988443246009,2.3113507980898618e-06,38.20177271875413,6.283173204975106,0.10556379387232646,0.20098235082466273
6.6000000000000005,-0.0005228333342535486,-2.39865122631966e-06,-0.1007810183844188,3.0408116352053742,-0.0009915627946574489,-2.0303618302143075e-05,1.0969681608056428e-12,1.6908652755199434e-13,2,0.5999988896392815,2.220721436962947e-06,38.32743618763061,6.28317367950933,0.10950410922048626,-0.622132291978648
6.62,-0.0005245344615209528,-2.2685506279926255e-06,-0.11758176109878785,3.024010892491005,-0.000992231879870147,-5.933195678957028e-06,1.1005189663801013e-12,1.862917105900333e-13,2,0.599998933177148,2.1336457038945156e-06,38.45309966581046,6.283174135436803,0.09730703117551953,-0.5977381358887146
6.640000000000001,-0.0005263967163582991,-2.0869790851308335e-06,-0.13249238192721313,3.0091002716625805,-0.0009923042000872934,8.550568842342714e-06,1.1044225625670431e-12,2.040466380653446e-13,2,0.5999989750078704,2.0499842592336392e-06,38.57876315292891,6.283174573487103,0.08558820740139883,-0.5743004883404732
6.66,-0.0005284139857652206,-1.8476285617942772e-06,-0.1452862864329382,2.996306367156855,-0.0009918532522538224,2.2896707730694222e-05,1.1086773614076062e-12,2.2111539739184646e-13,2,0.5999990151983866,1.9696032267368935e-06,38.70442664863545,6.283174994361206,0.07432888527993653,-0.5517818440975486
6.68,-0.0005305706768864204,-1.5497753676814156e-06,-0.1557736302651929,2.9858190233246003,-0.0009909886124877696,3.687356237240629e-05,1.1132581311098252e-12,2.363859929872089e-13,2,0.5999990538130102,1.8923739795173589e-06,38.83009015259334,6.283175398732598,0.06351104749362141,-0.5301461685249184
6.7,-0.0005328437404884866,-1.198655227337316e-06,-0.1638027047150409,2.9777899488747526,-0.0009898489203574383,5.027200703529466e-05,1.1181190744468793e-12,2.4892454641662917e-13,2,0.5999990909135328,1.8181729344313169e-06,38.955753664479055,6.283175787248362,0.05311738319406689,-0.5093588399258093
6.72,-0.0005352047066611995,-8.050376515378717e-07,-0.1692602362268692,2.9723324173629244,-0.0009885934141576234,6.290594509765971e-05,1.1231977650796868e-12,2.580077314094536e-13,2,0.599999126559323,1.7468813540144623e-06,39.08141718398173,6.283176160530204,0.04313126030096037,-0.4893865941395963
6.74,-0.0005376215120245595,-3.841490054289372e-07,-0.1720710052091559,2.9695216483806366,-0.0009873925874014848,7.46104620322386e-05,1.1284195480353367e-12,2.6313824650109056e-13,2,0.5999991608074218,1.6783851564117214e-06,39.20708071080269,6.2831765191754565,0.033536698887186384,-0.4701974713120483
6.76,-0.0005400600412687363,4.58682851739353e-08,-0.17219721695876275,2.9693954366310304,-0.0009864184308321755,8.523832527964378e-05,1.13370212719985e-12,2.640496457577409e-13,2,0.5999991937126334,1.612574733078631e-06,39.332744244655,6.283176863758027,0.02431834560753396,-0.45176076475274346
6.78,-0.000542485432556912,4.6577265692774377e-07,-0.1696379938335443,2.971954659756249,-0.0009858346164875295,9.465571394803107e-05,1.138960188421026e-12,2.607063029868543e-13,2,0.5999992253276133,1.5493447733661014e-06,39.45840778526294,6.283177194829322,0.015461449130068722,-0.434046971797813
6.8,-0.0005448632823214877,8.571423608692009e-07,-0.16442921736735935,2.9771634362224333,-0.0009857869172221923,0.0001027381299215527,1.1441100038846894e-12,2.422209525921195e-13,2,0.5999992557029521,1.4885940957665156e-06,39.58407133236163,6.283177512919125,0.006951836530854738,-0.671620542531147
6.82,-0.000547109544102587,1.2005443156904861e-06,-0.156620016092132,2.984972637497661,-0.0009866254849679827,0.00010903017605647695,1.1488604705240123e-12,2.320110486416198e-13,2,0.5999992848872567,1.430225486487302e-06,39.70973488569656,6.2831778185364495,-0.006215472543878886,-0.6452859243816798
6.84,-0.0005492498506031654,1.4911673828457783e-06,-0.14632649418125404,2.995266159408539,-0.0009882192079332254,0.00011376292610236384,1.1533758886276733e-12,2.189028332472164e-13,2,0.5999993129272284,1.374145543131533e-06,39.8353984450232,6.283178112170347,-0.018866484044937515,-0.6199839013795625
6.86,-0.0005512602436460167,1.7234123812906973e-06,-0.13370241286654114,3.0078902407232526,-0.0009905970553903214,0.00011682463708760082,1.1576062697414085e-12,2.0374297598314664e-13,2,0.5999993398677371,1.3202645257059942e-06,39.96106201010662,6.283178394290695,-0.031021442289749235,-0.5956739848899391
6.88,-0.0005531238270177181,1.8974404163395112e-06,-0.11893963170987863,3.022653021879915,-0.0009937412924885965,0.00011811421980499628,1.1615204249469665e-12,1.875545892665339e-13,2,0.5999993657518934,1.26849621318037e-06,40.08672558072109,6.283178665348946,-0.04269979780470179,-0.572317273860034
6.9,-0.0005548327411468451,2.0189419038860324e-06,-0.10226662317504796,3.0393260304147454,-0.0009975856778716677,0.0001175474598574431,1.1651090364028912e-12,1.7148633844377977e-13,2,0.5999993906211174,1.2187577651534554e-06,40.21238915664973,6.28317892577885,-0.053920238450134494,-0.5498763925691685
6.92,-0.0005563898159068638,2.0980725820720776e-06,-0.08394583636487493,3.057646817224918,-0.0010020169234185026,0.00011506478317686606,1.168386502915987e-12,1.5674083798039148e-13,2,0.5999994145152051,1.1709695897366146e-06,40.338052737684166,6.2831791759971525,-0.06470071932490168,-0.5283154308196342
6.94,-0.0005578095157732963,2.14762463801697e-06,-0.06426977254643383,3.0773228810433597,-0.0010068797202302782,0.0001106395981503635,1.171391161439185e-12,1.4448519278408112e-13,2,0.5999994374723923,1.1250552154340454e-06,40.463716323624205,6.283179416404255,-0.07505849149836163,-0.5075998864727143
6.96,-0.0005591178167720283,2.180667203354785e-06,-0.04355579344559363,3.0980368601442,-0.0010119852800772062,0.00010428604333576703,1.1741835939102961e-12,1.3575155939152328e-13,2,0.5999994595294152,1.080941169462335e-06,40.589379914277494,6.28317964738486,-0.08501012961576773,-0.48769661023790206
6.98,-0.0005603507888184755,2.2080425381337967e-06,-0.02213983413500526,3.1194528194547875,-0.0010171229276313663,9.606493760721002e-05,1.176842932444147e-12,1.3133983931546238e-13,2,0.5999994807215699,1.0385568600668194e-06,40.71504350945922,6.283179869308586,-0.09457155842123721,-0.4685737526269631
7.0,-0.0005615518837103994,2.236189630802748e-06,-0.0003693142358811158,3.141223339353912,-0.0010220738820049204,8.608689060229564e-05,1.1794613459424057e-12,1.312718786788693e-13,2,0.5999995010827684,9.978344630567904e-07,40.84070710899183,6.283180082530557,-0.10375807824073913,0.2060388995379545
7.0200000000000005,-0.0005627573447164213,2.2253253179820343e-06,0.021401983076675648,-3.120190670513118,-0.0010261520387704367,7.549439819485634e-05,1.1820865908310251e-12,1.3257019902355655e-13,2,0.5999995206455929,9.587088141138622e-07,40.96637071270471,6.283180287391976,-0.09971862783707845,0.19795999873063316
7.04,-0.0005640045331212061,2.21567000691525e-06,0.04282083441548298,-3.09877181917431,-0.0010298039378068297,6.350536894668217e-05,1.1847898385490564e-12,1.389814890348376e-13,2,0.5999995394413481,9.211173037648734e-07,41.09203432043396,6.283180484220663,-0.09583756654926169,0.19019787615499964
7.0600000000000005,-0.0005653380564964989,2.199139187692624e-06,0.06354247780304037,-3.0780501757867533,-0.0010328857047749388,5.0350587682793547e-05,1.1876687945045047e-12,1.4996134587754326e-13,2,0.5999995575001111,8.849997776838592e-07,41.21769793202209,6.283180673331588,-0.09210868385122443,0.18274011075892513
7.08,-0.0005667946581267342,2.163252238730441e-06,0.08323601399210065,-3.058356639597692,-0.0010352904639826552,3.628736547626144e-05,1.1908068850694106e-12,1.6464508115705065e-13,2,0.5999995748507799,8.502984401026481e-07,41.34336154731779,6.283180855027367,-0.08852601273511242,0.1755747685267011
7.1000000000000005,-0.0005684005387224701,2.0935103480492653e-06,0.1015913224729254,-3.0400013311168674,-0.0010369555454395715,2.158874572280665e-05,1.194267671104572e-12,1.8193538000682278e-13,2,0.5999995915211193,8.169577614403067e-07,41.46902516617569,6.283181029598753,-0.08508382016279592,0.1686903833820681
7.12,-0.000570170033012838,1.9760677862137575e-06,0.11832488668989567,-3.023267766899897,-0.0010378662559343316,6.532165693553154e-06,1.1980912055300327e-12,2.006051491719009e-13,2,0.5999996075378052,7.849243894852975e-07,41.59468878845611,6.283181197325097,-0.08177659789178567,0.1620759388400476
7.140000000000001,-0.0005721056144391129,1.8002055861109525e-06,0.133184280209351,-3.0084083733804423,-0.001038056135240166,-8.611210070638457e-06,1.2022924834267637e-12,2.1940029912668743e-13,2,0.599999622926468,7.541470639083059e-07,41.72035241402485,6.2831813584747955,-0.07859905366086965,0.15572085037821556
7.16,-0.000574198970161009,1.560216910497965e-06,0.14595121272958209,-2.9956414408602114,-0.0010376039637262529,-2.3585401447590467e-05,1.2068618469593174e-12,2.3712981311935826e-13,2,0.5999996377117327,7.245765345498256e-07,41.84601604275298,6.283181513305725,-0.07554610272136615,0.14961494849920856
7.18,-0.0005764327577997512,1.2564777455524832e-06,0.15644319661681907,-2.985149456972974,-0.001036628050748483,-3.815597428802155e-05,1.2117669987600703e-12,2.527352490818936e-13,2,0.5999996519172589,6.96165482150235e-07,41.97167967451661,6.283181662065647,-0.07261285970044103,0.1437484624573583
7.2,-0.0005787826381997539,8.956491209918504e-07,0.16451405126376875,-2.9770786023260243,-0.0010352784784011253,-5.211344673230006e-05,1.2169561752915134e-12,2.36486374707543e-13,2,0.5999996655657784,6.688684430766756e-07,42.09734330919672,6.2831818049926085,-0.06979463078346893,0.7976454666220132
7.22,-0.0005810836342593993,5.057693856129612e-07,0.1700316729165092,-2.971560980673284,-0.001034043908988845,-6.433547532004373e-05,1.2217870476915472e-12,2.457092022294402e-13,2,0.5999996786791318,6.426417362703774e-07,42.22300694667895,6.2831819423153235,-0.05415656773154093,0.7663693405181572
7.24,-0.0005834420903201338,8.993870059447575e-08,0.17287759088806945,-2.9687150627017242,-0.0010329290400895336,-7.565311701778864e-05,1.2267655257465807e-12,2.5114344360861174e-13,2,0.5999996912783033,6.17443393302608e-07,42.34867058685344,6.283182074253538,-0.039131681902450366,0.7363195688599761
7.26,-0.0005858243225219776,-3.347641397014519e-07,0.173012782718445,-2.9685798708713484,-0.001032096118304196,-8.591642755370881e-05,1.231812296286889e-12,2.5249481489914383e-13,2,0.5999997033834542,5.93233091539247e-07,42.474334229614605,6.283182201018381,-0.02469593027339073,0.7074480656018568
7.28,-0.0005881957977807693,-7.501004625513289e-07,0.170437092324155,-2.971155561265638,-0.0010316982120067311,-9.498775327805443e-05,1.2368445537650763e-12,2.4970809897652643e-13,2,0.5999997150139553,5.699720893037608e-07,42.59999787486104,6.283182322812704,-0.01082621256196431,0.679708630179004
7.3,-0.0005905224185914092,-1.1385366995929961e-06,0.16518893238973698,-2.9764037212000556,-0.0010318697847772616,-0.00010273797876220068,1.2417807660731357e-12,2.42965146548802e-13,2,0.599999726188418,5.476231639267581e-07,42.72566152249528,6.2831824398314025,0.0024996657391981314,0.6530568735766791
7.32,-0.0005927718609459499,-1.4850511016090658e-06,0.15734522562995426,-2.984247427959839,-0.0010327177622321368,-0.00010904391452094085,1.24654538251906e-12,2.3268089347586115e-13,2,0.5999997369247237,5.261505524600807e-07,42.85132517242371,6.283182552261733,0.01530302887838414,0.6274501472983071
7.34,-0.0005949151021987988,-1.7787048700891897e-06,0.14702146346871922,-2.994571190121074,-0.0010343135122467212,-0.00011378754494519142,1.2510734287204805e-12,2.1949511692691565e-13,2,0.5999997472400529,5.055198941672501e-07,42.97698882455636,6.2831826602836065,0.027604364968146167,0.602847475118783
7.36,-0.0005969281997452988,-2.0137900402310587e-06,0.13437160803805237,-3.0072210455517405,-0.0010366862726002247,-0.00011685759550539238,1.2553148611281022e-12,2.0425528300897946e-13,2,0.5999997571509121,4.856981756784506e-07,43.10265247880681,6.283182764069882,0.03942335877065284,0.5792094875137697
7.38,-0.000598794263188364,-2.190367113411044e-06,0.11958748153993323,-3.0220051720498597,-0.001039818653272962,-0.00011815354095096633,1.259238447360792e-12,1.8798491572331639e-13,2,0.5999997666731611,4.6665367769982424e-07,43.22831613509202,6.28318286378664,0.05077892319750804,0.5564983586600593
7.4,-0.0006005054250317833,-2.314039402119662e-06,0.10289729010237954,-3.038695363487413,-0.0010436448567294999,-0.00011759179385497104,1.2628348319371372e-12,1.7870807561826778e-13,2,0.5999997758220373,4.4835592527547874e-07,43.35397979333221,6.283182959593447,0.06168922957444428,0.2882107012606293
7.42,-0.0006020965484539649,-2.385753421058055e-06,0.0845802350621906,-3.057012418527602,-0.0010478041046948212,-0.00011545042613315048,1.2662415551976564e-12,1.6243455290374946e-13,2,0.599999784612181,4.307756380494965e-07,43.47964345345071,6.283183051643617,0.06733968119381004,0.2769097980218978
7.44,-0.0006035427679958335,-2.4247156878999345e-06,0.06491473588208439,-3.076677917707709,-0.00105241627683995,-0.00011137107372001965,1.2693445764179703e-12,1.4862548677205565e-13,2,0.5999997930576582,4.138846836365673e-07,43.60530711537389,6.283183140084447,0.0727685754361378,0.2660520095372423
7.46,-0.000604869677272406,-2.4450089249975974e-06,0.04421418980096635,-3.097378463788827,-0.0010573054664790632,-0.00010536867610525416,1.2722043038436234e-12,1.3834787216612476e-13,2,0.5999998011719835,3.976560329910228e-07,43.730970779030976,6.283183225057463,0.07798459969044116,0.25561996102863555
7.48,-0.0006061132404040505,-2.458717814059125e-06,0.022812281490589358,-3.118780372099204,-0.00106227243171243,-9.750311831573672e-05,1.2749004413813199e-12,1.324404738269466e-13,2,0.5999998089681415,3.820637168860941e-07,43.85663444435398,6.283183306698639,0.08299610070833821,0.24559695899284145
7.5,-0.0006073171383372423,-2.4736178005891767e-06,0.0010560883129266015,-3.140536565276866,-0.0010671078867845337,-8.788251480782286e-05,1.27752651918927e-12,1.314289902615085e-13,2,0.5999998164586079,3.6708278416952567e-07,43.98229811127758,6.283183385138619,0.08781109796063481,0.23596696448824825
7.5200000000000005,-0.0006085290379066236,-2.4916222519546374e-06,-0.020701458553639855,3.120891195036153,-0.0010716069104422252,-7.666310661498763e-05,1.2801829871587963e-12,1.3547029500269582e-13,2,0.5999998236553689,3.5268926223963604e-07,44.10796177973902,6.283183460502923,0.09243729647018883,0.2267145674691402
7.54,-0.0006097962786585199,-2.508322510802502e-06,-0.042109339975051854,3.0994833136147406,-0.0010755832051756761,-6.4045491989837e-05,1.2829695648770197e-12,1.4433552970865136e-13,2,0.5999998305699408,3.388601184095563e-07,44.233625449678,6.283183532912151,0.09688209914159056,0.21782496212633676
7.5600000000000005,-0.0006111616108721852,-2.5137270746037163e-06,-0.06282600598298654,3.078766647606807,-0.001078881945904985,-5.026740846188736e-05,1.285977674194726e-12,1.5743506615745502e-13,2,0.5999998372133885,3.255732230478259e-07,44.35928912103658,6.283183602482173,0.10115261860738937,0.20928392319473912
7.58,-0.00061265960592898,-2.4940467078767963e-06,-0.0825263159901997,3.0590663375995932,-0.0010813901264578435,-3.55937534431688e-05,1.2892837643494049e-12,1.738807535202063e-13,2,0.5999998435963428,3.128073142733001e-07,44.484952793759106,6.283183669324314,0.10525568860982329,0.2010777831898713
7.6000000000000005,-0.0006143142012006969,-2.434157000232691e-06,-0.100907522115243,3.04068513147455,-0.0010830436154955897,-2.0304896238456605e-05,1.2929441786922654e-12,1.6909222664398414e-13,2,0.599999849729018,3.005419639823259e-07,44.610616467792084,6.283183733545537,0.10919787493626448,-0.6220258383335006
7.62,-0.000616015331713115,-2.303898334701837e-06,-0.11770767675903757,3.0238849768307556,-0.0010837131672873847,-5.934296508867131e-06,1.2964951033300956e-12,1.8629788261140006e-13,2,0.5999998556212275,2.8875754498614015e-07,44.73628014308414,6.283183795248611,0.097002883944863,-0.5976358563506976
7.640000000000001,-0.0006178775893108022,-2.1221491767743262e-06,-0.13261757912633726,3.0089750744634554,-0.0010837859278614262,8.54963010034881e-06,1.3003988264965251e-12,2.040531165532695e-13,2,0.5999998612824001,2.7743519970258035e-07,44.861943819585896,6.283183854532273,0.08528606538976674,-0.5742022192405051
7.66,-0.0006198948586268793,-1.8825987493905766e-06,-0.1454106369356751,2.996182016654118,-0.0010833353921356822,2.2895907104876548e-05,1.3046537564639203e-12,2.2112197713988217e-13,2,0.599999866721595,2.6655680995801845e-07,44.98760749724993,6.283183911491388,0.07402866986156631,-0.5516874281841042
7.68,-0.0006220515448264614,-1.5845224768120113e-06,-0.1558970165647554,2.985695637025038,-0.0010824711356100937,3.687286920048407e-05,1.3092346571141193e-12,2.3639245243682563e-13,2,0.599999871947516,2.5610496789951753e-07,45.113271176030665,6.283183966217106,0.06321268312571071,-0.530055454712393
7.7,-0.0006243245974095966,-1.2331568552027094e-06,-0.16392502727176328,2.9776676263180297,-0.0010813317978799553,5.027138638597255e-05,1.3140957268001475e-12,2.489306706418622e-13,2,0.5999998769685257,2.4606294846130083e-07,45.23893485588431,6.283184018796997,0.052820797295889066,-0.5092716830527497
7.72,-0.0006266855460916442,-8.392735344454723e-07,-0.16938141908662463,2.9722112345031686,-0.0010800766171990342,6.290536012352068e-05,1.3191745351077768e-12,2.5801333232973564e-13,2,0.5999998817926588,2.3641468227530993e-07,45.3645985367688,6.2831840693152,0.04283638313771976,-0.4893028547364111
7.74,-0.0006291023280422237,-4.1810207695373737e-07,-0.1721909998944579,2.9694016536953356,-0.0010788760863921967,7.460987610962744e-05,1.3243964236926942e-12,2.6314317815567727e-13,2,0.599999886427635,2.2714472991403056e-07,45.490262218643714,6.2831841178525565,0.03324346345842774,-0.4701170153778271
7.76,-0.0006315408293331149,1.2211115771135668e-08,-0.17231600464670843,2.969276648943085,-0.001077902194472334,8.5237703871191e-05,1.3296790940205552e-12,2.6405381363015975e-13,2,0.5999998908808711,2.1823825768763072e-07,45.61592590147021,6.283184164486736,0.024026687539927483,-0.45168346354082656
7.78,-0.0006339661901577778,4.3241995409732747e-07,-0.16975558589061854,2.971837067699175,-0.0010773186105193446,9.465502618179655e-05,1.3349372305947471e-12,2.6070966720116087e-13,2,0.5999998951594934,2.0968101321905408e-07,45.74158958521099,6.283184209292363,0.015171306574398996,-0.4339727016097696
7.8,-0.0006363440093845208,8.240977901213187e-07,-0.16454565431495088,2.977046999274842,-0.0010772711032320781,0.00010273734990891718,1.34008710533709e-12,2.4222528018749066e-13,2,0.5999998992703485,2.014593030175149e-07,45.867253269830194,6.283184252341137,0.0066631500630487395,-0.6715089173859017
7.82,-0.0006385902526432469,1.1677994054423337e-06,-0.15673540202852926,2.984857251561264,-0.0010781097704852592,0.00010902934462906039,1.344837650468883e-12,2.3201458047370433e-13,2,0.5999999032200146,1.935599707181268e-07,45.99291695529338,6.283184293701944,-0.006501970569409987,-0.6451786761209842
7.84,-0.0006407305448073249,1.4587149307195476e-06,-0.14644091871546877,2.995151734874325,-0.001079703541715014,0.00011376203107376807,1.3493531316236107e-12,2.1890562241483084e-13,2,0.5999999070148121,1.859703757656206e-07,46.11858064156746,6.283184333440971,-0.01915087943824273,-0.6198808583833187
7.86,-0.0006427409294166782,1.6912401239918923e-06,-0.1338159815035396,3.007776672086253,-0.0010820813827174672,0.00011682367425077898,1.3535835615985305e-12,2.0374509058950644e-13,2,0.5999999106608135,1.7867837298624067e-07,46.24424432862064,6.283184371621808,-0.03130381749621736,-0.5955749822673695
7.88,-0.0006446045112786674,1.8655314282499576e-06,-0.11905245904194192,3.022540194547851,-0.0010852255559835149,0.00011811319293146826,1.3574977528682717e-12,1.8755609662524664e-13,2,0.5999999141638531,1.7167229371395365e-07,46.36990801642236,6.283184408305553,-0.04298023203699175,-0.5722221531858207
7.9,-0.0006463134309702749,1.987275302068391e-06,-0.10237882525739378,3.0392138283323993,-0.0010890698189340744,0.00011754638020977873,1.361086388819153e-12,1.7148729086618809e-13,2,0.5999999175295366,1.6494092669461224e-07,46.49557170494327,6.283184443550908,-0.05419880781493236,-0.5497850016299395
7.92,-0.0006478705175730466,2.0666245830960304e-06,-0.08405752273522647,3.057535130854567,-0.0010935008841602301,0.00011506366848658279,1.364363869071634e-12,1.5674126271408215e-13,2,0.5999999207632497,1.5847350054443154e-07,46.621235394155185,6.283184477414273,-0.06497749694470778,-0.5282276233703886
7.94,-0.000649290233902785,2.116369970209998e-06,-0.06438103846359039,3.0772116151262026,-0.001098363445695764,0.00011063847105760845,1.367368530835976e-12,1.4448508830759815e-13,2,0.5999999238701671,1.52259665764376e-07,46.74689908403099,6.2831845099498365,-0.07533354762850197,-0.5075155220028003
7.96,-0.0006505985536843211,2.1495808129764198e-06,-0.04366671298085027,3.0979259406089428,-0.0011034687204689944,0.00010428492935262732,1.370160955751086e-12,1.3575089925135138e-13,2,0.5999999268552605,1.4628947897499245e-07,46.87256277454467,6.283184541209661,-0.0852835317568176,-0.487615553746169
7.98,-0.0006518315442528383,2.1771014527304436e-06,-0.022250454726875524,3.1193421988629177,-0.0011086060402386798,9.606386274144285e-05,1.3728202752283998e-12,1.313385831686277e-13,2,0.5999999297233067,1.405533864851094e-07,46.9982264656712,6.283184571243772,-0.0948433714270365,-0.4684958744057312
8.0,-0.000653032654989533,2.205374778791477e-06,-0.00047965320633072683,3.141113000383463,-0.001113556632567935,8.608587884634841e-05,1.3754386573416582e-12,1.3127039543018917e-13,2,0.5999999324788953,1.3504220941484846e-07,47.12389015738657,6.283184600100228,-0.10402836442217225,0.2061381160190217
8.02,-0.000654238132409993,2.1946330069195125e-06,0.021291932382263554,-3.1203007212075295,-0.001117634411672225,7.549348667431886e-05,1.3780638653956539e-12,1.3256799522336277e-13,2,0.5999999351264357,1.297471285965912e-07,47.24955384966767,6.2831846278252055,-0.0999869688515776,0.1980553248778324
8.040000000000001,-0.0006554853316483868,2.1850899492084378e-06,0.04271110314483237,-3.098881550444961,-0.0011212859191718394,6.350457331702998e-05,1.3807670617944447e-12,1.389785653578764e-13,2,0.5999999376701646,1.2465967080821372e-07,47.37521754249233,6.283184654463072,-0.09610403866791327,0.19028946451050374
8.06,-0.0006568188600109947,2.1686681297898663e-06,0.06343312605120145,-3.078159527538592,-0.0011243672895925537,5.034991616334793e-05,1.3836459523188808e-12,1.4995774230855393e-13,2,0.5999999401141524,1.1977169522836562e-07,47.50088123583923,6.283184680056452,-0.09237336035448279,0.1828281078836428
8.08,-0.0006582754616592838,2.1328938541256166e-06,0.08312712574892338,-3.0584655278408697,-0.0011267716545228076,3.628681782606951e-05,1.3867839646165077e-12,1.6464088666302138e-13,2,0.59999994246231,1.1507537989174921e-07,47.626544929687896,6.283184704646302,-0.0887889640300642,0.1756593152348056
8.1,-0.0006598813391458738,2.063274487169869e-06,0.10148299901189223,-3.0401096545779005,-0.0011284363493715504,2.1588313044475742e-05,1.3902446618371682e-12,1.8193073371096835e-13,2,0.5999999447183951,1.1056320969871081e-07,47.75220862401866,6.28318472827197,-0.0853451138958264,0.16877161496633
8.120000000000001,-0.0006616508296641637,1.94596923073196e-06,0.11821723903168725,-3.0233754145581058,-0.0011293466844547015,6.531831012180996e-06,1.394068100139507e-12,2.006002330064943e-13,2,0.5999999468860179,1.0622796420278746e-07,47.8778723188126,6.283184750971262,-0.08203629905682741,0.16215398528833203
8.14,-0.0006635864093132445,1.7702625132012778e-06,0.1330774213279366,-3.008515232261857,-0.001129536201485055,-8.611470610320114e-06,1.3982692785713014e-12,2.193953236364274e-13,2,0.599999948968647,1.020627060643875e-07,48.00353601405157,6.283184772780503,-0.0788572247034067,0.1557958365814906
8.16,-0.0006656797676781522,1.5304492802988335e-06,0.14584525011019708,-2.995747403479596,-0.0011290836816670016,-2.3585616984324818e-05,1.402838543659743e-12,2.371249991916718e-13,2,0.5999999509696149,9.806077017060488e-08,48.129199709718115,6.28318479373459,-0.07580280363836008,0.14968699445139735
8.18,-0.0006679135642234037,1.226905789128736e-06,0.15633822564563585,-2.9852544279441577,-0.001128107434671316,-3.815617747533845e-05,1.4077436024129342e-12,2.527308086915379e-13,2,0.5999999528921238,9.421575231094437e-08,48.254863405795476,6.283184813867056,-0.07286814813633889,0.143817683447355
8.2,-0.000670263460826191,8.662920442439042e-07,0.1644101497637756,-2.9771825038260173,-0.0011267575429752875,-5.211367198912093e-05,1.4129326953082542e-12,2.3648185909039093e-13,2,0.59999995473925,9.052149985144808e-08,48.380527102267536,6.283184833210117,-0.0700485621224467,0.7977377232999965
8.22,-0.0006725644750265609,4.7663296199298164e-07,0.16992881941287147,-2.9716638341769217,-0.001125522705721602,-6.433571503954477e-05,1.417763481901495e-12,2.457051717297239e-13,2,0.5999999565139494,8.697210107655451e-08,48.506190799118826,6.283184851794726,-0.054408690352475864,0.7664579797600548
8.24,-0.0006749229548415687,6.103633468769283e-08,0.17277581663180422,-2.9688168369579895,-0.0011244075914291713,-7.565340210396701e-05,1.4227418851243697e-12,2.5114001406200814e-13,2,0.5999999582190618,8.356187630731426e-08,48.63185449633447,6.283184869650621,-0.03938206672619132,0.7364047325074857
8.26,-0.0006773052152563678,-3.634223019791768e-07,0.17291209317950768,-2.9686805604102853,-0.00112357444915198,-8.591678617594624e-05,1.427788593656485e-12,2.524920545538662e-13,2,0.5999999598573158,8.028536835347211e-08,48.75751819390018,6.283184886806377,-0.02494464543994035,0.7075298899349838
8.28,-0.000679676721457219,-7.785079624385979e-07,0.17033746696782626,-2.971255186621967,-0.001123176350831989,-9.49882097505628e-05,1.4328208028266032e-12,2.497060275867776e-13,2,0.5999999614313329,7.713733407577195e-08,48.88318189180224,6.283184903289446,-0.011073323539517455,0.679787246134138
8.3,-0.0006820033738425667,-1.1666910462178528e-06,0.16509032582922198,-2.9765023277605707,-0.001123347764629533,-0.00010273855258355987,1.4377569804601384e-12,2.4296373922772195e-13,2,0.599999962943632,7.411273594826184e-08,49.00884559002745,6.283184919126206,0.002254096049491172,0.6531324069561207
8.32,-0.0006842528461753031,-1.5129539341333066e-06,0.15724757009366672,-2.9843450834961267,-0.0011241956214705243,-0.00010904461955622073,1.4425215749770955e-12,2.326800888358662e-13,2,0.599999964396633,7.120673406468825e-08,49.134509288563144,6.283184934341996,0.015058940041762447,0.6275227189715782
8.34,-0.000686396113692901,-1.8063620048860475e-06,0.14692467252338923,-2.994667981066404,-0.0011257912948262705,-0.00011378838876264427,1.4470496104866411e-12,2.1949482882601506e-13,2,0.5999999657926609,6.841467814489022e-08,49.26017298739715,6.283184948961168,0.027361698919529776,0.6029172012160435
8.36,-0.0006884092320269368,-2.041211379432092e-06,0.13427558147978555,-3.0073170721100073,-0.0011281640277922263,-0.00011685857891569495,1.451291041574297e-12,2.042554148594037e-13,2,0.5999999671339499,6.573210020732745e-08,49.38583668651777,6.283184963007113,0.039182059721726115,0.5792764796116509
8.38,-0.0006902753095875067,-2.2175663688818224e-06,0.11949211129367587,-3.0221005422961174,-0.0011312964347547309,-0.00011815465782735224,1.4552146339377823e-12,1.8798537579373255e-13,2,0.5999999684226461,6.315470768569753e-08,49.51150038591376,6.283184976502309,0.05053893754744643,0.5565627239602102
8.4,-0.0006919864784244197,-2.3410335787822516e-06,0.10280246686183599,-3.038790186727957,-0.0011351227210589265,-0.00011759303132622827,1.4588110304192848e-12,1.7870786180116906e-13,2,0.5999999696608119,6.067837610146398e-08,49.637164085574334,6.28318498946835,0.06145050582414174,0.2883088557990602
8.42,-0.0006935775977124414,-2.4125569891228902e-06,0.08448586923146474,-3.0571067843583286,-0.0011392821351552188,-0.00011545172298119961,1.4622177536513763e-12,1.6243475484702556e-13,2,0.5999999708504286,5.829914284660731e-08,49.76282778548911,6.283185001925986,0.06710288179075832,0.277004103865827
8.44,-0.0006950238080783128,-2.4513503745309776e-06,0.06482073154948481,-3.076771922040308,-0.0011438945262720382,-0.00011137240586091434,1.4653207828855486e-12,1.486260859201912e-13,2,0.5999999719933996,5.601320074433147e-08,49.88849148564812,6.283185013895151,0.07253362492560192,0.26614261759613983
8.46,-0.000696350704996672,-2.4714964677602226e-06,0.044120470094898584,-3.0974721834948946,-0.0011487839822177876,-0.00010537001567939187,1.4681805263371518e-12,1.3834888273654415e-13,2,0.5999999730915541,5.381689183181493e-08,50.01415518604178,6.283185025394999,0.07775142557630862,0.2557070162947264
8.48,-0.0006975942548169211,-2.4850783901595686e-06,0.022718793431296732,-3.118873860158496,-0.0011537512536329672,-9.750443592764598e-05,1.4708766884674869e-12,1.3244193403866128e-13,2,0.5999999741466493,5.1706701365006325e-08,50.13981888666091,6.28318503644393,0.08276463333710976,0.24568060077312415
8.5,-0.0006987981407077141,-2.4998684582540605e-06,0.0009628059895168822,-3.1406298476002767,-0.0011585870459028755,-8.788378198651593e-05,1.4735028003349887e-12,1.3143094772288822e-13,2,0.5999999751603736,4.9679252711598565e-08,50.265482587496656,6.283185047059627,0.08758127040996395,0.23604732662741576
8.52,-0.0007000100313251249,-2.517775541703734e-06,-0.020794532781265713,3.1207981208085274,-0.0011630864282538827,-7.666429825211305e-05,1.4761593127453585e-12,1.354727889907474e-13,2,0.5999999761343493,4.7731301355824485e-08,50.391146288540526,6.283185057259076,0.09220904444179182,0.22679177856376004
8.540000000000001,-0.0007012772673060475,-2.534385506534917e-06,-0.04220217634978328,3.09939047724001,-0.0011670630937983021,-6.404658849535756e-05,1.4789459458546663e-12,1.443385738404989e-13,2,0.5999999770701349,4.5859730235520146e-08,50.516809989784356,6.2831850670586,0.0966553608583554,0.21789914573063288
8.56,-0.0007026425990952419,-2.5397009216514245e-06,-0.06291855018497237,3.07867410340482,-0.0011703622089602617,-5.0268397405156865e-05,1.4819541214211489e-12,1.5743863489911904e-13,2,0.5999999779692278,4.406154441305432e-08,50.64247369122031,6.283185076473878,0.10092733471451928,0.2093551980183051
8.58,-0.0007041405972976768,-2.5199267490793362e-06,-0.082618493622152,3.058974159967641,-0.0011728707605128932,-3.5594630518251066e-05,1.4852602877177509e-12,1.7388477511358218e-13,2,0.5999999788330667,4.233386663443639e-08,50.76813739284085,6.283185085519978,0.10503180207985638,0.2011462632876309
8.6,-0.0007057951977261951,-2.4599334347273403e-06,-0.10099924438263418,3.040593409207159,-0.0011745246118084222,-2.030566549210508e-05,1.488920786192589e-12,1.6909609179918454e-13,2,0.599999979663034,4.067393200024583e-08,50.89380109463874,6.283185094211376,0.10897533097781764,-0.6219476394861712
8.620000000000001,-0.000707496329992723,-2.329559928793768e-06,-0.11779890589223571,3.0237937476975576,-0.0011751944891381502,-5.934958296086999e-06,1.492471791692396e-12,1.8630207134918428e-13,2,0.5999999804604578,3.907908441291852e-08,51.01946479660703,6.283185102561979,0.0967818730967469,-0.5975607237240297
8.64,-0.0007093585887241368,-2.1476818378114375e-06,-0.13270822142647967,3.0088844321633132,-0.001175267559948209,8.549060616471424e-06,1.4963756008226998e-12,2.0405748499656936e-13,2,0.5999999812266141,3.754677169176546e-08,51.14512849873904,6.28318511058515,0.08506652753786548,-0.5741300326062668
8.66,-0.0007113758566788649,-1.9079865148298447e-06,-0.1455006013481473,2.9960920522416457,-0.0011748173179218552,2.2895409391161827e-05,1.500630618738568e-12,2.2112636123070148e-13,2,0.5999999819627291,3.6074541798214455e-08,51.27079220102834,6.283185118293728,0.07381054724887215,-0.5516180720282802
8.68,-0.0007135325374971884,-1.609748841914147e-06,-0.1559862207481646,2.985606432841628,-0.0011739533380874813,3.687241889320979e-05,1.5052116059574282e-12,2.363966838803816e-13,2,0.5999999826699806,3.4660038839007257e-08,51.39645590346878,6.283185125700049,0.06299592025990064,-0.5299888180503372
8.700000000000001,-0.0007158055797286799,-1.2582059424469264e-06,-0.16401340268868186,2.977579250901112,-0.0011728142598029488,5.0270956894385396e-05,1.5100727575446227e-12,2.4893459270818703e-13,2,0.5999999833495003,3.330099929144126e-08,51.52211960605441,6.283185132815964,0.052605340860525096,-0.5092076592515861
8.72,-0.0007181665128277493,-8.641310457549181e-07,-0.1694689149214469,2.972123738668346,-0.0011715593208376472,6.29049241563478e-05,1.5151516401722326e-12,2.5801681333564384e-13,2,0.5999999840023758,3.199524845065582e-08,51.64778330877955,6.2831851396528595,0.0426221819069314,-0.4892413413443987
8.74,-0.0007205832744021283,-4.427560206203502e-07,-0.17227758573089813,2.9693150678588953,-0.0011703590129063899,7.460940704444464e-05,1.5203735931915864e-12,2.6314612128669564e-13,2,0.5999999846296515,3.0740696876918605e-08,51.77344701163874,6.283185146221676,0.0330304682149396,-0.4700579139604151
8.76,-0.0007230217515838641,-1.2230102656622108e-08,-0.17240167192159248,2.9691909816682003,-0.0011693853230422342,8.523717694176557e-05,1.5256563165280684e-12,2.640561625292438e-13,2,0.5999999852323316,2.9535336842911875e-08,51.8991107146267,6.283185152532926,0.02381485099630115,-0.4516266795231382
8.78,-0.0007254470861100679,4.0819741507749087e-07,-0.1698403481767479,2.9717523054130446,-0.0011688019173813117,9.465441949567511e-05,1.530914493977498e-12,2.607114072715888e-13,2,0.5999999858113801,2.8377239669197252e-08,52.0247744177384,6.283185158596709,0.014960583297363023,-0.4339181441252619
8.8,-0.0007278248786979089,8.000964322703517e-07,-0.16462954648457367,2.9769631071052194,-0.0011687545607748633,0.0001027366453214267,1.5360643975714316e-12,2.422278158638511e-13,2,0.5999999863677239,2.7264552171502032e-08,52.150438120968985,6.283185164422726,0.006453496400795733,-0.6714251787398864
8.82,-0.0007300711043035439,1.1440131226208588e-06,-0.15681850535228595,2.9847741482375074,-0.0011695933090980616,0.00010902857513777626,1.5408149875269084e-12,2.3201653834744894e-13,2,0.5999999869022531,2.6195493774139322e-08,52.27610182431379,6.283185170020302,-0.006709982512025592,-0.6450982209142437
8.84,-0.0007322113817425704,1.435138544874191e-06,-0.14652330398156482,2.9950693496082277,-0.0011711871225921567,0.00011376118859641062,1.5453305024440759e-12,2.1890705598194253e-13,2,0.599999987415823,2.516835384547278e-08,52.40176552776833,6.283185175398395,-0.01935731403396862,-0.6198035578703577
8.86,-0.0007342217559162869,1.6678648809345406e-06,-0.1338977309300522,3.0076949226597414,-0.0011735649639394107,0.00011682275671579787,1.5495609563205154e-12,2.0374606332589048e-13,2,0.5999999879092557,2.4181488589292144e-08,52.52742923132832,6.28318518056561,-0.03150873659370973,-0.5955007127508755
8.88,-0.0007360853324967281,1.8423452677846563e-06,-0.11913366126557726,3.022458992324216,-0.001176709093229115,0.00011811220434538628,1.5534751629078002e-12,1.8755666974404694e-13,2,0.5999999883833406,2.323331882436719e-08,52.65309293498961,6.283185185530215,-0.04318369505978631,-0.5721507958187223
8.9,-0.0007377942522943452,1.964263341726946e-06,-0.10245956973303959,3.039133083856754,-0.0011805532666740277,0.00011754533037278325,1.5570638067077823e-12,1.7148751223187185e-13,2,0.5999999888388363,2.232232731991246e-08,52.77875663874823,6.283185190300155,-0.054400871856534694,-0.5497164422252255
8.92,-0.0007393513439334464,2.043769851556526e-06,-0.08413789388042392,3.057454759709369,-0.0011849841972381649,0.00011506257230524766,1.5603412880994064e-12,1.567411588403697e-13,2,0.5999999892764718,2.1447056353096627e-08,52.90442034260037,6.283185194883063,-0.06517821685995501,-0.5281617522183849
8.94,-0.0007407710691221904,2.093654397511188e-06,-0.06446110996709684,3.0771315436226967,-0.001189846581130808,0.00011063734743787063,1.563345944578558e-12,1.4448466113311062e-13,2,0.5999999896969473,2.0606105266551822e-08,53.030084046542356,6.283185199286272,-0.0755329761213423,-0.5074522336956103
8.96,-0.0007420793999794972,2.126986438160088e-06,-0.04374654273769578,3.097846110852098,-0.001194951639261723,0.00010428379970797758,1.5661383575886905e-12,1.3575012865551668e-13,2,0.5999999901009359,1.9798128247927593e-08,53.15574775057067,6.28318520351683,-0.08548171946464792,-0.4875547470089991
8.98,-0.0007433124019898416,2.154611754656003e-06,-0.02233008084522071,3.1192625727445726,-0.001200088708945473,9.606274921160616e-05,1.5687976579727826e-12,1.3133743506441155e-13,2,0.5999999904890837,1.9021832553534068e-08,53.28141145468192,6.2831852075815045,-0.09504036700173293,-0.46843745193482905
9.0,-0.0007445135227562283,2.1829759877785973e-06,-0.0005590914494085254,3.141033562140384,-0.0012050390244346444,8.608480237771837e-05,1.5714160130716572e-12,1.3126909606564756e-13,2,0.5999999908620121,1.827597584380669e-08,53.407075158872864,6.283185211486801,-0.1042242146079436,0.20621206341825332
9.02,-0.0007457190108478851,2.1723224678313288e-06,0.021212684245786016,-3.1203799693440075,-0.0012091165150731533,7.549247842578587e-05,1.5740411903732265e-12,1.325662138293918e-13,2,0.5999999912203177,1.755936462899399e-08,53.532738863140374,6.2831852152389684,-0.10018136927785039,0.1981263727580669
9.040000000000001,-0.0007469662170959671,2.1628601593609e-06,0.04263206553279186,-3.0989605880570013,-0.00121276772351065,6.350364813783516e-05,1.5767443462051957e-12,1.3897629007041822e-13,2,0.599999991564574,1.6870852048711527e-08,53.658402567481446,6.283185218844012,-0.09629704618057054,0.19035772656350722
9.06,-0.0007482997484938688,2.146516647922353e-06,0.06335434087715948,-3.0782383127126334,-0.0012158487913523383,5.0349083361215556e-05,1.5796231863623867e-12,1.4995498913702555e-13,2,0.5999999918953317,1.620933653967427e-08,53.784066271893195,6.283185222307699,-0.09256502957044863,0.18289369334326339
9.08,-0.0007497563497108086,2.1108232498357743e-06,0.08304865274823414,-3.058544000841559,-0.0012182528560762097,3.62860802987872e-05,1.5827611391601071e-12,1.6463770766498148e-13,2,0.5999999922131203,1.5573759393205933e-08,53.90972997637285,6.283185225635574,-0.08897934742470244,0.17572232905177101
9.1,-0.0007513622245141188,2.0412918221258712e-06,0.10140491092591583,-3.0401877426638775,-0.0012199172575368916,2.1587667034907044e-05,1.5862217691719587e-12,1.8192721882890373e-13,2,0.5999999925184482,1.4963103645015963e-08,54.03539368091775,6.28318522883296,-0.08553426188691246,0.16883215797619106
9.120000000000001,-0.0007531317117819813,1.924085174356395e-06,0.11813961611088371,-3.023453037478909,-0.001220827309030109,6.531266457467848e-06,1.5900451347070183e-12,2.0059650544271916e-13,2,0.599999992811804,1.4376391854753479e-08,54.16105738552533,6.283185231904975,-0.08222426008522744,0.16221215437282102
9.14,-0.0007550672894644237,1.748490239520943e-06,0.13300034564029678,-3.0085923079494963,-0.0012210165539719253,-8.611969244595309e-06,1.5942462375404689e-12,2.193915299339902e-13,2,0.5999999930936573,1.3812685439873462e-08,54.28672109019315,6.283185234856535,-0.07904404531059332,0.15585172482355278
9.16,-0.0007571606488566071,1.5088033003445984e-06,0.14576880009972684,-2.995823853490066,-0.0012205637743387713,-2.358606954374766e-05,1.5988154272671672e-12,2.3712129605250534e-13,2,0.5999999933644589,1.3271082233146103e-08,54.41238479491882,6.283185237692362,-0.07598852854088867,0.14974069128414347
9.18,-0.0007593944507368587,1.2054008488447426e-06,0.1562624712920484,-2.9853301822977443,-0.001219587280070706,-3.8156606799997665e-05,1.6037204140242735e-12,2.527273488354276e-13,2,0.5999999936246422,1.2750715594478379e-08,54.538048499700096,6.283185240416995,-0.07305282029740362,0.14386927479717337
9.200000000000001,-0.0007617443577296542,8.449421739406643e-07,0.164335148574713,-2.9772575050150802,-0.0012182371538509052,-5.2114102587147235e-05,1.6089094412031175e-12,2.3647836824612905e-13,2,0.5999999938746235,1.2250752856601821e-08,54.66371220453479,6.283185243034794,-0.0702322228206308,0.7978050399401131
9.22,-0.0007640453836905599,4.554424997332935e-07,0.16985455721240136,-2.9717380963773916,-0.0012170021214633188,-6.433614268619858e-05,1.6137401610182978e-12,2.457020104961429e-13,2,0.599999994114803,1.1770393992804884e-08,54.789375909420805,6.283185245549947,-0.05459103128905329,0.7665226568769581
9.24,-0.0007664038791447319,4.0015101078918245e-08,0.1727023177070252,-2.968890335882768,-0.0012158868296350345,-7.56538492336669e-05,1.6187185050083433e-12,2.511372698344293e-13,2,0.5999999943455648,1.1308870284665318e-08,54.91503961435613,6.28318524796648,-0.039563139649754886,0.7364668735983613
9.26,-0.0007687861582689676,-3.842668541702222e-07,0.17283936329474794,-2.9687532902950453,-0.0012150535289484213,-8.591727340679813e-05,1.623765163275044e-12,2.5248978144199344e-13,2,0.5999999945672784,1.0865443211827142e-08,55.04070331933883,6.283185250288259,-0.02512450006999145,0.7075895944388344
9.28,-0.0007711576850306491,-7.991710687781094e-07,0.17026549316757633,-2.9713271604222165,-0.00121465529364816,-9.4988755023609e-05,1.6287973318843223e-12,2.497042453921778e-13,2,0.5999999947802984,1.0439403119733015e-08,55.166367024367055,6.283185252519,-0.011252007646028017,0.6798446095909075
9.3,-0.0007734843583479861,-1.1871708412732175e-06,0.16501907724292592,-2.9765735763468673,-0.0012148265949125164,-0.00010273917043259404,1.6337334787289794e-12,2.429624359181987e-13,2,0.5999999949849658,1.0030068331445818e-08,55.29203072943901,6.283185254662272,0.002076536569636689,0.6531875211595781
9.32,-0.0007757338504114065,-1.5332515729526015e-06,0.15717699969590185,-2.9844156538938913,-0.0012156743672106518,-0.00010904532049690812,1.6384980517085581e-12,2.326792261565255e-13,2,0.5999999951816081,9.636783815381023e-09,55.417694434552985,6.283185256721506,0.01488246109132213,0.6275756721162072
9.34,-0.000777877134970855,-1.8264816976525453e-06,0.14685471980443468,-2.994737933785359,-0.0012172699877763097,-0.0001137891788086589,1.6430260739638725e-12,2.1949435052792416e-13,2,0.5999999953705399,9.258920075083665e-09,55.54335813970733,6.283185258699996,0.027186258130339258,0.602968078038173
9.36,-0.0007798902664291705,-2.0611603221207286e-06,0.13420617596076195,-3.0073864776290318,-0.0012196427032910924,-0.00011685945925359457,1.6472674988495425e-12,2.0425525676879355e-13,2,0.5999999955520636,8.89587270513914e-09,55.66902184490046,6.283185260600908,0.039007616386900534,0.5793253615250504
9.38,-0.0007817563523826194,-2.2373545369328266e-06,0.11942317676925934,-3.022169476820533,-0.001222775131108511,-0.00011815562470233189,1.6511910907815505e-12,1.8798547657840579e-13,2,0.5999999957264697,8.54706061481636e-09,55.794685550130865,6.283185262427285,0.0503654525562407,0.5566096891863701
9.4,-0.0007834675246008385,-2.3606733439085577e-06,0.10273392617608404,-3.038858727413709,-0.0012266014784888587,-0.00011759407619982485,1.6547874914808237e-12,1.7870750483719654e-13,2,0.5999999958940372,8.211925583978541e-09,55.92034925539708,6.283185264182047,0.061277941599365005,0.28837982150560604
9.42,-0.0007850586394315816,-2.4320588749855187e-06,0.08441765939810407,-3.057174994191689,-0.0012307610127079982,-0.0001154528030499445,1.6581942109020073e-12,1.624347247120894e-13,2,0.5999999960550343,7.88993137490479e-09,56.04601296069769,6.2831852658680045,0.06693170886855887,0.2770722869672183
9.44,-0.0007865048418998638,-2.4707301625717805e-06,0.06475278489074188,-3.076839868699051,-0.0012353735614071305,-0.00011137350470494807,1.6612972426816345e-12,1.4862637052560328e-13,2,0.5999999962097186,7.580562844111682e-09,56.17167666603135,6.2831852674878546,0.0723637887522254,0.26620812719988524
9.46,-0.0007878317288470065,-2.490769932076832e-06,0.044052732558649416,-3.097539921031144,-0.0012402632084485051,-0.0001053711142554015,1.664156995024163e-12,1.3834949211083933e-13,2,0.5999999963583376,7.2833248321302335e-09,56.29734037139678,6.28318526904419,0.077582873737084,0.25576995723016804
9.48,-0.0007890752682402398,-2.5042601556232162e-06,0.022651228075968786,-3.1189414255138246,-0.0012452306991721197,-9.750551416876358e-05,1.6668531727709162e-12,1.3244289398992698e-13,2,0.5999999965011292,6.99774149737209e-09,56.423004076792715,6.283185270539501,0.08259731547257461,0.24574107375918683
9.5,-0.0007902791448439157,-2.5189708646327227e-06,0.0008953952617082005,-3.1406972583280854,-0.001250066732699183,-8.788482054964707e-05,1.669479307579972e-12,1.3143228943361522e-13,2,0.5999999966383219,6.72335609408492e-09,56.54866778221797,6.283185271976179,0.08741513813527862,0.2361054284337788
9.52,-0.0007914910286041132,-2.536807656983732e-06,-0.02086178619229327,3.1207308673974996,-0.0012545663715479228,-7.666528023992754e-05,1.6721358508413568e-12,1.3547453651217996e-13,2,0.5999999967701352,6.459729640084788e-09,56.67433148767139,6.2831852733565245,0.09204405126931337,0.22684760216570932
9.540000000000001,-0.0007927582609069238,-2.5533524259604694e-06,-0.04226925015232054,3.099323403437472,-0.0012585433022431853,-6.40475009690687e-05,1.6749225230275223e-12,1.4434073198076756e-13,2,0.59999999689678,6.206440028577731e-09,56.79999519315187,6.283185274682746,0.09649146212324743,0.2179527804578412
9.56,-0.0007941235922702955,-2.558603450032774e-06,-0.0629854045363233,3.0786072490534693,-0.0012618426852597626,-5.0269232525370556e-05,1.6779307457256439e-12,1.5744117993797554e-13,2,0.599999997018459,5.963082028159761e-09,56.925658898658355,6.283185275956966,0.1007644875032787,0.20940672969777865
9.58,-0.0007956215926899754,-2.5387615012803672e-06,-0.08268507436706955,3.0589075792227236,-0.0012643515024483936,-3.559538620244674e-05,1.6812369664073747e-12,1.7388765014346306e-13,2,0.5999999971353669,5.729266172593839e-09,57.05132260418982,6.283185277181222,0.10486996516164258,0.20119577438105088
9.6,-0.0007972761968075912,-2.4786933197051377e-06,-0.10106548714948511,3.0405271664403077,-0.0012660056134727953,-2.030634554849243e-05,1.6848975250496825e-12,1.6909885222949e-13,2,0.5999999972476907,5.504618538765271e-09,57.17698630974529,6.283185278357475,0.10881446473847439,-0.6218908780748885
9.620000000000001,-0.0007989773302804372,-2.3482368627728374e-06,-0.11786478334945767,3.023727870240336,-0.001266675724767273,-5.935563336204377e-06,1.6884485883175937e-12,1.863050634448339e-13,2,0.5999999973556103,5.28877941441408e-09,57.30265001532381,6.283185279487607,0.0966221196807891,-0.5975061879595179
9.64,-0.0008008395897363661,-2.1662656520919605e-06,-0.1327736659899043,3.0088189875998888,-0.0012667490189561068,8.548519071586762e-06,1.6923524588244906e-12,2.0406060155422684e-13,2,0.5999999974592983,5.081403298135001e-09,57.42831372092449,6.283185280573425,0.08490784331086404,-0.5740776352196678
9.66,-0.0008028568565572083,-1.926465705592453e-06,-0.14556554749289935,2.9960271060968937,-0.0012662989888565053,2.2894916088015783e-05,1.6966075394188568e-12,2.2112948154104355e-13,2,0.5999999975589206,4.882158677332882e-09,57.55397742654646,6.283185281616668,0.07365289028732847,-0.5515677291725967
9.68,-0.0008050135332688051,-1.6281115269881349e-06,-0.15605060937364765,2.985542044216146,-0.0012654352091488463,3.687195594424553e-05,1.701188588154388e-12,2.3639968521307305e-13,2,0.5999999976546367,4.690726473910445e-09,57.679641132188884,6.283185282619005,0.06283925028415993,-0.5299404491662596
9.700000000000001,-0.000807286567729038,-1.276440701779805e-06,-0.16407718477496872,2.9775154688148238,-0.0012642963189819834,5.0270504915905735e-05,1.7060497977079434e-12,2.4893736161417573e-13,2,0.5999999977465997,4.5068004883574986e-09,57.80530483785096,6.283185283582039,0.05244961917032054,-0.5091611869385808
9.72,-0.0008096474892045979,-8.822276039787488e-07,-0.16953205433820606,2.972060599251587,-0.001263041555712426,6.2904463347322e-05,1.7111287326503262e-12,2.5801925522937784e-13,2,0.5999999978349568,4.330086289527912e-09,57.93096854353192,6.283185284507312,0.042467371319455244,-0.4891966912368502
9.74,-0.0008120642356245171,-4.6070576670283474e-07,-0.17234006115158568,2.969252592438208,-0.0012618414101699818,7.460891815158567e-05,1.7163507306854616e-12,2.6314816737145453e-13,2,0.5999999979198494,4.160301214639617e-09,58.056632249231015,6.283185285396305,0.032876533005342906,-0.47001501460862555
9.76,-0.000814502694894223,-3.0026466146186455e-08,-0.17246347785591004,2.969129175733883,-0.0012608678678597007,8.523664209581716e-05,1.7216334906536525e-12,2.6405777367380917e-13,2,0.5999999980014132,3.9971734810961834e-09,58.18229595494754,6.28318528625044,0.023661756840526293,-0.4515854622789923
9.78,-0.000816928009875238,3.9055870134355976e-07,-0.16990149515987296,2.9716911584299197,-0.0012602845926839748,9.465382292998025e-05,1.7268916958745048e-12,2.607125748113577e-13,2,0.599999998079779,3.8404419644422205e-09,58.30795966068081,6.283185287071083,0.014808297217217936,-0.4338785430323756
9.8,-0.0008193057826311891,7.826171552050237e-07,-0.16469006046021695,2.9769025931295765,-0.0012602373466030377,0.0001027359739930339,1.7320416184985259e-12,2.422295709311376e-13,2,0.599999998155072,3.6898559763187677e-09,58.43362336643017,6.283185287859548,0.006301986711181762,-0.6713642152632318
9.82,-0.000821551994931489,1.1266888787380014e-06,-0.15687844582020485,2.9847142077695885,-0.001261076154765371,0.00010902785331854905,1.7367922392908406e-12,2.320178755440314e-13,2,0.5999999982274127,3.5451745983294813e-09,58.559287072194984,6.283185288617098,-0.006860296995584103,-0.6450396478497
9.84,-0.0008236922611634693,1.417965600797955e-06,-0.14658272287250906,2.995009930717284,-0.001262669999800456,0.00011376041052799701,1.7413077770648808e-12,2.1890801593703744e-13,2,0.5999999982969169,3.4061662379514246e-09,58.684950777974656,6.283185289344943,-0.01950648017617146,-0.6197472814885253
9.86,-0.0008257026272274801,1.6508369328049177e-06,-0.1339566884169154,3.0076359651728772,-0.0012650478420630485,0.00011682192101324687,1.7455382467241041e-12,2.0374669376064743e-13,2,0.5999999983636957,3.2726086285350675e-09,58.810614483768596,6.2831852900442495,-0.031656799421665494,-0.5954466429975372
9.88,-0.0008275661994369706,1.8254536338049417e-06,-0.11919222213295813,3.022400431456835,-0.0012681919398458935,0.00011811131405570249,1.7494524629779046e-12,1.8755701652200657e-13,2,0.5999999984278561,3.1442877190812624e-09,58.93627818957624,6.283185290716136,-0.043330697835065435,-0.5720988461707374
9.9,-0.0008292751187880808,1.9474973078383763e-06,-0.10251779932174586,3.0390748542680477,-0.0012720360484482828,0.00011754439277945186,1.753041111163848e-12,1.7148761124753644e-13,2,0.5999999984895008,3.0209983403750584e-09,59.06194189539706,6.2831852913616775,-0.05454685614439714,-0.549666529552074
9.92,-0.0008308322135907183,2.0271171967246568e-06,-0.08419585384839459,3.057396799741399,-0.0012764668810873907,0.00011506159843955838,1.7563185922311784e-12,1.5674103014605902e-13,2,0.5999999985487283,2.9025433168072823e-09,59.18760560123054,6.283185291981907,-0.0653232225958636,-0.528113796649141
9.94,-0.0008322519447659987,2.0771021043723913e-06,-0.06451885416980914,3.077073799419984,-0.0012813291355542307,0.00011063635128289888,1.7593232438953454e-12,1.4448430653982966e-13,2,0.5999999986056335,2.788733022285328e-09,59.313269307076176,6.283185292577816,-0.075677041674868,-0.5074061584911322
9.96,-0.0008335602832814141,2.1105215613011377e-06,-0.04380411356240287,3.0977885400273903,-0.0012864340356712781,0.0001042827971191104,1.762115647461625e-12,1.3574953351624908e-13,2,0.5999999986603074,2.679385158188552e-09,59.4389330129335,6.28318529315036,-0.08562488170086924,-0.48751047843912976
9.98,-0.000834793293287471,2.138222379109407e-06,-0.02238750632098039,3.119205147268813,-0.0012915709228272481,9.606175662189657e-05,1.7647749333549048e-12,1.3133657413205564e-13,2,0.5999999987128375,2.5743249754128783e-09,59.56459671880204,6.283185293700454,-0.09518266134022801,-0.4683949191604122
10.0,-0.0008359944210993466,2.166652175375607e-06,-0.0006163833955127734,3.1409762701942805,-0.0012965210361876487,8.60838353976985e-05,1.7673932683693904e-12,1.312681275026762e-13,2,0.5999999987633079,2.473384164147774e-09,59.69026042468138,6.2831852942289785,-0.104365675079469,0.20626581657688753
10.02,-0.0008371999167281721,2.1560623042085243e-06,0.02115552709035083,-3.120437126499443,-0.0013005983162624319,7.549156014942183e-05,1.770018422911786e-12,1.325649021109625e-13,2,0.5999999988117993,2.376401297965458e-09,59.81592413057107,6.2831852947367794,-0.1003217759036271,0.19817801822520373
10.040000000000001,-0.0008384471279192311,2.1466582188929967e-06,0.04257505762316388,-3.099017595966629,-0.0013042493064021094,6.350278976665635e-05,1.7727215489802374e-12,1.3897462501782597e-13,2,0.5999999988583894,2.2832211676870884e-09,59.94158783647072,6.283185295224668,-0.09643644028248143,0.19040734698291237
10.06,-0.000839780661423685,2.130371155440663e-06,0.0632975122635227,-3.0782951413262705,-0.0013073301534187896,5.0348292075265584e-05,1.7756003523462778e-12,1.4995298062489706e-13,2,0.5999999989031526,2.19369478138276e-09,60.06725154237993,6.2831852956934275,-0.09270345085012233,0.18294136811819417
10.08,-0.0008412372622601945,2.0947360478086027e-06,0.08299204642033225,-3.0586006071694607,-0.001309733999132037,3.628535861169566e-05,1.7787382617741328e-12,1.646353916788997e-13,2,0.5999999989461606,2.1076786982376916e-09,60.192915248298334,6.283185296143806,-0.08911683402704448,0.17576813447203848
10.1,-0.0008428431350571428,2.025267999392264e-06,0.10134857933133382,-3.0402440742584593,-0.0013113981866838655,2.1587012602396918e-05,1.7821988428352204e-12,1.8192465892164826e-13,2,0.5999999989874822,2.0250354726414344e-09,60.318578954225565,6.283185296576525,-0.08567085046114523,0.16887616734023997
10.120000000000001,-0.0008446126198958621,1.908132430002002e-06,0.11808361718008728,-3.023509036409706,-0.0013123080315833222,6.5306723194507326e-06,1.7860221553663935e-12,2.0059378948547119e-13,2,0.5999999990271836,1.945632766009453e-09,60.44424266016128,6.283185296992277,-0.08235998584353676,0.16225443810502305
10.14,-0.0008465481960530586,1.732618087530436e-06,0.13294473867008821,-3.0086479149197043,-0.0013124970785201332,-8.612514066581981e-06,1.7902232030938496e-12,2.1938876300034822e-13,2,0.5999999990653283,1.8693433467831255e-09,60.569906366105144,6.283185297391727,-0.07917894208447546,0.15589235058690043
10.16,-0.0008486415560526582,1.4930222265032882e-06,0.1457136418167051,-2.995879011773088,-0.0013120441100534206,-2.358657920843221e-05,1.7947923378162684e-12,2.371185909049759e-13,2,0.5999999991019773,1.796045312474348e-09,60.69557007205684,6.283185297775514,-0.07612262883528795,0.1497797240885254
10.18,-0.0008508753616190157,1.189721513946481e-06,0.15620781235012984,-2.9853848412396626,-0.001311067436325137,-3.815709769096235e-05,1.7996972719258224e-12,2.5272481568693844e-13,2,0.5999999991371893,1.7256214235317202e-09,60.82123377801606,6.283185298144253,-0.07318615534272727,0.14390677710340405
10.200000000000001,-0.0008532252759163422,8.293747257607624e-07,0.16428103065422078,-2.977311622935572,-0.0013097171401586733,-5.211459234699121e-05,1.8048862509196034e-12,2.3647581597866644e-13,2,0.5999999991710205,1.65795888129594e-09,60.94689748398251,6.283185298498533,-0.07036482262272425,0.7978537678623319
10.22,-0.0008555263101663517,4.399900930050824e-07,0.1698009702568742,-2.9717916833329188,-0.0013084819665836562,-6.433662844111321e-05,1.809716921853814e-12,2.456996933461972e-13,2,0.5999999992035253,1.5929493279998042e-09,61.072561189955906,6.283185298838922,-0.05472267576656714,0.7665694741500176
10.24,-0.0008578848166848078,2.468484262511526e-08,0.17264927947484,-2.9689433741149536,-0.0013073665464769981,-7.565434719707748e-05,1.8146952223579478e-12,2.511352514085129e-13,2,0.5999999992347556,1.5304888467682076e-09,61.19822489593598,6.2831852991659645,-0.039693866261501676,0.7365118551398867
10.26,-0.0008602671090688371,-3.994695683430476e-07,0.17278687818820665,-2.968805775401586,-0.0013065331314912345,-8.591779850367953e-05,1.8197418435723857e-12,2.5248810146462675e-13,2,0.5999999992647612,1.4704775175289342e-09,61.32388860192246,6.2831852994801825,-0.02525434480600275,0.7076328122288889
10.28,-0.0008626386504104816,-8.14242786302734e-07,0.1702135520859905,-2.9713791015038025,-0.0013061347974956368,-9.498932026194866e-05,1.8247739821095555e-12,2.497029189192125e-13,2,0.5999999992935904,1.4128191949680513e-09,61.449552307915106,6.2831852997820805,-0.011381005085146001,0.6798861327871754
10.3,-0.0008649653385644654,-1.202110206553545e-06,0.16496765815987413,-2.976624995429919,-0.0013063060178069462,-0.00010273978637107255,1.8297101059267955e-12,2.429614550820401e-13,2,0.5999999993212891,1.357421730574515e-09,61.57521601391367,6.283185300072141,0.0019483532044256013,0.6532274162080322
10.32,-0.0008672148445916406,-1.5480594154410957e-06,0.15712606892683523,-2.9844665846629574,-0.00130715372941162,-0.00010904599480086786,1.834474662564595e-12,2.326785641805801e-13,2,0.5999999993479017,1.3041965285509605e-09,61.700879719917914,6.283185300350828,0.014755059879723476,0.6276140028574364
10.34,-0.0008693581411741827,-1.8411610569473193e-06,0.146804233931813,-2.99478841965798,-0.0013087493122204545,-0.0001137899158998249,1.839002674481457e-12,2.1949396763189112e-13,2,0.5999999993734708,1.2530583237690962e-09,61.826543425927625,6.283185300618587,0.02705960840367122,0.6030049058095409
10.36,-0.0008713712818344169,-2.0757163974796946e-06,0.13415608436889287,-3.0074365692209,-0.0013111220154682368,-0.00011686026007607323,1.843244094159519e-12,2.0425510740077724e-13,2,0.5999999993980374,1.203925181769705e-09,61.952207131942586,6.283185300875847,0.038881688679017534,0.5793607452588483
10.38,-0.0008732373735878636,-2.25179453742762e-06,0.1193734247041557,-3.0222192288856373,-0.0013142544586199811,-0.00011815648664193851,1.8471676851041776e-12,1.8798551714721943e-13,2,0.5999999994216407,1.1567184987626433e-09,62.07787083796259,6.28318530112302,0.05024021855638128,0.5566436855041208
10.4,-0.0008749485480085464,-2.375006210518516e-06,0.10268445818985164,-3.038908195399941,-0.0013180808502947486,-0.00011759499320012426,1.850764088239393e-12,1.7870721904678854e-13,2,0.5999999994443185,1.1113630016268417e-09,62.203534543987445,6.2831853013605015,0.06115337410684846,0.2884310845457104
10.42,-0.0008765396594124691,-2.4462922132179066e-06,0.08436843026058696,-3.0572242233292055,-0.0013222404712883399,-0.00011545374440796934,1.8541708043838363e-12,1.6243467856427082e-13,2,0.599999999466107,1.0677858597318846e-09,62.32919825001695,6.283185301588671,0.06680814640231897,0.2771215399547694
10.44,-0.0008779858559998081,-2.484875374254691e-06,0.06470374596985502,-3.0768889076199386,-0.001326853133715521,-0.00011137445870209705,1.8572738375518882e-12,1.4862655548253944e-13,2,0.5999999994870413,1.0259173510718256e-09,62.454861956050934,6.283185301807894,0.07224119190461817,0.266255448950171
10.46,-0.000879312735601502,-2.5048384117859846e-06,0.0440038450402353,-3.097588808549558,-0.0013317429185927218,-0.00010537206729201757,1.8601335959417943e-12,1.383499153856609e-13,2,0.5999999995071547,9.856906402205823e-10,62.580525662089215,6.283185302018521,0.07746120464566125,0.25581542346808483
10.48,-0.0008805562673534972,-2.518262465562337e-06,0.022602465476337683,-3.1189901881134556,-0.001336710567444141,-9.75064519165903e-05,1.862829784666503e-12,1.3244357397100596e-13,2,0.5999999995264794,9.470411121981215e-10,62.706189368131625,6.283185302220889,0.08247653775949602,0.2457847572404153
10.5,-0.0008817601371705224,-2.532915914451717e-06,0.000846745069052527,-3.1407459085207403,-0.0013415467748859678,-8.788572920916616e-05,1.8654559358100915e-12,1.3143324819366015e-13,2,0.5999999995450465,9.09907038604274e-10,62.831853074178,6.283185302415322,0.08729521684909941,0.23614739906120852
10.52,-0.0008829720159261599,-2.5507019919312883e-06,-0.020910321903235572,3.1206823316865577,-0.001346046598615386,-7.666614777820713e-05,1.868112501173981e-12,1.354757908211857e-13,2,0.5999999995628854,8.742291335295249e-10,62.95751678022819,6.283185302602131,0.09192495282905448,0.22688792710129838
10.540000000000001,-0.0008842392455418912,-2.567199721813363e-06,-0.04231765518387009,3.0992749984059227,-0.0013500237204256875,-6.404831820593904e-05,1.8708992014460284e-12,1.4434228461867802e-13,2,0.5999999995800249,8.399501094658035e-10,63.08318048628204,6.283185302781615,0.09637315426465884,0.21799152423008966
10.56,-0.0008856045765820514,-2.5724042850015872e-06,-0.06303365004936376,3.0785590035404296,-0.001353323296520915,-5.026999395112912e-05,1.873907458075592e-12,1.574430130555761e-13,2,0.5999999995964924,8.070151213956933e-10,63.208844192339406,6.283185302954063,0.10064693922720971,0.2094439543049879
10.58,-0.0008871025785959444,-2.5525134298193905e-06,-0.08273312121850193,3.058859532371291,-0.0013558323052204801,-3.5596090447313846e-05,1.8772137179414933e-12,1.7388972196170262e-13,2,0.5999999996123142,7.753715447478271e-10,63.334507898400155,6.2831853031197475,0.1047531466844366,0.20123153939053415
10.6,-0.0008887571853735662,-2.4923912229727443e-06,-0.10111328884796916,3.040479364741824,-0.0013574866035438963,-2.0306995475319467e-05,1.8808743199454243e-12,1.6910084110368826e-13,2,0.5999999996275156,7.44968753352282e-10,63.46017160446415,6.283185303278936,0.10869834744430873,-0.6218498502804948
10.620000000000001,-0.0008904583197117845,-2.361874910607272e-06,-0.11791232016231917,3.0236803334274738,-0.0013581568836330607,-5.936159429987757e-06,1.8844254248377244e-12,1.8630721934770098e-13,2,0.5999999996421209,7.157581194405793e-10,63.585835310531266,6.283185303431882,0.09650680674803769,-0.5974667688879527
10.64,-0.0008923205796812843,-2.179836507488783e-06,-0.1328208891527859,3.0087717644370073,-0.0013582303390336746,8.547968421498898e-06,1.888329339564892e-12,2.040628466446415e-13,2,0.5999999996561536,6.8769279160108e-10,63.71149901660138,6.283185303578832,0.08479330320006473,-0.5740397617920068
10.66,-0.0008943378456671163,-1.9399610701068952e-06,-0.14561240974870904,2.9959802438410836,-0.0013577804619403118,2.2894399817481282e-05,1.8925844653027437e-12,2.211317283761665e-13,2,0.599999999669636,6.607279168235891e-10,63.83716272267438,6.283185303720019,0.07353909269569903,-0.5515313407832754
10.68,-0.0008964945193888563,-1.6415228309288094e-06,-0.15609706812032448,2.9854955854694687,-0.0013569168267803708,3.6871461105172626e-05,1.8971655583218133e-12,2.3640184503433753e-13,2,0.5999999996825898,6.348204184547512e-10,63.96282642875014,6.283185303855671,0.06272616609710735,-0.529905487586092
10.700000000000001,-0.000898767548204323,-1.2897597101893876e-06,-0.16412320470145753,2.9774694488883355,-0.001355778072546229,5.0270017494755276e-05,1.9020268095728428e-12,2.4893935249000764e-13,2,0.5999999996950356,6.099287741534454e-10,64.08849013482856,6.283185303986003,0.05233722041485117,-0.5091275962215797
10.72,-0.0009011284612446997,-8.95446908507359e-07,-0.16957760944867414,2.972015044141119,-0.001354523436287549,6.290396904050033e-05,1.9071057821101706e-12,2.580210089498527e-13,2,0.5999999997069935,5.86013015890785e-10,64.21415384090955,6.2831853041112256,0.04235563111941232,-0.48916441763070195
10.74,-0.0009035451966714526,-4.7381915987666344e-07,-0.17238513614399248,2.969207517445801,-0.0013533234081840083,7.460840305874495e-05,1.9123278124507457e-12,2.6314963442314554e-13,2,0.5999999997184824,5.63035174039328e-10,64.33981754699298,6.283185304231537,0.03276542553839881,-0.46998400646867494
10.76,-0.0009059836429490972,-4.302921220299365e-08,-0.17250806886447895,2.969084584725314,-0.0013523499726246259,8.523609332059608e-05,1.9176105986551876e-12,2.6405892601528804e-13,2,0.5999999997295209,5.409581671500518e-10,64.46548125307876,6.283185304347132,0.02355125729686136,-0.45155566998560004
10.78,-0.0009084089437518569,3.776696774331856e-07,-0.1699456098893357,2.9716470437004574,-0.0013517667918852764,9.465322909646823e-05,1.922868823703883e-12,2.6071340643164763e-13,2,0.5999999997401265,5.197469121753784e-10,64.59114495916683,6.283185304458194,0.01469838175981944,-0.4338499189115162
10.8,-0.0009107867021165437,7.698431404352814e-07,-0.16473371773857798,2.976858935851215,-0.0013517196258248298,0.0001027353256927516,1.9280187598383297e-12,2.422308282254416e-13,2,0.5999999997503163,4.993674362907541e-10,64.71680866525706,6.283185304564902,0.00619263243769963,-0.671320135829711
10.82,-0.0009130329047401536,1.1140266969463437e-06,-0.15692168869629186,2.9846709648935015,-0.0013525584773626267,0.0001090271681220535,1.9327694026967208e-12,2.3201883111525204e-13,2,0.5999999997601065,4.7978687689465e-10,64.84247237134939,6.283185304667424,-0.006968787079411121,-0.6449972967954894
10.84,-0.0009151731628069357,1.40541255891853e-06,-0.14662558893400235,2.994967064655791,-0.0013541523453060211,0.00011375968428553966,1.9372849567773953e-12,2.1890869936674294e-13,2,0.5999999997695129,4.6097414774237677e-10,64.96813607744373,6.283185304765928,-0.019614139955704435,-0.6197065910429028
10.86,-0.0009171835229403994,1.6383884844982896e-06,-0.1339992211972991,3.007593432392494,-0.001356530188319833,0.00011682115273562722,1.9415154376426565e-12,2.037471397337981e-13,2,0.5999999997785505,4.4289905076766445e-10,65.09379978354,6.283185304860568,-0.03176366145360149,-0.5954075480471087
10.88,-0.0009190470919192209,1.813103518056172e-06,-0.11923446848999372,3.022358185099799,-0.0013596742633923608,0.00011811050595801426,1.945429660697798e-12,1.8755725835426805e-13,2,0.5999999997872336,4.255327201718728e-10,65.21946348963813,6.283185304951498,-0.0434367933995351,-0.5720612841552415
10.9,-0.0009207560108759205,1.9352377978985515e-06,-0.10255980650934889,3.0390328470804437,-0.0013635183251586797,0.00011754355014150762,1.9490183118874517e-12,1.7148767501805043e-13,2,0.5999999997955763,4.0884740037938627e-10,65.34512719573804,6.283185305038863,-0.054652215295019735,-0.5496304403642722
10.92,-0.000922313107895733,2.0149394785674403e-06,-0.08423766645619185,3.0573549871336017,-0.0013679490870170867,0.00011506072925440522,1.9522957925754187e-12,1.567409304470979e-13,2,0.5999999998035919,3.9281622399300886e-10,65.47079090183966,6.283185305122802,-0.06542787420783908,-0.5280791225386335
10.94,-0.0009237328433336281,2.0649967888976215e-06,-0.0645605111491166,3.077032142440677,-0.0013728112479022044,0.00011063546568295101,1.9553004406374127e-12,1.4448404473654825e-13,2,0.5999999998112931,3.774136558831742e-10,65.59645460794293,6.28318530520345,-0.07578101349118349,-0.5073728439719447
10.96,-0.0009250411873273786,2.098479310373386e-06,-0.043845645579936005,3.0977470080098577,-0.0013779160337443308,0.0001042819065969449,1.9580928372794867e-12,1.3574909902933906e-13,2,0.5999999998186925,3.6261504909873565e-10,65.72211831404778,6.283185305280935,-0.08572820037669387,-0.48747847020092394
10.98,-0.0009262742030652546,2.126234596871398e-06,-0.022428933672656505,3.119163719917136,-0.001383052788881559,9.606087309490754e-05,1.9607521126239564e-12,1.3133594866675634e-13,2,0.5999999998258017,3.483966448669662e-10,65.84778202015414,6.283185305355382,-0.09528535248556674,-0.4683641659831782
11.0,-0.0009274753359326305,2.1547116910338598e-06,-0.0006577146698634323,3.14093493891993,-0.0013880027560368652,8.608297019577179e-05,1.96337043306845e-12,1.3126742455003483e-13,2,0.5999999998326321,3.347357946381635e-10,65.97344572626197,6.28318530542691,-0.10446776330014415,0.20630466792083374
11.02,-0.0009286808369752167,2.1441677369962264e-06,0.021114292755342327,-3.1204783608344506,-0.0013920798838150301,7.549073002079773e-05,1.9659955711133293e-12,1.3256395211506253e-13,2,0.5999999998391947,3.2161051599643997e-10,66.09910943237121,6.283185305495634,-0.10042310243280934,0.19821534618616413
11.040000000000001,-0.0009299280517147737,2.134805652456517e-06,0.04253393061881371,-3.0990587229709794,-0.001395730716064139,6.350200285936707e-05,1.9686986756395063e-12,1.3897342043085081e-13,2,0.5999999998455,3.0899993674893267e-10,66.22477313848178,6.283185305561663,-0.09653703498652139,0.1904432112935882
11.06,-0.0009312615867254098,2.1185593069837465e-06,0.06325651424456569,-3.078336139345227,-0.0013988114033676548,5.03475536330903e-05,1.971577452397501e-12,1.4995152835959818e-13,2,0.599999999851558,2.968838508365934e-10,66.35043684459364,6.283185305625102,-0.09280334242429428,0.182975826169134
11.08,-0.0009327181872755475,2.082966244933308e-06,0.08295120838833439,-3.0586414452014585,-0.0014012150906911743,3.628467050621288e-05,1.9747153304712767e-12,1.646337174998703e-13,2,0.5999999998573785,2.852429403787937e-10,66.47610055070676,6.283185305686054,-0.08921605004146489,0.17580124140347522
11.1,-0.0009343240586126555,2.0135439126703282e-06,0.10130793912168833,-3.040284714468105,-0.001402879123560364,2.1586373192672433e-05,1.978175876148458e-12,1.8192280851309987e-13,2,0.5999999998629708,2.7405833158411497e-10,66.60176425682107,6.283185305744616,-0.08576941740489084,0.16890797613032713
11.120000000000001,-0.0009360935416843766,1.896459614297131e-06,0.11804321659290874,-3.023549436996884,-0.0014037888190906332,6.530076625227083e-06,1.981999150365199e-12,2.0059182611885682e-13,2,0.5999999998683438,2.6331226088416315e-10,66.72742796293653,6.283185305800882,-0.08245792916703278,0.162284999654611
11.14,-0.0009380291167233635,1.7210034082540686e-06,0.1329046204988039,-3.008688033090989,-0.001403977722897428,-8.61307393455986e-06,1.9862001582532667e-12,2.1938676240564157e-13,2,0.5999999998735062,2.5298763084435905e-10,66.85309166905309,6.283185305854942,-0.07927628624022161,0.15592171380098865
11.16,-0.000940122477139364,1.4814732512396097e-06,0.1456738470064536,-2.9959188065833393,-0.001403524617964302,-2.358711344369853e-05,1.99076925320026e-12,2.3711663440645657e-13,2,0.5999999998784661,2.4306778811933327e-10,66.9787553751707,6.283185305906882,-0.07621939731698775,0.14980793595452094
11.18,-0.0009423562853390231,1.1782459373475953e-06,0.1561683774693581,-2.985424276120435,-0.0014025478145802887,-3.8157618101325196e-05,1.9956741492251035e-12,2.527229828115479e-13,2,0.5999999998832315,2.3353696754213615e-10,67.10441908128935,6.283185305956786,-0.07328237072288295,0.14393388276631133
11.200000000000001,-0.0009447062048760608,8.179798728295335e-07,0.16424198580041385,-2.977350667789379,-0.001401197395669046,-5.211511165651035e-05,2.000863093344732e-12,2.364739697552896e-13,2,0.59999999988781,2.2437984803502786e-10,67.23008278740897,6.283185306004732,-0.07046050658875752,0.7978889563791703
11.22,-0.0009470072450752971,4.2867824340177285e-07,0.16976230819630753,-2.971830345393485,-0.0013999621201517217,-6.43371446003947e-05,2.0056937289123157e-12,2.4569801640072166e-13,2,0.5999999998922091,2.1558177465408335e-10,67.35574649352954,6.2831853060507985,-0.054817669851860096,0.7666032829053755
11.24,-0.0009493657595418533,1.3461126814367993e-08,0.1726110130515568,-2.968981640538236,-0.001398846607449367,-7.565487190890375e-05,2.0106719979358882e-12,2.5113378971023975e-13,2,0.5999999998964356,2.0712875858919233e-10,67.481410199651,6.283185306095058,-0.03978819751666507,0.7365443382349854
11.26,-0.0009517480614551772,-4.1060125455782057e-07,0.17274901061095585,-2.968843642978838,-0.001398013109982201,-8.59183425443475e-05,2.0157185923069107e-12,2.5248688376945203e-13,2,0.5999999999004965,1.9900703307484946e-10,67.60707390577332,6.283185306137582,-0.02534803922097767,0.7076640216436106
11.28,-0.0009541196132763882,-8.252799499879986e-07,0.17017607682155259,-2.97141657676824,-0.0013976147047865684,-9.498989302668788e-05,2.0207507090341317e-12,2.4970195619555623e-13,2,0.599999999904398,1.91203941568574e-10,67.73273761189648,6.28318530617844,-0.01147408763079344,0.6799161184632422
11.3,-0.0009564463120936033,-1.2130518682927386e-06,0.16493055934906117,-2.976662094240732,-0.0013977858667167272,-0.00010274039548914391,2.0256868161236345e-12,2.4296074176474076e-13,2,0.5999999999081466,1.8370682752788525e-10,67.85840131802044,6.283185306217695,0.0018558585363661617,0.653256226128923
11.32,-0.0009586958281534457,-1.5589061731178526e-06,0.15708932229872608,-2.9845033312910676,-0.001398633534569922,-0.00010904664581466169,2.0304513608591e-12,2.3267808106286263e-13,2,0.5999999999117482,1.765034784995123e-10,67.98406502414518,6.283185306255412,0.0146631300382421,0.6276416831251711
11.34,-0.0009608391333685238,-1.8519151038688466e-06,0.14676780819250348,-2.9948248453972894,-0.001400229090183207,-0.0001137906120118839,2.0349793652089756e-12,2.1949368612191383e-13,2,0.5999999999152087,1.69582570208604e-10,68.10972873027066,6.283185306291649,0.02696822124160103,0.6030315007184532
11.36,-0.0009628522806267684,-2.0863814858910627e-06,0.13411994303021121,-3.0074727105595818,-0.0014026017846286896,-0.0001168610019802584,2.0392207810280354e-12,2.0425499473534843e-13,2,0.5999999999185334,1.6293322246951902e-10,68.23539243639685,6.283185306326466,0.03879082291759445,0.5793862973664664
11.38,-0.0009647183765256358,-2.262375870265465e-06,0.11933752829120739,-3.022255125298585,-0.0014057342388906744,-0.0001181572724653968,2.0431443711666332e-12,1.8798554196604225e-13,2,0.5999999999217277,1.5654455509661602e-10,68.36105614252372,6.2831853063599175,0.05014985375119346,0.5566682356992684
11.4,-0.0009664295524989645,-2.385510240708267e-06,0.10264876672600634,-3.0389438868637866,-0.001409560662565237,-0.00011759581858727427,2.046740775975378e-12,1.7870700893955622e-13,2,0.5999999999247968,1.5040635403806846e-10,68.48671984865125,6.283185306392058,0.06106349061512101,0.2884680856737841
11.42,-0.0009680206613978788,-2.4567244301401814e-06,0.08433291114017889,-3.057259742449615,-0.0014137203461939796,-0.00011545458723022558,2.0501474896827635e-12,1.6243464189956335e-13,2,0.5999999999277456,1.4450884933125963e-10,68.6123835547794,6.283185306422938,0.0667189883280834,0.27715709024785934
11.44,-0.000969466853713848,-2.495244006447146e-06,0.06466836413112802,-3.076924289458665,-0.0014183330906957499,-0.00011137531052115473,2.053250523790836e-12,1.4862668612909162e-13,2,0.5999999999305787,1.3884249305817775e-10,68.73804726090816,6.283185306452606,0.07215273080384776,0.2662896052963306
11.46,-0.0009707937279923358,-2.515151682294892e-06,0.0439685725034944,-3.0976240810862983,-0.0014232229750335435,-0.00010537291831365726,2.056110286493664e-12,1.383502185489168e-13,2,0.5999999999333008,1.3339840343462583e-10,68.8637109670375,6.283185306481111,0.07737341318963556,0.255848240524755
11.48,-0.000972037254212732,-2.5285279964489477e-06,0.022567283156534293,-3.119025370433259,-0.0014281907379792252,-9.75072918219824e-05,2.0588064830999107e-12,1.3244406289089485e-13,2,0.5999999999359161,1.2816769867640687e-10,68.9893746731674,6.283185306508499,0.08238938969106904,0.24581628752188805
11.5,-0.0009732411191196347,-2.5431401349445946e-06,0.000811643959810527,-3.1407810096299826,-0.0014330270709001646,-8.788654806166036e-05,2.0614326460001915e-12,1.314339387415865e-13,2,0.5999999999384289,1.2314216313313864e-10,69.11503837929784,6.283185306534812,0.08720868694068255,0.23617769302266103
11.52,-0.0009744529942553568,-2.5608896248373445e-06,-0.020945340286428134,3.1206473133033654,-0.0014375270280172988,-7.666693691590082e-05,2.0640892272914287e-12,1.3547669502016093e-13,2,0.5999999999408432,1.183135811544389e-10,69.2407020854288,6.283185306560094,0.09183901684224705,0.22691703321953205
11.540000000000001,-0.0009757202219269175,-2.5773534192064933e-06,-0.04235257913845161,3.099240074451341,-0.0014415042877125755,-6.404907102471188e-05,2.0668759478151856e-12,1.443434043819271e-13,2,0.5999999999431628,1.1367440322374023e-10,69.36636579156024,6.283185306584385,0.09628778891146143,0.21801948908110327
11.56,-0.0009770855527311832,-2.5825244638129307e-06,-0.06306845875488776,3.0785241948349054,-0.0014448040031112392,-5.027070649394946e-05,2.0698842289194334e-12,1.5744433540436426e-13,2,0.5999999999453914,1.0921707982447515e-10,69.49202949769216,6.283185306607723,0.10056212213275843,0.20947082263850927
11.58,-0.0009785835558943335,-2.5625983252776447e-06,-0.0827677864233417,3.058824867166452,-0.001447313149987228,-3.559676174233602e-05,2.0731905170532386e-12,1.738912166522004e-13,2,0.5999999999475326,1.04934727573891e-10,69.61769320382454,6.283185306630146,0.10466885635119853,0.20125735420162907
11.6,-0.0009802381645909284,-2.502437141634961e-06,-0.10114777700203222,3.0404448765877614,-0.0014489675834542548,-2.0307627602288085e-05,2.0768511503405377e-12,1.6910227590963524e-13,2,0.5999999999495899,1.0082024104463017e-10,69.74335690995737,6.283185306651689,0.10861456321768126,-0.6218202344434911
11.620000000000001,-0.0009819392995529255,-2.371877646417643e-06,-0.11794661702661965,3.023646036563173,-0.0014496379853454716,-5.936752744036349e-06,2.0804022852618238e-12,1.8630877467698748e-13,2,0.5999999999515665,9.686695889854491e-11,69.86902061609061,6.283185306672388,0.0964236031481997,-0.597438314304528
11.64,-0.000983801559891886,-2.1897907669458804e-06,-0.13285495954361262,3.0087376940461805,-0.0014497115570834477,8.547407857845975e-06,2.084306231890379e-12,2.0406446626254728e-13,2,0.5999999999534656,9.306866388669732e-11,69.99468432222426,6.283185306692276,0.08471065746031414,-0.5740124229287569
11.66,-0.0009858188252731264,-1.9498608663159e-06,-0.1456462195730267,2.9959464340167665,-0.001449261790413637,2.289386401412057e-05,2.0885613901939335e-12,2.211333491395783e-13,2,0.5999999999552903,8.941936080475443e-11,70.1203480283583,6.283185306711384,0.0734569829420289,-0.5515050738921864
11.68,-0.0009879754968341453,-1.6513619815491484e-06,-0.15613058664665036,2.9854620669431426,-0.0014483982595805108,3.6870940714791625e-05,2.093142515155605e-12,2.3640340287045736e-13,2,0.5999999999570433,8.591327649298819e-11,70.24601173449271,6.2831853067297425,0.06264457131320289,-0.5298802506345344
11.700000000000001,-0.000990248521571786,-1.2995322745760158e-06,-0.16415640646137067,2.9774362471284226,-0.0014472596034626698,5.0269502403033044e-05,2.09800379648026e-12,2.4894078826993576e-13,2,0.5999999999587277,8.254463779167054e-11,70.37167544062748,6.283185306747382,0.05225612040845906,-0.5091033488250467
11.72,-0.0009926094285194222,-9.051475424962325e-07,-0.1696104756968703,2.9719821778929223,-0.0014460050588871029,6.290344892514472e-05,2.1030827961279663e-12,2.5802227346055084e-13,2,0.5999999999603459,7.930811563028328e-11,70.4973391467626,6.283185306764328,0.0422750064900288,-0.4891411209881862
11.74,-0.0009950261560062827,-4.834433857096978e-07,-0.17241765585247826,2.9691749977373147,-0.0014448051155628102,7.460786788930465e-05,2.108304849759412e-12,2.63150691953725e-13,2,0.5999999999619008,7.619838093830822e-11,70.62300285289805,6.283185306780611,0.032685257646224736,-0.46996162330057806
11.76,-0.0009974645929003976,-5.2573613832477246e-08,-0.1725402392578221,2.969052414331971,-0.0014438317570717543,8.523553379152618e-05,2.1135876548730385e-12,2.6405975635640984e-13,2,0.5999999999633947,7.3210548734437e-11,70.74866655903382,6.283185306796255,0.023471528232974603,-0.4515341644740778
11.78,-0.0009998898834625374,3.682073180519104e-07,-0.16997743654110992,2.971615217048683,-0.0014432486445142946,9.4652636999492e-05,2.11884589420501e-12,2.6071400527558204e-13,2,0.59999999996483,7.033995608196619e-11,70.8743302651699,6.283185306811285,0.014619074317516745,-0.4338292566431621
11.8,-0.001002267631431892,7.604637515571655e-07,-0.16476521424830964,2.9768274393414833,-0.001443201536231132,0.00010273469423920669,2.1239958400631046e-12,2.422317344015992e-13,2,0.599999999966209,6.758194004419238e-11,70.99999397130627,6.283185306825727,0.006113730084962188,-0.6712883171631636
11.82,-0.0010045138270622744,1.1047279874781482e-06,-0.15695288613867348,2.984639767451119,-0.0014440404190955239,0.00010902650999518967,2.1287464988223882e-12,2.320195195516925e-13,2,0.599999999967534,6.493205972901706e-11,71.12565767744292,6.283185306839602,-0.007047065618268233,-0.6449667257567028
11.84,-0.001006654079225866,1.3961925860585108e-06,-0.14665651444426006,2.9949361391455334,-0.0014456343035904114,0.00011375899649082442,2.1332620646479188e-12,2.1890919143959555e-13,2,0.5999999999688069,6.238609628894665e-11,71.25132138357985,6.283185306852933,-0.01969181914077328,-0.6196772187116927
11.86,-0.001008664435068269,1.6292439685692703e-06,-0.13402990620008792,3.0075627473897057,-0.0014480121471600019,0.000116820434559414,2.137492553578007e-12,2.0374746049972396e-13,2,0.5999999999700301,5.993983087648758e-11,71.37698508971704,6.283185306865741,-0.03184076478588027,-0.5953793274214787
11.88,-0.0010105280017041782,1.804029942452437e-06,-0.11926494680773546,3.0223277067820575,-0.0014511562058504462,0.0001181097589993417,2.141406781520638e-12,1.8755743187865943e-13,2,0.5999999999712052,5.758948873335612e-11,71.50264879585448,6.283185306878048,-0.04351334345853469,-0.5720341700761699
11.9,-0.0010122369203648738,1.926229588621274e-06,-0.10259011224940993,3.039002541340383,-0.0014550002338170162,0.00011754277821162861,2.1449954348589598e-12,1.714877201402498e-13,2,0.5999999999723343,5.533129510126855e-11,71.62831250199217,6.283185306889871,-0.05472823377489566,-0.5496043894434479
11.92,-0.0010137940189738303,2.005990277189204e-06,-0.08426783180264477,3.057324821787148,-0.0014594309445886027,0.00011505993812339206,2.148272915256282e-12,1.5674085771241434e-13,2,0.5999999999734191,5.316169726654607e-11,71.75397620813008,6.283185306901231,-0.06550338195210698,-0.5280540930890253
11.94,-0.0010152137574778299,2.056099822021036e-06,-0.0645905642168995,3.0770020893728933,-0.001464293037925377,0.00011063466266576795,2.1512775607042162e-12,1.4448385513965832e-13,2,0.5999999999744614,5.107714251550988e-11,71.87963991426822,6.283185306912146,-0.07585603052607298,-0.5073487959410933
11.96,-0.0010165221054162026,2.0896278412311226e-06,-0.04387560850550991,3.0977170450842832,-0.0014693977412793867,0.00010428109999126403,2.154069952337344e-12,1.357487849391776e-13,2,0.5999999999754628,4.9074300179086094e-11,72.00530362040658,6.283185306922633,-0.0858027459431949,-0.48745536510684945
11.98,-0.0010177551252830513,2.1174224240450675e-06,-0.022458821108797298,3.119133832480996,-0.0014745344011181352,9.606007150614619e-05,2.1567292200596353e-12,1.3133549687779093e-13,2,0.599999999976425,4.715006163280577e-11,72.13096732654513,6.283185306932708,-0.0953594450702192,-0.46834196685280083
12.0,-0.001018956261792855,2.145933641053566e-06,-0.000687532821312696,3.1409051207684806,-0.00147948426273314,8.608218180646839e-05,2.1593475299823963e-12,1.3126691687273336e-13,2,0.5999999999773493,4.530131825219996e-11,72.25663103268388,6.283185306942388,-0.10454142066462041,0.20633271004399079
12.02,-0.0010201617667367903,2.1354228138939293e-06,0.021084544503742992,-3.1205081090860496,-0.0014835612805755784,7.548996692627336e-05,2.1619726561151e-12,1.3256326626315327e-13,2,0.5999999999782375,4.352496141279971e-11,72.38229473882282,6.2831853069516885,-0.10049621002359743,0.19824228876194483
12.040000000000001,-0.0010214089840329917,2.1260910304856194e-06,0.0425042597584859,-3.099088393831307,-0.0014872119988508271,6.350127094667433e-05,2.1646757450904387e-12,1.3897255093653945e-13,2,0.5999999999790908,4.181832657934592e-11,72.50795844496194,6.2831853069606245,-0.09660961436055596,0.19046909743586188
12.06,-0.0010227425201274859,2.1098740603564952e-06,0.06322693639459183,-3.078365717195201,-0.0014902925708654715,5.0346856693745006e-05,2.167554502643302e-12,1.4995048018618043e-13,2,0.5999999999799107,4.0178527171974565e-11,72.63362215110124,6.2831853069692105,-0.09287541429325048,0.18300069730125093
12.08,-0.0010241991204685223,2.0743113311936757e-06,0.0829217459126511,-3.0586709076771417,-0.0014926961438569398,3.6284009898198635e-05,2.170692358087854e-12,1.646325092123776e-13,2,0.5999999999806984,3.860312070003147e-11,72.7592858572407,6.283185306977459,-0.08928763430490148,0.17582513732455293
12.1,-0.0010258049907498697,2.0049219798262483e-06,0.10127861931595987,-3.040314034273833,-0.0014943600650724437,2.1585747738878333e-05,2.174152878227999e-12,1.8192147305086487e-13,2,0.5999999999814553,3.708944262825753e-11,72.88494956338033,6.283185306985385,-0.08584053318209373,0.16893093507893742
12.120000000000001,-0.0010275744725438904,1.8878746699517994e-06,0.11801406961445647,-3.023578583975336,-0.0014952696527878021,6.529482738156602e-06,2.1779761247926367e-12,2.005904091144022e-13,2,0.5999999999821825,3.5635050465998575e-11,73.01061326952012,6.2831853069929995,-0.08252859482760992,0.1623070583699698
12.14,-0.0010295100467727,1.712460405692235e-06,0.1328756772226988,-3.0087169763670945,-0.0014954584532874157,-8.613641942462051e-06,2.1821771039273443e-12,2.193853184854051e-13,2,0.5999999999828811,3.423772376720535e-11,73.13627697566005,6.283185307000315,-0.07934651943349835,0.15594290758174667
12.16,-0.0010316034074850007,1.4729776504999753e-06,0.14564513697523823,-2.995947516614555,-0.0014950052498617188,-2.3587662923789146e-05,2.186746170165927e-12,2.371152222386871e-13,2,0.5999999999835524,3.289524208582861e-11,73.26194068180013,6.2831853070073445,-0.07628921500024949,0.14982829871524894
12.18,-0.0010338372175796257,1.1698032902742702e-06,0.1561399270687139,-2.9854527265210793,-0.0014940283529061304,-3.8158157570877254e-05,2.1916510387009205e-12,2.527216597730948e-13,2,0.5999999999841973,3.1605384975819106e-11,73.38760438794034,6.283185307014098,-0.0733517891885104,0.14395344709177077
12.200000000000001,-0.001036187140891315,8.095954646614017e-07,0.16421381674803728,-2.9773788368417557,-0.0014926778454165711,-5.211565029496324e-05,2.19683995764584e-12,2.364726371435077e-13,2,0.5999999999848169,3.0366154035732507e-11,73.51326809408069,6.283185307020587,-0.07052954149029805,0.7979143499727456
12.22,-0.0010384881853768503,4.203537193327733e-07,0.16973441527596717,-2.9718582383138266,-0.0014914424963377777,-6.433768093237397e-05,2.2016705676846253e-12,2.456968058701011e-13,2,0.5999999999854122,2.917555086412449e-11,73.63893180022116,6.283185307026821,-0.05488620690487761,0.7666276808019047
12.24,-0.0010408467055712189,5.200188720823093e-09,0.1725834055340453,-2.969009248055748,-0.0014903269168224582,-7.565541437846362e-05,2.2066488139822146e-12,2.511327344360791e-13,2,0.5999999999859842,2.8031577059550727e-11,73.76459550636176,6.283185307032811,-0.03985625624207939,0.7365677794763082
12.26,-0.0010432290143526242,-4.1879579560738574e-07,0.1727216908157083,-2.9688709627740852,-0.0014894933598440722,-8.591889892753652e-05,2.2116953889721744e-12,2.5248600451050615e-13,2,0.5999999999865337,2.6932456265171822e-11,73.89025921250247,6.283185307038566,-0.0254156383742824,0.7076865437407143
12.280000000000001,-0.0010456005737271108,-8.334062951275192e-07,0.17014904003955594,-2.971443613550237,-0.0014890949032802555,-9.499047010341634e-05,2.2167274899494484e-12,2.497012608789797e-13,2,0.5999999999870618,2.5876412124148374e-11,74.0159229186433,6.2831853070440955,-0.011541245232068731,0.6799377574562869
12.3,-0.0010479272802298401,-1.221109310714209e-06,0.16490379414288206,-2.976688859446911,-0.00148926602309377,-0.00010274099876535514,2.221663584955573e-12,2.4296022639000375e-13,2,0.599999999987569,2.4861890324245906e-11,74.14158662478424,6.283185307049409,0.0017891251736176228,0.6532770166449142
12.32,-0.0010501768035201333,-1.566895144104559e-06,0.15706281116202603,-2.984529842427767,-0.0014901136593875157,-0.00010904727929070894,2.2264281210892447e-12,2.326777317876225e-13,2,0.5999999999880564,2.3887114508625018e-11,74.26725033092528,6.283185307054513,0.014596804279389697,0.6276616584333701
12.34,-0.001052320114955528,-1.8598371858745065e-06,0.14674152855192624,-2.994851125037867,-0.0014917091953875346,-0.0001137912779999644,2.230956119965644e-12,2.1949348233246143e-13,2,0.5999999999885247,2.2950530365051236e-11,74.39291403706642,6.283185307059417,0.026902287104267397,0.6030506927836147
12.36,-0.0010543332669664153,-2.0942393862085244e-06,0.13409386856471325,-3.0074987850250796,-0.0014940818834908178,-0.0001168617009825833,2.2351975329872025e-12,2.0425491280765163e-13,2,0.5999999999889747,2.2050583581290084e-11,74.51857774320766,6.283185307064128,0.038725265046080204,0.5794047368999891
12.38,-0.0010561993658487932,-2.270173342911494e-06,0.11931163052472056,-3.022281023065073,-0.0014972143457771907,-0.00011815800313233245,2.2391211225319415e-12,1.8798555928689022e-13,2,0.599999999989407,2.1185941889712012e-11,74.64424144934898,6.283185307068655,0.05008465739190482,0.5566859522083398
12.4,-0.001057910542935521,-2.393251941594809e-06,0.10262301682028269,-3.03896963676951,-0.0015010407925471216,-0.00011759657777796873,2.2427175285370426e-12,1.78706856840785e-13,2,0.5999999999898223,2.035527302268747e-11,74.7699051554904,6.283185307073005,0.06099864159296081,0.2884947840952098
12.42,-0.0010595016500209728,-2.4644143201412948e-06,0.08430728557450573,-3.057285368015288,-0.0015052005213723467,-0.00011545535898230521,2.2461242404766055e-12,1.6243461500572413e-13,2,0.5999999999902215,1.9557022667981983e-11,74.89556886163192,6.283185307077184,0.06665466273596213,0.27718274180920716
12.44,-0.0010609478392498595,-2.50288802254711e-06,0.06464283761291059,-3.0769498159768824,-0.0015098133250949254,-0.00011137608874832814,2.2492272752548077e-12,1.486267800223455e-13,2,0.5999999999906049,1.8790080602570924e-11,75.0212325677735,6.283185307081199,0.07208890811778004,0.2663142510455713
12.46,-0.001062274709683245,-2.5227557574791574e-06,0.04394312484947695,-3.097649528740316,-0.0015147032811962718,-0.00010537369595148411,2.252087041062786e-12,1.383504369872435e-13,2,0.5999999999909733,1.805333660342967e-11,75.14689627391516,6.2831853070850565,0.07731007369039297,0.25587191990034547
12.48,-0.0010635182319090816,-2.536097630046967e-06,0.022541900600528835,-3.1190507529892644,-0.001519671126462552,-9.750806142763628e-05,2.2547832433504183e-12,1.324444154253461e-13,2,0.5999999999913272,1.734545840292867e-11,75.2725599800569,6.283185307088764,0.08232651443262516,0.2458390384158811
12.5,-0.0010647220932706802,-2.5506799656153767e-06,0.0007863200069175222,-3.1408063335828755,-0.0015245075499173432,-8.78873024681295e-05,2.2574094147294196e-12,1.314344368181318e-13,2,0.5999999999916673,1.66653357780433e-11,75.3982236861987,6.2831853070923245,0.0871462577198953,0.2361995518413408
12.52,-0.0010659339657927518,-2.568403060031064e-06,-0.02097060454011258,3.1206220490496808,-0.0015290076032737888,-7.66676698759051e-05,2.260066007509777e-12,1.3547734730491827e-13,2,0.599999999991994,1.6011858505748933e-11,75.52388739234058,6.283185307095747,0.09177701616972975,0.22693803494167192
12.540000000000001,-0.0010672011920603486,-2.58484237233982e-06,-0.04237777524744088,3.0992148783423517,-0.0015329849624529186,-6.404977777557484e-05,2.262852742643756e-12,1.4434421224434896e-13,2,0.599999999992308,1.5383916363020944e-11,75.64955109848253,6.283185307099035,0.09622619998359606,0.21803966731393928
12.56,-0.0010685665226936485,-2.5899892356782826e-06,-0.06309357169576965,3.078499081894023,-0.0015362847783590026,-5.0271384182689134e-05,2.2658610414059424e-12,1.574452894679276e-13,2,0.5999999999926097,1.4780621171439634e-11,75.77521480462454,6.283185307102193,0.10050092880480628,0.20949020967151885
12.58,-0.0010700645266855282,-2.5700376426299667e-06,-0.0827927958117654,3.0587998577780278,-0.0015387940249297646,-3.559740966951671e-05,2.26916734993508e-12,1.738922950833239e-13,2,0.5999999999928994,1.4201084752585302e-11,75.90087851076662,6.283185307105228,0.10460804311146511,0.2012759810582012
12.6,-0.0010717191367663516,-2.50984833977557e-06,-0.10117265863146678,3.0404199949583264,-0.0015404485559041704,-2.030824726986282e-05,2.272828005793707e-12,1.691033111281289e-13,2,0.5999999999931779,1.3644196883433324e-11,76.02654221690875,6.283185307108144,0.10855411516269431,-0.6217988648512556
12.620000000000001,-0.0010734202721780688,-2.379257690902662e-06,-0.1179713606236454,3.0236212929661477,-0.0015411190456781573,-5.937344408867525e-06,2.276379162381131e-12,1.8630989686084042e-13,2,0.5999999999934453,1.3109291430168923e-11,76.15220592305094,6.283185307110945,0.09636357405006102,-0.597417782625989
12.64,-0.0010752825327832003,-2.1971358387336016e-06,-0.13287953972405747,3.0087131138657357,-0.0015411927013569706,8.54683982080084e-06,2.280283132026815e-12,2.0406563482871355e-13,2,0.5999999999937023,1.2595258169767476e-11,76.27786962919319,6.283185307113636,0.08465103089149079,-0.5739926963088485
12.66,-0.001077299797727684,-1.9571666461567955e-06,-0.14567061174015997,2.9959220418496333,-0.0015407430143620266,2.2893313839468816e-05,2.2845383138266855e-12,2.211345185232006e-13,2,0.5999999999939493,1.2101430968414206e-11,76.4035333353355,6.283185307116222,0.07339774311912067,-0.5514861207641083
12.68,-0.001079456467728991,-1.6586240092340998e-06,-0.1561547686295188,2.985437884960275,-0.0015398795588057411,3.6870401658178984e-05,2.2891194618348744e-12,2.3640452683857816e-13,2,0.5999999999941865,1.1626921647689414e-11,76.52919704147784,6.283185307118707,0.06258570307168554,-0.529862040669238
12.700000000000001,-0.0010817294895234901,-1.3067462643050134e-06,-0.16418035988661625,2.9774122937031766,-0.0015387409734844877,5.0268967166917254e-05,2.293980764857285e-12,2.4894182415906477e-13,2,0.5999999999944144,1.1171064073778325e-11,76.65486074762025,6.283185307121094,0.05219760917841787,-0.5090858528827027
12.72,-0.0010840903920739731,-9.123096388240056e-07,-0.16963418704202837,2.9719584665477647,-0.001537486495064409,6.290291006206462e-05,2.2990597840644507e-12,2.580231857634876e-13,2,0.5999999999946335,1.0732970068261238e-11,76.7805244537627,6.2831853071233885,0.04221683827284353,-0.489124311071554
12.74,-0.0010865071138307096,-4.905503582651219e-07,-0.17244111716315633,2.9691515364266365,-0.0015362866129146945,7.460731816241639e-05,2.3042818544992836e-12,2.631514549065264e-13,2,0.5999999999948439,1.0312195541928304e-11,76.90618815990518,6.283185307125592,0.03262741899216895,-0.46994547251020485
12.76,-0.0010889455439528726,-5.962299820288109e-08,-0.17256344853376462,2.969029205056028,-0.0015353133100347808,8.523496648699972e-05,2.3095646732546537e-12,2.640603553804201e-13,2,0.599999999995046,9.907852316359822e-12,77.03185186604772,6.2831853071277095,0.02341400621969314,-0.45151864696525323
12.780000000000001,-0.0010913708271244383,3.612171220080616e-07,-0.17000039780567772,2.971592255784115,-0.0015347302466766593,9.46520461951112e-05,2.314822922890572e-12,2.6071443726560087e-13,2,0.5999999999952403,9.519274257741017e-12,77.15751557219029,6.283185307129744,0.014561856529347245,-0.43381434758456144
12.8,-0.0010937485675913791,7.535334135022838e-07,-0.16478793731531746,2.9768047162744757,-0.001534683180085449,0.00010273407503690893,2.319972875762695e-12,2.422323881401416e-13,2,0.599999999995427,9.14601727686204e-12,77.28317927833291,6.283185307131699,0.0060568045930674,-0.6712653584474043
12.82,-0.0010959947581738651,1.0978558546813642e-06,-0.15697539342905514,2.9846172601607375,-0.0015355220855567515,0.00010902587154580067,2.324723545993059e-12,2.320200161855024e-13,2,0.5999999999956063,8.787415239908114e-12,77.40884298447556,6.283185307133577,-0.007103540998102398,-0.6449446672650647
12.84,-0.0010981350060758675,1.38937725693836e-06,-0.1466788255372408,2.9949138280525522,-0.0015371159819974178,0.00011375833663343501,2.3292391202910076e-12,2.1890954639430208e-13,2,0.5999999999957786,8.442802013064465e-12,77.53450669061824,6.283185307135381,-0.019747862057693133,-0.6196560251458832
12.86,-0.0011001453588197244,1.6224830770927976e-06,-0.1340520437693955,3.0075406098203974,-0.0015394938259708673,0.00011681975277870909,2.3334696150383434e-12,2.0374769185626003e-13,2,0.5999999999959441,8.111733507121244e-12,77.66017039676098,6.283185307137114,-0.031896392196999246,-0.595358964867271
12.88,-0.001102008923762624,1.7973202302341759e-06,-0.11928693525681149,3.022305718332982,-0.001542637872843416,0.00011810905644857493,2.3373838465057925e-12,1.875575570026129e-13,2,0.5999999999961031,7.793765632868599e-12,77.78583410290373,6.28318530713878,-0.043568571656068256,-0.572014605949133
12.9,-0.0011037178422071687,1.9195670344377524e-06,-0.10261197618708601,3.038980677402707,-0.0015464818764241229,0.00011754205764018431,2.3409725013929395e-12,1.7148775262654535e-13,2,0.5999999999962559,7.488232256491756e-12,77.91149780904652,6.283185307140379,-0.054783078412232455,-0.5495855924368046
12.92,-0.001105274941960197,1.999370293895506e-06,-0.0842895944499973,3.0573030591397963,-0.0015509125503361113,0.00011505920369401055,2.344249981579236e-12,1.567408051718258e-13,2,0.5999999999964026,7.1946892887808644e-12,78.03716151518934,6.283185307141917,-0.06555785806885739,-0.5280360331235547
12.94,-0.0011066946826740597,2.049517523082494e-06,-0.06461224585913763,3.0769804077306553,-0.0015557745949352406,0.00011063391965594841,2.3472546251399623e-12,1.4448371829216157e-13,2,0.5999999999965437,6.91247059592115e-12,78.1628252213322,6.283185307143393,-0.0759101525721359,-0.5073314441169977
12.96,-0.0011080030334563804,2.0830783665173454e-06,-0.0438972251144943,3.0976954284752987,-0.0015608792387715995,0.00010428035438769275,2.3500470131581772e-12,1.357485582811415e-13,2,0.5999999999966793,6.6413541333076864e-12,78.28848892747509,6.283185307144811,-0.08585652780188055,-0.4874386936575084
12.98,-0.0011092360563004738,2.110901299621373e-06,-0.022480383257124613,3.1191122703326686,-0.001566015829849202,9.60593295177436e-05,2.3527062753803547e-12,1.3133517088324153e-13,2,0.5999999999968095,6.380895811730625e-12,78.414152633618,6.283185307146176,-0.09541290008046546,-0.4683259491003386
13.0,-0.0011104371954367975,2.13943713456288e-06,-0.000709044986598531,3.140883608603195,-0.0015709656153129505,8.608144933725846e-05,2.3553245777112508e-12,1.3126655055859484e-13,2,0.5999999999969347,6.1306515419801144e-12,78.53981633976093,6.283185307147486,-0.10459456164233788,0.2063529433382817
13.02,-0.0011116427031941333,2.128950206901288e-06,0.0210630827642447,-3.120529570825548,-0.001575042553833026,7.548925270404195e-05,2.357949695248967e-12,1.325627714106836e-13,2,0.5999999999970549,5.8901772348463055e-12,78.66548004590389,6.283185307148744,-0.10054895432190643,0.1982617286974188
13.040000000000001,-0.0011128899223338392,2.1196402843374546e-06,0.04248285384848971,-3.099109799741303,-0.0015786931898721696,6.350057921947608e-05,2.360652773004313e-12,1.3897192360021034e-13,2,0.5999999999971704,5.659250845724273e-12,78.79114375204688,6.283185307149954,-0.09666197753347856,0.19048777512056306
13.06,-0.0011142234592094716,2.103444507102315e-06,0.06320559758166414,-3.078387056008129,-0.001581773678701921,5.034619019784877e-05,2.36353151670088e-12,1.4994972394529605e-13,2,0.5999999999972813,5.437428285404167e-12,78.9168074581899,6.283185307151117,-0.09292741128492686,0.18301864262345965
13.08,-0.001115680059398939,2.0679036616067595e-06,0.08290049033060264,-3.05869216325919,-0.0015841771691990627,3.62833696141812e-05,2.3666693558188764e-12,1.646316374587506e-13,2,0.5999999999973878,5.224265464676137e-12,79.04247116433292,6.283185307152233,-0.08933927947350367,0.17584237900061328
13.1,-0.001117285928917915,1.9985381042756175e-06,0.10125746665678564,-3.0403351869330075,-0.0015858410098531183,2.1585132818295442e-05,2.370129857534634e-12,1.8192050954645677e-13,2,0.5999999999974903,5.019318294330333e-12,79.16813487047598,6.283185307153306,-0.08589184032280178,0.1689475006992095
13.120000000000001,-0.0011190554097893937,1.8815174797102199e-06,0.11799304163489943,-3.023599611954894,-0.0015867505197773362,6.528890593465625e-06,2.3739530841489376e-12,2.005893867787799e-13,2,0.5999999999975887,4.822586774366755e-12,79.29379857661905,6.283185307154336,-0.08257957719468714,0.16232297444298022
13.14,-0.001120990983432846,1.7061334743259533e-06,0.13285479619753454,-3.0087378573922585,-0.0015869392457389217,-8.61421541405142e-06,2.3781540425387394e-12,2.1938427672715288e-13,2,0.5999999999976833,4.633404770970628e-12,79.41946228276215,6.283185307155326,-0.07939718976150097,0.15595819957660786
13.16,-0.0011230843443579069,1.4666849172057086e-06,0.14562442421809452,-2.995968229371698,-0.0015864859712498318,-2.3588223025590585e-05,2.3827230880647474e-12,2.3711420338287824e-13,2,0.5999999999977741,4.451772284141953e-12,79.54512598890527,6.283185307156277,-0.07633958552440462,0.14984299110241517
13.18,-0.0011253181558184748,1.163548760509893e-06,0.15611940161588653,-2.9854732519739065,-0.0015855090067822936,-3.815871044752708e-05,2.3876279367661826e-12,2.5272070521372456e-13,2,0.5999999999978614,4.277245224670878e-12,79.6707896950484,6.283185307157191,-0.07340187166429504,0.14396756338219602
13.200000000000001,-0.001127668081852024,8.033829515613612e-07,0.1641934942682584,-2.9773991593215348,-0.001584158435384357,-5.211620256897582e-05,2.3928168375476833e-12,2.364716756817143e-13,2,0.5999999999979452,4.1096015479524795e-12,79.79645340119156,6.283185307158069,-0.07057934721225034,0.7979326714975341
13.22,-0.0011299691294284508,4.1418440988840286e-07,0.16971429200623286,-2.97187836158356,-0.001582923033232601,-6.433823153967848e-05,2.397647429167677e-12,2.4569593247801205e-13,2,0.5999999999980258,3.948397164776907e-12,79.92211710733473,6.283185307158912,-0.05493565342819867,0.7666452839294308
13.24,-0.0011323276537535348,-9.232462704809201e-10,0.17256348816340247,-2.9690291654263907,-0.0015818074055139106,-7.565596941120445e-05,2.402625659068458e-12,2.5113197304879856e-13,2,0.5999999999981032,3.79363207514416e-12,80.04778081347791,6.283185307159723,-0.03990535765114894,0.7365846923753313
13.26,-0.0011347099674881686,-4.248713280298895e-07,0.17270198101818665,-2.9688906725716064,-0.0015809738056007895,-8.591946399596994e-05,2.407672220074714e-12,2.5248537010558627e-13,2,0.5999999999981775,3.644862189844389e-12,80.17344451962111,6.283185307160502,-0.02546440820122381,0.707702793475481
13.280000000000001,-0.001137081532310109,-8.394326271364905e-07,0.17012953441850873,-2.9714631191712844,-0.0015805753119777159,-9.499105009914548e-05,2.4127043096878897e-12,2.4970075917683493e-13,2,0.599999999998249,3.5018654642726688e-12,80.29910822576433,6.283185307161251,-0.011589696478403189,0.6799533700298398
13.3,-0.0011394082443556182,-1.2270859323545026e-06,0.16488448444740472,-2.9767081691423884,-0.0015807464014070702,-0.00010274159766086174,2.4176403959751278e-12,2.42959854505923e-13,2,0.5999999999983177,3.3646418984289994e-12,80.42477193190756,6.28318530716197,0.001740980016165794,0.6532920170407018
13.32,-0.0011416577728603405,-1.5728223665253737e-06,0.15704368476273722,-2.984548968827056,-0.0015815940149336047,-0.00010904789997223069,2.422404925901697e-12,2.3267747973653835e-13,2,0.5999999999983836,3.232747403103531e-12,80.5504356380508,6.283185307162661,0.014548953208903759,0.6276760706552259
13.34,-0.0011438010887813927,-1.8657161507666924e-06,0.14672256916376203,-2.994870084426031,-0.0015831895367853428,-0.00011379192213576313,2.426932920827944e-12,2.1949333524407694e-13,2,0.599999999998447,3.105959933691338e-12,80.67609934419406,6.283185307163325,0.026854718589432502,0.6030645398941684
13.36,-0.0011458142442191102,-2.1000720468066062e-06,0.13407505719875193,-3.0075175963910414,-0.0015855622203150167,-0.0001168623689350427,2.431174331829986e-12,2.0425485363983853e-13,2,0.5999999999985078,2.9842794901924208e-12,80.80176305033733,6.283185307163962,0.03867796800773077,0.5794180410575719
13.38,-0.001147680345252041,-2.275962407633854e-06,0.11929294663721665,-3.0222997069525768,-0.001588694688392732,-0.00011815869392775985,2.4350979209451085e-12,1.8798557172675714e-13,2,0.5999999999985663,2.8672619833969293e-12,80.92742675648061,6.283185307164574,0.05003762118529559,0.5566987347024422
13.4,-0.0011493915231402302,-2.399000769551323e-06,0.10260443960613394,-3.038988213983659,-0.0015925211518270695,-0.00011759728915033697,2.438694327812254e-12,1.7870674705973463e-13,2,0.5999999999986225,2.7549074133048634e-12,81.05309046262391,6.283185307165163,0.060951855990732995,0.2885140464430703
13.42,-0.0011509826289156583,-2.4701257690856876e-06,0.08428879806478679,-3.0573038555250065,-0.0015966809132615927,-0.00011545607941558916,2.442101038475498e-12,1.624345955606232e-13,2,0.5999999999986765,2.6469937353112982e-12,81.17875416876723,6.283185307165729,0.06660825477746574,0.27720124886960484
13.44,-0.0011524288159158397,-2.5085663758322515e-06,0.06462442156054103,-3.0769682320292517,-0.0016012937597113387,-0.00011137681385143796,2.4452040737363952e-12,1.4862684772757306e-13,2,0.5999999999987283,2.5432989048113086e-12,81.30441787491054,6.283185307166272,0.07204286299539256,0.2663320324337512
13.46,-0.0011537556835738458,-2.528405295565961e-06,0.0439247656935383,-3.0976678878962547,-0.0016061837675888022,-0.00010537442062763522,2.4480638417839993e-12,1.3835059455552283e-13,2,0.5999999999987782,2.4436008771999695e-12,81.43008158105387,6.283185307166794,0.07726437717710707,0.25588900407032217
13.48,-0.001154999202916693,-2.54172232051994e-06,0.022523588409751567,-3.1190690651800415,-0.0016111516722475466,-9.750878030706799e-05,2.450760048170097e-12,1.324446697485726e-13,2,0.5999999999988261,2.347677607872356e-12,81.55574528719721,6.283185307167296,0.08228115285928247,0.24585545270597137
13.5,-0.001156203061719639,-2.556283155107003e-06,0.0007680500959721774,-3.1408246034938205,-0.0016159881610202135,-8.788801038009266e-05,2.4533862256659367e-12,1.3143479615487947e-13,2,0.5999999999988722,2.255529096828468e-12,81.68140899334057,6.283185307167778,0.08710121795331278,0.23621532251791075
13.52,-0.0011574149323554106,-2.5739872068942138e-06,-0.020988831379965135,3.1206038222098282,-0.0016204882838107022,-7.666836231322598e-05,2.4560428267352336e-12,1.3547781790766816e-13,2,0.5999999999989164,2.1671553440683056e-12,81.80707269948392,6.283185307168241,0.09173228559168385,0.2269531872411686
13.540000000000001,-0.0011586821576096223,-2.590408857034191e-06,-0.04239595292267454,3.099196700667118,-0.0016244657147646288,-6.405045130218472e-05,2.458829572410119e-12,1.4434479510072756e-13,2,0.5999999999989589,2.0821122603820186e-12,81.9327364056273,6.283185307168686,0.09618176647063087,0.21805422548327458
13.56,-0.0011600474881192332,-2.5955382752181944e-06,-0.06311168936719969,3.078480964222593,-0.001627765603183964,-5.027203674030206e-05,2.4618378839122195e-12,1.574459778121851e-13,2,0.5999999999989998,2.000399845769607e-12,82.05840011177068,6.283185307169114,0.10045678070883336,0.2095041970068696
13.58,-0.0011615454927087576,-2.5755683184305142e-06,-0.08281083877258441,3.058781814817209,-0.0016302749216817224,-3.559804075354799e-05,2.46514420715637e-12,1.7389307316195448e-13,2,0.599999999999039,1.922018100231071e-12,82.18406381791407,6.283185307169524,0.10456416924112413,0.20128941994228805
13.6,-0.0011632001037880446,-2.515358729386389e-06,-0.1011906094174253,3.0404020441723674,-0.001631929523005084,-2.0308857963930762e-05,2.4688048793000505e-12,1.6910405802864817e-13,2,0.5999999999990766,1.8467449791614854e-12,82.30972752405746,6.283185307169918,0.10851050476544444,-0.6217834472005901
13.620000000000001,-0.0011649012395239919,-2.3847456051430443e-06,-0.11798921182276358,3.0236034417670297,-0.001632600076184404,-5.937934898405991e-06,2.47235605151942e-12,1.863107065086263e-13,2,0.5999999999991128,1.7743584379559252e-12,82.43539123020086,6.283185307170298,0.09632026592017595,-0.5974029695100531
13.64,-0.0011667635003209148,-2.202598522353585e-06,-0.13289727302264626,3.008695380567147,-0.001632673792424689,8.546266379430227e-06,2.47626003777182e-12,2.040664779427949e-13,2,0.5999999999991475,1.7048584766143904e-12,82.56105493634428,6.283185307170662,0.08460801317689759,-0.5739784640234964
13.66,-0.0011687807649500086,-1.9626009830440143e-06,-0.14568820939276578,2.995904444197027,-0.0016322241629135744,2.289275328677745e-05,2.480515236524169e-12,2.2113536222862163e-13,2,0.599999999999181,1.638023050531956e-12,82.68671864248769,6.283185307171012,0.07335500443247289,-0.551472446534647
13.68,-0.0011709374338256904,-1.6640267815940616e-06,-0.15617221464090902,2.985420438948884,-0.001631360761668191,3.686984912841727e-05,2.4850964011603413e-12,2.364053377786997e-13,2,0.599999999999213,1.573852159708622e-12,82.81238234863112,6.2831853071713475,0.06254323247214089,-0.529848902613983
13.700000000000001,-0.0011732104534963935,-1.3121143801811178e-06,-0.16419764100146805,2.9773950125883246,-0.0016302222274255664,5.0268417395239066e-05,2.4899577198376497e-12,2.4894257155283286e-13,2,0.5999999999992439,1.5121237595394632e-12,82.93804605477455,6.28318530717167,0.05215539615413067,-0.5090732299779626
13.72,-0.0011755713528739827,-9.176403167445793e-07,-0.16965129350481248,2.9719413600849807,-0.0016289677967357673,6.290235767546748e-05,2.495036753156993e-12,2.580238439931709e-13,2,0.5999999999992736,1.4528378500244798e-12,83.06370976091799,6.283185307171981,0.042174872724143525,-0.48911218311798826
13.74,-0.0011779880704960537,-4.958412677176334e-07,-0.17245804323551672,2.969134610354276,-0.001627767958722786,7.460675793983821e-05,2.5002588357155705e-12,2.6315200538403216e-13,2,0.5999999999993021,1.3957723865587468e-12,83.18937346706143,6.283185307172279,0.03258569121539956,-0.46993382010050033
13.76,-0.0011804264957318317,-6.487236126887384e-08,-0.17258019277301048,2.969012460816783,-0.0016267946959657538,8.523439358468679e-05,2.5055416643136424e-12,2.6406078758757264e-13,2,0.5999999999993294,1.341149413747189e-12,83.31503717320487,6.283185307172566,0.02337250689168363,-0.4515074514530685
13.780000000000001,-0.0011828517735706257,3.560104597304485e-07,-0.17001696311487738,2.971575690474916,-0.0016262116681045595,9.465145634039483e-05,2.5107999213841275e-12,2.607147489619482e-13,2,0.5999999999993557,1.2885248423799567e-12,83.44070087934833,6.283185307172841,0.014520576692493625,-0.43380359105468846
13.8,-0.0011852295086240397,7.483699351363903e-07,-0.16480433077504897,2.9767883228147447,-0.0016261646315938719,0.00010273346469595945,2.5159498793172224e-12,2.422328598161287e-13,2,0.599999999999381,1.2378986724570495e-12,83.56636458549178,6.283185307173106,0.006015735640998332,-0.6712487943821921
13.82,-0.001187475695563795,1.092734367958468e-06,-0.15699163121495577,2.9846010223748376,-0.0016270035533764908,0.00010902524732033478,2.520700557824073e-12,2.3202037451325265e-13,2,0.5999999999994053,1.1892709039784677e-12,83.69202829163525,6.28318530717336,-0.007144285207027978,-0.6449287526861395
13.84,-0.0011896159403903162,1.38429675071698e-06,-0.14669492177505508,2.9948977318147385,-0.0016285974584367134,0.00011375769696424097,2.5252161382350233e-12,2.1890980250273179e-13,2,0.5999999999994287,1.1426415369442111e-12,83.81769199777872,6.283185307173604,-0.019788294256836092,-0.6196407345865232
13.86,-0.0011916262908977565,1.6174418444435273e-06,-0.13406801481733033,3.0075246387724626,-0.0016309753027024976,0.00011681909729375855,2.5294466371796912e-12,2.0374785879002436e-13,2,0.5999999999994511,1.0977885267493548e-12,83.9433557039222,6.283185307173839,-0.03193652462043811,-0.5953442738593192
13.88,-0.001193489854618272,1.7923159204534543e-06,-0.11930279872091007,3.022289854868883,-0.0016341193410496814,0.00011810838597960937,2.5333608711905062e-12,1.8755764729038112e-13,2,0.5999999999994726,1.0547118733938987e-12,84.06901941006568,6.283185307174064,-0.0436084160581765,-0.5720004909838424
13.9,-0.001195198772905942,1.914596746482773e-06,-0.10262774982151358,3.0389649037682798,-0.0016379633270375484,0.00011754137417045942,2.5369495271953532e-12,1.7148777607680133e-13,2,0.5999999999994933,1.0134115768778429e-12,84.19468311620916,6.28318530717428,-0.054822646086488014,-0.5495720309272194
13.92,-0.001196755873483478,1.9944307184453337e-06,-0.08430529500768585,3.0572873585821068,-0.0016423939743572145,0.00011505851022644726,2.54022700722963e-12,1.567407672760021e-13,2,0.5999999999995131,9.736655925962623e-13,84.32034682235265,6.283185307174488,-0.06559715986591452,-0.5280230033683664
13.94,-0.0011981756157908331,2.0446051348222353e-06,-0.064627887974925,3.0769647656148678,-0.0016472559837943145,0.00011063321999772397,2.5432316494289933e-12,1.444836195705641e-13,2,0.5999999999995322,9.35473920549157e-13,84.44601052849615,6.283185307174689,-0.07594919891718871,-0.507318925265818
13.96,-0.0011994839686241922,2.0781896591768212e-06,-0.043912820311365675,3.097679833278427,-0.0016523605846911437,0.00010427965285765567,2.5460240348393526e-12,1.3574839476427212e-13,2,0.5999999999995506,8.988365607365267e-13,84.57167423463964,6.283185307174881,-0.08589532871134539,-0.48742666567750464
13.98,-0.0012007169936155877,2.1060330455415583e-06,-0.022495939162801206,3.119096714426992,-0.001657497126160267,9.605863059511324e-05,2.548683293093579e-12,1.3133493569982295e-13,2,0.5999999999995682,8.635314685534468e-13,84.69733794078314,6.283185307175065,-0.0954514651780094,-0.46831439274417663
14.0,-0.0012019181346462845,2.1345866410821842e-06,-0.000724564831627101,3.1408680887581664,-0.0016624468566837542,8.608075728133577e-05,2.5513015899474388e-12,1.31266286286826e-13,2,0.5999999999995851,8.29780688604842e-13,84.82300164692664,6.283185307175242,-0.10463290017427856,0.20636754102204835
14.02,-0.0012031236444328462,2.124116955763686e-06,0.021047599299062494,-3.12054505429073,-0.001666523737975807,7.54885738116107e-05,2.553926701284423e-12,1.3256241440632743e-13,2,0.5999999999996014,7.971401316808624e-13,84.94866535307015,6.283185307175413,-0.10058700666216333,0.19827575399781788
14.040000000000001,-0.001204370864902144,2.1148228047724934e-06,0.042467410661388844,-3.0991252429284044,-0.0016701743146847214,6.349991655520612e-05,2.5566297709452665e-12,1.3897147101773479e-13,2,0.5999999999996171,7.65831842386433e-13,85.07432905921367,6.283185307175577,-0.09669975490378811,0.19050125048106745
14.06,-0.001205704402341002,2.0986423172164425e-06,0.06319020280131815,-3.0784024507884755,-0.0016732547434997092,5.0345545735778847e-05,2.5595085046454235e-12,1.4994917836757512e-13,2,0.599999999999632,7.358558207215538e-13,85.19999276535718,6.283185307175734,-0.0929649244670149,0.18303158960752103
14.08,-0.001207161002420846,2.06311725974581e-06,0.0828851555964217,-3.058707497993371,-0.0016756581744803195,3.628274406174291e-05,2.5626463319849026e-12,1.646310085474711e-13,2,0.5999999999996465,7.069900220812997e-13,85.3256564715007,6.283185307175885,-0.08937653882633854,0.1758548183261683
14.1,-0.0012087668713895582,1.993768868657154e-06,0.10124220617524374,-3.04035044741455,-0.0016773219570123956,2.1584525563399108e-05,2.566106820408723e-12,1.8191981444445556e-13,2,0.5999999999996604,6.792344464656708e-13,85.4513201776442,6.28318530717603,-0.08592885579917085,0.16895945227183293
14.120000000000001,-0.0012105363515952125,1.876767496225399e-06,0.11797787110212107,-3.0236147824876722,-0.0016782314108133953,6.528299769359469e-06,2.569930032630248e-12,2.005886492353511e-13,2,0.5999999999996737,6.52589093874667e-13,85.57698388378773,6.283185307176169,-0.08261635835712343,0.16233445738773808
14.14,-0.0012124719248160713,1.7014053211120335e-06,0.1328397316834395,-3.0087529219063534,-0.001678420082998882,-8.614792767292025e-06,2.5741309760540682e-12,2.193835251729041e-13,2,0.5999999999996865,6.270539643082884e-13,85.70264758993126,6.2831853071763035,-0.07943374579758518,0.15596923226866158
14.16,-0.0012145652858942884,1.4619814361923262e-06,0.14560948109925834,-2.9959831724905346,-0.001677966757240654,-2.358879073401917e-05,2.578700006637445e-12,2.3711346835246633e-13,2,0.5999999999996988,6.024070131616099e-13,85.82831129607479,6.283185307176432,-0.07637592526146728,0.14985359119642577
14.18,-0.0012167990983399113,1.1588728414395191e-06,0.15610459362598494,-2.9854880599638083,-0.001676989744066365,-3.815927294418426e-05,2.583604841030425e-12,2.527200165701212e-13,2,0.5999999999997105,5.788702850395566e-13,85.95397500221831,6.283185307176556,-0.0734380035835421,0.14397774784057543
14.200000000000001,-0.0012191490263366693,7.987373454319326e-07,0.1641788327115168,-2.977413820878276,-0.0016756391265616746,-5.2116764631680455e-05,2.5887937287083893e-12,2.364709820568716e-13,2,0.5999999999997219,5.562217353372034e-13,86.07963870836184,6.283185307176675,-0.07061527946233492,0.797945889770737
14.22,-0.001221450076142496,4.0956997305481207e-07,0.16969977416783744,-2.971892879421956,-0.0016744036861206246,-6.433879240074857e-05,2.5936243070405733e-12,2.456953023901123e-13,2,0.5999999999997327,5.344613640545504e-13,86.20530241450538,6.283185307176789,-0.05497132653033038,0.7666579839067279
14.24,-0.0012238086034470964,-5.504586951915851e-09,0.17254911886925842,-2.9690435347205346,-0.0016732880236259426,-7.565653346583094e-05,2.598602525112281e-12,2.5113142376544134e-13,2,0.5999999999997432,5.135891711915974e-13,86.33096612064892,6.2831853071768995,-0.03994078176666438,0.7365968943793959
14.26,-0.0012261909207545911,-4.294181093653107e-07,0.17268776147615394,-2.968904892113639,-0.0016724543927380034,-8.59200352916822e-05,2.603649076030368e-12,2.524849124320751e-13,2,0.5999999999997533,4.933831121434196e-13,86.45662982679247,6.283185307177004,-0.02549959309302785,0.7077145170321228
14.280000000000001,-0.0012285624895059047,-8.439439127887636e-07,0.17011546217822754,-2.971477191411566,-0.00167205587237907,-9.499163216499128e-05,2.6086811574452564e-12,2.4970039724000664e-13,2,0.599999999999763,4.740652315149418e-13,86.582293532936,6.2831853071771055,-0.0116246515265917,0.6799646338992505
14.3,-0.0012308892055495257,-1.231561354414404e-06,0.16487055355641364,-2.9767221000333794,-0.0016722269398883856,-0.00010274219336277309,2.6136172374425594e-12,2.429595862245128e-13,2,0.5999999999997723,4.554134847012392e-13,86.70795723907955,6.283185307177202,0.0017062457992957358,0.6533028392474757
14.32,-0.0012331387378154506,-1.5772621494757917e-06,0.15702988610970858,-2.9845627674800843,-0.001673074536990179,-0.00010904851139244605,2.6183817628912833e-12,2.32677297906769e-13,2,0.5999999999997812,4.376499163072367e-13,86.83362094522309,6.2831853071772965,0.014514431164432351,0.6276864685172024
14.34,-0.001235282056971926,-1.870121118291739e-06,0.14670889099994971,-2.9948837625898435,-0.0016746700486353326,-0.00011379255047778535,2.6229097549679232e-12,2.1949322913775978e-13,2,0.5999999999997897,4.205524817280093e-13,86.95928465136663,6.283185307177387,0.02682040039796091,0.6030745300501453
14.36,-0.001237295214881183,-2.104443608085359e-06,0.13406148582467944,-3.007531167765114,-0.0016770427288660822,-0.00011686301446022063,2.6271511645131787e-12,2.042548109619639e-13,2,0.5999999999997979,4.04121180963557e-13,87.08494835751019,6.283185307177473,0.0386438456760686,0.57942763949393
14.38,-0.0012391613174649043,-2.2803025166787743e-06,0.11927946723164688,-3.0223131863581463,-0.0016801752011226657,-0.00011815935593349835,2.6310747533185116e-12,1.8798558070850635e-13,2,0.5999999999998058,3.8835601401387976e-13,87.21061206365374,6.283185307177556,0.050003687033669864,0.5567079567787274
14.4,-0.0012408724959306165,-2.403311849820948e-06,0.10259103715924592,-3.0390016164305473,-0.001684001676580231,-0.00011759796600165924,2.634671160807704e-12,1.7870666786492636e-13,2,0.5999999999998135,3.730349362740526e-13,87.3362757697973,6.283185307177635,0.060918102640498906,0.2885279433559853
14.42,-0.0012424636007602665,-2.4744098823796872e-06,0.08427546033427077,-3.057317193255523,-0.0016881614615414332,-0.00011545676280414153,2.6380778705502655e-12,1.6243458153717363e-13,2,0.5999999999998208,3.5837999234900053e-13,87.46193947594085,6.283185307177712,0.06657477388010635,0.2772146008767704
14.44,-0.0012439097861519479,-2.512826612406736e-06,0.06461113538207082,-3.076981518207722,-0.001692774338817367,-0.00011137750060907594,2.6411809061594974e-12,1.4862689657789193e-13,2,0.5999999999998278,3.4439118223872356e-13,87.58760318208441,6.283185307177785,0.07200964386787786,0.2663448609012274
14.46,-0.0012452366518071263,-2.532644743588486e-06,0.043911520562178355,-3.0976811330276153,-0.0016976643840493498,-0.00010537510707708528,2.644040675822965e-12,1.3835070823752714e-13,2,0.5999999999998346,3.3084646133829665e-13,87.71326688822796,6.283185307177855,0.07723140955529467,0.2559013295263938
14.48,-0.001246480169069588,-2.545943842429108e-06,0.02251037716064896,-3.119082276429144,-0.0017026323315573928,-9.750946257412273e-05,2.6467368851659943e-12,1.324448532353262e-13,2,0.599999999999841,3.1796787425264483e-13,87.83893059437152,6.283185307177923,0.0822484268814927,0.24586729487399772
14.5,-0.00124768402602622,-2.5604891653498495e-06,0.0007548693489870945,-3.140837784240806,-0.0017074688674542106,-8.788868473413488e-05,2.6493630670749474e-12,1.314350554054282e-13,2,0.5999999999998472,3.055333763768431e-13,87.96459430051507,6.283185307177988,0.08706872414454798,0.23622670034788715
14.52,-0.0012488958953008225,-2.5781794790622196e-06,-0.02100198105385608,3.120590672535937,-0.0017119690403384264,-7.666902550239472e-05,2.6520196741244645e-12,1.35478157433647e-13,2,0.5999999999998532,2.935429677108914e-13,88.09025800665863,6.283185307178051,0.09170001484846636,0.2269641189400504
14.540000000000001,-0.0012501631198236969,-2.594588387067329e-06,-0.0424090671271518,3.099183586462641,-0.0017159465230747915,-6.405110084739123e-05,2.6548064274043095e-12,1.443452156152295e-13,2,0.599999999999859,2.8199664825478976e-13,88.21592171280219,6.283185307178111,0.09614971004643547,0.21806472854411219
14.56,-0.0012515284502438958,-2.5997052196852148e-06,-0.0631247602821771,3.078467893307616,-0.0017192464638093059,-5.0272671156482565e-05,2.6578147480979106e-12,1.5744647443435264e-13,2,0.5999999999998645,2.708944180085382e-13,88.34158541894575,6.283185307178169,0.10042493020009098,0.20951428823680115
14.58,-0.0012530264552644522,-2.5797220146213275e-06,-0.08282385578768514,3.0587687978021076,-0.0017217558341992838,-3.559865967657672e-05,2.6611210819585665e-12,1.7389363452642646e-13,2,0.5999999999998699,2.602362769721367e-13,88.46724912508932,6.283185307178225,0.10453251657377438,0.20129911548943435
14.6,-0.0012546810670639613,-2.519497790354383e-06,-0.10120355993293889,3.040389093656854,-0.001723410486276392,-2.030946217550895e-05,2.6647817658515243e-12,1.691045968988462e-13,2,0.599999999999875,2.5002222514558525e-13,88.5929128312329,6.283185307178278,0.10847904218201537,-0.621772324095787
14.620000000000001,-0.001256382203033689,-2.3888684515203253e-06,-0.11800209049123593,3.0235905630985567,-0.0017240810852000169,-5.938524532358769e-06,2.668332949348965e-12,1.8631129065052537e-13,2,0.5999999999998799,2.402522625288839e-13,88.71857653737646,6.2831853071783295,0.09628902140833573,-0.5973922825484277
14.64,-0.001258244463968837,-2.2067031663714115e-06,-0.13291006663158386,3.0086825869582094,-0.0017241548451329145,8.545689045996093e-06,2.6722369475827333e-12,2.0406708623111018e-13,2,0.5999999999998845,2.3092638912203256e-13,88.84424024352003,6.283185307178378,0.0845769781859369,-0.57396819610363
14.66,-0.0012602617283702289,-1.966685176595637e-06,-0.14570090513967604,2.9958917484501173,-0.0017237052570940616,2.2892185253042646e-05,2.6764921585659384e-12,2.211359709451332e-13,2,0.5999999999998891,2.2182256032010628e-13,88.9699039496636,6.283185307178425,0.07332417074696057,-0.5514625812256774
14.68,-0.0012624183964336328,-1.6680882032199296e-06,-0.15618480098604332,2.9854078526037497,-0.0017228418950318446,3.686928688402172e-05,2.6810733351988856e-12,2.36405922857685e-13,2,0.5999999999998934,2.1316282072803006e-13,89.09556765580717,6.283185307178471,0.06251259219877742,-0.5298394241293111
14.700000000000001,-0.0012646914145718908,-1.316150799211485e-06,-0.16421010838182887,2.9773825452079645,-0.0017217033976404718,5.026785714189213e-05,2.6859346651709508e-12,2.4894311078678887e-13,2,0.5999999999998976,2.0472512574087887e-13,89.22123136195074,6.283185307178515,0.052124941709117245,-0.5090641231499907
14.72,-0.0012670523116601233,-9.216497265104801e-07,-0.16966363488236041,2.971929018707433,-0.001720449001386261,6.290179553683927e-05,2.69101370867206e-12,2.580243188997476e-13,2,0.5999999999999016,1.9673151996357774e-13,89.34689506809431,6.283185307178557,0.042144596821046265,-0.48910343337384876
14.74,-0.0012694690262989284,-4.998219868930372e-07,-0.17247025447042127,2.969122399119372,-0.001719249195216299,7.460619014920907e-05,2.6962357999778465e-12,2.6315240255248627e-13,2,0.5999999999999055,1.8895995879120164e-13,89.47255877423788,6.283185307178597,0.032555586853489804,-0.46992541343873584
14.76,-0.0012719074480090752,-6.882310719234228e-08,-0.17259227282455308,2.96900038076524,-0.0017182759614064761,8.523381664753339e-05,2.701518635677459e-12,2.64061099429248e-13,2,0.5999999999999092,1.816324868286756e-13,89.59822248038145,6.283185307178636,0.023342567344735193,-0.4514993744212266
14.780000000000001,-0.0012743327220001593,3.5209051989114907e-07,-0.1700289140775747,2.9715637395122183,-0.0017176929591550746,9.465086717418368e-05,2.7067768981121203e-12,2.6071497386017763e-13,2,0.5999999999999127,1.745270594710746e-13,89.72388618652502,6.283185307178673,0.014490795498019432,-0.4337958307277951
14.8,-0.0012767104531475745,7.444811499282269e-07,-0.164816157757257,2.976776495832536,-0.0017176459443464854,0.00010273286075117405,2.71192685969694e-12,2.422332001292798e-13,2,0.5999999999999162,1.6764367671839864e-13,89.84954989266859,6.283185307178709,0.005986106589909057,-0.6712368442088466
14.82,-0.001278956637458855,1.0888758772695648e-06,-0.15700334588643916,2.984589307703354,-0.0017184848778974188,0.00010902463335964681,2.7166775441752953e-12,2.320206330495533e-13,2,0.5999999999999195,1.609823385706477e-13,89.97521359881216,6.2831853071787425,-0.007173679971617719,-0.644917271085793
14.84,-0.001281096880066129,1.3804678250762844e-06,-0.1467065343268284,2.994886119262965,-0.0017200787891766985,0.00011375707186266002,2.7211931289968667e-12,2.189099872909269e-13,2,0.5999999999999226,1.5476508963274682e-13,90.10087730495573,6.283185307178775,-0.0198174639214313,-0.6196297031861658
14.86,-0.0012831072289596589,1.6136412524126224e-06,-0.13407953705097908,3.0075131165388136,-0.0017224566336538287,0.00011681846078276212,2.725423630970054e-12,2.0374797924100928e-13,2,0.5999999999999256,1.4876988529977098e-13,90.2265410110993,6.283185307178807,-0.03196547801133587,-0.5953336750063567
14.88,-0.0012849707917978396,1.7885419661509795e-06,-0.11931424333823651,3.022278410251557,-0.0017256006658507958,0.00011810773865910827,2.7293378668160904e-12,1.8755771244287761e-13,2,0.5999999999999285,1.4299672557172016e-13,90.35220471724287,6.2831853071788375,-0.043637161655589785,-0.5719903077178489
14.9,-0.001286679709971897,1.9108473369915386e-06,-0.10263912963115954,3.038953523958634,-0.001729444639146685,0.00011754071747110616,2.7329265236275674e-12,1.714877930071786e-13,2,0.5999999999999313,1.3744561044859438e-13,90.47786842338645,6.283185307178867,-0.05485119203811584,-0.5495622469527968
14.92,-0.0012882368111438586,1.9907034663001787e-06,-0.08431662209594513,3.0572760314938474,-0.0017338752672816681,0.00011505784631451538,2.7362040035523925e-12,1.5674073994626884e-13,2,0.5999999999999339,1.3211653993039363e-13,90.60353212953004,6.283185307178895,-0.06562551399998018,-0.5280136030290681
14.94,-0.0012896565546004516,2.040897496730787e-06,-0.06463917290000183,3.0769534806897916,-0.0017387372513514427,0.0001106325516197092,2.7392086447697883e-12,1.4448354835650765e-13,2,0.5999999999999365,1.270095140171179e-13,90.72919583567362,6.283185307178922,-0.07597736875496636,-0.5073098935190957
14.96,-0.0012909649089131818,2.074499105585112e-06,-0.043924071386445725,3.0976685822033474,-0.0017438418212698432,0.00010427898312919976,2.7420010282988714e-12,1.3574827680269653e-13,2,0.5999999999999389,1.2212453270876722e-13,90.8548595418172,6.283185307178948,-0.08592332147919585,-0.48741798807063674
14.98,-0.0012921979354534414,2.1023572478951033e-06,-0.022507161890873845,3.11908549169892,-0.0017489783269491986,9.605796274756675e-05,2.7446602836905686e-12,1.3133476603417893e-13,2,0.5999999999999414,1.1723955140041653e-13,90.98052324796079,6.283185307178973,-0.0954792878189438,-0.46830605539114084
15.0,-0.0012933990778505743,2.1309236567930956e-06,-0.000735761543391486,3.1408568920464015,-0.0017539280178362794,8.608009438740607e-05,2.7472785765931724e-12,1.3126609563560187e-13,2,0.5999999999999437,1.1257661469699087e-13,91.10618695410437,6.2831853071789965,-0.1046605593590687,0.20637807254457097
15.02,-0.0012946045891008757,2.1204664109682135e-06,0.02103642883382152,-3.1205562247559717,-0.001758004857841447,7.548792041406014e-05,2.749903683456799e-12,1.3256215685406008e-13,2,0.5999999999999459,1.0813572259849025e-13,91.23185066024796,6.28318530717902,-0.10061445937350112,0.1982858725734358
15.040000000000001,-0.0012958518105292108,2.1111836383980055e-06,0.04245626925493433,-3.0991363843348587,-0.0017616553917468199,6.349927486491415e-05,2.752606747278048e-12,1.3897114451219076e-13,2,0.599999999999948,1.0391687510491465e-13,91.35751436639154,6.283185307179042,-0.09672700923761342,0.1905109723016604
15.06,-0.0012971853483742524,2.0950141816044744e-06,0.06317909631792024,-3.0784135572718725,-0.0017647357772643951,5.0344917176817985e-05,2.755485473766516e-12,1.499487847726283e-13,2,0.59999999999995,9.992007221626409e-14,91.48317807253513,6.283185307179064,-0.09299198820182125,0.18304093023007606
15.08,-0.0012986419483748824,2.059500514422663e-06,0.08287409243314371,-3.058718561156649,-0.0017671391653070372,3.628212914442023e-05,2.7586232926086478e-12,1.6463055483374446e-13,2,0.599999999999952,9.592326932761353e-14,91.60884177867871,6.283185307179084,-0.08940341943562037,0.1758637926976743
15.1,-0.0013002478169464962,1.9901645079267185e-06,0.10123119658114714,-3.040361457008646,-0.0017688029059072473,2.1583923846077167e-05,2.7620837714433084e-12,1.81919312979591e-13,2,0.5999999999999539,9.214851104388799e-14,91.7345054848223,6.283185307179104,-0.08595556046338268,0.16896807475319892
15.120000000000001,-0.001302017296671682,1.8731770249402123e-06,0.11796692640098438,-3.0236257271888087,-0.0017697123192184023,6.527709905246086e-06,2.7659069732815122e-12,2.0058811715299755e-13,2,0.5999999999999557,8.859579736508749e-14,91.86016919096588,6.283185307179123,-0.08264289397517012,0.1623427417767738
15.14,-0.0013039528695875384,1.697830599256125e-06,0.13282886346874073,-3.008763790121052,-0.0017699009526073956,-8.615372913646919e-06,2.7701079059085077e-12,2.1938298298390125e-13,2,0.5999999999999575,8.504308368628699e-14,91.98583289710946,6.28318530717914,-0.07946011899786168,0.1559771918221569
15.16,-0.0013060462307761043,1.4584245140653779e-06,0.14559870046429904,-2.9959939531254935,-0.0017694475898613505,-2.3589363922925284e-05,2.7746769257119298e-12,2.3711293808554175e-13,2,0.5999999999999591,8.171241461241152e-14,92.11149660325304,6.283185307179158,-0.07640214241246546,0.14986123865136447
15.18,-0.0013082800439322179,1.1553358038394348e-06,0.15609391047884053,-2.985498743110952,-0.001768470541547911,-3.815984237385789e-05,2.779581749782496e-12,2.527195197694071e-13,2,0.5999999999999607,7.860379014346108e-14,92.23716030939663,6.283185307179175,-0.07346407080404169,0.14398509543451693
15.200000000000001,-0.00131062997334512,7.952221770629171e-07,0.16416825520758088,-2.9774243983822117,-0.0017671198907798702,-5.211733374907668e-05,2.7847706280073387e-12,2.364704816611172e-13,2,0.5999999999999622,7.549516567451064e-14,92.36282401554021,6.283185307179191,-0.07064120263119483,0.7979554260927134
15.22,-0.0013129310247591095,4.0607729172753514e-07,0.16968930034849966,-2.9719033532412933,-0.0017658844227154058,-6.433936065198965e-05,2.7896011967534276e-12,2.4569484783275343e-13,2,0.5999999999999637,7.260858581048524e-14,92.4884877216838,6.283185307179206,-0.05499706273692373,0.7666671463041712
15.24,-0.0013152895542130117,-8.973391109229689e-09,0.1725387522161784,-2.9690539013736146,-0.001764768735131992,-7.56571040218133e-05,2.7945794062914356e-12,2.5113102750384143e-13,2,0.5999999999999651,6.972200594645983e-14,92.61415142782738,6.28318530717922,-0.03996633834188651,0.7366056975140968
15.26,-0.0013176718740978478,-4.328619807323014e-07,0.1726775028607811,-2.9689151507290124,-0.001763935081897682,-8.592061107247686e-05,2.799625949931782e-12,2.52484582261445e-13,2,0.5999999999999664,6.705747068735946e-14,92.73981513397096,6.2831853071792345,-0.025524977080325528,0.7077229749909748
15.280000000000001,-0.0013200434456836845,-8.473621758456354e-07,0.1701053098328081,-2.9714873437569853,-0.001763536542250572,-9.499221571660432e-05,2.8046580254323634e-12,2.4970013613743887e-13,2,0.5999999999999678,6.439293542825908e-14,92.86547884011455,6.283185307179249,-0.011649869693234283,0.6799727602167923
15.3,-0.0013223701646114026,-1.2349537437343982e-06,0.16486050318661197,-2.9767321504031816,-0.0017637075939460727,-0.00010274278675279708,2.8095941008921146e-12,2.4295939268830976e-13,2,0.599999999999969,6.195044477408373e-14,92.99114254625813,6.283185307179262,0.001681186951387359,0.653310646927549
15.32,-0.001324619699590496,-1.580628827014752e-06,0.15701993114222532,-2.9845727224475684,-0.0017645551791986166,-0.00010904911612306715,2.8143586231105908e-12,2.3267716673963254e-13,2,0.5999999999999702,5.950795411990839e-14,93.11680625240172,6.2831853071792745,0.014489525388281244,0.6276939700537613
15.34,-0.0013267630210808128,-1.8734626783008228e-06,0.1466990229587129,-2.99489363063108,-0.0017661506834805857,-0.00011379316741721376,2.8188866131316453e-12,2.1949315259973446e-13,2,0.5999999999999714,5.706546346573305e-14,93.2424699585453,6.283185307179287,0.02679564169153764,0.6030817374472485
15.36,-0.001328776180772811,-2.1077610672226454e-06,0.13405169482625034,-3.007540958763543,-0.001768523361331652,-0.00011686364379693451,2.823128021626133e-12,2.0425478018275308e-13,2,0.5999999999999726,5.484501741648273e-14,93.36813366468888,6.2831853071792985,0.038619228272686656,0.5794345642849504
15.38,-0.0013306422844750095,-2.283597284673765e-06,0.11926974258327808,-3.0223229110065155,-0.001771655836603372,-0.00011815999716052744,2.8270516102081667e-12,1.8798558719748418e-13,2,0.5999999999999737,5.262457136723242e-14,93.49379737083247,6.283185307179309,0.04997920539275774,0.5567146100448083
15.4,-0.0013323534633570516,-2.406585675086041e-06,0.10258136803212231,-3.0390112855576703,-0.0017754823207353505,-0.00011759861793935417,2.8306480181463005e-12,1.7870661073833897e-13,2,0.5999999999999747,5.062616992290714e-14,93.61946107697605,6.283185307179321,0.060893751438734045,0.2885379692510214
15.42,-0.0013339445675040601,-2.4776642524325534e-06,0.08426583789613969,-3.057326815693653,-0.0017796421226701103,-0.00011545741945837453,2.8340547272247882e-12,1.624345714267857e-13,2,0.5999999999999757,4.8627768478581856e-14,93.74512478311964,6.283185307179331,0.06655061923882519,0.2772242336508391
15.44,-0.0013353907517350077,-2.516063756720522e-06,0.06460155013555131,-3.076991103454242,-0.0017842550221857942,-0.00011137815969407531,2.8371577630854483e-12,1.4862693182643936e-13,2,0.5999999999999767,4.6629367034256575e-14,93.87078848926322,6.283185307179341,0.07198567807983358,0.2663541159688223
15.46,-0.001336717615944997,-2.535866890128581e-06,0.0439019649285067,-3.0976906886612863,-0.0017891450943673562,-0.00010537576593976773,2.84001753391478e-12,1.3835079025797572e-13,2,0.5999999999999776,4.4853010194856324e-14,93.9964521954068,6.283185307179351,0.07720762521544591,0.25591022169759764
15.48,-0.0013379611317063502,-2.549153056307334e-06,0.022500845970768887,-3.119091807619024,-0.0017941130727891523,-9.751011841932985e-05,2.8427137453911736e-12,1.3244498561599144e-13,2,0.5999999999999784,4.3076653355456074e-14,94.12211590155039,6.283185307179361,0.08222481687515397,0.24587583837818153
15.5,-0.0013391649873307795,-2.5636871884728576e-06,0.0007453601643322497,-3.1408472934254608,-0.0017989496426837849,-8.788933487030881e-05,2.8453399304840504e-12,1.3143524244598677e-13,2,0.5999999999999793,4.1300296516055823e-14,94.24777960769397,6.28318530717937,0.08704528163600458,0.2362349088564803
15.52,-0.0013403768556232208,-2.581367590989925e-06,-0.02101146782130986,3.120581185768483,-0.0018034498517081913,-7.666966758338623e-05,2.847996541848087e-12,1.3547840238951118e-13,2,0.5999999999999801,3.9745984281580604e-14,94.37344331383756,6.283185307179379,0.0916767332700358,0.22697200558841787
15.540000000000001,-0.0013416440796183559,-2.5977673063220522e-06,-0.042418528305628464,3.099174125284165,-0.0018074273718030475,-6.405173308457961e-05,2.850783300614636e-12,1.443455190012685e-13,2,0.5999999999999809,3.8191672047105385e-14,94.49910701998114,6.283185307179387,0.09612658308795775,0.21807230595257396
15.56,-0.001343009409973956,-2.602875059225004e-06,-0.063134190229823,3.0784584633599703,-0.0018107273502803861,-5.0273292478399e-05,2.8537916279395744e-12,1.5744683272955736e-13,2,0.5999999999999817,3.6637359812630166e-14,94.62477072612472,6.283185307179395,0.10040195179883105,0.20952156853082737
15.58,-0.0013445074153054042,-2.5828822963368625e-06,-0.08283324684959728,3.0587594067401955,-0.0018132367581080394,-3.5599269820463616e-05,2.8570979694596647e-12,1.7389403953140265e-13,2,0.5999999999999823,3.530509218307998e-14,94.7504344322683,6.283185307179402,0.10450968090472039,0.2013061103190487
15.6,-0.0013461620276244493,-2.522647513638467e-06,-0.10121290301902246,3.0403797505707706,-0.0018148914468014746,-2.0310061705273392e-05,2.8607586618293246e-12,1.691049856749919e-13,2,0.599999999999983,3.397282455352979e-14,94.87609813841189,6.2831853071794095,0.1084563436485575,-0.6217642993732051
15.620000000000001,-0.001347863163762762,-2.392006476949912e-06,-0.11801138174354008,3.023581271846253,-0.0018155620787273982,-5.939113544572108e-06,2.8643098534635073e-12,1.8631171208915886e-13,2,0.5999999999999837,3.26405569239796e-14,95.00176184455547,6.283185307179417,0.09626648020181439,-0.5973845724797189
15.64,-0.0013497254247975532,-2.209828059877711e-06,-0.13291929651794002,3.008673357071853,-0.0018156358701824117,8.545108908554897e-06,2.868213860341434e-12,2.0406752509125934e-13,2,0.5999999999999843,3.1308289294429414e-14,95.12742555069906,6.283185307179424,0.08455458813747468,-0.5739607883510395
15.66,-0.00135174268903458,-1.969795316292534e-06,-0.14571006442373083,2.9958825891660616,-0.0018151863120638148,2.2891611825467176e-05,2.8724690801488104e-12,2.2113641011510246e-13,2,0.599999999999985,2.9976021664879227e-14,95.25308925684264,6.28318530717943,0.07330192592956519,-0.5514554639352205
15.68,-0.0013538993565118626,-1.6711819143039053e-06,-0.15619388134246937,2.985398772247324,-0.0018143229782704008,3.6868717633794925e-05,2.877050265437067e-12,2.364063449750625e-13,2,0.5999999999999855,2.886579864025407e-14,95.37875296298623,6.283185307179436,0.0624904869178573,-0.5298325859118047
15.700000000000001,-0.001356172373544417,-1.3192264723811588e-06,-0.16421910291144126,2.977373550678352,-0.001813184507465484,5.026728932876547e-05,2.8819116035579832e-12,2.4894349982977926e-13,2,0.5999999999999861,2.7755575615628914e-14,95.50441666912981,6.2831853071794415,0.05210297049336893,-0.509057553062828
15.72,-0.0013585332689808548,-9.247059140700906e-07,-0.16967253850761466,2.9719201150821783,-0.0018119301360549605,6.290122636425988e-05,2.8869906544049847e-12,2.580246615340834e-13,2,0.5999999999999867,2.6645352591003757e-14,95.6300803752734,6.283185307179447,0.04212275441369917,-0.48909712090348845
15.74,-0.0013609499814672263,-5.028574758640906e-07,-0.17247906420468764,2.9691135893851053,-0.0018107303528582853,7.460561689969598e-05,2.8922127520217064e-12,2.6315268910281994e-13,2,0.5999999999999872,2.55351295663786e-14,95.75574408141698,6.283185307179452,0.032533868203894284,-0.4699193484838787
15.76,-0.0013633884006336336,-7.183697220995105e-08,-0.17260098791704995,2.9689916656727426,-0.001809757139932575,8.523323679997433e-05,2.8974955928449887e-12,2.6406132442058164e-13,2,0.5999999999999878,2.4424906541753444e-14,95.88140778756056,6.2831853071794574,0.023320967600280407,-0.4514935472766509
15.780000000000001,-0.001365813671848599,3.490988796668477e-07,-0.17003753603942265,2.97155511755037,-0.0018091741561575118,9.46502785046878e-05,2.902753859149897e-12,2.6071513612599473e-13,2,0.5999999999999882,2.353672812205332e-14,96.00707149370415,6.283185307179462,0.014469309996368113,-0.43379023206882633
15.8,-0.0013681914001778294,7.415119859546819e-07,-0.16482469027389068,2.9767679633159023,-0.0018091271570060592,0.00010273226142038278,2.90790382336951e-12,2.4223344565954997e-13,2,0.5999999999999887,2.2648549702353193e-14,96.13273519984773,6.283185307179467,0.005964730851536815,-0.6712282227986368
15.82,-0.0013704375825925829,1.0859285690465091e-06,-0.15701179737689164,2.9845808562129017,-0.0018099660990474474,0.00010902402680350784,2.9126545121562276e-12,2.320208195812569e-13,2,0.5999999999999891,2.1760371282653068e-14,96.25839890599131,6.283185307179472,-0.0071948866848251525,-0.6449089877259129
15.84,-0.0013725778235985598,1.3775418463367768e-06,-0.1467149121433672,2.994877741446426,-0.0018115600148136774,0.00011375645726950342,2.917170100160047e-12,2.189101206162486e-13,2,0.5999999999999895,2.0872192862952943e-14,96.3840626121349,6.283185307179476,-0.019838508237045416,-0.6196217446214723
15.860000000000001,-0.0013745881713275094,1.610735714750726e-06,-0.13408784970779486,3.0075048038819983,-0.0018139378594435056,0.00011681783795880112,2.9214006043183485e-12,2.037480661493057e-13,2,0.59999999999999,1.9984014443252818e-14,96.50972631827848,6.2831853071794805,-0.03198636629705737,-0.5953260285014484
15.88,-0.0013764517335289048,1.7856556460932576e-06,-0.11932249999896258,3.0222701535908305,-0.0018170818872036338,0.00011810710803707209,2.925314841488574e-12,1.8755775945504563e-13,2,0.5999999999999904,1.9095836023552692e-14,96.63539002442207,6.283185307179484,-0.04365790002943826,-0.5719829610366867
15.9,-0.0013781606516207754,1.9079787246270717e-06,-0.10264733953649732,3.0389453140532954,-0.001820925851343145,0.00011754008008304664,2.928903498882142e-12,1.714878052284571e-13,2,0.5999999999999908,1.84297022087776e-14,96.76105373056565,6.2831853071794885,-0.05487178637821993,-0.5495551883391233
15.92,-0.0013797177532213728,1.9878508392192207e-06,-0.08432479396545683,3.0572678596243357,-0.001825356465637603,0.0001150572037231886,2.93218097872813e-12,1.5674072023514004e-13,2,0.5999999999999911,1.7763568394002505e-14,96.88671743670923,6.283185307179492,-0.06564596995398375,-0.5280068211875957
15.94,-0.0013811374975068844,2.0380590201032796e-06,-0.06464731435081891,3.076945339238974,-0.0018302184314063989,0.00011063190580646546,2.935185619237195e-12,1.4448349698428965e-13,2,0.5999999999999914,1.709743457922741e-14,97.01238114285282,6.283185307179496,-0.07599769174906607,-0.507303377597431
15.96,-0.0013824458528867258,2.0716729544919643e-06,-0.043932188416051024,3.0976604651737425,-0.0018353229789757018,0.0001042783363417068,2.9379780014091293e-12,1.3574819170405332e-13,2,0.5999999999999918,1.6431300764452317e-14,97.1380448489964,6.283185307179499,-0.0859435167268241,-0.487411727641915
15.98,-0.001383678880544254,2.099541742425774e-06,-0.02251525846936293,3.1190773951204296,-0.0018404594588348276,9.605731731697315e-05,2.940637254735748e-12,1.3133464363360698e-13,2,0.5999999999999921,1.5765166949677223e-14,97.26370855513998,6.283185307179503,-0.09549936032911138,-0.4683000404373404
16.0,-0.0013848800239270674,2.128117395488333e-06,-0.0007438393522455171,3.1408488142375477,-0.0018454091211265262,8.60794525304151e-05,2.9432555447878154e-12,1.312659580951502e-13,2,0.5999999999999924,1.509903313490213e-14,97.38937226128357,6.283185307179506,-0.1046805139443803,0.2063856704797789
16.02,-0.001386085536233256,2.117669124121386e-06,0.021028369960660705,-3.1205642836291325,-0.0018494859313455902,7.548728540799691e-05,2.9458806484242403e-12,1.3256197104845668e-13,2,0.5999999999999928,1.4432899320127035e-14,97.51503596742715,6.28318530717951,-0.10063426499916232,0.19829317258934295
16.04,-0.001387332758353387,2.1083945605082424e-06,0.04244823134631211,-3.099144422243481,-0.001853136434370665,6.349864830473712e-05,2.9485837080326326e-12,1.3897090896122507e-13,2,0.5999999999999931,1.3766765505351941e-14,97.64069967357074,6.283185307179513,-0.09674667174441566,0.19051798607984963
16.06,-0.0013886662964913907,2.0922330618565773e-06,0.06317108360452323,-3.07842156998527,-0.0018562167886516329,5.03443000898607e-05,2.951462429318369e-12,1.4994850082124378e-13,2,0.5999999999999933,1.3322676295501878e-14,97.76636337971432,6.283185307179516,-0.09301151320153526,0.18304766899408884
16.080000000000002,-0.0013901228964348091,2.0567276121939095e-06,0.08286611097292154,-3.0587265426168715,-0.0018586201457169826,3.6281521898796966e-05,2.9546002420302567e-12,1.6463022751100144e-13,2,0.5999999999999935,1.2878587085651816e-14,97.8920270858579,6.283185307179519,-0.0894228123199762,0.1758702672309707
16.1,-0.0013917287647198827,1.987400540550411e-06,0.10122325376816396,-3.0403693998216292,-0.001860283856065749,2.1583326123137382e-05,2.958060713947012e-12,1.8191895120808118e-13,2,0.5999999999999938,1.2434497875801753e-14,98.01769079200149,6.283185307179521,-0.08597482641269762,0.16897429541641354
16.12,-0.001393498244098382,1.870423078082635e-06,0.11795903040466058,-3.023633623185132,-0.0018611932401658027,6.527120733327791e-06,2.9618839082943873e-12,2.0058773329362456e-13,2,0.599999999999994,1.199040866595169e-14,98.14335449814507,6.283185307179524,-0.08266203796663832,0.16234871852429494
16.14,-0.001395433816794136,1.695088014792686e-06,0.13282102265308302,-3.0087716309367103,-0.0018613818455653634,-8.615955075172352e-06,2.966084833132252e-12,2.1938259183395117e-13,2,0.5999999999999942,1.1546319456101628e-14,98.26901820428866,6.283185307179526,-0.07947914581351871,0.15598293421805573
16.16,-0.0013975271780622424,1.4556947711756036e-06,0.1455909228324813,-2.996001730757312,-0.0018609284561347571,-2.3589941065484122e-05,2.9706538451587286e-12,2.37112555537335e-13,2,0.5999999999999944,1.1102230246251565e-14,98.39468191043224,6.283185307179528,-0.07642105664684058,0.14986675588469947
16.18,-0.001399760991730852,1.1526204065932992e-06,0.1560862031789797,-2.9855064504108135,-0.0018599513824704796,-3.81604168047993e-05,2.97555866178245e-12,2.527191613656445e-13,2,0.5999999999999946,1.0658141036401503e-14,98.52034561657582,6.283185307179529,-0.07348287687151012,0.14399039633403854
16.2,-0.0014021109221653246,7.92522557319726e-07,0.16416062412334828,-2.9774320294664447,-0.0018586007077048994,-5.211790795519944e-05,2.9807475331876005e-12,2.364701206629434e-13,2,0.5999999999999949,1.021405182655144e-14,98.64600932271941,6.283185307179532,-0.07065990477304163,0.7979623060394769
16.22,-0.0014044119747394035,4.033938952015579e-07,0.1696817440668546,-2.971910909522938,-0.0018573652197118175,-6.43399342336803e-05,2.9855780950180467e-12,2.456945199044862e-13,2,0.5999999999999951,9.769962616701378e-15,98.77167302886299,6.283185307179534,-0.05501562999548493,0.7666737564843635
16.240000000000002,-0.001406770505743782,-1.1639561513966529e-08,0.1725312732489603,-2.9690613803408326,-0.0018562495140284243,-7.565767926670023e-05,2.990556298399656e-12,2.5113074163262547e-13,2,0.5999999999999953,9.325873406851315e-15,98.89733673500658,6.283185307179536,-0.03998477600601136,0.7366120485054164
16.26,-0.001409152827487888,-4.3551016344114135e-07,0.17267010183671275,-2.9689225517530797,-0.0018554158446726003,-8.59211900872278e-05,2.9956028367897054e-12,2.524843440709606e-13,2,0.5999999999999955,8.881784197001252e-15,99.02300044115016,6.283185307179537,-0.025543290231484606,0.7077290769563629
16.28,-0.0014115244011185261,-8.499918835066568e-07,0.17009798547657384,-2.9714946681132197,-0.0018550172911102952,-9.499280033801456e-05,3.0006349080236248e-12,2.4969994777537414e-13,2,0.5999999999999958,8.43769498715119e-15,99.14866414729374,6.283185307179539,-0.01166806321365077,0.6799786229206952
16.3,-0.0014138511221268018,-1.2375647848568983e-06,0.16485325240010287,-2.9767394011896897,-0.0018551883313971615,-0.00010274337847250654,3.005570980209959e-12,2.429592530711598e-13,2,0.5999999999999959,8.215650382226158e-15,99.27432785343733,6.283185307179542,0.0016631083709249261,0.6533162797515438
16.32,-0.0014161006590631305,-1.5832213184430827e-06,0.15701274918317823,-2.9845799044066155,-0.0018560359081012832,-0.00010904971602479872,3.010335500098155e-12,2.3267707211772717e-13,2,0.599999999999996,7.993605777301127e-15,99.39999155958091,6.283185307179544,0.014471557240912813,0.627699382011568
16.34,-0.0014182439822370161,-1.8760370487587861e-06,0.14669190371210883,-2.9949007498776847,-0.0018576314070712756,-0.00011379377612730298,3.0148634886363704e-12,2.194930973890244e-13,2,0.5999999999999961,7.771561172376096e-15,99.5256552657245,6.283185307179545,0.026777779647119693,0.6030869371991543
16.36,-0.0014202571432149944,-2.1103180501795286e-06,0.13404463116172136,-3.0075480224280717,-0.0018600040832056838,-0.00011686426145131945,3.019104896372925e-12,2.0425475798372385e-13,2,0.5999999999999962,7.549516567451064e-15,99.65131897186808,6.283185307179546,0.03860146817086296,0.5794395601516678
16.38,-0.0014221232477239455,-2.286137897180194e-06,0.11926272678657397,-3.022329926803219,-0.001863136560652808,-0.00011816062339340833,3.0230284847939814e-12,1.8798559188456625e-13,2,0.5999999999999963,7.327471962526033e-15,99.77698267801166,6.283185307179548,0.049961543236301975,0.5567194100207897
16.4,-0.0014238344269061854,-2.409111178535318e-06,0.10257439229081967,-3.039018261298974,-0.0018669630510430443,-0.00011759925189962202,3.0266248930561062e-12,1.7870656952966803e-13,2,0.5999999999999964,7.105427357601002e-15,99.90264638415525,6.283185307179549,0.06087618338715345,0.2885452023889713
16.42,-0.0014254255305605472,-2.4801757200084542e-06,0.08425889583820113,-3.057333757751592,-0.0018711228652234537,-0.00011545805682153834,3.030031601655593e-12,1.6243456413687427e-13,2,0.5999999999999965,6.8833827526759706e-15,100.02831009029885,6.283185307179551,0.06653319299494245,0.2772311831733933
16.44,-0.001426871713953943,-2.5185627968765928e-06,0.0645946349091152,-3.076998018680678,-0.001875735780784052,-0.00011137879881100645,3.0331346376977207e-12,1.4862695725982282e-13,2,0.5999999999999966,6.661338147750939e-15,100.15397379644244,6.2831853071795525,0.07196838808328934,0.2663607929966995
16.46,-0.0014281985771211767,-2.538355110230118e-06,0.04389507106589431,-3.0976975825238986,-0.0018806258724084056,-0.00010537640489634063,3.035994409368224e-12,1.383508494342587e-13,2,0.5999999999999968,6.439293542825908e-15,100.27963750258604,6.283185307179554,0.07719046612390562,0.25591663691546696
16.48,-0.0014294420917994486,-2.5516319462284925e-06,0.022493969742783854,-3.1190986838470094,-0.0018855938731329217,-9.751075519892124e-05,3.038690622383781e-12,1.3244508112422232e-13,2,0.5999999999999969,6.217248937900877e-15,100.40530120872964,6.283185307179555,0.08220778355575899,0.24588200205176022
16.5,-0.0014306459464626712,-2.566158004911156e-06,0.0007384998116902672,-3.1408541537781023,-0.0018904304675552489,-8.788996753104157e-05,3.0413168097737415e-12,1.3143537738844317e-13,2,0.599999999999997,5.995204332975845e-15,100.53096491487324,6.283185307179556,0.08702836915715856,0.23624083084896108
16.52,-0.001431857814046459,-2.583831257082869e-06,-0.021018312001369152,3.1205743415884246,-0.0018949307026529488,-7.667029443258362e-05,3.04397342425053e-12,1.3547857911507605e-13,2,0.5999999999999971,5.773159728050814e-15,100.65662862101684,6.283185307179558,0.09165993689351301,0.22697769537625218
16.54,-0.0014331250376607972,-2.6002243404470728e-06,-0.04242535402480842,3.099167299564985,-0.001898908249700029,-6.405235283179907e-05,3.0467601869755077e-12,1.44345737881625e-13,2,0.5999999999999972,5.551115123125783e-15,100.78229232716043,6.283185307179559,0.096109898261321,0.21807777264063619
16.56,-0.0014344903679697442,-2.6053255428762628e-06,-0.06314099341779253,3.078451660172,-0.0019022082554068617,-5.027390435059232e-05,3.0497685190846794e-12,1.5744709122464918e-13,2,0.5999999999999973,5.329070518200751e-15,100.90795603330403,6.2831853071795605,0.10038537414814676,0.20952682086698468
16.580000000000002,-0.001435988373525444,-2.5853258845846432e-06,-0.08284002198371662,3.058752631606076,-0.0019047176902438575,-3.559987362803179e-05,3.0530748661307352e-12,1.7389433172588922e-13,2,0.5999999999999974,5.10702591327572e-15,101.03361973944763,6.283185307179561,0.10449320622755935,0.2013111567081595
16.6,-0.001437642986219271,-2.525083484599136e-06,-0.10121964354124108,3.040373010048552,-0.0019063724053540758,-2.0310657855018236e-05,3.0567355646159914e-12,1.6910526616105362e-13,2,0.5999999999999975,4.884981308350689e-15,101.15928344559123,6.283185307179562,0.10843996790727012,-0.6217585099795048
16.62,-0.0014393441224791683,-2.3944340085948073e-06,-0.11801808487053016,3.023574568719263,-0.0019070430610894661,-5.939702106176724e-06,3.060286762120502e-12,1.8631201614013644e-13,2,0.5999999999999976,4.6629367034256575e-15,101.28494715173483,6.283185307179563,0.09625021796321398,-0.5973790100913925
16.64,-0.0014412063835858042,-2.212246117603795e-06,-0.13292595537272625,3.0086666982170662,-0.0019071168752860768,8.544526749932055e-06,3.064190775234844e-12,2.0406784171152253e-13,2,0.5999999999999978,4.440892098500626e-15,101.41061085787842,6.283185307179564,0.08453843495105723,-0.573955444067079
16.66,-0.0014432236477042023,-1.9722027299980627e-06,-0.14571667234276317,2.99587598124703,-0.001906667338753426,2.289103450797723e-05,3.0684460014085157e-12,2.211367269593637e-13,2,0.5999999999999979,4.218847493575595e-15,101.53627456402202,6.283185307179565,0.07328587751933346,-0.5514503292036315
16.68,-0.0014453803147585732,-1.6735774757115027e-06,-0.1562004323194655,2.9853922212703274,-0.0019058040253545272,3.6868143330374885e-05,3.0730271929412513e-12,2.364066495171425e-13,2,0.599999999999998,3.9968028886505635e-15,101.66193827016562,6.283185307179565,0.06247453917547824,-0.529827652515921
16.7,-0.0014476533309933561,-1.32160902047078e-06,-0.16422559196901454,2.977367061620779,-0.0019046655737304078,5.026671606248305e-05,3.0778885369412693e-12,2.489437805106873e-13,2,0.5999999999999981,3.774758283725532e-15,101.78760197630922,6.283185307179565,0.05208711947159961,-0.5090528131081637
16.72,-0.0014500142252380362,-9.270744044119463e-07,-0.16967896198260246,2.971913691607191,-0.0019034112202433713,6.290065211755997e-05,3.0829675930880844e-12,2.580249087337424e-13,2,0.5999999999999982,3.552713678800501e-15,101.91326568245282,6.283185307179565,0.042106996320070256,-0.48909256680510504
16.740000000000002,-0.001452430936171456,-5.052110333640579e-07,-0.17248541994241506,2.969107233647378,-0.0019022114536207924,7.46050397120671e-05,3.088189695257955e-12,2.631528958408808e-13,2,0.5999999999999983,3.3306690738754696e-15,102.03892938859642,6.283185307179565,0.03251819939464126,-0.46991497295424706
16.76,-0.0014548693535025958,-7.41749292707711e-08,-0.17260727537588783,2.9689853782139055,-0.0019012382557619524,8.52326548525708e-05,3.0934725397778373e-12,2.6406148674702804e-13,2,0.5999999999999984,3.1086244689504383e-15,102.16459309474001,6.283185307179565,0.02330538457451281,-0.45148934331399015
16.78,-0.0014572946227146366,3.467769565165448e-07,-0.17004375630958024,2.971548897280213,-0.0019006552853166796,9.464969019308908e-05,3.0987308088750645e-12,2.6071525319915354e-13,2,0.5999999999999985,2.886579864025407e-15,102.29025680088361,6.283185307179565,0.014453809390467393,-0.4337861929458993
16.8,-0.0014596723490105873,7.392062781275545e-07,-0.16483084601422207,2.9767618075755706,-0.0019006082974611146,0.00010273166541758219,3.1038807749956786e-12,2.4223362280283784e-13,2,0.5999999999999986,2.6645352591003757e-15,102.41592050702721,6.283185307179565,0.005949309433773753,-0.6712220029244357
16.82,-0.0014619185300569833,1.0836386288978041e-06,-0.15701789466122987,2.984574758928563,-0.0019014472456280276,0.00010902342558832114,3.1086314668907723e-12,2.3202095415979886e-13,2,0.5999999999999986,2.6645352591003757e-15,102.54158421317081,6.283185307179565,-0.007210186160210297,-0.6449030117364676
16.84,-0.0014640587699075924,1.3752672941971818e-06,-0.1467209562759705,2.9948716973138225,-0.0019030411646314678,0.00011375585025632975,3.113147057190527e-12,2.1891021680872357e-13,2,0.5999999999999986,2.6645352591003757e-15,102.6672479193144,6.283185307179565,-0.019853690551481673,-0.6196160029539248
16.86,-0.0014660691167962404,1.6084759096890678e-06,-0.13409384683117684,3.0074988067586164,-0.0019054190093715751,0.0001168172250078018,3.117377562925373e-12,2.0374812885381147e-13,2,0.5999999999999986,2.6645352591003757e-15,102.792911625458,6.283185307179565,-0.03200143604449124,-0.5953205119679057
16.88,-0.0014679326785381112,1.7834097054469716e-06,-0.11932845672416677,3.022264196865626,-0.0019085630339308781,0.00011810648946039928,3.1212918010510208e-12,1.8755779337602513e-13,2,0.5999999999999986,2.6645352591003757e-15,102.9185753316016,6.283185307179565,-0.043672861623685055,-0.5719776608095181
16.9,-0.0014696415965705734,1.9057455590858049e-06,-0.10265326253016223,3.038939391059631,-0.0019124069914646707,0.0001175394566252256,3.124880458864614e-12,1.7148781404906875e-13,2,0.5999999999999986,2.6645352591003757e-15,103.0442390377452,6.283185307179565,-0.0548866440600268,-0.5495500959368346
16.92,-0.0014711986984802992,1.9856292061671365e-06,-0.08433068951824527,3.0572619640715484,-0.0019168375957740501,0.00011505657651161325,3.1281579386537924e-12,1.567407060176783e-13,2,0.5999999999999986,2.6645352591003757e-15,103.1699027438888,6.283185307179565,-0.06566072779781573,-0.5280019284612567
16.94,-0.0014726184433637294,2.035847595819753e-06,-0.064653187958052,3.0769394656317406,-0.0019216995483397913,0.0001106312762705196,3.1311625786518914e-12,1.4448345992460624e-13,2,0.5999999999999986,2.6645352591003757e-15,103.2955664500324,6.283185307179565,-0.07601235366962616,-0.5072986767176358
16.96,-0.0014739267995133424,2.0694704224063356e-06,-0.04393804440456793,3.0976546091852253,-0.0019268040797855393,0.00010427770610290702,3.133954959844765e-12,1.357481303122829e-13,2,0.5999999999999986,2.6645352591003757e-15,103.421230156176,6.283185307179565,-0.08595808648531755,-0.48740721108625307
16.98,-0.0014751598279768398,2.097346890582289e-06,-0.022521099703362933,3.11907155388643,-0.0019319405410168733,9.60566880570641e-05,3.136614211681586e-12,1.313345553304199e-13,2,0.5999999999999986,2.6645352591003757e-15,103.54689386231959,6.283185307179565,-0.09551384153926454,-0.4682957009783591
17.0,-0.001476360972070701,2.1259292128172753e-06,-0.0007496670448289937,3.140842986544964,-0.0019368901826786545,8.607882584857922e-05,3.1392324996771903e-12,1.3126585886941398e-13,2,0.5999999999999986,2.6645352591003757e-15,103.67255756846319,6.283185307179565,-0.10469491007822324,0.20639115197713032
17.02,-0.0014775664851385919,2.115487416052377e-06,0.021022555929280415,-3.1205700976605133,-0.0019409669714087658,7.548666366862597e-05,3.1418576009854107e-12,1.3256183700224098e-13,2,0.5999999999999986,2.6645352591003757e-15,103.79822127460679,6.283185307179565,-0.10064855366671255,0.19829843915410894
17.04,-0.0014788137077577659,2.106218774777132e-06,0.04244243243981003,-3.0991502211499835,-0.0019446174521554813,6.349803265846806e-05,3.144560657554508e-12,1.389707390268308e-13,2,0.5999999999999986,2.6645352591003757e-15,103.92388498075039,6.283185307179565,-0.09676085715948678,0.1905230461396574
17.06,-0.001480147246107086,2.0900630175147425e-06,0.06316530287507366,-3.078427350714719,-0.0019476977839010276,5.034369127782695e-05,3.147439375086818e-12,1.499482959691115e-13,2,0.5999999999999986,2.6645352591003757e-15,104.04954868689398,6.283185307179565,-0.09302559941271489,0.18305253064611363
17.080000000000002,-0.0014816038460091973,2.054563496367195e-06,0.08286035279096392,-3.0587323007988294,-0.0019501011186180343,3.628092018654837e-05,3.1505771833761404e-12,1.646299913693928e-13,2,0.5999999999999986,2.6645352591003757e-15,104.17521239303758,6.283185307179565,-0.08943680321710455,0.17587493825489295
17.1,-0.00148320971408752,1.9852428707540676e-06,0.1012175234680702,-3.0403751301217223,-0.0019517648071421165,2.1582731280766713e-05,3.154037650302088e-12,1.8191869021416162e-13,2,0.5999999999999986,2.6645352591003757e-15,104.30087609918118,6.283185307179565,-0.0859887257330921,0.16897878328686805
17.12,-0.0014849791932158769,1.8682726375639591e-06,0.11795333388018281,-3.02363931970961,-0.0019526741701680367,6.526532059820993e-06,3.1578608392453342e-12,2.005874563650561e-13,2,0.5999999999999986,2.6645352591003757e-15,104.42653980532478,6.283185307179565,-0.08267584930107404,0.16235303042283192
17.14,-0.001486914765752809,1.6929457716403576e-06,0.13281536593836335,-3.00877728765143,-0.001952862755374833,-8.61653869130389e-06,3.162061758463871e-12,2.1938230964607368e-13,2,0.5999999999999986,2.6645352591003757e-15,104.55220351146838,6.283185307179565,-0.07949287261197445,0.15598707704463274
17.16,-0.0014890081270782644,1.4535617925366094e-06,0.1455853117013498,-2.9960073418884434,-0.0019524093466928593,-2.3590521060952265e-05,3.1666307648798187e-12,2.3711227955547315e-13,2,0.5999999999999986,2.6645352591003757e-15,104.67786721761198,6.283185307179565,-0.07643470222401953,0.1498707362687229
17.18,-0.0014912419411165694,1.1504977775726772e-06,0.1560806427883997,-2.9855120108013935,-0.0019514322547394274,-3.8160994844235183e-05,3.1715355761311658e-12,2.5271890280288593e-13,2,0.5999999999999986,2.6645352591003757e-15,104.80353092375557,6.283185307179565,-0.07349644441214409,0.14399422064497203
17.2,-0.0014935918722879982,7.904113109272701e-07,0.16415511871806465,-2.9774375348717284,-0.0019500815626610274,-5.2118485832695876e-05,3.176724442616402e-12,2.3646986022802907e-13,2,0.5999999999999986,2.6645352591003757e-15,104.92919462989917,6.283185307179565,-0.07067339733698735,0.7979672695462338
17.22,-0.001495892925698961,4.012943529943516e-07,0.16967629262742923,-2.9719163609623642,-0.0019488460602906362,-6.43405116609255e-05,3.1815549994577007e-12,2.456942833276901e-13,2,0.5999999999999986,2.6645352591003757e-15,105.05485833604277,6.283185307179565,-0.055029025248488794,0.7666785253692366
17.240000000000002,-0.0014982514578218585,-1.3726675994403406e-08,0.17252587758755286,-2.96906677600224,-0.0019477303415491969,-7.565825789409139e-05,3.1865331983979143e-12,2.511305353975904e-13,2,0.5999999999999986,2.6645352591003757e-15,105.18052204218637,6.283185307179565,-0.03999807776369002,0.7366166303996391
17.26,-0.0015006337809072537,-4.3758430075929766e-07,0.17266476240692158,-2.9689278911828714,-0.001946896660562681,-8.592177143460671e-05,3.1915797330002678e-12,2.5248417223478513e-13,2,0.5999999999999986,2.6645352591003757e-15,105.30618574832997,6.283185307179565,-0.025556502159842176,0.7077334791919434
17.28,-0.0015030053560130257,-8.520526920641602e-07,0.1700927013583395,-2.9714999522314542,-0.0019464980969614205,-9.499338573052222e-05,3.1966118011561265e-12,2.496998118874299e-13,2,0.5999999999999986,2.6645352591003757e-15,105.43184945447356,6.283185307179565,-0.011681188834945344,0.6799828525421497
17.3,-0.0015053320785222261,-1.2396121265037795e-06,0.16484802135831955,-2.9767446322314735,-0.0019466691290176753,-0.00010274396898626998,3.2015478709809663e-12,2.429591523496977e-13,2,0.5999999999999986,2.6645352591003757e-15,105.55751316061716,6.283185307179565,0.0016500656725450535,0.653320343527169
17.32,-0.0015075816168705065,-1.585255277477168e-06,0.15700756779656988,-2.9845850857932232,-0.0019475166995546688,-0.00010905031244165134,3.2063123891880826e-12,2.326770038575093e-13,2,0.5999999999999986,2.6645352591003757e-15,105.68317686676076,6.283185307179565,0.014458594213993647,0.6277032864442718
17.34,-0.0015097249412589066,-1.878057934482861e-06,0.14668676756902677,-2.9949058860207662,-0.0019491121946924477,-0.00011379437889909405,3.2108403766565926e-12,2.1949305756141679e-13,2,0.5999999999999986,2.6645352591003757e-15,105.80884057290436,6.283185307179565,0.02676489316769859,0.6030906885368619
17.36,-0.0015117381031645603,-2.112326391754572e-06,0.134039535117993,-3.0075531184718,-0.0019514848695884636,-0.00011686487067609876,3.2150817838464134e-12,2.0425474197178928e-13,2,0.5999999999999986,2.6645352591003757e-15,105.93450427904796,6.283185307179565,0.03858865523746957,0.5794431643973199
17.38,-0.0015136042082554522,-2.288134428356509e-06,0.11925766527678262,-3.022334988313011,-0.001954617348605101,-0.00011816123880724474,3.219005372151398e-12,1.8798559526902121e-13,2,0.5999999999999986,2.6645352591003757e-15,106.06016798519155,6.283185307179565,0.049948800965155304,0.5567228729419484
17.400000000000002,-0.0015153153876541843,-2.4110968093438317e-06,0.1025693596787182,-3.0390232939110753,-0.0019584438435104015,-0.00011759987288845646,3.2226017806473194e-12,1.7870653980253637e-13,2,0.5999999999999986,2.6645352591003757e-15,106.18583169133515,6.283185307179565,0.06086350900754717,0.28855042069977876
17.42,-0.0015169064909530462,-2.48215122470334e-06,0.08425388752668933,-3.057338766063104,-0.001962603666525455,-0.00011545868026545716,3.2260084889012818e-12,1.6243455887980737e-13,2,0.5999999999999986,2.6645352591003757e-15,106.31149539747875,6.283185307179565,0.06652062092178287,0.27723619687130735
17.44,-0.0015183526737421185,-2.5205293358743447e-06,0.06458964595494177,-3.0770030076348514,-0.0019672165936616536,-0.00011137942352021756,3.2291115250743685e-12,1.4862697561044802e-13,2,0.5999999999999986,2.6645352591003757e-15,106.43715910362235,6.283185307179565,0.07195591430508333,0.26636561010470644
17.46,-0.0015196795361569933,-2.540313843161868e-06,0.04389009752442295,-3.0977025560653697,-0.001972106699312985,-0.00010537702948987099,3.2319712973517647e-12,1.3835089212828704e-13,2,0.5999999999999986,2.6645352591003757e-15,106.56282280976595,6.283185307179565,0.07717808678645291,0.2559212651419673
17.48,-0.0015209230500538224,-2.5535839479613234e-06,0.022489008923603,-3.1191036446661897,-0.0019770747161277553,-9.751137822185196e-05,3.2346675114777738e-12,1.3244515002965658e-13,2,0.5999999999999986,2.6645352591003757e-15,106.68848651590955,6.283185307179565,0.08219549495598467,0.24588644880290375
17.5,-0.0015221269040235374,-2.5681041820870544e-06,0.0007335504455785458,-3.140859103144215,-0.0019819113282455282,-8.789058758238188e-05,3.2372937005249838e-12,1.3143547474356304e-13,2,0.5999999999999986,2.6645352591003757e-15,106.81415022205314,6.283185307179565,0.08701616773718739,0.23624510324049833
17.52,-0.0015233387710960305,-2.5857722756974497e-06,-0.02102324969995697,3.120569403889836,-0.001986411582153734,-7.667091029113062e-05,3.239950317247484e-12,1.3547870661461856e-13,2,0.5999999999999986,2.6645352591003757e-15,106.93981392819674,6.283185307179565,0.09164781923497602,0.22698180024492107
17.54,-0.0015246059944356127,-2.6021605744826357e-06,-0.042430278404973,3.09916237518482,-0.001990389148645416,-6.405296356654432e-05,3.242737082828289e-12,1.4434589579386082e-13,2,0.5999999999999986,2.6645352591003757e-15,107.06547763434034,6.283185307179565,0.09609786107988537,0.21808171655510236
17.56,-0.0015259713247108772,-2.6072570511268806e-06,-0.0631459015429902,3.078446752046803,-0.0019936891739968815,-5.027450940380352e-05,3.2457454183890677e-12,1.574472777171486e-13,2,0.5999999999999986,2.6645352591003757e-15,107.19114134048394,6.283185307179565,0.10037341428826019,0.20953061013835272
17.580000000000002,-0.0015274693304283423,-2.587252418202379e-06,-0.08284490986964084,3.0587477437201525,-0.001996198628319681,-3.5600472862907763e-05,3.2490517694218587e-12,1.738945425310946e-13,2,0.5999999999999986,2.6645352591003757e-15,107.31680504662754,6.283185307179565,0.10448132065740055,0.201314797400072
17.6,-0.0015291239433925358,-2.5270045227843587e-06,-0.10122450645659448,3.040368147133199,-0.0019978533624882035,-2.031125156503172e-05,3.252712472319245e-12,1.6910546851915161e-13,2,0.5999999999999986,2.6645352591003757e-15,107.44246875277113,6.283185307179565,0.10842815371389719,-0.621754333254173
17.62,-0.0015308250797401292,-2.396348958300402e-06,-0.11802292080727932,3.023569732782514,-0.001998524035400868,-5.9402903416081715e-06,3.2562636740589352e-12,1.8631223549939765e-13,2,0.5999999999999986,2.6645352591003757e-15,107.56813245891473,6.283185307179565,0.09623848565571247,-0.5973749971378035
17.64,-0.0015326873408985752,-2.214154232419962e-06,-0.13293075936949084,3.0086618942203023,-0.0019985978660043446,8.5439431340635e-06,3.2601676916725754e-12,2.0406807013914768e-13,2,0.5999999999999986,2.6645352591003757e-15,107.69379616505833,6.283185307179565,0.08452678131863617,-0.5739515884636509
17.66,-0.0015347046049313643,-1.974103165760799e-06,-0.14572143959214331,2.99587121399765,-0.001998148345044823,2.2890454384888886e-05,3.2644229224392524e-12,2.2113695554883285e-13,2,0.5999999999999986,2.6645352591003757e-15,107.81945987120193,6.283185307179565,0.07327429947709879,-0.5514466247805762
17.68,-0.0015368612716805982,-1.6754693607159014e-06,-0.15620515848825045,2.985387495101543,-0.0019972850463595045,3.686756538194538e-05,3.2690041184771133e-12,2.364068692314269e-13,2,0.5999999999999986,2.6645352591003757e-15,107.94512357734553,6.283185307179565,0.06246303375949641,-0.5298240933453714
17.7,-0.0015391342873397977,-1.3234915171061192e-06,-0.16423027346629157,2.977362380123502,-0.001996146608573337,5.026613886246744e-05,3.2738654667186594e-12,2.489439830105335e-13,2,0.5999999999999986,2.6645352591003757e-15,108.07078728348912,6.283185307179565,0.05207568383415445,-0.5090493934946875
17.72,-0.0015414951807246494,-9.28946759181328e-07,-0.1696835961656047,2.971909057424188,-0.001994892268017174,6.290007421040514e-05,3.278944526689079e-12,2.5802508707872506e-13,2,0.5999999999999986,2.6645352591003757e-15,108.19645098963272,6.283185307179565,0.04209562772510625,-0.48908928127659107
17.740000000000002,-0.0015439118905376534,-5.070726149369926e-07,-0.17249000525667052,2.9691026483331227,-0.0019936925133519595,7.460445968337244e-05,3.2841666321438765e-12,2.631530449950001e-13,2,0.5999999999999986,2.6645352591003757e-15,108.32211469577632,6.283185307179565,0.032506895213385095,-0.46991181625314876
17.76,-0.0015463503065446971,-7.602525601403933e-08,-0.17261181143065044,2.9689808421591426,-0.001992719326363103,8.523207139013855e-05,3.2894494793307307e-12,2.640616038605119e-13,2,0.5999999999999986,2.6645352591003757e-15,108.44777840191992,6.283185307179565,0.02329414228126689,-0.45148631038891235
17.78,-0.0015487755743116818,3.4493819732779676e-07,-0.17004824389138576,2.9715444096984074,-0.0019921363655346063,9.464910213941515e-05,3.294707750442539e-12,2.60715337664732e-13,2,0.5999999999999986,2.6645352591003757e-15,108.57344210806352,6.283185307179565,0.014442626558568122,-0.4337832789435148
17.8,-0.0015511532991406732,7.373792173724806e-07,-0.1648352870412954,2.9767573665484974,-0.0019920893858284667,0.00010273107181529892,3.2998577179346937e-12,2.422337506054007e-13,2,0.5999999999999986,2.6645352591003757e-15,108.69910581420712,6.283185307179565,0.005938183731708402,-0.6712175156285978
17.82,-0.0015533994791998129,1.0818229436316192e-06,-0.1570222935154883,2.9845703600743043,-0.001992928338414676,0.00010902282822574157,3.304608412072375e-12,2.3202105125396563e-13,2,0.5999999999999986,2.6645352591003757e-15,108.82476952035071,6.283185307179565,-0.007221223887582395,-0.6448987003900162
17.84,-0.0015555397182168247,1.3734627105110922e-06,-0.1467253167841451,2.9948673368056475,-0.0019945222597536508,0.00011375524871096195,3.3091240040285806e-12,2.189102862091504e-13,2,0.5999999999999986,2.6645352591003757e-15,108.95043322649431,6.283185307179565,-0.01986464375369762,-0.6196118606577857
17.86,-0.0015575500644991783,1.6066819651890558e-06,-0.13409817342474975,3.007494480165043,-0.0019969001045733814,0.0001168166191787434,3.313354510900871e-12,2.037481740941829e-13,2,0.5999999999999986,2.6645352591003757e-15,109.07609693263791,6.283185307179565,-0.03201230803582977,-0.5953165320935214
17.88,-0.001559413625909465,1.7816257633438532e-06,-0.11933275417263482,3.0222598994171577,-0.002000044126823525,0.00011810587957283114,3.31726874971585e-12,1.8755781785032705e-13,2,0.5999999999999986,2.6645352591003757e-15,109.20176063878151,6.283185307179565,-0.04368365558847026,-0.5719738369882404
17.900000000000002,-0.0015611225438990073,1.9039708335059951e-06,-0.10265753564312816,3.0389351179466644,-0.0020038880795917127,0.00011753884321625898,3.3208574078325088e-12,1.7148782041450452e-13,2,0.5999999999999986,2.6645352591003757e-15,109.3274243449251,6.283185307179565,-0.05489736305772358,-0.5495464220497338
17.92,-0.0015626796460316951,1.9838628006359866e-06,-0.08433494283406498,3.057257710755728,-0.002008318676697463,0.00011505596039457597,3.324134887580736e-12,1.5674069576211194e-13,2,0.5999999999999986,2.6645352591003757e-15,109.4530880510687,6.283185307179565,-0.06567137476792567,-0.5279983986293296
17.94,-0.0015640993913464381,2.034088555350117e-06,-0.06465742544128714,3.076935228148506,-0.0020131806197379795,0.00011063065847660705,3.327139527210229e-12,1.4448343318939297e-13,2,0.5999999999999986,2.6645352591003757e-15,109.5787517572123,6.283185307179565,-0.07602293143639127,-0.5072952852923984
17.96,-0.001565407748051352,2.0677177971692514e-06,-0.04394226917678734,3.097650384413006,-0.0020182851395515204,0.00010427708780192733,3.329931907696788e-12,1.3574808602265142e-13,2,0.5999999999999986,2.6645352591003757e-15,109.7044154633559,6.283185307179565,-0.08596859776223986,-0.48740395264070124
17.98,-0.0015666407770962708,2.0955998062222617e-06,-0.022525313830925917,3.1190673397588675,-0.0020234215873439756,9.605607046227758e-05,3.332591158458824e-12,1.3133449162562916e-13,2,0.5999999999999986,2.6645352591003757e-15,109.8300791694995,6.283185307179565,-0.09552428893344805,-0.46829257029828486
18.0,-0.001567841921703079,2.12418693990635e-06,-0.0007538714029233992,3.1408387821868695,-0.002028371214122451,8.607821011368376e-05,3.335209444970826e-12,1.3126578728463092e-13,2,0.5999999999999986,2.6645352591003757e-15,109.9557428756431,6.283185307179565,-0.10470529609454599,0.20639510657739757
18.02,-0.0015690474353204638,2.113749814222958e-06,0.021018361427065868,-3.1205742921627273,-0.0020324479873495118,7.548605149939141e-05,3.337834544599398e-12,1.3256174029649942e-13,2,0.5999999999999986,2.6645352591003757e-15,110.0814065817867,6.283185307179565,-0.10065886215198809,0.19830223869228178
18.04,-0.0015702946582996436,2.1044854456024322e-06,0.04243824884942273,-3.0991544047403705,-0.0020360984520236603,6.349742488499625e-05,3.3405375989758374e-12,1.3897061642994258e-13,2,0.5999999999999986,2.6645352591003757e-15,110.20707028793029,6.283185307179565,-0.09677109115375096,0.19052669669580752
18.06,-0.0015716281968013964,2.0883338304506877e-06,0.06316113239847154,-3.0784315211913214,-0.0020391787675111818,5.0343088434789e-05,3.3434163138002873e-12,1.4994814818126568e-13,2,0.5999999999999986,2.6645352591003757e-15,110.33273399407389,6.283185307179565,-0.09303576183680205,0.1830560380619097
18.080000000000002,-0.0015730847966736905,2.052838586414456e-06,0.08285619858115828,-3.058736455008635,-0.002041582086105129,3.628032246551164e-05,3.34655411889901e-12,1.6462982100821504e-13,2,0.5999999999999986,2.6645352591003757e-15,110.45839770021749,6.283185307179565,-0.08944689687732148,0.17587830814294855
18.1,-0.0015746906646028397,1.9835226112707334e-06,0.10121338937349625,-3.0403792642162966,-0.0020432457588839418,2.158213851585667e-05,3.3500145822244077e-12,1.8191850192371357e-13,2,0.5999999999999986,2.6645352591003757e-15,110.58406140636109,6.283185307179565,-0.08599875332570871,0.168982021039723
18.12,-0.0015764601435507184,1.8665575936191608e-06,0.11794922415283968,-3.0236434294369534,-0.002044155106706074,6.5259437452877416e-06,3.3538377672689213e-12,2.0058725657891258e-13,2,0.5999999999999986,2.6645352591003757e-15,110.70972511250469,6.283185307179565,-0.08268581341663797,0.16235614122158154
18.14,-0.001578395715973054,1.6912366416564377e-06,0.13281128493153738,-3.008781368658256,-0.0020443436773449433,-8.617123357343014e-06,3.3580386824334765e-12,2.1938210606585672e-13,2,0.5999999999999986,2.6645352591003757e-15,110.83538881864828,6.283185307179565,-0.07950277573945655,0.1559900658672187
18.16,-0.0015804890773398652,1.4518593464014984e-06,0.1455812635805312,-2.9960113900092615,-0.0020438902547742104,-2.3591103115009425e-05,3.3626076848017944e-12,2.371120804527256e-13,2,0.5999999999999986,2.6645352591003757e-15,110.96105252479188,6.283185307179565,-0.0764445467547967,0.149873607897899
18.18,-0.0015827228916448634,1.1488027981305613e-06,0.15607663127404847,-2.9855160223157444,-0.002042913149626205,-3.8161575487252866e-05,3.36751249217733e-12,2.5271871626717223e-13,2,0.5999999999999986,2.6645352591003757e-15,111.08671623093548,6.283185307179565,-0.07350623264382598,0.14399697967595756
18.2,-0.0015850728233479394,7.887245434388848e-07,0.16415114687253052,-2.9774415067172626,-0.0020415624450576056,-5.211906635901559e-05,3.372701355113181e-12,2.364696723414321e-13,2,0.5999999999999986,2.6645352591003757e-15,111.21237993707908,6.283185307179565,-0.07068313147709304,0.7979708504443082
18.22,-0.0015873738773626385,3.9961602944474806e-07,0.16967235971524056,-2.971920293874552,-0.0020403269323148276,-6.434109186253952e-05,3.3775319083551417e-12,2.456941126534113e-13,2,0.5999999999999986,2.6645352591003757e-15,111.33804364322268,6.283185307179565,-0.055038689184083556,0.7666819658582892
18.240000000000002,-0.0015897324102924523,-1.5396033609138134e-08,0.17252198491608634,-2.969070668673707,-0.002039211204152778,-7.565883896167011e-05,3.3825101040911896e-12,2.5113038661317487e-13,2,0.5999999999999986,2.6645352591003757e-15,111.46370734936627,6.283185307179565,-0.0400076742475321,0.7366199359851863
18.26,-0.0015921147343454767,-4.392442960510515e-07,0.17266091030342873,-2.9689317432863644,-0.002038377514775408,-8.592235446463077e-05,3.3875566359609847e-12,2.524840482671676e-13,2,0.5999999999999986,2.6645352591003757e-15,111.58937105550987,6.283185307179565,-0.0255660338367526,0.7077366551636273
18.28,-0.001594486310515436,-8.537030713736864e-07,0.17008888915905399,-2.9715037644307394,-0.0020379789439316435,-9.499397167900497e-05,3.3925887018962456e-12,2.4969971385436196e-13,2,0.5999999999999986,2.6645352591003757e-15,111.71503476165347,6.283185307179565,-0.011690658246040264,0.6799859039822026
18.3,-0.0015968130341074286,-1.2412527901635334e-06,0.1648442474507409,-2.976748406139052,-0.002038149970050013,-0.00010274455862957328,3.3975247700174475e-12,2.4295907968715944e-13,2,0.5999999999999986,2.6645352591003757e-15,111.84069846779707,6.283185307179565,0.0016406560857880614,0.653323275318546
18.32,-0.0015990625734743098,-1.5868862863039464e-06,0.15700382971243923,-2.9845888238773544,-0.0020389975361378094,-0.00010905090634381839,3.4022892870118047e-12,2.326769546137922e-13,2,0.5999999999999986,2.6645352591003757e-15,111.96636217394067,6.283185307179565,0.014449242105828763,0.6277061032784645
18.34,-0.0016012058987388696,-1.8796795116227194e-06,0.1466830621255834,-2.99490959146421,-0.0020405930285109014,-0.00011379497738610044,3.406817273708625e-12,2.194930288300567e-13,2,0.5999999999999986,2.6645352591003757e-15,112.09202588008426,6.283185307179565,0.02675559628435792,0.6030933949214062
18.36,-0.0016032190613137448,-2.113938918969699e-06,0.13403585860399767,-3.0075567949857955,-0.0020429657025135273,-0.00011686547381867088,3.4110586805040463e-12,2.0425473042189857e-13,2,0.5999999999999986,2.6645352591003757e-15,112.21768958622786,6.283185307179565,0.03857941141355681,0.5794457646630085
18.38,-0.0016050851668244302,-2.2897384350095266e-06,0.11925401367708882,-3.0223386399127037,-0.002046098182662522,-0.00011816184641495743,3.4149822687253263e-12,1.8798559771231685e-13,2,0.5999999999999986,2.6645352591003757e-15,112.34335329237146,6.283185307179565,0.049939608120180556,0.556725371249761
18.400000000000002,-0.0016067963463793063,-2.4126929519745353e-06,0.10256572892707713,-3.039026924662716,-0.002049924680825231,-0.00011760048451828418,3.4185786773899483e-12,1.7870651835747638e-13,2,0.5999999999999986,2.6645352591003757e-15,112.46901699851506,6.283185307179565,0.06085436514259768,0.2885541854231133
18.42,-0.001608387449421652,-2.483740061899251e-06,0.08425027430653272,-3.057342379283261,-0.002054084510214035,-0.0001154592936665393,3.42198538539466e-12,1.6243455508830861e-13,2,0.5999999999999986,2.6645352591003757e-15,112.59468070465866,6.283185307179565,0.06651155086529009,0.27723981397772846
18.44,-0.001609833631774699,-2.5221117048150118e-06,0.06458604669998042,-3.077006606889812,-0.0020586974457014306,-0.00011138003783416559,3.425088421662248e-12,1.4862698885040027e-13,2,0.5999999999999986,2.6645352591003757e-15,112.72034441080226,6.283185307179565,0.07194691516297624,0.26636908538235615
18.46,-0.001611160493646753,-2.541890580460097e-06,0.04388650938881491,-3.097706144200979,-0.0020635875614724913,-0.00010537764372036933,3.4279481943775022e-12,1.3835092293052776e-13,2,0.5999999999999986,2.6645352591003757e-15,112.84600811694585,6.283185307179565,0.07716915577813868,0.2559246041520313
18.48,-0.0016124040069797833,-2.5551558290770024e-06,0.02248542996636318,-3.1191072236234305,-0.002068555589895528,-9.751199131923796e-05,3.4306444093046576e-12,1.3244519974192327e-13,2,0.5999999999999986,2.6645352591003757e-15,112.97167182308945,6.283185307179565,0.0821866294098991,0.24588965688851044
18.5,-0.0016136078604491449,-2.569671861114435e-06,0.0007299797510358433,-3.1408626738387575,-0.0020733922147796228,-8.789119853590004e-05,3.4332705995474978e-12,1.314355449807325e-13,2,0.5999999999999986,2.6645352591003757e-15,113.09733552923305,6.283185307179565,0.08700736508651975,0.23624818553526913
18.52,-0.0016148197271527458,-2.5873362331170708e-06,-0.02102681197707919,3.1205658416127138,-0.0020778924822586024,-7.667151821973452e-05,3.4359272178901725e-12,1.354787985994284e-13,2,0.5999999999999986,2.6645352591003757e-15,113.22299923537665,6.283185307179565,0.0916390770135617,0.22698476168118523
18.54,-0.00161608695029409,-2.6037210801029204e-06,-0.04243383107363232,3.099158822516161,-0.0020818700627785207,-6.405356779854919e-05,3.438713985531319e-12,1.4434600971991728e-13,2,0.5999999999999986,2.6645352591003757e-15,113.34866294152025,6.283185307179565,0.09608917691825948,0.21808456187178968
18.56,-0.001617452280545041,-2.608814147364787e-06,-0.06314944248462022,3.0784432111051725,-0.0020851701023025335,-5.027510953682509e-05,3.4417223235822655e-12,1.5744741226249907e-13,2,0.5999999999999986,2.6645352591003757e-15,113.47432664766384,6.283185307179565,0.10036478590986586,0.20953334388857692
18.580000000000002,-0.0016189502863792004,-2.5888059255277895e-06,-0.08284843620977092,3.0587442173800223,-0.002087679570683292,-3.560106879824276e-05,3.445028677491294e-12,1.7389469461695103e-13,2,0.5999999999999986,2.6645352591003757e-15,113.59999035380744,6.283185307179565,0.10447274587494598,0.20131742395841667
18.6,-0.0016206048995384393,-2.528554065468885e-06,-0.10122801478184162,3.0403646388079517,-0.0020893343186013562,-2.031184351439773e-05,3.4486893835718214e-12,1.691056145108258e-13,2,0.5999999999999986,2.6645352591003757e-15,113.72565405995104,6.283185307179565,0.1084196304258555,-0.6217513199790766
18.62,-0.0016223060359492898,-2.397894108493917e-06,-0.11802640966895023,3.0235662439208433,-0.002090005003906506,-5.940878341283582e-06,3.4522405883669913e-12,1.863123937566676e-13,2,0.5999999999999986,2.6645352591003757e-15,113.85131776609464,6.283185307179565,0.09623002144377402,-0.5973721020149136
18.64,-0.0016241682971451024,-2.215694451628599e-06,-0.13293422518821235,3.0086584284015814,-0.0020900788463466607,8.543358467233784e-06,3.4561446092266614e-12,2.0406823493890781e-13,2,0.5999999999999986,2.6645352591003757e-15,113.97698147223824,6.283185307179565,0.08451837386639383,-0.5739488068601533
18.66,-0.001626185561116116,-1.9756378449667393e-06,-0.14572487889963354,2.9958677746901596,-0.0020896293366223233,2.28898722379964e-05,3.4603998433069763e-12,2.2113712046548263e-13,2,0.5999999999999986,2.6645352591003757e-15,114.10264517838183,6.283185307179565,0.07326594655897306,-0.5514439522453117
18.68,-0.0016283422276451949,-1.6769978710324638e-06,-0.15620856815833215,2.985384085431461,-0.0020887660485520727,3.686698480404047e-05,3.4649810425950766e-12,2.3640702774520763e-13,2,0.5999999999999986,2.6645352591003757e-15,114.22830888452543,6.283185307179565,0.06245473323717399,-0.5298215256017136
18.7,-0.0016306152428891244,-1.3250132542440097e-06,-0.1642336509083179,2.9773590026814754,-0.0020876276207492566,5.026555882459461e-05,3.469842393896693e-12,2.4894412910509327e-13,2,0.5999999999999986,2.6645352591003757e-15,114.35397259066903,6.283185307179565,0.05206743365316652,-0.5090469264336986
18.72,-0.001632976135653636,-9.304611795349186e-07,-0.1696869394729667,2.9719057141168266,-0.0020863732895220395,6.289949366246423e-05,3.4749214566256742e-12,2.5802521574689416e-13,2,0.5999999999999986,2.6645352591003757e-15,114.47963629681263,6.283185307179565,0.04208742591154083,-0.48908691095044726
18.740000000000002,-0.0016353928446582976,-5.085792630370132e-07,-0.1724933133079061,2.969099340281887,-0.002085173543483437,7.460387760495189e-05,3.4801435644504073e-12,2.631531526035503e-13,2,0.5999999999999986,2.6645352591003757e-15,114.60530000295623,6.283185307179565,0.03249873987072843,-0.4699095388688225
18.76,-0.001637831259710052,-7.752378438940004e-08,-0.17261508394386263,2.968977569645931,-0.0020842003643367093,8.523148683455948e-05,3.4854264135613757e-12,2.640616883534612e-13,2,0.5999999999999986,2.6645352591003757e-15,114.73096370909983,6.283185307179565,0.023286031587368583,-0.4514841223021028
18.78,-0.0016402565264344792,3.434480142903995e-07,-0.17005148143402166,2.9715411721557716,-0.00208361741044622,9.464851427160084e-05,3.4906846861266327e-12,2.607153986039428e-13,2,0.5999999999999986,2.6645352591003757e-15,114.85662741524342,6.283185307179565,0.014434558762725314,-0.43378117665281624
18.8,-0.0016426342502051093,7.358974740951009e-07,-0.16483849099725262,2.97675416259254,-0.002083570436619474,0.00010273047994455865,3.4958346546083164e-12,2.422338428096956e-13,2,0.5999999999999986,2.6645352591003757e-15,114.98229112138702,6.283185307179565,0.00593015715186429,-0.6712142782927393
18.82,-0.001644880429551966,1.0803494071306589e-06,-0.1570254670460685,2.9845671865437247,-0.0020844093923939972,0.00010902223364223619,3.500585350363936e-12,2.3202112130370486e-13,2,0.5999999999999986,2.6645352591003757e-15,115.10795482753062,6.283185307179565,-0.007229186998549186,-0.6448955899919123
18.84,-0.0016470206679675508,1.3719971831773482e-06,-0.14672846265012407,2.994864190939669,-0.0020860033154179642,0.00011375465110987994,3.505100943515211e-12,2.189103362792256e-13,2,0.5999999999999986,2.6645352591003757e-15,115.23361853367422,6.283185307179565,-0.01987254588443732,-0.619608872220136
18.86,-0.0016490310138124636,1.6052241134320406e-06,-0.13410129482319552,3.0074913587665977,-0.0020883811602951698,0.00011681601848728072,3.509331451208133e-12,2.0374820673393952e-13,2,0.5999999999999986,2.6645352591003757e-15,115.35928223981782,6.283185307179565,-0.03202015157741134,-0.595313660834188
18.88,-0.0016508945749834983,1.7801751277569675e-06,-0.1193358545444725,3.022256799045321,-0.0020915251808794133,0.00011810527595343311,3.513245690520451e-12,1.8755783550833213e-13,2,0.5999999999999986,2.6645352591003757e-15,115.48494594596141,6.283185307179565,-0.04369144283820742,-0.5719710783125959
18.900000000000002,-0.001652603492942045,1.9025268471267592e-06,-0.10266061845821563,3.0389320351315776,-0.00209536913020951,0.00011753823705641001,3.516834348855776e-12,1.7148782500778725e-13,2,0.5999999999999986,2.6645352591003757e-15,115.61060965210501,6.283185307179565,-0.05490509622285111,-0.5495437715433085
18.92,-0.0016541605952355581,1.9824248167095537e-06,-0.08433801136656992,3.0572546422232234,-0.0020997997221182674,0.00011505535228103409,3.5201118285744767e-12,1.567406883641002e-13,2,0.5999999999999986,2.6645352591003757e-15,115.73627335824861,6.283185307179565,-0.06567905596913148,-0.5279958520507477
18.94,-0.0016555803408614422,2.0326558849081804e-06,-0.06466048255141665,3.0769321710383766,-0.0021046616582868875,0.00011063004915330908,3.5231164679380562e-12,1.4448341390209705e-13,2,0.5999999999999986,2.6645352591003757e-15,115.86193706439221,6.283185307179565,-0.07603056271120989,-0.5072928385665909
18.96,-0.0016568886979669503,2.066289754964779e-06,-0.04394531711657734,3.0976473364732158,-0.0021097661697084577,0.00010427647811281131,3.5259088479150614e-12,1.3574805407072678e-13,2,0.5999999999999986,2.6645352591003757e-15,115.9876007705358,6.283185307179565,-0.0859761810683129,-0.4874016018523849
18.98,-0.0016581217274313112,2.0941757614579524e-06,-0.022528354091139006,3.119064299498654,-0.0021149026078055274,9.605546128263024e-05,3.528568097901711e-12,1.3133444566670753e-13,2,0.5999999999999986,2.6645352591003757e-15,116.1132644766794,6.283185307179565,-0.09553182615165695,-0.4682903116856968
19.0,-0.0016593228724081646,2.122766366341803e-06,-0.0007569046149604741,3.1408357489748324,-0.0021198522238465418,8.607760227582178e-05,3.5311863833433867e-12,1.312657356407422e-13,2,0.5999999999999986,2.6645352591003757e-15,116.238928182823,6.283185307179565,-0.10471278903202172,0.20639795960420065
19.02,-0.001660528386421962,2.1123326105928862e-06,0.021015335325541586,-3.1205773182642513,-0.002123928985889031,7.548544623392886e-05,3.5338114817601973e-12,1.3256167052927456e-13,2,0.5999999999999986,2.6645352591003757e-15,116.3645918889666,6.283185307179565,-0.10066629915507329,0.1983049798503038
19.04,-0.001661775609660853,2.1030713244645925e-06,0.042435230620212136,-3.099157422969581,-0.002127579438967732,6.349682279079551e-05,3.536514534554769e-12,1.389705279837852e-13,2,0.5999999999999986,2.6645352591003757e-15,116.4902555951102,6.283185307179565,-0.09677847441566445,0.19052933037148612
19.06,-0.0016631091482725668,2.086922697624941e-06,0.06315812363015678,-3.0784345299596367,-0.0021306597427260066,5.034248989757742e-05,3.539393247425663e-12,1.4994804156135955e-13,2,0.5999999999999986,2.6645352591003757e-15,116.6159193012538,6.283185307179565,-0.09304309346476532,0.18305856846968785
19.080000000000002,-0.0016645657481233408,2.0514305392961866e-06,0.08285320154845283,-3.0587394520413405,-0.0021330630496880767,3.627972762348791e-05,3.5425310502225625e-12,1.6462969810305277e-13,2,0.5999999999999986,2.6645352591003757e-15,116.7415830073974,6.283185307179565,-0.08945417889593066,0.17588073933201853
19.1,-0.0016661716159448619,1.9821179192168764e-06,0.10121040685282345,-3.0403822467369697,-0.002134726711107566,2.1581547249346363e-05,3.545991510950384e-12,1.8191836608372987e-13,2,0.5999999999999986,2.6645352591003757e-15,116.867246713541,6.283185307179565,-0.08600598768017441,0.16898435690050603
19.12,-0.0016679410947625284,1.8651566642956159e-06,0.11794625921177289,-3.0236463943780203,-0.002135636047961025,6.525355689416645e-06,3.549814693182202e-12,2.005871124455632e-13,2,0.5999999999999986,2.6645352591003757e-15,116.99291041968459,6.283185307179565,-0.08269300197589799,0.1623583854919532
19.14,-0.001669876667102181,1.6898399789362478e-06,0.1328083407107249,-3.008784312879069,-0.0021358246080899596,-8.617708781091767e-06,3.5540156054220608e-12,2.1938195919541284e-13,2,0.5999999999999986,2.6645352591003757e-15,117.11857412582819,6.283185307179565,-0.07950992029916659,0.1559922221384904
19.16,-0.0016719700284988188,1.4504675057164508e-06,0.14557834308513926,-2.9960143105046537,-0.0021353711754992753,-2.3591686654424206e-05,3.558584604870267e-12,2.371119368126191e-13,2,0.5999999999999986,2.6645352591003757e-15,117.24423783197179,6.283185307179565,-0.0764516490402038,0.1498756796205648
19.18,-0.00167420384299621,1.1474163442599235e-06,0.15607373718818127,-2.9855189164016114,-0.0021343940608321366,-3.8162158008749055e-05,3.56348940944965e-12,2.527185816935463e-13,2,0.5999999999999986,2.6645352591003757e-15,117.36990153811539,6.283185307179565,-0.07351329431252926,0.14399897016521573
19.2,-0.0016765537750828266,7.873440140477405e-07,0.16414828140550444,-2.977444372184289,-0.002133043347252571,-5.2119648796390304e-05,3.5686782698248482e-12,2.364695367931001e-13,2,0.5999999999999986,2.6645352591003757e-15,117.49556524425898,6.283185307179565,-0.07069015412169627,0.7979734338654111
19.22,-0.0016788548295330727,3.982415918971776e-07,0.1696695223364517,-2.971923131253341,-0.002131807827026714,-6.434167406572336e-05,3.573508820470115e-12,2.4569398952281866e-13,2,0.5999999999999986,2.6645352591003757e-15,117.62122895040258,6.283185307179565,-0.0550456611799916,0.7666844479820017
19.240000000000002,-0.0016812133630450146,-1.6764002721356827e-08,0.17251917656873647,-2.969073477021057,-0.002130692092068239,-7.565942178966578e-05,3.578487013894564e-12,2.511302792748879e-13,2,0.5999999999999986,2.6645352591003757e-15,117.74689265654618,6.283185307179565,-0.04001459758070869,0.7366223207834359
19.26,-0.0016835956877961108,-4.406055107554063e-07,0.17265813122361442,-2.9689345223661787,-0.0021298583966373567,-8.592293870848775e-05,3.5835335437929976e-12,2.524839588327881e-13,2,0.5999999999999986,2.6645352591003757e-15,117.87255636268978,6.283185307179565,-0.02557291041529075,0.7077389464526
19.28,-0.001685967264733802,-8.550573486688167e-07,0.1700861388679074,-2.971506514721886,-0.002129459820568551,-9.499455802843264e-05,3.588565608126247e-12,2.4969964313026737e-13,2,0.5999999999999986,2.6645352591003757e-15,117.99822006883338,6.283185307179565,-0.011697489903215563,0.6799881054284497
19.3,-0.001688293989106947,-1.2426000581448149e-06,0.16484152478493438,-2.9767511288048585,-0.0021296308424030887,-0.00010274514764467152,3.593501675018395e-12,2.429590272664244e-13,2,0.5999999999999986,2.6645352591003757e-15,118.12388377497697,6.283185307179565,0.0016338675885838039,0.6533253904448509
19.32,-0.0016905435292086694,-1.5882265888476451e-06,0.15700113289126183,-2.9845915206985314,-0.0021304784052810586,-0.00010905149843150963,3.5982661911378377e-12,2.326769190883508e-13,2,0.5999999999999986,2.6645352591003757e-15,118.24954748112057,6.283185307179565,0.014442495076268824,0.6277081354694809
19.34,-0.0016926868551053065,-1.8810130097169996e-06,0.14668038885284906,-2.9949122647369446,-0.0021320738956596037,-0.00011379557278155349,3.602794177277949e-12,2.194930081030409e-13,2,0.5999999999999986,2.6645352591003757e-15,118.37521118726417,6.283185307179565,0.026748889096472772,0.603095347429073
19.36,-0.0016947000181629641,-2.1152658880358094e-06,0.13403320620225068,-3.0075594473875427,-0.00213444656901772,-0.00011686607257290496,3.607035583788853e-12,2.042547220902461e-13,2,0.5999999999999986,2.6645352591003757e-15,118.50087489340777,6.283185307179565,0.038572742505131985,0.5794476406117546
19.38,-0.0016965661239764839,-2.29105925695456e-06,0.11925137924961982,-3.0223412743401727,-0.0021375790499836692,-0.0001181624483905841,3.6109591719497623e-12,1.8798559947585077e-13,2,0.5999999999999986,2.6645352591003757e-15,118.62653859955137,6.283185307179565,0.04993297599025698,0.5567271736415046
19.400000000000002,-0.0016982773036439865,-2.4140081004571312e-06,0.10256310954030805,-3.0390295440494857,-0.0021414055504964382,-0.00011760108939567671,3.6145555807361084e-12,1.7870650288678903e-13,2,0.5999999999999986,2.6645352591003757e-15,118.75220230569496,6.283185307179565,0.06084776834906963,0.2885569014630923
19.42,-0.0016998684065012478,-2.48504993991251e-06,0.08424766756773536,-3.0573449860220574,-0.002145565384483573,-0.00011545989982181769,3.6179622885610128e-12,1.6243455235356595e-13,2,0.5999999999999986,2.6645352591003757e-15,118.87786601183856,6.283185307179565,0.06650500732048747,0.27724242352025663
19.44,-0.0017013145885397061,-2.5234169163393703e-06,0.06458345003627083,-3.077009203553523,-0.0021501783259959177,-0.00011138064464803991,3.62106532489679e-12,1.4862699840280764e-13,2,0.5999999999999986,2.6645352591003757e-15,119.00352971798216,6.283185307179565,0.07194042277898668,0.2663715926032582
19.46,-0.0017026414500201264,-2.543191729067057e-06,0.04388392074707292,-3.0977087328427206,-0.0021550684490678237,-0.00010537825047404265,3.623925097927944e-12,1.3835094515308818e-13,2,0.5999999999999986,2.6645352591003757e-15,119.12919342412576,6.283185307179565,0.07716271254891802,0.25592701306339555
19.48,-0.0017038849629463912,-2.5564534742194256e-06,0.022482847946274493,-3.119109805643518,-0.0021600364858656027,-9.75125972554267e-05,3.6266213134330905e-12,1.324452356069949e-13,2,0.5999999999999986,2.6645352591003757e-15,119.25485713026936,6.283185307179565,0.08218023340806124,0.2458919713451091
19.5,-0.001705088816054762,-2.570966474686304e-06,0.0007274036919955804,-3.1408652498977974,-0.0021648731199599112,-8.789180292539071e-05,3.62924750453852e-12,1.3143559565340232e-13,2,0.5999999999999986,2.6645352591003757e-15,119.38052083641296,6.283185307179565,0.08700101446025255,0.2362504092407265
19.52,-0.0017063006824922166,-2.588628161759335e-06,-0.02102938196344335,3.1205632716263496,-0.0021693733972294716,-7.667212042689258e-05,3.6319041240500706e-12,1.3547886496187453e-13,2,0.5999999999999986,2.6645352591003757e-15,119.50618454255655,6.283185307179565,0.09163276998366357,0.22698689819390444
19.54,-0.0017075679054905344,-2.6050105184678877e-06,-0.04243639412804391,3.0991562594617488,-0.002173350987870004,-6.405416733878402e-05,3.6346908931776504e-12,1.4434609191184974e-13,2,0.5999999999999986,2.6645352591003757e-15,119.63184824870015,6.283185307179565,0.09608291177529232,0.21808661461064693
19.56,-0.0017089332357239381,-2.610101126054097e-06,-0.06315199707864406,3.078440656511149,-0.0021766510376187414,-5.027570611983301e-05,3.637699233025128e-12,1.574475093302244e-13,2,0.5999999999999986,2.6645352591003757e-15,119.75751195484375,6.283185307179565,0.10035856101141963,0.20953531613839232
19.580000000000002,-0.00171043124164228,-2.5900903150203255e-06,-0.08285098026962812,3.0587416733201653,-0.002179160516141555,-3.560166235281027e-05,3.641005589009218e-12,1.7389480433930414e-13,2,0.5999999999999986,2.6645352591003757e-15,119.88317566098735,6.283185307179565,0.10446655964301044,0.2013193188752107
19.6,-0.0017120858549422285,-2.5298355946972467e-06,-0.10123054584495784,3.0403621077448353,-0.0021808152739791684,-2.0312434193264033e-05,3.6446662973862235e-12,1.6910571983653029e-13,2,0.5999999999999986,2.6645352591003757e-15,120.00883936713095,6.283185307179565,0.10841348134429507,-0.6217491460684215
19.62,-0.0017137869913987096,-2.3991724687881907e-06,-0.11802892669016898,3.0235637268996243,-0.002181485968224826,-5.941466170623579e-06,3.64821750438577e-12,1.8631250793142324e-13,2,0.5999999999999986,2.6645352591003757e-15,120.13450307327454,6.283185307179565,0.09622391498234162,-0.5973700133445146
19.64,-0.0017156492526214744,-2.21696925449498e-06,-0.13293672558520755,3.008655928004586,-0.002181559819204506,8.54277304240261e-06,3.65212152758729e-12,2.0406835383379525e-13,2,0.5999999999999986,2.6645352591003757e-15,120.26016677941814,6.283185307179565,0.08451230835393031,-0.5739468000876919
19.66,-0.0017176665165479137,-1.97690865103245e-06,-0.14572736017022694,2.995865293419566,-0.0021811103175857494,2.2889288631206918e-05,3.656376764058232e-12,2.2113723944476561e-13,2,0.5999999999999986,2.6645352591003757e-15,120.38583048556174,6.283185307179565,0.07325992038984641,-0.5514420241595241
19.68,-0.0017198231829181545,-1.678264226590633e-06,-0.1562110280471569,2.9853816255426366,-0.0021802470371737,3.686640232923607e-05,3.660957965691221e-12,2.3640714210521816e-13,2,0.5999999999999986,2.6645352591003757e-15,120.51149419170534,6.283185307179565,0.06244874486870988,-0.5298196731172511
19.7,-0.0017220961978624799,-1.326274723333591e-06,-0.16423608754636454,2.9773565660434285,-0.0021791086165733383,5.026497673944154e-05,3.665819319200531e-12,2.48944234505345e-13,2,0.5999999999999986,2.6645352591003757e-15,120.63715789784894,6.283185307179565,0.05206148160317975,-0.5090451465861908
19.72,-0.0017244570901794392,-9.317173699748846e-07,-0.1696893514847228,2.971903302105071,-0.0021778542920764575,6.28989112093736e-05,3.670898383919684e-12,2.5802530857497087e-13,2,0.5999999999999986,2.6645352591003757e-15,120.76282160399253,6.283185307179565,0.04208150875596356,-0.48908520089175844
19.740000000000002,-0.0017268737986009136,-5.098298462318721e-07,-0.17249569988430052,2.9690969537054928,-0.0021766545522614983,7.460329404775325e-05,3.676120493454216e-12,2.631532302382622e-13,2,0.5999999999999986,2.6645352591003757e-15,120.88848531013613,6.283185307179565,0.0324928562413313,-0.46990789586249393
19.76,-0.0017293122129634654,-7.876850965831454e-08,-0.1726174448815248,2.968975208708269,-0.0021756813787724505,8.523090149027605e-05,3.681403343953349e-12,2.6406174931151536e-13,2,0.5999999999999986,2.6645352591003757e-15,121.01414901627973,6.283185307179565,0.023280180169571257,-0.45148254371897384
19.78,-0.0017317374789357295,3.42209309714754e-07,-0.17005381714233594,2.9715388364474578,-0.0021750984298873678,9.464792653776999e-05,3.6866616175672096e-12,2.6071544256923403e-13,2,0.5999999999999986,2.6645352591003757e-15,121.13981272242333,6.283185307179565,0.014428738293492893,-0.4337796599668171
19.8,-0.001734115201942794,7.346648583330097e-07,-0.16484080247462693,2.976751851115166,-0.002175051460302298,0.0001027298893228837,3.6918115867628035e-12,2.422339093309367e-13,2,0.5999999999999986,2.6645352591003757e-15,121.26547642856693,6.283185307179565,0.005924366417686178,-0.6712119427338806
19.82,-0.0017363613807757612,1.079122712098989e-06,-0.1570277565732024,2.9845648970165906,-0.0021758904183770316,0.00010902164106349263,3.696562283685694e-12,2.320211718415821e-13,2,0.5999999999999986,2.6645352591003757e-15,121.39114013471053,6.283185307179565,-0.0072349319434409365,-0.6448933460116264
19.84,-0.0017385016187574322,1.3707762663124221e-06,-0.14673073221876506,2.9948619213710277,-0.002177484342616645,0.00011375405635415952,3.7010778776991624e-12,2.1891037240279413e-13,2,0.5999999999999986,2.6645352591003757e-15,121.51680384085412,6.283185307179565,-0.01987824683546635,-0.6196067162275756
19.86,-0.0017405119642867383,1.6040087340674055e-06,-0.13410354673985098,3.007489106849942,-0.002179862187535333,0.00011681542150205483,3.705308385984139e-12,2.0374823028240546e-13,2,0.5999999999999986,2.6645352591003757e-15,121.64246754699772,6.283185307179565,-0.03202581025960166,-0.595311589379305
19.88,-0.0017423755252851491,1.778964954456977e-06,-0.11933809129157809,3.0222545622982153,-0.0021830062069177376,0.00011810467685589176,3.709222625655273e-12,1.875578482481986e-13,2,0.5999999999999986,2.6645352591003757e-15,121.76813125314132,6.283185307179565,-0.043697060908943874,-0.5719690880806205
19.900000000000002,-0.0017440844432213176,1.9013214708602948e-06,-0.10266284253907972,3.0389298110507132,-0.0021868501537674564,0.00011753763612609566,3.712811284148365e-12,1.7148782832208706e-13,2,0.5999999999999986,2.6645352591003757e-15,121.89379495928492,6.283185307179565,-0.054910675274531584,-0.5495418593494451
19.92,-0.001745641545630842,1.981223770879809e-06,-0.08434022514332087,3.057252428446472,-0.0021912807419268853,0.00011505474994125344,3.7160887638457734e-12,1.5674068302726132e-13,2,0.5999999999999986,2.6645352591003757e-15,122.01945866542852,6.283185307179565,-0.06568459753171502,-0.5279940148350782
19.94,-0.001747061291481183,2.031458672463714e-06,-0.06466268808753338,3.0769299655022593,-0.002196142673137825,0.00011062944594076435,3.719093403017518e-12,1.4448339998773015e-13,2,0.5999999999999986,2.6645352591003757e-15,122.14512237157211,6.283185307179565,-0.07603606825466502,-0.5072910733891782
19.96,-0.001748369648875685,2.0650958815388046e-06,-0.043947516036777524,3.097645137553016,-0.0022012471785050657,0.00010427587463634993,3.721885782626915e-12,1.3574803101948672e-13,2,0.5999999999999986,2.6645352591003757e-15,122.27078607771571,6.283185307179565,-0.08598165200496985,-0.4873999058885686
19.98,-0.001749602678642639,2.092984771966053e-06,-0.022530547470924884,3.119062106118868,-0.0022063836096074627,9.605485817371621e-05,3.7245450320541715e-12,1.3133441251017785e-13,2,0.5999999999999986,2.6645352591003757e-15,122.39644978385931,6.283185307179565,-0.0955372638384677,-0.4682886822215729
20.0,-0.0017508038238864504,2.1215778811314124e-06,-0.0007590929098537404,3.1408335606799396,-0.0022113332179020035,8.607700013491912e-05,3.727163316723672e-12,1.312656983828294e-13,2,0.5999999999999986,2.6645352591003757e-15,122.52211349000291,6.283185307179565,-0.1047181947727314,0.20640001790604862
20.02,-0.001752009338186229,2.111146556607831e-06,0.02101315216051119,-3.1205795014292814,-0.0022154099718754545,7.548484594885525e-05,3.72978841426627e-12,1.325616201964026e-13,2,0.5999999999999986,2.6645352591003757e-15,122.6477771961465,6.283185307179565,-0.10067166454219804,0.19830695744498192
20.04,-0.0017532565616124802,2.101887494331519e-06,0.04243305313463824,-3.0991596004551543,-0.0022190604165886916,6.349622479359183e-05,3.7324914659196176e-12,1.389704641751486e-13,2,0.5999999999999986,2.6645352591003757e-15,122.7734409022901,6.283185307179565,-0.09678380103149098,0.1905312304235678
20.06,-0.0017545901003035197,2.0857410233981767e-06,0.06315595297010897,-3.078436700619684,-0.0022221407118849733,5.034189446652045e-05,3.735370177381138e-12,1.4994796464143984e-13,2,0.5999999999999986,2.6645352591003757e-15,122.8991046084337,6.283185307179565,-0.09304838282953797,0.18306039401966176
20.080000000000002,-0.0017560467001387638,2.050251091241043e-06,0.08285103935500589,-3.058741614234787,-0.002224544010455296,3.62791348582769e-05,3.738507978517409e-12,1.6462960943430172e-13,2,0.5999999999999986,2.6645352591003757e-15,123.0247683145773,6.283185307179565,-0.08945943247028415,0.17588249330115413
20.1,-0.0017576525678826335,1.980940891659346e-06,0.1012082551290081,-3.040384398460785,-0.0022262076636796716,2.15809570636404e-05,3.7419684373712344e-12,1.8191826808330192e-13,2,0.5999999999999986,2.6645352591003757e-15,123.1504320207209,6.283185307179565,-0.08601120686747114,0.16898604209552812
20.12,-0.0017594220466063553,1.8639823513439848e-06,0.11794412017066902,-3.0236485334191237,-0.002227116992619848,6.524767819977255e-06,3.745791617573861e-12,2.0058700846200497e-13,2,0.5999999999999986,2.6645352591003757e-15,123.2760957268645,6.283185307179565,-0.08269818812447376,0.16236000460953334
20.14,-0.0017613576188863526,1.688668744107038e-06,0.1328062166181329,-3.0087864369716604,-0.002227305545166456,-8.618294751633943e-06,3.7499925277037276e-12,2.193818532372551e-13,2,0.5999999999999986,2.6645352591003757e-15,123.4017594330081,6.283185307179565,-0.07951507470448815,0.15599377776956214
20.16,-0.001763450980304504,1.4492997497231013e-06,0.14557623610911796,-2.996016417480675,-0.002226852105346941,-2.359227126555812e-05,3.75456152504525e-12,2.371118331850177e-13,2,0.5999999999999986,2.6645352591003757e-15,123.5274231391517,6.283185307179565,-0.07645677294694196,0.14987717425446975
20.18,-0.00176568479494069,1.1462524745597112e-06,0.15607164926516234,-2.9855210043246307,-0.0022258749838122843,-3.816274188554632e-05,3.75946632760738e-12,2.527184846069402e-13,2,0.5999999999999986,2.6645352591003757e-15,123.65308684529529,6.283185307179565,-0.07351838891655059,0.144000406193687
20.2,-0.0017680347273040032,7.861844185366593e-07,0.1641462141293878,-2.9774464394604054,-0.002224524263731817,-5.212023261253468e-05,3.764655186135225e-12,2.364694390032353e-13,2,0.5999999999999986,2.6645352591003757e-15,123.77875055143889,6.283185307179565,-0.07069522057197675,0.7979752976615042
20.22,-0.0017703357820684647,3.970863913189962e-07,0.16966747532443488,-2.9719251782653586,-0.002223288738107345,-6.434225771294615e-05,3.769485734907136e-12,2.4569390069166644e-13,2,0.5999999999999986,2.6645352591003757e-15,123.90441425758249,6.283185307179565,-0.055050691090027026,0.7666862386976048
20.240000000000002,-0.001772694316000371,-1.7914536676240952e-08,0.17251715050128838,-2.9690755030885043,-0.002222172998245638,-7.566000588768992e-05,3.774463926663909e-12,2.511302018369996e-13,2,0.5999999999999986,2.6645352591003757e-15,124.03007796372609,6.283185307179565,-0.04001959238326258,0.7366240412840759
20.26,-0.0017750766412550777,-4.417511717734151e-07,0.17265612627106708,-2.968936527318726,-0.0022213392984474947,-8.592352382801133e-05,3.779510455140129e-12,2.5248389431155656e-13,2,0.5999999999999986,2.6645352591003757e-15,124.15574166986968,6.283185307179565,-0.025577871486947124,0.707740599491445
20.28,-0.001777448218746634,-8.561980047244473e-07,0.1700841546847856,-2.971508498905008,-0.0022209407186091225,-9.499514466704208e-05,3.784542518317631e-12,2.4969959210744064e-13,2,0.5999999999999986,2.6645352591003757e-15,124.28140537601328,6.283185307179565,-0.01170241856658183,0.6799896936507144
20.3,-0.0017797749436833257,-1.243735657362856e-06,0.1648395605319628,-2.9767530930578303,-0.0022211117373531256,-0.00010274573620644652,3.789478584323097e-12,2.4295898944841906e-13,2,0.5999999999999986,2.6645352591003757e-15,124.40706908215688,6.283185307179565,0.0016289700627604153,0.6533269163920299
20.32,-0.0017820244843151836,-1.5893571628825522e-06,0.1569991872837566,-2.9845934663060367,-0.0022219592979153954,-0.00010905208921002055,3.79424309981135e-12,2.3267689345931735e-13,2,0.5999999999999986,2.6645352591003757e-15,124.53273278830048,6.283185307179565,0.014437627467067782,0.6277096015834152
20.34,-0.0017841678106678173,-1.8821386747131535e-06,0.1466784602342389,-2.9949141933555543,-0.002223554786854998,-0.00011379616594645911,3.798771085549839e-12,2.1949299315019843e-13,2,0.5999999999999986,2.6645352591003757e-15,124.65839649444408,6.283185307179565,0.026744050230846528,0.6030967560558577
20.36,-0.0017861809740737635,-2.1163868426949106e-06,0.13403129264089836,-3.0075613609488947,-0.0022259274597481475,-0.00011686666816100976,3.803012491855491e-12,2.0425471607991183e-13,2,0.5999999999999986,2.6645352591003757e-15,124.78406020058767,6.283185307179565,0.038567931256028865,0.579448994005493
20.38,-0.0017880470801057494,-2.292175776802108e-06,0.11924947865570801,-3.022343174934085,-0.002229059941303495,-0.0001181630463027661,3.806936079972855e-12,1.8798560074857058e-13,2,0.5999999999999986,2.6645352591003757e-15,124.90972390673127,6.283185307179565,0.049928191274817624,0.5567284739679155
20.400000000000002,-0.001789758259854494,-2.4151205272124155e-06,0.10256121979742026,-3.0390314337923723,-0.002232886443511714,-0.00011760168940133855,3.810532488847026e-12,1.7870649172592264e-13,2,0.5999999999999986,2.6645352591003757e-15,125.03538761287487,6.283185307179565,0.06084300912689422,0.2885588609358931
20.42,-0.0017913493625782157,-2.4861585643144e-06,0.08424578694964656,-3.057346866640147,-0.002237046280816302,-0.00011546050074941525,3.813939196542216e-12,1.6243455038091546e-13,2,0.5999999999999986,2.6645352591003757e-15,125.16105131901847,6.283185307179565,0.0665002865143258,0.27724430616102996
20.44,-0.001792795544389705,-2.524522174127245e-06,0.06458157668678575,-3.0770110769030072,-0.0022416592266753252,-0.00011138124605078452,3.817042232927194e-12,1.4862700529460562e-13,2,0.5999999999999986,2.6645352591003757e-15,125.28671502516207,6.283185307179565,0.0719357388825253,0.26637340142463095
20.46,-0.0017941224055875737,-2.5442940556852345e-06,0.04388205318497767,-3.097710600404815,-0.002246549355014399,-0.00010537885183335673,3.819902006186257e-12,1.383509611856672e-13,2,0.5999999999999986,2.6645352591003757e-15,125.41237873130567,6.283185307179565,0.07715806411490686,0.25592875095986783
20.48,-0.0017953659182203712,-2.5575532732829718e-06,0.022480985161319345,-3.1191116684284736,-0.002251517397854102,-9.751319802496681e-05,3.822598222108397e-12,1.3244526148187885e-13,2,0.5999999999999986,2.6645352591003757e-15,125.53804243744926,6.283185307179565,0.08217561904599777,0.24589364109768602
20.5,-0.0017965697710683002,-2.5720640866412402e-06,0.0007255452075912994,-3.140867108382202,-0.0022563540385930805,-8.789240257906479e-05,3.825224413836142e-12,1.3143563221115984e-13,2,0.5999999999999986,2.6645352591003757e-15,125.66370614359286,6.283185307179565,0.08699643283415658,0.2362520135213684
20.52,-0.0017977816373137394,-2.589723836688365e-06,-0.021031236066761706,3.1205614175230316,-0.0022608543229260124,-7.667271850612112e-05,3.827881034190976e-12,1.354789128389693e-13,2,0.5999999999999986,2.6645352591003757e-15,125.78936984973646,6.283185307179565,0.09162821980993947,0.2269884395698026
20.54,-0.0017990488602088672,-2.6061043968021235e-06,-0.042438243230353,3.09915441035944,-0.002264831920868016,-6.405476349395815e-05,3.830667804390941e-12,1.44346151209092e-13,2,0.5999999999999986,2.6645352591003757e-15,125.91503355588006,6.283185307179565,0.09607839182067496,0.21808809554833164
20.56,-0.0018004141904296078,-2.6111932298710035e-06,-0.0631538400772588,3.078438813512534,-0.0022681319779933352,-5.027630014151179e-05,3.833676145534523e-12,1.5744757935958892e-13,2,0.5999999999999986,2.6645352591003757e-15,126.04069726202366,6.283185307179565,0.10035407009100086,0.20953673900767983
20.580000000000002,-0.0018019121964086803,-2.591180550877547e-06,-0.0828528156684277,3.0587398379213653,-0.002270641463833089,-3.560225418961486e-05,3.836982503015663e-12,1.7389488349834725e-13,2,0.5999999999999986,2.6645352591003757e-15,126.16636096816725,6.283185307179565,0.10446209661834306,0.20132068595299543
20.6,-0.0018035668098101403,-2.5309237670345527e-06,-0.1012323718673272,3.0403602817224655,-0.0022722962288271157,-2.0313023955385625e-05,3.84064321304946e-12,1.691057958236166e-13,2,0.5999999999999986,2.6645352591003757e-15,126.29202467431085,6.283185307179565,0.10840904512157101,-0.6217475777124506
20.62,-0.0018052679462995387,-2.4002583549174557e-06,-0.1180307425820831,3.02356191100771,-0.0022729669295228645,-5.942053876947073e-06,3.844194421639351e-12,1.8631259030266444e-13,2,0.5999999999999986,2.6645352591003757e-15,126.41768838045445,6.283185307179565,0.09621950950767616,-0.5973685064846609
20.64,-0.0018071302075417447,-2.218052574139258e-06,-0.13293852948365759,3.008654124106135,-0.002273040786663348,8.542187070822616e-06,3.848098446530397e-12,2.0406843961039557e-13,2,0.5999999999999986,2.6645352591003757e-15,126.54335208659805,6.283185307179565,0.08450793242167487,-0.5739453523126583
20.66,-0.0018091474714360227,-1.977989087208522e-06,-0.14572915027002706,2.9958635033197663,-0.0022725912908923276,2.2888703971267464e-05,3.852353684726053e-12,2.2113732528228662e-13,2,0.5999999999999986,2.6645352591003757e-15,126.66901579274165,6.283185307179565,0.07325557284162648,-0.5514406331525615
20.68,-0.0018113041376916666,-1.6793414519741166e-06,-0.15621280272118304,2.9853798508686102,-0.002271728016005257,3.686581848598574e-05,3.856934888050762e-12,2.3640722461021145e-13,2,0.5999999999999986,2.6645352591003757e-15,126.79467949888524,6.283185307179565,0.06244442459157151,-0.5298183366524516
20.7,-0.0018135771524198394,-1.3273484234028302e-06,-0.16423784544622916,2.9773548081435646,-0.0022705896006010766,5.026439317732782e-05,3.861796243152812e-12,2.489443105463779e-13,2,0.5999999999999986,2.6645352591003757e-15,126.92034320502884,6.283185307179565,0.05205718752780858,-0.5090438625249257
20.72,-0.0018159380444139085,-9.327872617931556e-07,-0.16969109161806997,2.9719015619717233,-0.0022693352809597714,6.289832738183805e-05,3.866875309307776e-12,2.5802537554587425e-13,2,0.5999999999999986,2.6645352591003757e-15,127.04600691117244,6.283185307179565,0.04207723985497355,-0.4890839671792557
20.740000000000002,-0.0018183547524146392,-5.108956927358964e-07,-0.172497421667431,2.9690952319223616,-0.0022681355456348356,7.460270942368957e-05,3.872097420075846e-12,2.6315328624798356e-13,2,0.5999999999999986,2.6645352591003757e-15,127.17167061731604,6.283185307179565,0.032488611527620864,-0.4699067105245503
20.76,-0.0018207931662799623,-7.983012999590623e-08,-0.17261914816771926,2.968973505422074,-0.002267162376227502,8.523031557695409e-05,3.877380271576473e-12,2.640617932899334e-13,2,0.5999999999999986,2.6645352591003757e-15,127.29733432345964,6.283185307179565,0.02327595869474358,-0.45148140485879573
20.78,-0.0018232184317095743,3.4115203297110747e-07,-0.1700555022269439,2.971537151362849,-0.0022665794309535536,9.464733890054576e-05,3.882638545946855e-12,2.607154742882892e-13,2,0.5999999999999986,2.6645352591003757e-15,127.42299802960324,6.283185307179565,0.014424539146338372,-0.4337785657619853
20.8,-0.0018255961541657597,7.336119743283141e-07,-0.16484247007794572,2.9767501835118475,-0.0022665324644286274,0.00010272929960226281,3.887788515657506e-12,2.422339573228221e-13,2,0.5999999999999986,2.6645352591003757e-15,127.54866173574683,6.283185307179565,0.005920188722724207,-0.6712102577572309
20.82,-0.0018278423326279752,1.078074099571419e-06,-0.15702940834062823,2.9845632452491646,-0.0022673714241628453,0.00010902104993097595,3.892539213422527e-12,2.3202120830231224e-13,2,0.5999999999999986,2.6645352591003757e-15,127.67432544189043,6.283185307179565,-0.007239076603963168,-0.6448917271038561
20.84,-0.0018299825702965925,1.3697318224103856e-06,-0.14673236958723407,2.9948602840025593,-0.0022689653492794903,0.00011375346365109349,3.897054808058028e-12,2.189103984643523e-13,2,0.5999999999999986,2.6645352591003757e-15,127.79998914803403,6.283185307179565,-0.019882359756847767,-0.6196051607980869
20.86,-0.0018319929155981968,1.6029682851636872e-06,-0.13410517137338046,3.007487482216413,-0.0022713431942281144,0.00011681482719054064,3.901285316770147e-12,2.03748247271674e-13,2,0.5999999999999986,2.6645352591003757e-15,127.92565285417763,6.283185307179565,-0.03202989268635176,-0.5953100949390789
20.88,-0.0018338564764720602,1.777928261439507e-06,-0.11933970498110746,3.0222529486086858,-0.0022744872127434673,0.00011810408102047263,3.905199556700153e-12,1.8755785743961069e-13,2,0.5999999999999986,2.6645352591003757e-15,128.05131656032123,6.283185307179565,-0.04370111403677429,-0.5719676522382339
20.900000000000002,-0.0018355653943920758,1.9002882386362312e-06,-0.10266444709060651,3.038928206499186,-0.002278331157803739,0.00011753703896844282,3.90878821530707e-12,1.7148783071342627e-13,2,0.5999999999999986,2.6645352591003757e-15,128.17698026646482,6.283185307179565,-0.054914700252269355,-0.5495404798072437
20.92,-0.0018371224968852878,1.980193662825905e-06,-0.08434182226098892,3.0572508313288047,-0.0022827617432582426,0.00011505415176675589,3.912065694989122e-12,1.567406791772395e-13,2,0.5999999999999986,2.6645352591003757e-15,128.30264397260842,6.283185307179565,-0.0656885954631411,-0.5279926893855003
20.94,-0.0018385422428975546,2.0304313299853955e-06,-0.06466427926002752,3.076928374329766,-0.0022876236708924973,0.00011062884713661926,3.915070334022473e-12,1.4448338994946225e-13,2,0.5999999999999986,2.6645352591003757e-15,128.42830767875202,6.283185307179565,-0.07604004020028043,-0.5072897999112216
20.96,-0.0018398506005005433,2.0640709479783176e-06,-0.04394910243624095,3.0976435511535527,-0.002292728171891881,0.00010427527564180335,3.9178627133666635e-12,1.3574801438944835e-13,2,0.5999999999999986,2.6645352591003757e-15,128.55397138489562,6.283185307179565,-0.08598559898369282,-0.4873986823443968
20.98,-0.0018410836304857958,2.0919619190056447e-06,-0.022532129873272848,3.11906052371652,-0.002297864597948014,9.605425944433094e-05,3.920521962390353e-12,1.31334388589725e-13,2,0.5999999999999986,2.6645352591003757e-15,128.67963509103922,6.283185307179565,-0.09554118682926405,-0.46828750665325436
21.0,-0.0018422847759221976,2.1205568348731508e-06,-0.00076067164372055,3.1408319819460724,-0.0023028142006539082,8.607640210389339e-05,3.923140246502775e-12,1.3126567150345917e-13,2,0.5999999999999986,2.6645352591003757e-15,128.80529879718281,6.283185307179565,-0.10472209471618119,0.20640150285747944
21.02,-0.0018434902904282912,2.110127264346313e-06,0.021011577127567845,-3.1205810764622255,-0.0023068909488059993,7.548424925669943e-05,3.92576534341468e-12,1.3256158388418705e-13,2,0.5999999999999986,2.6645352591003757e-15,128.9309625033264,6.283185307179565,-0.10067553537275861,0.1983083841706343
21.04,-0.0018447375139897088,2.1008698064585074e-06,0.0424314821991178,-3.0991611713906755,-0.002310541387484022,6.34956297519968e-05,3.928468394244702e-12,1.3897041814094246e-13,2,0.5999999999999986,2.6645352591003757e-15,129.05662620947,6.283185307179565,-0.09678764389069505,0.19053260120650717
21.06,-0.0018460710527379743,2.084724890894673e-06,0.06315438695883474,-3.0784382666309584,-0.002313621676675448,5.0341301276245384e-05,3.931347104689441e-12,1.499479091482062e-13,2,0.5999999999999986,2.6645352591003757e-15,129.1822899156136,6.283185307179565,-0.0930521988141581,0.18306171105343327
21.080000000000002,-0.0018475276525620123,2.0492365647995384e-06,0.0828494794519198,-3.0587431741378737,-0.002316024969191594,3.627854359124769e-05,3.9344849046276656e-12,1.6462954546497913e-13,2,0.5999999999999986,2.6645352591003757e-15,129.3079536217572,6.283185307179565,-0.08946322263408786,0.17588375869329279
21.1,-0.0018491335202498586,1.979928111475228e-06,0.10120670277918328,-3.0403859508106095,-0.002317688616503652,2.158036765756566e-05,3.937945362129513e-12,1.8191819738173326e-13,2,0.5999999999999986,2.6645352591003757e-15,129.4336173279008,6.283185307179565,-0.08601497222290713,0.16898725787093133
21.12,-0.0018509029989058027,1.8629715296000578e-06,0.11794257697071772,-3.0236500766190755,-0.0023185979397348376,6.524180084944034e-06,3.941768540868197e-12,2.0058693344397745e-13,2,0.5999999999999986,2.6645352591003757e-15,129.5592810340444,6.283185307179565,-0.08270192964429203,0.16236117271370112
21.14,-0.00185283857114276,1.6876601430603667e-06,0.13280468420270292,-3.0087879693870896,-0.0023187864868112204,-8.618881116735107e-06,3.945969449475828e-12,2.193817767946947e-13,2,0.5999999999999986,2.6645352591003757e-15,129.684944740188,6.283185307179565,-0.07951879332329666,0.15599490007171038
21.16,-0.0018549319325764295,1.4482936584663431e-06,0.14557471604234254,-2.9960179375474505,-0.0023183330417765086,-2.3592856649939292e-05,3.950538445297503e-12,2.3711175842384866e-13,2,0.5999999999999986,2.6645352591003757e-15,129.8106084463316,6.283185307179565,-0.07646046956270212,0.1498782525505213
21.18,-0.0018571657473127456,1.1452491870508994e-06,0.15607014294406926,-2.9855225106457244,-0.002317355915287323,-3.8163326740162406e-05,3.955443246404305e-12,2.5271841456475307e-13,2,0.5999999999999986,2.6645352591003757e-15,129.9362721524752,6.283185307179565,-0.07352206439201428,0.14400144220914562
21.2,-0.0018595156798756763,7.851842146215155e-07,0.16414472270388777,-2.977447930885905,-0.0023160051905168205,-5.212081742341152e-05,3.9606321035993955e-12,2.3646936845365234e-13,2,0.5999999999999986,2.6645352591003757e-15,130.0619358586188,6.283185307179565,-0.07069887573606681,0.7979766422876844
21.22,-0.0018618167348668226,3.9608935810740054e-07,0.16966599851835656,-2.971926655071437,-0.0023147696609975526,-6.434284240197294e-05,3.9654626510197916e-12,2.4569383660529843e-13,2,0.5999999999999986,2.6645352591003757e-15,130.1875995647624,6.283185307179565,-0.05505431989234377,0.7666875306002383
21.240000000000002,-0.0018641752691017056,-1.8908203174551568e-08,0.17251568880555296,-2.9690769647842403,-0.002313653917598442,-7.566059090196233e-05,3.970440841573436e-12,2.5113014597023445e-13,2,0.5999999999999986,2.6645352591003757e-15,130.313263270906,6.283185307179565,-0.04002319585746589,0.7366252825304825
21.26,-0.001866557594719734,-4.4274132271447476e-07,0.1726546798085604,-2.968937973781233,-0.0023128202146495674,-8.592410957925634e-05,3.975487369023616e-12,2.5248384776343227e-13,2,0.5999999999999986,2.6645352591003757e-15,130.4389269770496,6.283185307179565,-0.02558145062616657,0.7077417920678839
21.28,-0.0018689291726108675,-8.571845448590806e-07,0.1700827232062672,-2.971509930383526,-0.0023124216320916683,-9.499573151424026e-05,3.980519431367316e-12,2.496995552976516e-13,2,0.5999999999999986,2.6645352591003757e-15,130.5645906831932,6.283185307179565,-0.011705974325005752,0.6799908394655623
21.3,-0.001871255897954121,-1.2447185492659577e-06,0.16483814343194256,-2.9767545101578508,-0.002312592648606028,-0.00010274632444111844,3.985455496733098e-12,2.429589621651567e-13,2,0.5999999999999986,2.6645352591003757e-15,130.6902543893368,6.283185307179565,0.0016254367683578574,0.653328017278835
21.32,-0.001873505438968436,-1.5903364293911344e-06,0.15699778363540656,-2.984594869954387,-0.002313440207497655,-0.00010905267904395996,3.99022001176599e-12,2.3267687496969834e-13,2,0.5999999999999986,2.6645352591003757e-15,130.81591809548038,6.283185307179565,0.014434115755859789,0.6277106593038312
21.34,-0.0018756487656500396,-1.8831143996191367e-06,0.14667706884243434,-2.9949155847473587,-0.002315035695399146,-0.00011379675750206416,3.994747997214735e-12,2.1949298236283132e-13,2,0.5999999999999986,2.6645352591003757e-15,130.94158180162398,6.283185307179565,0.026740559256543894,0.603097772302463
21.36,-0.0018776619293072504,-2.1173591693508388e-06,0.13402991211206947,-3.0075627414777237,-0.0023174083679568546,-0.00011686726146483113,3.998989403372313e-12,2.04254711744037e-13,2,0.5999999999999986,2.6645352591003757e-15,131.06724550776758,6.283185307179565,0.03856446020552595,0.5794499704044989
21.38,-0.001879528035496841,-2.293144903984741e-06,0.11924810748216629,-3.022344546107627,-0.0023205408499374267,-0.00011816364128329074,4.002912991458267e-12,1.879856016669832e-13,2,0.5999999999999986,2.6645352591003757e-15,131.19290921391118,6.283185307179565,0.04992473936689101,0.5567294120817687
21.400000000000002,-0.0018812392153041912,-2.41608670145374e-06,0.10255985645228707,-3.039032797137506,-0.002324367353368824,-0.00011760228589220085,4.0065094003958024e-12,1.7870648367416534e-13,2,0.5999999999999986,2.6645352591003757e-15,131.31857292005478,6.283185307179565,0.06083957561095277,0.2885602745872431
21.42,-0.001882830317931565,-2.4871219953672842e-06,0.08424443018754403,-3.057348223402249,-0.002328527193066778,-0.0001154610979054088,4.009916107997415e-12,1.6243454895791585e-13,2,0.5999999999999986,2.6645352591003757e-15,131.44423662619838,6.283185307179565,0.06649688071341547,0.2772456643823177
21.44,-0.0018842764995793029,-2.525483176354039e-06,0.06458022516857079,-3.077012428421222,-0.0023331401420616958,-0.00011138184354957311,4.01301914441789e-12,1.4862701026678962e-13,2,0.5999999999999986,2.6645352591003757e-15,131.56990033234197,6.283185307179565,0.0719323597099242,0.2663747063893002
21.46,-0.0018856033605733212,-2.5452529432353956e-06,0.04388070584203578,-3.097711947747758,-0.002338030274200745,-0.00010537944930081256,4.01587891784138e-12,1.3835097275240368e-13,2,0.5999999999999986,2.6645352591003757e-15,131.69556403848557,6.283185307179565,0.07715471052650405,0.25593000475614053
21.48,-0.001886846872994394,-2.558510337342856e-06,0.022479641264811133,-3.1191130123249824,-0.002342998321399368,-9.751379506693064e-05,4.018575134064359e-12,1.3244528014928934e-13,2,0.5999999999999986,2.6645352591003757e-15,131.82122774462917,6.283185307179565,0.08217229003862249,0.24589484573190365
21.5,-0.0018880507256544248,-2.573019572824154e-06,0.0007242044136845094,-3.140868449176109,-0.0023478349669321134,-8.789299881598781e-05,4.021201326241072e-12,1.314356585856797e-13,2,0.5999999999999986,2.6645352591003757e-15,131.94689145077277,6.283185307179565,0.08699312744397295,0.23625317092120274
21.52,-0.0018892625917613325,-2.5906779254153772e-06,-0.02103257369996444,3.120560079889829,-0.002352335256360882,-7.667331360716135e-05,4.023857947204292e-12,1.354789473797836e-13,2,0.5999999999999986,2.6645352591003757e-15,132.07255515691637,6.283185307179565,0.09162493711090415,0.22698955158734033
21.54,-0.001890529814582012,-2.6070571893866405e-06,-0.04243957725560962,3.0991530763341837,-0.0023563128595704983,-6.405535720689039e-05,4.026644718177926e-12,1.4434619398893823e-13,2,0.5999999999999986,2.6645352591003757e-15,132.19821886305996,6.283185307179565,0.0960751309230553,0.21808916396303804
21.56,-0.0018918951447936152,-2.6121447422407266e-06,-0.063155169699041,3.0784374838907524,-0.002359612922017617,-5.027689231523448e-05,4.02965306025658e-12,1.574476298821004e-13,2,0.5999999999999986,2.6645352591003757e-15,132.32388256920356,6.283185307179565,0.10035083013995112,0.20953776552924638
21.580000000000002,-0.0018933931508164999,-2.592130715618953e-06,-0.08285413980736486,3.058738513782428,-0.002362122413136142,-3.560284478705991e-05,4.032959418817762e-12,1.7389494060745233e-13,2,0.5999999999999986,2.6645352591003757e-15,132.44954627534716,6.283185307179565,0.1044588767925365,0.20132167222407563
21.6,-0.0018950477642911939,-2.531872443061704e-06,-0.10123368924168757,3.0403589643481057,-0.002363777183293129,-2.0313613056049217e-05,4.036620130046847e-12,1.691058506443197e-13,2,0.5999999999999986,2.6645352591003757e-15,132.57520998149076,6.283185307179565,0.10840584463188557,-0.6217464462305208
21.62,-0.0018967489008043389,-2.4012053815732523e-06,-0.11803205264787797,3.0235606009419147,-0.0023644478886422657,-5.942641494454289e-06,4.0401713397840885e-12,1.8631264972921094e-13,2,0.5999999999999986,2.6645352591003757e-15,132.70087368763436,6.283185307179565,0.09621633120101125,-0.5973674193687721
21.64,-0.0018986111620605693,-2.218997749219301e-06,-0.1329398308968272,3.008652822692966,-0.0023645217502274323,8.541600704849083e-06,4.044075365894038e-12,2.0406850149374394e-13,2,0.5999999999999986,2.6645352591003757e-15,132.82653739377795,6.283185307179565,0.08450477542822177,-0.5739443078231932
21.66,-0.0019006284259316427,-1.9789321820269016e-06,-0.1457304417282283,2.9958622118615654,-0.002364072258675236,2.2888118551582473e-05,4.048330605333988e-12,2.2113738720960267e-13,2,0.5999999999999986,2.6645352591003757e-15,132.95220109992155,6.283185307179565,0.07325243632568224,-0.5514396296181141
21.68,-0.0019027850921046092,-1.6802822303844165e-06,-0.15621408305053494,2.9853785705392584,-0.002363208987774136,3.686523365550928e-05,4.052911809879184e-12,2.364072841333036e-13,2,0.5999999999999986,2.6645352591003757e-15,133.07786480606515,6.283185307179565,0.062441307750201513,-0.5298173724671527
21.7,-0.0019050581066768373,-1.3282866584951369e-06,-0.1642391136739442,2.977353539915849,-0.0023620705761187182,5.026380854968842e-05,4.057773166130314e-12,2.4894436540608405e-13,2,0.5999999999999986,2.6645352591003757e-15,133.20352851220875,6.283185307179565,0.05205408958956176,-0.5090429361458731
21.72,-0.0019074189984379561,-9.337227494443565e-07,-0.16969234702821834,2.971900306561575,-0.0023608162599804473,6.289774256272414e-05,4.062852233321142e-12,2.5802542386198214e-13,2,0.5999999999999986,2.6645352591003757e-15,133.32919221835235,6.283185307179565,0.04207416007864784,-0.4890830771240453
21.740000000000002,-0.0019098357061351399,-5.118282619180567e-07,-0.1724986638389064,2.9690939897508866,-0.002359616527894821,7.46021240299372e-05,4.068074344979147e-12,2.63153326656198e-13,2,0.5999999999999986,2.6645352591003757e-15,133.45485592449594,6.283185307179565,0.03248554920107713,-0.4699058553689039
21.76,-0.0019122741196417358,-8.075965023427358e-08,-0.17262037699467245,2.968972276595121,-0.002358643361432223,8.522972925308544e-05,4.073357197202303e-12,2.640618250182165e-13,2,0.5999999999999986,2.6645352591003757e-15,133.58051963063954,6.283185307179565,0.023272913133766115,-0.45148058323428186
21.78,-0.00191469938467985,3.4022564639393534e-07,-0.17005671792245397,2.9715359356673385,-0.0023580604187635134,9.464675133298891e-05,4.078615472118478e-12,2.607154971721056e-13,2,0.5999999999999986,2.6645352591003757e-15,133.70618333678314,6.283185307179565,0.014421509693539891,-0.4337777763538294
21.8,-0.0019170771067386022,7.326887568677351e-07,-0.16484367316166804,2.976748980428125,-0.0023580134544463173,0.000102728710531662,4.0837654422007195e-12,2.42233991946565e-13,2,0.5999999999999986,2.6645352591003757e-15,133.83184704292674,6.283185307179565,0.005917174746494003,-0.6712090421396602
21.82,-0.0019193232849333364,1.0771539637441697e-06,-0.157030599999624,2.984562053590169,-0.0023588524153777676,0.00010902045984178082,4.0885161405732965e-12,2.320212346069411e-13,2,0.5999999999999986,2.6645352591003757e-15,133.95751074907034,6.283185307179565,-0.0072420667476700284,-0.6448905591513321
21.84,-0.001921463522376098,1.3688146940148392e-06,-0.14673355085817347,2.9948591027316196,-0.002360446341127147,0.00011375287242884322,4.093031735657565e-12,2.1891041726652863e-13,2,0.5999999999999986,2.6645352591003757e-15,134.08317445521394,6.283185307179565,-0.019885327002517827,-0.6196040386416365
21.86,-0.0019234738675134235,1.602054038937573e-06,-0.13410634345675998,3.007486310133033,-0.0023628241860973735,0.00011681423480789204,4.097262244677847e-12,2.037482595286691e-13,2,0.5999999999999986,2.6645352591003757e-15,134.20883816135753,6.283185307179565,-0.03203283793182993,-0.5953090167830123
21.88,-0.001925337428297428,1.7770167248768964e-06,-0.11934086916899063,3.022251784420803,-0.0023659682039872012,0.00011810348753841748,4.101176484794618e-12,1.8755786407085747e-13,2,0.5999999999999986,2.6645352591003757e-15,134.33450186750113,6.283185307179565,-0.04370403814470042,-0.5719666163572713
21.900000000000002,-0.0019270463462057856,1.8993791988442137e-06,-0.10266560468592027,3.038927048903872,-0.00236981214775649,0.00011753644453247411,4.104765143483656e-12,1.71487832438772e-13,2,0.5999999999999986,2.6645352591003757e-15,134.46016557364473,6.283185307179565,-0.054917604051458735,-0.5495394845437547
21.92,-0.0019286034487593694,1.979286876949701e-06,-0.0843429744931783,3.057249679096614,-0.0023742427312595437,0.00011505355659719293,4.108042623154631e-12,1.567406763997667e-13,2,0.5999999999999986,2.6645352591003757e-15,134.58582927978833,6.283185307179565,-0.06569147974991069,-0.5279917331468508
21.94,-0.001930023194888453,2.029526539319143e-06,-0.06466542720309587,3.0769272263866974,-0.002379104656313422,0.00011062825151280163,4.111047262088141e-12,1.4448338270749546e-13,2,0.5999999999999986,2.6645352591003757e-15,134.71149298593193,6.283185307179565,-0.07604290573972317,-0.5072888811672258
21.96,-0.0019313315526418495,2.063167895213449e-06,-0.04395024693582458,3.0976424066539687,-0.002384209154161641,0.00010427467988062081,4.1138396412410014e-12,1.3574800239187396e-13,2,0.5999999999999986,2.6645352591003757e-15,134.83715669207552,6.283185307179565,-0.08598844651090187,-0.4873977996248684
21.98,-0.0019325645827845891,2.091060367279305e-06,-0.022533271489151775,3.119059382100641,-0.002389345576577177,9.605366387444509e-05,4.1164988899735405e-12,1.3133437133251775e-13,2,0.5999999999999986,2.6645352591003757e-15,134.96282039821912,6.283185307179565,-0.09554401705050922,-0.4682866585456537
22.0,-0.0019337657283599317,2.1196565865833364e-06,-0.0007618106129865972,3.140830842976806,-0.0023942951752511737,8.607580703783106e-05,4.119117173684063e-12,1.312656521115583e-13,2,0.5999999999999986,2.6645352591003757e-15,135.08848410436272,6.283185307179565,-0.10472490831003903,0.20640257416813107
22.02,-0.0019349712430148677,2.109228281469285e-06,0.02101044082831919,-3.120582212761474,-0.0023983719192034784,7.548365515655292e-05,4.1217422701409596e-12,1.3256155768701927e-13,2,0.5999999999999986,2.6645352591003757e-15,135.21414781050632,6.283185307179565,-0.10067832796327071,0.19830941347459444
22.04,-0.0019362184666737985,2.09997198106028e-06,0.0424303488559378,-3.0991623047338557,-0.0024020223535274297,6.34950368426327e-05,4.124445320376999e-12,1.389703849299125e-13,2,0.5999999999999986,2.6645352591003757e-15,135.33981151664992,6.283185307179565,-0.09679041630141437,0.19053359015088175
22.06,-0.0019375520054633482,2.0838281876107706e-06,0.06315325716822927,-3.0784393964215635,-0.002405102638314543,5.034070970249929e-05,4.127324030088189e-12,1.4994786911303123e-13,2,0.5999999999999986,2.6645352591003757e-15,135.46547522279351,6.283185307179565,-0.09305495183634564,0.1830626612207443
22.080000000000002,-0.0019390086052793003,2.0483410202017722e-06,0.08284835406803595,-3.0587442995217575,-0.0024075059264629366,3.627795340500944e-05,4.130461829162092e-12,1.6462949931479773e-13,2,0.5999999999999986,2.6645352591003757e-15,135.5911389289371,6.283185307179565,-0.08946595702797883,0.17588467160401067
22.1,-0.001940614472926728,1.979033826706768e-06,0.10120558284455988,-3.0403870707452327,-0.0024091695695095863,2.1579778813894826e-05,4.133922285688565e-12,1.8191814637463162e-13,2,0.5999999999999986,2.6645352591003757e-15,135.7168026350807,6.283185307179565,-0.08601768871892747,0.16898813498590795
22.12,-0.0019423839515337732,1.8620786577390347e-06,0.11794146363722095,-3.023651189952572,-0.002410078888622052,6.523592446828591e-06,4.1377454633710996e-12,2.0058687932280988e-13,2,0.5999999999999986,2.6645352591003757e-15,135.8424663412243,6.283185307179565,-0.08270462894422728,0.16236201543650758
22.14,-0.0019443195237396783,1.6867688733107516e-06,0.13280357864963965,-3.008789074940154,-0.002410267431751972,-8.619467766529261e-06,4.141946370880526e-12,2.1938172164582175e-13,2,0.5999999999999986,2.6645352591003757e-15,135.9681300473679,6.283185307179565,-0.07952147610141497,0.15599570975088295
22.16,-0.0019464128851845422,1.4474041993925466e-06,0.1455736193981477,-2.9960190341916455,-0.002409813982954787,-2.3593442592207197e-05,4.146515365605719e-12,2.371117044880193e-13,2,0.5999999999999986,2.6645352591003757e-15,136.0937937535115,6.283185307179565,-0.0764631364668332,0.1498790304817194
22.18,-0.001948646699993095,1.144361750727476e-06,0.15606905621662087,-2.985523597373172,-0.0024088368528911853,-3.8163912300243366e-05,4.151420165662586e-12,2.527183640334149e-13,2,0.5999999999999986,2.6645352591003757e-15,136.2194574596551,6.283185307179565,-0.07352471604458606,0.14400218963722514
22.2,-0.0019509966327000369,7.84299002941774e-07,0.16414364672278287,-2.97744900686701,-0.0024074861247370843,-5.2121402951946405e-05,4.156609021896173e-12,2.3646931755623874e-13,2,0.5999999999999986,2.6645352591003757e-15,136.3451211657987,6.283185307179565,-0.0707015127351015,0.7979776123613351
22.22,-0.0019532976878547216,3.9520643391628036e-07,0.16966493308435243,-2.971927720505441,-0.00240625059240794,-6.434342784260855e-05,4.1614395683415295e-12,2.456937903707357e-13,2,0.5999999999999986,2.6645352591003757e-15,136.4707848719423,6.283185307179565,-0.05505693787281252,0.7666884626367572
22.240000000000002,-0.0019556562223081828,-1.9788698466776705e-08,0.17251463427282232,-2.969078019316971,-0.0024051348464567907,-7.566117657725348e-05,4.166417758027189e-12,2.5113010566565543e-13,2,0.5999999999999986,2.6645352591003757e-15,136.5964485780859,6.283185307179565,-0.04002579556509733,0.7366261780213268
22.26,-0.001958038548188325,-4.436192817250385e-07,0.17265363626575897,-2.9689390173240344,-0.002404301141234842,-8.592469578624097e-05,4.171464284737141e-12,2.524838141817301e-13,2,0.5999999999999986,2.6645352591003757e-15,136.7221122842295,6.283185307179565,-0.025584032777448917,0.70774265244603
22.28,-0.001960410126367729,-8.580598988709219e-07,0.17008169047358218,-2.971510963116211,-0.002403902556714959,-9.499631851190287e-05,4.176496346479303e-12,2.496995287416088e-13,2,0.5999999999999986,2.6645352591003757e-15,136.8477759903731,6.283185307179565,-0.01170853960833329,0.6799916661077987
22.3,-0.0019627368520042914,-1.2455912712789182e-06,0.16483712107254667,-2.976755532517247,-0.0024040735716207577,-0.00010274691243977454,4.181432411383592e-12,2.4295894248196343e-13,2,0.5999999999999986,2.6645352591003757e-15,136.9734396965167,6.283185307179565,0.001622887691583197,0.6533288115079657
22.32,-0.0019649863932945247,-1.5912065358808925e-06,0.1569967709806448,-2.984595882609148,-0.002404921129307112,-0.00010905326819640649,4.186196926087969e-12,2.326768616306182e-13,2,0.5999999999999986,2.6645352591003757e-15,137.0991034026603,6.283185307179565,0.014431582250169939,0.6277114223907923
22.34,-0.0019671297202134585,-1.8839819510370187e-06,0.14667606503009037,-2.994916588559702,-0.0024065166164596663,-0.00011379734789660387,4.190724911327683e-12,2.194929745804838e-13,2,0.5999999999999986,2.6645352591003757e-15,137.2247671088039,6.283185307179565,0.02673804071138791,0.6030985054683563
22.36,-0.0019691428840519394,-2.1182242691179177e-06,0.13402891613675952,-3.007563737453033,-0.0024088892887753764,-0.00011686785312061799,4.1949663173784376e-12,2.0425470861606813e-13,2,0.5999999999999986,2.6645352591003757e-15,137.3504308149475,6.283185307179565,0.038561956034292855,0.5794506748225464
22.38,-0.00197100899035523,-2.2940076955076396e-06,0.11924711825617607,-3.022345535333617,-0.002412021771062728,-0.00011816423414873105,4.1988899054417325e-12,1.879856023296744e-13,2,0.5999999999999986,2.6645352591003757e-15,137.47609452109108,6.283185307179565,0.04992224900597131,0.5567300888791895
22.400000000000002,-0.0019727201702048574,-2.4169473625918814e-06,0.10255887287405754,-3.0390337807157355,-0.002415848275376585,-0.00011760287984726975,4.202486314424984e-12,1.7870647786536355e-13,2,0.5999999999999986,2.6645352591003757e-15,137.60175822723468,6.283185307179565,0.060837098518836286,0.28856129445855794
22.42,-0.0019743112727627185,-2.487980677446215e-06,0.08424345135860299,-3.0573492022311903,-0.0024200081168012227,-0.00011546169234033531,4.205893021959087e-12,1.6243454793137946e-13,2,0.5999999999999986,2.6645352591003757e-15,137.72742193337828,6.283185307179565,0.06649442361616212,0.2772466442639063
22.44,-0.001975757454292316,-2.526340106169066e-06,0.06457925012280019,-3.077013403466993,-0.0024246210680585185,-0.00011138243823180811,4.208996058405174e-12,1.486270138540125e-13,2,0.5999999999999986,2.6645352591003757e-15,137.85308563952188,6.283185307179565,0.07192992182352417,0.26637564784918216
22.46,-0.0019770843151392646,-2.5461083474282276e-06,0.04387973380848916,-3.097712919781304,-0.0024295112029390437,-0.00010538004396044215,4.211855831947289e-12,1.3835098109722392e-13,2,0.5999999999999986,2.6645352591003757e-15,137.97874934566548,6.283185307179565,0.07715229109768901,0.2559309093008525
22.48,-0.001978327827407587,-2.5593644259885726e-06,0.022478671717671195,-3.119113981872122,-0.0024344792532823884,-9.751438941958923e-05,4.214552048387309e-12,1.324452936168521e-13,2,0.5999999999999986,2.6645352591003757e-15,138.10441305180908,6.283185307179565,0.08216988834366018,0.24589571480891015
22.5,-0.001979531679932058,-2.5738725231193486e-06,0.0007232371048956458,-3.1408694164848976,-0.002439315902273574,-8.78935925878507e-05,4.2171782408879284e-12,1.3143567761350122e-13,2,0.5999999999999986,2.6645352591003757e-15,138.23007675795267,6.283185307179565,0.08699074278750905,0.2362540059212124
22.52,-0.001980743545939021,-2.5915298675239925e-06,-0.021033538728483667,3.12055911486131,-0.0024438161953787094,-7.667390655954339e-05,4.2198348622900655e-12,1.3547897229914573e-13,2,0.5999999999999986,2.6645352591003757e-15,138.35574046409627,6.283185307179565,0.0916225688248496,0.2269903538465313
22.54,-0.001982010768705989,-2.607908196400763e-06,-0.04244053968119789,3.0991521139085947,-0.002447793802388619,-6.405594915782404e-05,4.222621633821862e-12,1.4434622485232196e-13,2,0.5999999999999986,2.6645352591003757e-15,138.48140417023987,6.283185307179565,0.09607277836551716,0.2180899347651962
22.56,-0.001983376098910999,-2.612994825651333e-06,-0.06315612894776744,3.0784365246420258,-0.0024510938686751237,-5.02774831557077e-05,4.2256299765751195e-12,1.574476663314073e-13,2,0.5999999999999986,2.6645352591003757e-15,138.60706787638347,6.283185307179565,0.10034849269420545,0.2095385061078196
22.580000000000002,-0.001984874104965491,-2.592979826790897e-06,-0.08285509510052197,3.0587375584892715,-0.0024536033636019918,-3.560343449032972e-05,4.228936335915496e-12,1.7389498180864115e-13,2,0.5999999999999986,2.6645352591003757e-15,138.73273158252707,6.283185307179565,0.10445655386604144,0.20132238376414763
22.6,-0.0019865287184930185,-2.5327204802092397e-06,-0.10123463965457559,3.040358013935217,-0.0024552581374837714,-2.031420167946725e-05,4.232597048006918e-12,1.6910589019454703e-13,2,0.5999999999999986,2.6645352591003757e-15,138.85839528867066,6.283185307179565,0.10840353565533317,-0.6217456299289695
22.62,-0.0019882298550232946,-2.402052228791203e-06,-0.11803299778803827,3.023559655801755,-0.0024559288461900725,-5.943229047850833e-06,4.236148258571912e-12,1.8631269260231462e-13,2,0.5999999999999986,2.6645352591003757e-15,138.98405899481426,6.283185307179565,0.09621403822827967,-0.5973666350748625
22.64,-0.001990092116289642,-2.21984326062832e-06,-0.13294076979459393,3.008651883795199,-0.0024560027109818343,8.541014054371147e-06,4.240052285561237e-12,2.0406854613930625e-13,2,0.5999999999999986,2.6645352591003757e-15,139.10972270095786,6.283185307179565,0.08450249783179226,-0.5739435542818877
22.66,-0.0019921093801439737,-1.979776192642731e-06,-0.14573137344403203,2.9958612801457605,-0.0024555532224732873,2.288753258380576e-05,4.244307525898878e-12,2.2113743188689397e-13,2,0.5999999999999986,2.6645352591003757e-15,139.23538640710146,6.283185307179565,0.07325017350264135,-0.5514389056235859
22.68,-0.001994266046257292,-1.6811245698404726e-06,-0.15621500673748492,2.9853776468523083,-0.0024546899544478475,3.686464811282031e-05,4.248888731324592e-12,2.364073270760849e-13,2,0.5999999999999986,2.6645352591003757e-15,139.36105011324506,6.283185307179565,0.0624390591212764,-0.529816676860856
22.7,-0.0019965390607170133,-1.3291271630884966e-06,-0.16424002863022777,2.9773526249595648,-0.0024535515454969575,5.026322315334149e-05,4.2537500884047225e-12,2.4894440498449113e-13,2,0.5999999999999986,2.6645352591003757e-15,139.48671381938865,6.283185307179565,0.052051854598193115,-0.5090422678146894
22.72,-0.00199889995231007,-9.345612719115321e-07,-0.16969325273733166,2.971899400852461,-0.002452297231885935,6.289715702824513e-05,4.258829156342872e-12,2.580254587195427e-13,2,0.5999999999999986,2.6645352591003757e-15,139.61237752553225,6.283185307179565,0.04207193819009947,-0.4890824349985021
22.740000000000002,-0.0020013166597882596,-5.126646788719105e-07,-0.17249955999704478,2.9690930935927486,-0.002451097502137294,7.460153808089444e-05,4.264051268642918e-12,2.6315335580864544e-13,2,0.5999999999999986,2.6645352591003757e-15,139.73804123167585,6.283185307179565,0.032483339901580116,-0.4699052384214634
22.76,-0.002003755073036052,-8.159386754454274e-08,-0.17262126352547177,2.968971390064322,-0.002450124337799163,8.522914263302125e-05,4.2693341213873415e-12,2.640618479085672e-13,2,0.5999999999999986,2.6645352591003757e-15,139.86370493781945,6.283185307179565,0.023270715929696678,-0.45147999047769655
22.78,-0.00200618033779172,3.3939368984613357e-07,-0.17005759497963946,2.9715350586101534,-0.0024495413970099925,9.464616381567819e-05,4.2745923966972795e-12,2.6071551368165377e-13,2,0.5999999999999986,2.6645352591003757e-15,139.98936864396305,6.283185307179565,0.014419324110629544,-0.4337772068395623
22.8,-0.002008558059563744,7.31859086661497e-07,-0.16484454112014266,2.97674811246965,-0.002449494434285555,0.00010272812192999362,4.279742367047606e-12,2.422340169258113e-13,2,0.5999999999999986,2.6645352591003757e-15,140.11503235010665,6.283185307179565,0.005915000329070552,-0.671208165138711
22.82,-0.0020108042375655026,1.0763265167653815e-06,-0.15703145971578622,2.984561193874007,-0.0024503333960807444,0.00010901987050525785,4.284493065858503e-12,2.320212535843939e-13,2,0.5999999999999986,2.6645352591003757e-15,140.24069605625024,6.283185307179565,-0.007244223971243913,-0.644889716538082
22.84,-0.0020129444748453193,1.3679894167311868e-06,-0.14673440307992372,2.9948582505098695,-0.0024519273222866106,0.00011375228227488796,4.289008661266534e-12,2.1891043083136252e-13,2,0.5999999999999986,2.6645352591003757e-15,140.36635976239384,6.283185307179565,-0.01988746770642269,-0.6196032290677245
22.86,-0.0020149548198641243,1.6012308409793392e-06,-0.1341071890501902,3.0074854645396023,-0.002454305167272425,0.00011681364381677715,4.293239170509141e-12,2.037482683715022e-13,2,0.5999999999999986,2.6645352591003757e-15,140.49202346853744,6.283185307179565,-0.03203496276381124,-0.5953082389529474
22.88,-0.002016818380583298,1.776195481790703e-06,-0.11934170906625315,3.02225094452354,-0.0024574491847109735,0.00011810289575414439,4.297153410760654e-12,1.8755786885501056e-13,2,0.5999999999999986,2.6645352591003757e-15,140.61768717468104,6.283185307179565,-0.04370614772710518,-0.5719658690263595
22.900000000000002,-0.0020185272984832425,1.8985597570397277e-06,-0.10266643982700471,3.038926213762789,-0.002461293127548892,0.000117535852060007,4.30074206950894e-12,1.7148783368357545e-13,2,0.5999999999999986,2.6645352591003757e-15,140.74335088082464,6.283185307179565,-0.05491969898223137,-0.5495387665161071
22.92,-0.0020200844010803787,1.97846906122077e-06,-0.0843438057650611,3.0572488478247326,-0.002465723709644084,0.00011505296359547913,4.304019549171925e-12,1.5674067439602513e-13,2,0.5999999999999986,2.6645352591003757e-15,140.86901458696823,6.283185307179565,-0.06569356060354992,-0.52799104327347
22.94,-0.002021504147293737,2.0287101630239417e-06,-0.06466625538061099,3.0769263982091823,-0.0024705856328363653,0.00011062765818336811,4.3070241880334054e-12,1.4448337748286047e-13,2,0.5999999999999986,2.6645352591003757e-15,140.99467829311183,6.283185307179565,-0.0760449730682013,-0.5072882183441673
22.96,-0.0020228125051556427,2.0623527727182214e-06,-0.04395107262905186,3.097641580960741,-0.002475690128411195,0.00010427408645208511,4.3098165670482336e-12,1.357479937363266e-13,2,0.5999999999999986,2.6645352591003757e-15,141.12034199925543,6.283185307179565,-0.08599050084454807,-0.4873971627914737
22.98,-0.0020240455354119994,2.090246327700729e-06,-0.022534095101941706,3.1190585584878514,-0.0024808265482002432,9.605307058391736e-05,4.3124758155707245e-12,1.3133435888243646e-13,2,0.5999999999999986,2.6645352591003757e-15,141.24600570539903,6.283185307179565,-0.09554605889885814,-0.46828604668285356
23.0,-0.0020252466810875788,2.118843487362593e-06,-0.0007626323163881753,3.1408300212734055,-0.0024857761439654505,8.607521411078145e-05,4.3150940989912996e-12,1.3126563812141465e-13,2,0.5999999999999986,2.6645352591003757e-15,141.37166941154263,6.283185307179565,-0.10472693816264617,0.20640334705974006
23.02,-0.0020264521958498955,2.108416095174516e-06,0.021009621051190502,-3.120583032538603,-0.0024898528848878426,7.548306292635532e-05,4.317719195119933e-12,1.3256153878725777e-13,2,0.5999999999999986,2.6645352591003757e-15,141.49733311768622,6.283185307179565,-0.10068034266312112,0.19831015606068997
23.04,-0.002027699419579176,2.0991606298231152e-06,0.04242953121145142,-3.099163122378341,-0.0024935033160705736,6.349444547151532e-05,4.320422244927448e-12,1.3897036097004683e-13,2,0.5999999999999986,2.6645352591003757e-15,141.62299682382982,6.283185307179565,-0.09679241644265614,0.19053430361976
23.06,-0.002029032958398509,2.083017645917701e-06,0.06315244208673043,-3.0784402115030627,-0.0024965835976802184,5.034011929495252e-05,4.3233009541094245e-12,1.499478402299347e-13,2,0.5999999999999986,2.6645352591003757e-15,141.74866052997342,6.283185307179565,-0.09305693798982997,0.18306334671410768
23.080000000000002,-0.0020304895582086272,2.0475313144373157e-06,0.08284754216574367,-3.0587451114240496,-0.0024989868826775213,3.627736399846857e-05,4.326438752559769e-12,1.6462946602007471e-13,2,0.5999999999999986,2.6645352591003757e-15,141.87432423611702,6.283185307179565,-0.08946792974217353,0.1758853302187948
23.1,-0.002032095425826895,1.9782250298401106e-06,0.10120477487360742,-3.040387878716185,-0.002500650522646916,2.157919037593768e-05,4.329899208382565e-12,1.8191810957592127e-13,2,0.5999999999999986,2.6645352591003757e-15,141.99998794226062,6.283185307179565,-0.08601964852079463,0.168988767776037
23.12,-0.0020338649043986617,1.8612708802075664e-06,0.11794066042861524,-3.0236519931611774,-0.0025015598387879544,6.523004878608514e-06,4.333722385303147e-12,2.0058684027748398e-13,2,0.5999999999999986,2.6645352591003757e-15,142.12565164840422,6.283185307179565,-0.08270657634006652,0.16236262341458077
23.14,-0.002035800476582164,1.6859622516146749e-06,0.13280278105418478,-3.0087898725356084,-0.0025017483790707204,-8.620054621734756e-06,4.337923292020282e-12,2.1938168185907146e-13,2,0.5999999999999986,2.6645352591003757e-15,142.2513153545478,6.283185307179565,-0.07952341157767359,0.1559962938897949
23.16,-0.0020378938380351034,1.4465988839995735e-06,0.1455728282299467,-2.9960198253598467,-0.002501294927559119,-2.3594028936976274e-05,4.342492285954426e-12,2.3711166557641817e-13,2,0.5999999999999986,2.6645352591003757e-15,142.3769790606914,6.283185307179565,-0.07646506049088465,0.14987959171621704
23.18,-0.0020401276528957705,1.1435578946377151e-06,0.15606827220280173,-2.985524381386991,-0.002500317794916776,-3.816449836929029e-05,4.347397085253826e-12,2.527183275779688e-13,2,0.5999999999999986,2.6645352591003757e-15,142.502642766835,6.283185307179565,-0.07352662906547781,0.14400272886540336
23.2,-0.002042477585706608,7.834967518101641e-07,0.164142870461854,-2.9774497831279394,-0.002498967064321597,-5.212198899823917e-05,4.352585940793743e-12,2.3646928083667974e-13,2,0.5999999999999986,2.6645352591003757e-15,142.6283064729786,6.283185307179565,-0.07070341518427359,0.7979783122159638
23.22,-0.002044778640979276,3.944058330819517e-07,0.169664164432571,-2.9719284891572215,-0.0024977315299652843,-6.434401382549112e-05,4.357416486535665e-12,2.4569375701516396e-13,2,0.5999999999999986,2.6645352591003757e-15,142.7539701791222,6.283185307179565,-0.05505882660113831,0.7666891350496933
23.240000000000002,-0.002047137175590428,-2.058754698407382e-08,0.17251387348570452,-2.9690787801040885,-0.002496615782172983,-7.566176272943123e-05,4.362394675595122e-12,2.5113007658823606e-13,2,0.5999999999999986,2.6645352591003757e-15,142.8796338852658,6.283185307179565,-0.04002767111057898,0.7366268240685746
23.26,-0.0020495195016596696,-4.444163004545281e-07,0.17265288340726515,-2.968939770182528,-0.0024957820753111386,-8.592528232201034e-05,4.367441201771043e-12,2.5248378995448814e-13,2,0.5999999999999986,2.6645352591003757e-15,143.0052975914094,6.283185307179565,-0.025585895656993096,0.7077432731614028
23.28,-0.002051891080047043,-8.588550382370121e-07,0.17008094541398752,-2.9715117081758056,-0.002495383489375794,-9.49969056181065e-05,4.372473263079232e-12,2.4969950958298595e-13,2,0.5999999999999986,2.6645352591003757e-15,143.130961297553,6.283185307179565,-0.011710390318578512,0.6799922624845737
23.3,-0.0020542178058952096,-1.2463845118024802e-06,0.16483638349670462,-2.9767562700930883,-0.002495554503121107,-0.00010274750026814327,4.37740932765058e-12,2.42958928281714e-13,2,0.5999999999999986,2.6645352591003757e-15,143.2566250036966,6.283185307179565,0.0016210486734719032,0.6533293845004728
23.32,-0.002056467347384501,-1.5919978894482283e-06,0.15699604040615792,-2.9845966131836352,-0.0024964020599379257,-0.00010905385685717457,4.3821738421179526e-12,2.3267685200728727e-13,2,0.5999999999999986,2.6645352591003757e-15,143.3822887098402,6.283185307179565,0.01442975446573741,0.6277119729159418
23.34,-0.002058610674474654,-1.8847714612604595e-06,0.14667534083491726,-2.9949173127548754,-0.0024979975465501667,-0.0001137979374534764,4.386701827206864e-12,2.1949296896601928e-13,2,0.5999999999999986,2.6645352591003757e-15,143.5079524159838,6.283185307179565,0.026736223720155328,0.603099034407106
23.36,-0.002060623838443909,-2.119012010610126e-06,0.1340281975955713,-3.0075644559942223,-0.00250037021869129,-0.00011686844358741302,4.390943233180553e-12,2.0425470635947077e-13,2,0.5999999999999986,2.6645352591003757e-15,143.6336161221274,6.283185307179565,0.0385601494130528,0.579451183021311
23.38,-0.002062489944829226,-2.2947937717286626e-06,0.11924640458424692,-3.0223462490055457,-0.0025035027011999678,-0.00011816482548822594,4.394866821227502e-12,1.8798560280781973e-13,2,0.5999999999999986,2.6645352591003757e-15,143.759279828271,6.283185307179565,0.049920452348110544,0.5567305771511956
23.400000000000002,-0.0020642011247093525,-2.4177319018575757e-06,0.10255816327667329,-3.03903449031312,-0.0025073292061504725,-0.00011760347197287259,4.398463230243736e-12,1.7870647367467865e-13,2,0.5999999999999986,2.6645352591003757e-15,143.8849435344146,6.283185307179565,0.060835311433685146,0.2885620302393226
23.42,-0.0020657922272170623,-2.4887637889298352e-06,0.0842427451875652,-3.0573499084022284,-0.0025114890488208198,-0.00011546228481212949,4.401869937729135e-12,1.624345471908267e-13,2,0.5999999999999986,2.6645352591003757e-15,144.0106072405582,6.283185307179565,0.06649265095619922,0.27724735119429444
23.44,-0.002067238408661426,-2.527121953491032e-06,0.06457854668110799,-3.0770141069086847,-0.002516102001710298,-0.00011138303088202154,4.4049729741937e-12,1.4862701644202613e-13,2,0.5999999999999986,2.6645352591003757e-15,144.13627094670179,6.283185307179565,0.07192816302312977,0.26637632706043335
23.46,-0.002068565269402271,-2.5468890940981416e-06,0.04387903253994731,-3.097713621049846,-0.0025209921385686476,-0.00010538063659434606,4.407832747821398e-12,1.3835098711757902e-13,2,0.5999999999999986,2.6645352591003757e-15,144.26193465284538,6.283185307179565,0.07715054561342166,0.25593156187984956
23.48,-0.0020698087815603917,-2.560144223564106e-06,0.02247797224293173,-3.1191146813468613,-0.0025259601911807373,-9.751498183202894e-05,4.410528964418001e-12,1.324453033329836e-13,2,0.5999999999999986,2.6645352591003757e-15,144.38759835898898,6.283185307179565,0.08216815565338706,0.24589634179991876
23.5,-0.002071012633987062,-2.5746514994381435e-06,0.0007225392450004586,-3.140870114344793,-0.002530796842666998,-8.789418458127619e-05,4.4131551571523026e-12,1.3143569134105637e-13,2,0.5999999999999986,2.6645352591003757e-15,144.51326206513258,6.283185307179565,0.08698902238957049,0.2362546083275519
23.52,-0.0020722244999219204,-2.592308116492204e-06,-0.021034234943292207,3.1205584186465014,-0.0025352971384244296,-7.667449796175597e-05,4.4158117788710956e-12,1.3547899027712894e-13,2,0.5999999999999986,2.6645352591003757e-15,144.63892577127618,6.283185307179565,0.09162086023725625,0.22699093263218037
23.54,-0.002073491722650138,-2.608685770750321e-06,-0.04244123401813682,3.0991514195716565,-0.0025392747481760417,-6.405653983754383e-05,4.418598550805575e-12,1.4434624711859759e-13,2,0.5999999999999986,2.6645352591003757e-15,144.76458947741978,6.283185307179565,0.09607108112517876,0.21809049085633536
23.56,-0.002074857052850391,-2.613771733672342e-06,-0.06315682099277661,3.078435832597016,-0.002542574817232452,-5.0278073034288316e-05,4.421606894045524e-12,1.5744769262762835e-13,2,0.5999999999999986,2.6645352591003757e-15,144.89025318356337,6.283185307179565,0.10034680635618978,0.20953904039431331
23.580000000000002,-0.002076355058927686,-2.5937560333957695e-06,-0.08285578429180618,3.058736869297987,-0.00254508431490683,-3.560402354847741e-05,4.424913253948047e-12,1.7389501153309333e-13,2,0.5999999999999986,2.6645352591003757e-15,145.01591688970697,6.283185307179565,0.1044548780028623,0.2013228971009683
23.6,-0.0020780096724933297,-2.533495911965173e-06,-0.10123532532501431,3.040357328264779,-0.0025467390914758426,-2.0314789958558012e-05,4.428573966661599e-12,1.6910591872791772e-13,2,0.5999999999999986,2.6645352591003757e-15,145.14158059585057,6.283185307179565,0.10840186985626632,-0.6217450410125904
23.62,-0.0020797108090359648,-2.4028268020790296e-06,-0.11803367965449384,3.0235589739353,-0.002547409802604153,-5.943816554976993e-06,4.432125177823772e-12,1.8631272353296524e-13,2,0.5999999999999986,2.6645352591003757e-15,145.26724430199417,6.283185307179565,0.09621238397508358,-0.597366069250225
23.64,-0.0020815730703096108,-2.2206168702041273e-06,-0.13294144715750536,3.0086512064322877,-0.002547483669709297,8.54042719865413e-06,4.436029205447518e-12,2.0406857834869401e-13,2,0.5999999999999986,2.6645352591003757e-15,145.39290800813777,6.283185307179565,0.08450085467174684,-0.5739430106435515
23.66,-0.002083590334151864,-1.9805487194794814e-06,-0.1457320456255514,2.995860607964241,-0.002547034183396576,2.2886946220623055e-05,4.440284446432796e-12,2.2113746411917637e-13,2,0.5999999999999986,2.6645352591003757e-15,145.51857171428136,6.283185307179565,0.07324854100077793,-0.5514383833016137
23.68,-0.0020857470002221485,-1.6818958910281003e-06,-0.156215673126627,2.9853769804631662,-0.0025461709174457664,3.686406205631799e-05,4.444865652493756e-12,2.3640735805701597e-13,2,0.5999999999999986,2.6645352591003757e-15,145.64423542042496,6.283185307179565,0.06243743685968173,-0.5298161750194212
23.7,-0.0020880200146007016,-1.3298971605244058e-06,-0.16424068872067338,2.9773519648691202,-0.002545032510446045,5.0262637202419885e-05,4.449727010171967e-12,2.4894443353821173e-13,2,0.5999999999999986,2.6645352591003757e-15,145.76989912656856,6.283185307179565,0.052050242175340544,-0.5090417856507389
23.72,-0.0020903809060725097,-9.353298393532947e-07,-0.16969390615645177,2.9718987474333414,-0.002543778198658294,6.289657097767182e-05,4.454806078649271e-12,2.5802548386743127e-13,2,0.5999999999999986,2.6645352591003757e-15,145.89556283271216,6.283185307179565,0.04207033522020637,-0.4890819717404705
23.740000000000002,-0.0020927976133927064,-5.134317273025662e-07,-0.17250020652566117,2.9690924470641313,-0.00254257847059566,7.460095173123908e-05,4.460028191412516e-12,2.6315337684060684e-13,2,0.5999999999999986,2.6645352591003757e-15,146.02122653885576,6.283185307179565,0.03248174601399062,-0.469904793328039
23.76,-0.002095236026453785,-8.23593290543323e-08,-0.17262190310849218,2.9689707504813008,-0.0025416053077902162,8.522855579926367e-05,4.465311044533007e-12,2.6406186442276634e-13,2,0.5999999999999986,2.6645352591003757e-15,146.14689024499935,6.283185307179565,0.02326913076828857,-0.45147956283663493
23.78,-0.0020976612910056825,3.386298593510743e-07,-0.17005822772796828,2.971534425861825,-0.002541022368357031,9.46455763346094e-05,4.470569320127024e-12,2.6071552559245016e-13,2,0.5999999999999986,2.6645352591003757e-15,146.27255395114295,6.283185307179565,0.014417747333244357,-0.4337767959665465
23.8,-0.002100039012570846,7.310969056350586e-07,-0.16484516730425186,2.976747486285541,-0.0025409754067816817,0.00010272753366662308,4.47571929067076e-12,2.422340349470217e-13,2,0.5999999999999986,2.6645352591003757e-15,146.39821765728655,6.283185307179565,0.005913431606966113,-0.6712075324309399
23.82,-0.0021022851904333823,1.0755659396743356e-06,-0.15703207995351973,2.984560573636273,-0.0025418143692000138,0.00010901928171173241,4.480469989797882e-12,2.320212672756333e-13,2,0.5999999999999986,2.6645352591003757e-15,146.52388136343015,6.283185307179565,-0.0072457802889350775,-0.6448891086391375
23.84,-0.002104425427595642,1.3672304049549534e-06,-0.14673501791085047,2.994857635678942,-0.002543408295735211,0.00011375169289163199,4.48498558543949e-12,2.18910440617689e-13,2,0.5999999999999986,2.6645352591003757e-15,146.64954506957375,6.283185307179565,-0.01988901210608457,-0.6196026450048385
23.86,-0.0021064357725289395,1.6004733293211973e-06,-0.13410779909914775,3.007484854490645,-0.002545786140732273,0.00011681305382955813,4.489216094842494e-12,2.0374827475115829e-13,2,0.5999999999999986,2.6645352591003757e-15,146.77520877571735,6.283185307179565,-0.03203649571275641,-0.5953076777914948
23.88,-0.0021082993332013403,1.7754393804644793e-06,-0.11934231500573796,3.0222503385840547,-0.00254893015784525,0.0001181023051947064,4.493130335191217e-12,1.8755787230654596e-13,2,0.5999999999999986,2.6645352591003757e-15,146.90087248186094,6.283185307179565,-0.04370766967432271,-0.5719653298683622
23.900000000000002,-0.002110008251095214,1.897804955238555e-06,-0.10266704233516738,3.0389256112546263,-0.0025527741000112383,0.00011753526100407544,4.496718993982247e-12,1.714878345816595e-13,2,0.5999999999999986,2.6645352591003757e-15,147.02653618800454,6.283185307179565,-0.05492121035910519,-0.5495382484987973
23.92,-0.00211156535372377,1.9777154325431783e-06,-0.08434440548180615,3.057248248107987,-0.002557204681090738,0.00011505237215772518,4.499996473639468e-12,1.5674067295045827e-13,2,0.5999999999999986,2.6645352591003757e-15,147.15219989414814,6.283185307179565,-0.0656950618245491,-0.5279905455679095
23.94,-0.0021129850999979266,2.0279575728182543e-06,-0.06466685286493835,3.0769258007248546,-0.0025620666029399805,0.00011062706650918184,4.503001112448984e-12,1.4448337371359378e-13,2,0.5999999999999986,2.6645352591003757e-15,147.27786360029174,6.283185307179565,-0.0760464645315434,-0.5072877401539209
23.96,-0.0021142934579381147,2.0616010870600175e-06,-0.04395166832110051,3.0976409852686926,-0.002567171096874687,0.00010427349470640092,4.505793491364229e-12,1.3574798749184565e-13,2,0.5999999999999986,2.6645352591003757e-15,147.40352730643534,6.283185307179565,-0.0859919829328363,-0.48739670335133506
23.98,-0.0021155264882764383,2.08949542330721e-06,-0.022534689293067598,3.1190579642967258,-0.0025723075147688697,9.60524789377967e-05,4.5084527397351816e-12,1.3133434990041056e-13,2,0.5999999999999986,2.6645352591003757e-15,147.52919101257893,6.283185307179565,-0.09554753197969362,-0.4682856052576204
24.0,-0.0021167276340243323,2.1180932613855123e-06,-0.0007632251299940149,3.1408294284597993,-0.002577257108435546,8.60746227268881e-05,4.511071022946575e-12,1.317291335306508e-13,2,0.5999999999999986,2.6645352591003757e-15,147.65485471872253,6.283185307179565,-0.10472840258921617,-0.4499238640385753
