time_s,x_m,y_m,orientation_rad,axis_heading_rad,head_x_m,head_y_m,dissipation_J,power_W,action,amplitude_rad,amplitude_rate_rad_s,phase_rad,phase_rate_rad_s,bias_rad,bias_rate_rad_s
0.0,0.0,0.0,0.0,-3.141592653589793,-0.0005000000000000001,0.0,0.0,3.647562611124175e-14,2,0.0,1.2,0.0,0.0,0.0,-0.0
0.02,-2.5191517920740758e-12,1.3211640527694464e-10,-1.3448947004490306e-05,3.141579204642788,-0.0004999309237737241,-3.7372353056096736e-06,7.009548894185456e-16,3.36798662323334e-14,2,0.023526336508606138,1.1529473269827877,0.002480096241394649,0.24636721980439416,0.0,-0.0
0.04,-6.942062250917029e-11,1.2296149525439046e-09,-0.00012923873186580686,3.1414634148579275,-0.0004997358786583901,-7.2739456914835785e-06,1.348323715257465e-15,3.110983017474848e-14,2,0.04613019216801861,1.1077396156639627,0.009790290914295882,0.48307424274577493,0.0,-0.0
0.06,-3.736461124633052e-10,4.0427548769420904e-09,-0.00043694182188200477,3.1411557117679116,-0.0004994337714784453,-1.0567963737157209e-05,1.9463314766557776e-15,2.873653652132518e-14,2,0.06784773796970556,1.0643045240605888,0.021741193150254835,0.7104998505610404,0.0,-0.0
0.08,-1.1944592592619643e-09,9.127716657909478e-09,-0.0010138917896553798,3.1405787618001373,-0.0004990438777096107,-1.3581515480362843e-05,2.4986279928439517e-15,2.653199075339533e-14,2,0.08871372662027333,1.0225725467594533,0.038150838202993975,0.9290079727427458,0.0,-0.0
0.1,-2.916104040653117e-09,1.6871794945654715e-08,-0.001926123508536925,3.1396665300812563,-0.000498585300955914,-1.6280064882922023e-05,3.0083280381659908e-15,2.447111654757516e-14,2,0.10876154815321104,0.9824769036935779,0.058844396265991784,1.1389482689039339,0.0,-0.0
0.12,-6.038095938306423e-09,2.7512400921539504e-08,-0.0032290968078338067,3.138363556781959,-0.0004980764826508141,-1.863147516017317e-05,3.478086504940503e-15,2.2533394192836958e-14,2,0.12802328336006813,0.9439534332798637,0.08365389270749338,1.340656688308114,0.0,-0.0
0.14,-1.1201616807982955e-08,4.115128096534286e-08,-0.004968206109958786,3.136624447479834,-0.0004975347493402499,-2.0605456744407713e-05,3.9102051304670895e-15,2.0704416790564106e-14,2,0.1465297551265649,0.9069404897468701,0.11241793927526313,1.5344560074597582,0.0,-0.0
0.16,-1.9234511621149678e-08,5.776591240604445e-08,-0.007179091793346934,3.134413561796446,-0.0004969758880764401,-2.2173272408301367e-05,4.306770384879762e-15,1.8977460269560563e-14,2,0.16431057775578567,0.8713788444884286,0.14498147584094984,1.720656346615568,0.0,-0.0
0.18,-3.1215004139078515e-08,7.72204601678988e-08,-0.009887778402301178,3.1317048751874914,-0.0004964137455712262,-2.330767149929146e-05,4.6698229454863e-15,1.7355057686043723e-14,2,0.18139420435738157,0.8372115912852368,0.1811955222708,1.8995556660430515,0.0,-0.0
0.2,-4.855169871781426e-08,9.927895461431488e-08,-0.013110671455284053,3.1284819821345096,-0.0004958598529027817,-2.398302668639354e-05,5.0015580617345406e-15,1.6454829864931763e-14,2,0.19780797237861664,0.8043840552427667,0.2209169400256598,2.071440242820516,0.0,-0.05244268582113598
0.22,-7.181101831088284e-08,1.240965581187529e-07,-0.0168547134356982,3.1247379401540947,-0.0004953093477333056,-2.426033240419186e-05,5.315830896181917e-15,1.5012158844461728e-14,2,0.21357814735011543,0.7728437052997691,0.2640082031087746,2.2365851289414698,-0.0010281535617026258,-0.05038637869773073
0.24,-1.0432481652997189e-07,1.509286742286969e-07,-0.021116527126145007,3.1204761264636485,-0.0004947823747770668,-2.4030113632377073e-05,5.602941069554945e-15,1.3749639111439323e-14,2,0.22872996491631575,0.7425400701673684,0.31033717799485355,2.395254591456495,-0.0020159926456133556,-0.04841070052990927
0.26,-1.490297438843285e-07,1.7935986185111703e-07,-0.025882787933907837,3.1157098656558855,-0.0004942824129995097,-2.3274240666916095e-05,5.866967086984405e-15,1.2718014025547891e-14,2,0.24328767121788364,0.7134246575642327,0.3597769121882393,2.5477025353569074,-0.0029650980050166913,-0.0465124898111026
0.28,-2.0954769964564008e-07,2.089926788727492e-07,-0.031129872003213904,3.1104627815865786,-0.0004938096068475676,-2.1978248957523517e-05,6.113127440046491e-15,1.1980201505579398e-14,2,0.25727456169071133,0.6854508766185773,0.4122054310718302,2.6941729098769094,-0.0038769884109742837,-0.044688708999187414
0.3,-2.902313707825427e-07,2.3950261741235725e-07,-0.03682372836235158,3.1047689252274413,-0.0004933607394084704,-2.013208721305605e-05,6.348007821536861e-15,1.1609381802215292e-14,2,0.2707130183435844,0.6585739633128311,0.4675055427216704,2.8349000988644124,-0.004753123082682664,-0.04293643965577065
0.32,-3.961697498622053e-07,2.7069966560246374e-07,-0.04291984902537664,3.0986728045644165,-0.0004929293461422318,-1.773089741536523e-05,6.579738513822803e-15,1.168591342632346e-14,2,0.28362454557417116,0.6327509088516576,0.5255646503748691,2.9701092958451984,-0.005594904022535263,-0.041252877776065455
0.34,-5.331433999772899e-07,3.0259155913770347e-07,-0.04936337258463118,3.092229281005162,-0.0004925059910287629,-1.4775788686101594e-05,6.8180982293249595e-15,1.2293076236950266e-14,2,0.29602980458064654,0.6079403908387069,0.5862745722507581,3.100016864380604,-0.006403678259625359,-0.039635329301885264
0.36,-7.075219516544545e-07,3.354417269555996e-07,-0.05608935127476302,3.08550330231503,-0.0004920787208244496,-1.1274564009823904e-05,7.074521805410422e-15,1.3511758882837491e-14,2,0.3079486464240173,0.5841027071519653,0.6495313684369627,3.224830684295379,-0.00718074000528,-0.03808120581057598
0.38,-9.261003111979519e-07,3.698133638091547e-07,-0.06302320424065543,3.0785694493491373,-0.0004916337040593039,-7.24235733269512e-06,7.361992765939828e-15,1.5414334927594117e-14,2,0.31940014379405474,0.5611997124118905,0.7152351745633669,3.3447504843297535,-0.007927332724074247,-0.03658802037298749
0.4,-1.1958750891798761e-06,4.0659038210880625e-07,-0.07008137104505985,3.0715112825447335,-0.0004911560497735558,-2.702139349088488e-06,7.694807896199867e-15,1.6875153244315102e-14,2,0.3304026215296673,0.5391947569406653,0.7832900419978157,3.459968161748039,-0.008644651123639768,-0.26303618193295897
0.42,-1.498155140129873e-06,4.48093753234906e-07,-0.07717783121924869,3.0644148223705443,-0.000490610360924055,1.9515878556943766e-06,8.059842848258507e-15,1.983255264351312e-14,2,0.34097368594255245,0.518052628114895,0.8536037843078333,3.570668089415187,-0.013801549232051208,-0.2527223857161361
0.44,-1.8638926074519285e-06,4.941464404111476e-07,-0.08420617478748811,3.0573864788023055,-0.0004900249946161668,7.058599960961899e-06,8.492208276384998e-15,2.360752081509162e-14,2,0.35113025299105144,0.4977394940178971,0.926087829742664,3.6770274108327095,-0.018756242473397508,-0.2428129992334435
0.46,-2.2991154469886603e-06,5.462991376086703e-07,-0.09106064435173492,3.050532009238058,-0.0004893896681181047,1.2570913711871528e-05,9.008142343536374e-15,2.817990765435108e-14,2,0.36088857534929175,0.47822284930141645,1.0006570794995744,3.779216323606072,-0.023516659413922433,-0.23329216535239364
0.48,-2.8087911426839808e-06,6.061873897824259e-07,-0.09763095469470469,3.043961698895089,-0.0004886969514230126,1.843262867563207e-05,9.623119161672249e-15,3.349279562673485e-14,2,0.37026426841493304,0.4594714631701339,1.0772297715476138,3.877398351797177,-0.028090417736340592,-0.22414464870755732
0.5,-3.396496673517121e-06,6.753711835266886e-07,-0.1038038885998155,3.037788764989978,-0.00048794340559200314,2.458041029815398e-05,1.0351092209749823e-14,3.945091978518856e-14,2,0.3792723352971349,0.4414553294057302,1.1557273497909208,3.9717306075977454,-0.032484836429755,-0.2153558113207285
0.52,-4.064129750765874e-06,7.551500490693757e-07,-0.1094650010858986,3.0321276525038945,-0.00048713060865845215,3.094416257969473e-05,1.1203728442748055e-14,4.5921361789499816e-14,2,0.38792719082473215,0.42414561835053566,1.2360743383622115,4.062364042742348,-0.03670694750160111,-0.20691158917703628
0.54,-4.811679938280688e-06,8.463701878515904e-07,-0.11450039376625998,3.027092259823533,-0.000486265992129829,3.744785268785435e-05,1.2189679938106794e-14,5.273661156631804e-14,2,0.39624268461303674,0.40751463077392647,1.3181982208452878,4.149443690063379,-0.04076350723035896,-0.1987984697195206
0.56,-5.637073611037321e-06,9.49243480847502e-07,-0.11879852283617728,3.0227941307536152,-0.00048536341417657844,4.4010438334529386e-05,1.3313940098574818e-14,5.969992368351918e-14,2,0.4042321232261765,0.3915357535476469,1.4020293242333017,4.233108895574534,-0.044661006977040105,-0.1910034702261583
0.58,-6.536101341816325e-06,1.0631995876021834e-06,-0.12225200917203573,3.019340644417758,-0.00048444340361689103,5.054684250235641e-05,1.4577328465794153e-14,6.65927535254722e-14,2,0.41190829147043706,0.37618341705912584,1.48750070743708,4.313493541454162,-0.04840568357275021,-0.18351411703473808
0.6,-7.502431249489161e-06,1.1867914636156609e-06,-0.12475942647037745,3.016833227119416,-0.00048353302127970436,5.696892073591607e-05,1.5976142775786507e-14,6.775328235576674e-14,2,0.419283472852679,0.361433054294642,1.5745480541650994,4.390726260285306,-0.05200352929894936,-0.3950306472836105
0.62,-8.489322981668365e-06,1.314009593543132e-06,-0.12622687749252476,3.0153657760972683,-0.00048276232981429835,6.285694239894662e-05,1.7392704716940937e-14,7.37566953874618e-14,2,0.4263694692365698,0.3472610615268603,1.6631095700036989,4.4649306408952905,-0.05974821591495494,-0.3795412740515993
0.64,-9.526222116448123e-06,1.4457118904460233e-06,-0.12656159467648853,3.015031058913305,-0.00048209271917975394,6.846378426400449e-05,1.8922927896731885e-14,7.906492629903264e-14,2,0.4331776197280837,0.3336447605438325,1.7531258835328343,4.536225426124203,-0.06718922902515745,-0.3646592478311943
0.66,-1.0601547261411319e-05,1.5782839818517929e-06,-0.12569020141529103,3.015902452174502,-0.0004815624651698177,7.369568129889971e-05,2.0550791737122978e-14,8.347330632503824e-14,2,0.43971881882048997,0.32056236235902,1.8445399513191398,4.604724702838776,-0.07433847583803399,-0.3503607542054412
0.68,-1.1702473765083045e-05,1.7076433658144783e-06,-0.12355247617860295,3.0180401774111907,-0.00048121099525569896,7.845878196477944e-05,2.2256495143231125e-14,8.681162388498054e-14,2,0.4460035338278666,0.3079929323442667,1.9372969666342648,4.67053808449571,-0.08120739667373919,-0.3366229125340308
0.7000000000000001,-1.2815370098192105e-05,1.82953088419193e-06,-0.12010293493559981,3.021489718654193,-0.00048107673818628986,8.265984073501403e-05,2.4017271583696426e-14,8.895659446171025e-14,2,0.45204182163503626,0.29591635672992744,2.031344271752415,4.733770886546592,-0.0878069832710581,-0.323423739339393
0.72,-1.3926319540220054e-05,1.9398559595120465e-06,-0.11531233891368914,3.0262803146761037,-0.00048119469865808516,8.620697860145963e-05,2.5808447256068533e-14,8.984355448288104e-14,2,0.4578433447907271,0.2843133104185458,2.126631273686758,4.79452429496509,-0.09414779637653331,-0.3107421131284426
0.74,-1.502172793700674e-05,2.035065874856028e-06,-0.10916911060684774,3.0324235429829454,-0.00048159386610097956,8.90106001086946e-05,2.760472064716754e-14,8.947672108142082e-14,2,0.46341738696971246,0.27316522606057503,2.2231093632298493,4.852895528166091,-0.10023998264391254,-0.2985577405936841
0.76,-1.6089013123667397e-05,2.1125007679403536e-06,-0.10168062648618201,3.039912027103611,-0.00048229459664316334,9.098455986658574e-05,2.93816268890794e-14,8.793717718289589e-14,2,0.4687728678286712,0.2624542643426575,2.3207318371685317,4.908977992575909,-0.10609329087095931,-0.2868511241395906
0.78,-1.7117361316349885e-05,2.170689535739453e-06,-0.09287433841025508,3.0487183151795385,-0.00048330613533701977,9.204766055856597e-05,3.111713155954041e-14,8.538755270548808e-14,2,0.47391835727954124,0.2521632854409175,2.4194538235488285,4.962861432102499,-0.11171708759960927,-0.27560353068229065
0.8,-1.809852027234919e-05,2.209539326944917e-06,-0.08279866004256405,3.058793993547229,-0.00048462446805167946,9.212553623517257e-05,3.2793276442664e-14,8.582382015510621e-14,2,0.47886208920320683,0.2422758215935863,2.519232209871245,5.01463207174485,-0.11712037210443554,-0.09695389596138526
0.8200000000000001,-1.9046402092648033e-05,2.2268072442639283e-06,-0.07152875190578467,3.0700639016840086,-0.00048610072087355974,9.139954669522285e-05,3.44677289513523e-14,8.154743715715684e-14,2,0.4836119746254649,0.23277605074907015,2.620025574101571,5.064372755571381,-0.11902118042294216,-0.09315227932437203
0.84,-1.9937939828925634e-05,2.2274086740486353e-06,-0.05915372209271884,3.082438931497075,-0.0004878393895404192,8.95649862773916e-05,3.6054713124703673e-14,7.718187927911988e-14,2,0.48817561437635404,0.22364877124729188,2.72179411838679,5.112163079288127,-0.1208474569812162,-0.08949972620782395
0.86,-2.0776708922167828e-05,2.215138299321409e-06,-0.04578547214300306,3.0958071814467907,-0.000489794998033163,8.658363779837715e-05,3.75567455453576e-14,7.316598326823788e-14,2,0.49256031125310407,0.21487937749379182,2.824499605370022,5.158079517608847,-0.12260212421137734,-0.08599039174750167
0.88,-2.1571178530943688e-05,2.194296012739217e-06,-0.03155685247415663,3.110035801115636,-0.0004919071272955361,8.243431572840867e-05,3.898540448342664e-14,6.995990466908553e-14,2,0.4967730817061697,0.2064538365876606,2.9281052970025954,5.202195546630884,-0.12428798995534282,-0.08261866025957071
0.9,-2.233465541238258e-05,2.169026689027403e-06,-0.016620398249591627,3.124972255340202,-0.0004941023899057524,7.711554260611872e-05,4.0361456238275115e-14,6.801396299990903e-14,2,0.5008206670670481,0.19835866586590378,3.0325758957553317,5.2445817614125945,-0.12590775195797355,-0.07937913625430926
0.92,-2.30848230868069e-05,2.142606531677877e-06,-0.0011464582344145255,3.140446195355379,-0.0004962974639827897,7.064779505786441e-05,4.171431880270244e-14,6.773423478116771e-14,2,0.5047095443358476,0.1905809113283048,3.1378774881349685,5.285305988940504,-0.12746400218404136,-0.07626663580217363
0.9400000000000001,-2.384286065949738e-05,2.1167823196788577e-06,0.014679262463993037,-3.1269133911258002,-0.0004984030741142725,6.307505039518556e-05,4.308082817166621e-14,6.944811873247351e-14,2,0.5084459365458697,0.18310812690826062,3.2439774904153342,5.324433396666955,-0.12895923096592574,-0.07327617823840488
0.96,-2.4632182411217557e-05,2.0912773024685255e-06,0.03065868273084521,-3.110933970858948,-0.0005003287140203409,5.4465396160081005e-05,4.4503343485239315e-14,7.337361011382836e-14,2,0.5120358227217899,0.17592835455642009,3.350844596496435,5.362026596791937,-0.13039583098867683,-0.0704029781929027
0.98,-2.547689810929474e-05,2.063563382684511e-06,0.04658474625337268,-3.09500790733642,-0.0005019878245375685,4.491053188438181e-05,4.602730286922961e-14,7.959595388971605e-14,2,0.515484947447373,0.16903010510525385,3.4584487278080154,5.398145746455959,-0.13177610111882207,-0.06764243793261221
1.0,-2.640014211667052e-05,2.0289634677335908e-06,0.06224510842001058,-3.0793475451697825,-0.0005033030822588861,3.452408928254215e-05,4.769840964551181e-14,8.06225267539108e-14,2,0.5187988300580324,0.16240233988393515,3.56676098517743,5.432848644004315,-0.133102250083043,0.5151849338461285
1.02,-2.7363169254211333e-05,1.9646231298438055e-06,0.07743185760036903,-3.064160795989424,-0.0005040377405316134,2.4345860295945005e-05,4.938975949117738e-14,8.905409868262358e-14,2,0.5219827734729445,0.1560344530541109,3.675753602584799,5.46619082147676,-0.123001904984853,0.4949842436497485
1.04,-2.84330840756007e-05,1.8852194964162942e-06,0.09191249576252873,-3.0496801578272645,-0.0005044436764448722,1.3582891847847355e-05,5.127050816319982e-14,9.94645448605556e-14,2,0.5250418726808506,0.14991625463829883,3.7853999027314575,5.498225633470627,-0.11329760008271814,0.4755756338454788
1.06,-2.9623327978792106e-05,1.7837089178723588e-06,0.10547455546022633,-3.036118098129567,-0.0005044993441374556,2.389877822084787e-06,5.337601485820572e-14,1.1140357427068115e-13,2,0.527981022893126,0.144037954213748,3.8956742543505802,5.529004342519565,-0.10397380641843282,0.45692804651690816
1.08,-3.094149194763706e-05,1.6535517714476133e-06,0.11791444039170766,-3.0236782131980853,-0.0005042040773339132,-9.071594678920682e-06,5.573157499874103e-14,1.2432351162183653e-13,2,0.5308049273771624,0.13839014524567506,4.006552031191691,5.558576201124526,-0.09501560393295216,0.43901164154594685
1.1,-3.238901740096789e-05,1.4897129859020925e-06,0.12904107426129532,-3.0125515793284983,-0.0005035793463456777,-2.0637385049454007e-05,5.8350820839122e-14,1.376150673146397e-13,2,0.5335181049825997,0.13296379003480063,4.118009572613406,5.586988530568278,-0.08640865759111424,0.421797748862271
1.12,-3.396132749016064e-05,1.289506061504153e-06,0.13867907245923963,-3.002913581130553,-0.0005026687141701831,-3.21447748727638e-05,6.123486554930442e-14,1.5064498992652792e-13,2,0.5361248973724483,0.1277502052551034,4.2300241457213605,5.614286796639552,-0.07813919444252565,0.4052588225650938
1.1400000000000001,-3.564830389251622e-05,1.0531750201586365e-06,0.14667138160174614,-2.994921271988047,-0.0005015364988128344,-4.343575061458723e-05,6.43721929818776e-14,1.6279224619143084e-13,2,0.5386294759706775,0.12274104805864505,4.342573908990727,5.640514682388003,-0.0701939815819024,0.38936839684384733
1.16,-3.743499880139088e-05,7.84150315462928e-07,0.152881395642581,-2.9887112579472124,-0.0005002652283257459,-5.435935412313564e-05,6.773923694668347e-14,1.7348034188088517e-13,2,0.541035848637383,0.11792830272523402,4.455637877315116,5.665714158026407,-0.06256030497359838,0.3741010436272393
1.18,-3.930247303023236e-05,4.88958204031225e-07,0.15719461778748783,-2.9843980358023057,-0.0004989520320471177,-6.477298605451022e-05,7.130155793343697e-14,1.8220460349621684e-13,2,0.5433478660822185,0.11330426783556291,4.56919588842593,5.6899255480919635,-0.055225949106435746,0.359432331892914
1.2,-4.122867492235328e-05,1.7680060439393138e-07,0.15951998475918977,-2.982072668830604,-0.0004977041438032151,-7.45426896938303e-05,7.50155135824963e-14,1.7355910210709002e-13,2,0.5455692280263524,0.10886154394729508,4.68322857062843,5.713187595974147,-0.048179177446280974,0.7344382939293208
1.22,-4.311044155692455e-05,-1.3170027463159052e-07,0.15976948003333794,-2.981823173556455,-0.000496885504443159,-8.299482269280846e-05,7.853391851011367e-14,1.776251890777166e-13,2,0.5477034891228112,0.10459302175437757,4.797717311802892,5.735537525912404,-0.033780308739791154,0.7056405565163412
1.24,-4.50041530784485e-05,-4.351620258590912e-07,0.1578952774665567,-2.983697376123237,-0.0004964049827098723,-9.058340030525987e-05,8.210700774112271e-14,1.789976329711165e-13,2,0.5497540646446823,0.10049187071063526,4.9126442296212485,5.757011102562876,-0.01994602775085491,0.6779719945384687
1.26,-4.688407047458954e-05,-7.223769092874102e-07,0.15388597228483492,-2.9877066813049584,-0.0004963539294523845,-9.718945512817027e-05,8.56800803551347e-14,1.7763100928375287e-13,2,0.5517242359502804,0.09655152809943912,5.02799214293154,5.777642688229477,-0.006654196678419211,0.6513883323935973
1.28,-4.872495026154396e-05,-9.83130693241838e-07,0.14775972737768642,-2.9938329262121073,-0.0004968098703987019,-0.00010269825610509748,8.919904354608677e-14,1.736334448819445e-13,2,0.55361715573402,0.09276568853195988,5.143744544264413,5.7974652978509145,0.006116454242973746,0.6258470305508114
1.3,-5.050318049951661e-05,-1.2092277435870912e-06,0.13956517605593768,-3.002027477533856,-0.0004978307179765205,-0.00010699933748896074,9.261354850074509e-14,1.672719059997248e-13,2,0.5554358530713995,0.08912829385720089,5.259885573417646,5.8165106518316305,0.018386360779348965,0.6013072174780609
1.32,-5.2198062443113286e-05,-1.3953557577176785e-06,0.12938214570711673,-3.012210507882676,-0.0004994495118137978,-0.00010998758489040674,9.588017883562142e-14,1.5897158372215152e-13,2,0.5571832382661682,0.08563352346766351,5.376399992076443,5.8348092268012195,0.030175157398884322,0.5777296242389902
1.34,-5.379322057938801e-05,-1.5396678079074739e-06,0.11732204535794795,-3.024270608231845,-0.0005016700970821656,-0.00011156558626328704,9.896554855592597e-14,1.49306747636145e-13,2,0.5588621075074331,0.08227578498513366,5.493273159428876,5.852390304383539,0.04150170869124853,0.5550765216542618
1.36,-5.5278060415886115e-05,-1.6439670697177767e-06,0.10352772668749813,-3.038064926902295,-0.0005044641826352424,-0.00011164728209123452,1.0184911040758291e-13,1.3898027631838144e-13,2,0.5604751473441582,0.07904970531168365,5.610491008737463,5.869282018053548,0.05238413955496912,0.5333116599268206
1.3800000000000001,-5.664912405674687e-05,-1.713410034498388e-06,0.0881726296861556,-3.0534200239036373,-0.0005077702060570812,-0.00011016274440840709,1.0452542426732061e-13,1.2878976750645875e-13,2,0.5620249389842155,0.07595012203156903,5.728040024829389,5.885511398156878,0.06283986420113719,0.5124002106344845
1.4000000000000001,-5.791113636339164e-05,-1.7557023369841108e-06,0.0714590613311582,-3.0701335922586352,-0.0005114943529229579,-0.0001070637042921511,1.0700560731913734e-13,1.263243738170988e-13,2,0.5635139624248691,0.07297207515026183,5.8459072224693465,5.901104415164147,0.07288561401986013,0.140065017284913
1.42,-5.9108602071483595e-05,-1.7637472517248683e-06,0.05363116418027486,-3.087961489409518,-0.0005151926392587828,-0.00010283192210978448,1.0943381345697879e-13,1.1704667528076326e-13,2,0.5649446004212993,0.07011079915740126,5.964080125580385,5.916086021229252,0.07563162796130062,0.13457298940203202
1.44,-6.022200100933501e-05,-1.7603340796635806e-06,0.03492658015219687,-3.106666073437596,-0.0005190887501290944,-9.697823447559614e-05,1.117004041805479e-13,1.1034592724349252e-13,2,0.5663191422995196,0.0673617154009607,6.08254674727953,5.930480190118146,0.07826996915600169,0.12929630701262987
1.46,-6.128057675797606e-05,-1.7537973135691697e-06,0.015612624391206548,-3.125980029198587,-0.0005230345694646107,-8.954969682873651e-05,1.1386384000338488e-13,1.0687009043803413e-13,2,0.5676397876197863,0.06472042476042739,6.201295570696209,5.9443099555719705,0.08080485951275101,0.12422652629913122
1.48,-6.23193109393226e-05,-1.7492809588229195e-06,-0.004028405507816361,3.1375642480819765,-0.0005268737684331467,-8.063048056020631e-05,1.1599362368732711e-13,1.0706153004666491e-13,2,0.5689086496963645,0.062182700607271046,6.320315530542807,5.957597448165959,0.08324035539692481,0.11935553453078362
1.5,-6.337626906812032e-05,-1.7476945895648882e-06,-0.02370489189980997,3.1178877616899836,-0.0005304516444905094,-7.034203839611686e-05,1.1816567896728238e-13,1.1111119562368152e-13,2,0.5701277589792816,0.059744482041436786,6.4395959954078394,5.970363930723078,0.08558035412153796,0.11467553708155734
1.52,-6.448951356671766e-05,-1.7453703131383476e-06,-0.04312195235613275,3.0984707012336603,-0.0005336251711342991,-5.8840863132418056e-05,1.2045703374942965e-13,1.1893628226759762e-13,2,0.5712990663034809,0.0574018673930381,6.55912675074343,5.98262983233908,0.08782860018377617,0.11017904495708092
1.54,-6.569398100766762e-05,-1.7345102242592259e-06,-0.061987571975437174,3.079605081614356,-0.0005362724444103468,-4.63138889889957e-05,1.2294032329246368e-13,1.3018491834173507e-13,2,0.5724244460105734,0.05515110797885314,6.678897982519854,5.994414781073416,0.08998869125699044,0.10585886281065238
1.56,-6.701873169429847e-05,-1.7043591768741938e-06,-0.08001849371138009,3.061574159878413,-0.0005383007648927658,-3.2971878231069567e-05,1.256786564898018e-13,1.4426700945972532e-13,2,0.5735056989481843,0.05298860210363143,6.798900261520995,6.005737635358318,0.09206408394774192,0.10170807742914942
1.58,-6.848490319511676e-05,-1.6428974759786263e-06,-0.09694557793423594,3.0446470756555577,-0.000539652734470605,-1.9041390031579695e-05,1.2872132709954072e-13,1.6040617757491465e-13,2,0.5745445553516931,0.05091088929661369,6.9191245282555895,6.016616514176312,0.09405809932710986,0.09772004667041354
1.6,-7.010455713720417e-05,-1.5387581764918389e-06,-0.11251840105436797,3.029074252535425,-0.0005403099545697985,-4.756105615932127e-06,1.3210071693490085e-13,1.5546858706945606e-13,2,0.5755426776129803,0.048914644774039395,7.039562078460108,6.0270688260544585,0.09597392824511386,-0.6420214607076999
1.62,-7.175988661166825e-05,-1.376763669489219e-06,-0.12651920373623854,3.0150734498535545,-0.0005402768832718724,8.527103709259715e-06,1.3536738931606985e-13,1.7127523913941167e-13,2,0.5765016629406078,0.04699667411878439,7.160204549170075,6.037111296921709,0.08338691746981702,-0.6168474391571063
1.6400000000000001,-7.356091336846705e-05,-1.1675526377678865e-06,-0.13868752809548468,3.0029051254943084,-0.0005398183402071562,2.1765864425144423e-05,1.389507813521561e-13,1.8689637286684417e-13,2,0.5774230459156943,0.04515390816861142,7.281043905337542,6.0467599968739565,0.07129345044641533,-0.5926605051103029
1.6600000000000001,-7.549651581340541e-05,-9.092996122848495e-07,-0.14883691541869204,2.992755738171101,-0.0005390154811316176,3.475415134520143e-05,1.4283759008949024e-13,2.0139337747751006e-13,2,0.5783083009475721,0.0433833981048557,7.402072426973299,6.056030365889627,0.05967417504759415,-0.5694219543126605
1.68,-7.7548668554783e-05,-6.048824084898379e-07,-0.15681175437231376,2.98478089921748,-0.000537975116405756,4.730074008584796e-05,1.469966846490448e-13,2.1393300020492988e-13,2,0.5791588446331568,0.041682310733686334,7.52328269679324,6.064937238536928,0.048510497953804355,-0.5470946001250809
1.7,-7.969396896017949e-05,-2.618010426435706e-07,-0.16248854147611938,2.9791041121136743,-0.0005368238061187781,5.923068622209555e-05,1.5138161484488193e-13,2.2382402246482385e-13,2,0.5799760380238043,0.04004792395239143,7.644667588349131,6.073494867712328,0.03778455489998439,-0.525642714017441
1.72,-8.190512157969635e-05,1.0845004835409679e-07,-0.16577647084694283,2.97581618274285,-0.0005357008906509912,7.038499127061229e-05,1.5593371985538666e-13,2.305412302554008e-13,2,0.5807611888032834,0.03847762239343311,7.76622025462477,6.0817169474482355,0.02747918208892497,-0.5050319683953222
1.74,-8.415228219579022e-05,4.914444195586432e-07,-0.16661764929991374,2.9749750042898793,-0.0005347508178979656,8.061883162077404e-05,1.605856120547295e-13,2.3373987495945265e-13,2,0.5815155533803492,0.036968893239301526,7.887934117079298,6.089616634826363,0.017577888725531593,-0.4852293816685354
1.76,-8.640425503897955e-05,8.711894124606413e-07,-0.16498722009493128,2.9766054334948624,-0.0005341150812165721,8.979891739417939e-05,1.6526488265670834e-13,2.3326425350722503e-13,2,0.5822403388992646,0.03551932220147069,8.009802855120135,6.097206571031874,0.00806483062803423,-0.4662032654735407
1.78,-8.862961047090105e-05,1.2316604951478985e-06,-0.16089360571624398,2.980699047873549,-0.0005339240480806612,9.780066043706043e-05,1.6989794318526378e-13,2.291532353001451e-13,2,0.5829367051714891,0.034126589657021755,8.13182039598868,6.104498901581968,-0.0010752151260837173,-0.4479231739653048
1.8,-9.079783236023125e-05,1.5583682362965769e-06,-0.15437896203308304,2.9872136915567102,-0.0005342889620188764,0.00010450585558680593,1.7441395784479152e-13,2.148346842573018e-13,2,0.5836057665316243,0.032788466936751304,8.253980905042603,6.111505295761305,-0.009856874560009277,-0.597802099012313
1.82,-9.284804770690568e-05,1.8383390612626801e-06,-0.1455052281518337,2.9960874254379597,-0.0005354472629511039,0.00010957723961989096,1.7861808295390255e-13,2.0492239718995128e-13,2,0.5842485936205871,0.031502812758825716,8.376278776419172,6.118236965295352,-0.021576952349104894,-0.5743619434341217
1.84,-9.479087716734705e-05,2.067738932044486e-06,-0.13438848055395947,3.0072041730358334,-0.0005373045787031584,0.00011313563200756101,1.8259942908063312e-13,1.927363109993689e-13,2,0.5848662150988636,0.030267569802272742,8.498708624064676,6.124704682291527,-0.032837479314911655,-0.5518408895025082
1.86,-9.660746764368595e-05,2.244330445232779e-06,-0.12117881860346905,3.020413834986324,-0.000539865887892213,0.00011507904435164628,1.8632012890890745e-13,1.7907803564305226e-13,2,0.5854596192925853,0.029080761414829404,8.621265273115592,6.1309187964768785,-0.043656474702948755,-0.530202898726434
1.8800000000000001,-9.828622308352951e-05,2.370807786180707e-06,-0.10606135027360038,3.0355313033161924,-0.0005430945281285886,0.00011531850448017158,1.897598851197593e-13,1.6489264014598634e-13,2,0.5860297557750618,0.0279404884498764,8.743943751617698,6.13688925175985,-0.0540512512140125,-0.5094133457043065
1.9000000000000001,-9.982445476262517e-05,2.4542715760912443e-06,-0.08925467324506045,3.052337980344733,-0.00054691165882319,0.00011378418848369772,1.929183810750372e-13,1.51218233989535e-13,2,0.5865775368863007,0.026844926227398647,8.866739282569885,6.142625602142661,-0.06403844270819117,-0.48943896271594917
1.92,-0.00010122959312663041,2.5050112500741278e-06,-0.07100826596280085,3.070584387626992,-0.0005511986484054408,0.00011043248413107873,1.9581650266730168e-13,1.3911797911541104e-13,2,0.5871038391929461,0.025792321614107827,8.989647276279936,6.148137027009743,-0.07363403082258996,-0.4702477864871516
1.94,-0.00010251963871945506,2.53470895878995e-06,-0.05159871226006899,3.089993941329724,-0.0005558025422587077,0.0001052531192798815,1.9849604918299459e-13,1.2959848240453555e-13,2,0.5876095048909725,0.02478099021805491,9.11266332302004,6.153432345816717,-0.08285337054535985,-0.4518091070416118
1.96,-0.00010372258784977912,2.554315405914641e-06,-0.031324810189339025,3.110267843400454,-0.0005605444529369593,9.827536657262184e-05,2.0101773079770208e-13,1.2352249769914062e-13,2,0.5880953431533779,0.02380931369324424,9.23578318597029,6.158520032203402,-0.09171121478695468,-0.43409341855842215
1.98,-0.00010487471234231823,2.5719564435817907e-06,-0.010501735914704463,3.1310909176750883,-0.0005652303720269753,8.957235883846932e-05,2.034574429084276e-13,1.2152688686778343e-13,2,0.588562131425033,0.02287573714993396,9.359002794438858,6.163408227553448,-0.10022173798793521,-0.4170723721564611
2.0,-0.00010601777829949118,2.5912696026681956e-06,0.010545468389848388,-3.131047185199945,-0.0005696635938248877,7.92627275570588e-05,2.0590104278084258e-13,1.2200350508140222e-13,2,0.5890106166667595,0.02197876666648102,9.48231823734803,6.168104754022285,-0.10839855880109814,0.25897899116158934
2.02,-0.00010717545844086843,2.5722574049251654e-06,0.03148939372339865,-3.1101032598663947,-0.0005732191118110894,6.850663917031269e-05,2.0836011045099776e-13,1.2509094933502037e-13,2,0.5894415165506259,0.02111696689874809,9.605725756975643,6.172617127054243,-0.10332120305549242,0.2488242796703779
2.04,-0.00010839099067355129,2.5520837715873197e-06,0.05199591500350888,-3.089596738586284,-0.0005763350164689198,5.649784657489924e-05,2.1092762187390204e-13,1.3274588121784384e-13,2,0.5898555206083768,0.020288958783246436,9.729221742941924,6.176952567408865,-0.09844293327629507,0.2390677401119832
2.06,-0.00010970376160313169,2.521770059275722e-06,0.0717429555787472,-3.069849698011046,-0.0005788918254272381,4.345877050718272e-05,2.1369004859888208e-13,1.444042398902918e-13,2,0.59025329133483,0.019493417330340046,9.852802726432119,6.18111801271566,-0.09375594319110632,0.2296937599416057
2.08,-0.00011114514829101309,2.469021466592945e-06,0.09042176970976197,-3.0511708838800313,-0.0005808051861352589,2.963364595023509e-05,2.1671969140519319e-13,1.5923050374324835e-13,2,0.5906354652480101,0.01872906950397968,9.976465374645642,6.185120128575796,-0.08925273261584532,0.2206873387910837
2.1,-0.00011273642509511526,2.380453828740589e-06,0.10774323599363889,-3.033849417596154,-0.0005820316235597732,1.5278763787308392e-05,2.2007000257974534e-13,1.7619720610848565e-13,2,0.5910026539077132,0.017994692184573502,10.100206485462893,6.188965319228478,-0.0849260954528555,0.21203406446510406
2.12,-0.00011448786905667025,2.2439619278345795e-06,0.12344314779210089,-3.018149505797693,-0.0005825712704657655,6.524850745940996e-07,2.237726404867076e-13,1.9417537877703945e-13,2,0.5913554448941325,0.01728911021173496,10.224022982321173,6.192659737799103,-0.0807691081596109,0.20372008987861487
2.14,-0.00011639899038698335,2.050822084832853e-06,0.13728629436823786,-3.0043063592215553,-0.0005824675510212454,-1.3993941456768848e-05,2.2783634588552687e-13,2.120233495429958e-13,2,0.5916944027481122,0.01661119450377546,10.347911909291533,6.196209296145566,-0.0767751186695711,0.19573211089853526
2.16,-0.0001184596362629646,1.7972205867386668e-06,0.14906926105153734,-2.9925233925382564,-0.0005818040695204614,-2.8423866055974893e-05,2.322474975078341e-13,2.286638172761403e-13,2,0.5920200698745337,0.015959860250932545,10.471870426348655,6.199619674318504,-0.07293773574745548,0.18805734505430402
2.18,-0.00012065162559126779,1.485041933066472e-06,0.15862202192007846,-2.9829706316697147,-0.0005806991647638315,-4.242039918902767e-05,2.3697204140974536e-13,2.4314323475557196e-13,2,0.5923329674102785,0.015334065179442913,10.59589580482621,6.202896329650578,-0.06925081876190331,0.1806835110831997
2.2,-0.000122950574939313,1.1218924882298907e-06,0.16580853536356652,-2.975784118226226,-0.0005792987003800493,-5.578896036505122e-05,2.4195841478162656e-13,2.27868342708501e-13,2,0.5926335960581589,0.014732807883682142,10.719985423050401,6.206044505489377,-0.06570846785915346,0.7946510771725731
2.22,-0.00012519976058835485,7.358492726938292e-07,0.1705041190804156,-2.971088534509377,-0.0005780824828107231,-6.747605061504239e-05,2.466076109411571e-13,2.3618794134387604e-13,2,0.592922436888149,0.014155126223701853,10.844136762144737,6.2090692395878895,-0.05012911065207992,0.763492362758426
2.24,-0.00012749878280376225,3.2919761895782205e-07,0.17260300146579158,-2.9689896521240016,-0.0005770308925291806,-7.825998313217621e-05,2.513876362646972e-13,2.408621268405006e-13,2,0.5931999521071996,0.013600095785600841,10.968347401999281,6.211975372165984,-0.03516062877874204,0.7335553990117503
2.2600000000000002,-0.00012981500081071,-8.157427112482147e-08,0.17207156020371878,-2.9695210933860743,-0.0005762956152015405,-8.799677232056627e-05,2.5622257213568464e-13,2.416455153465359e-13,2,0.5934665857988674,0.013066828402265251,11.092615017397968,6.214767553655794,-0.020779069474695988,0.7047922804036582
2.2800000000000002,-0.0001321151441390229,-4.792529983622196e-07,0.16891342517383176,-2.972679228415961,-0.0005760180132991022,-9.655286395001838e-05,2.610338229016869e-13,2.3851609510719123e-13,2,0.5937227646339439,0.012554470732112133,11.216937374297757,6.2174502521434,-0.0069614191768256894,0.6771569798079176
2.3000000000000003,-0.00013436655631279465,-8.47638323991885e-07,0.16316944010902154,-2.978423213480772,-0.0005763203033929803,-0.00010380202821462582,2.65744590120319e-13,2.316753592748909e-13,2,0.5939688985532199,0.012062202893560192,11.341312326253687,6.220027760518722,0.00631443330326803,0.6506052748477301
2.32,-0.0001365385267113894,-1.1732036966712955e-06,0.15491779192038574,-2.9866748616694068,-0.0005772972151337931,-0.00010962343207495102,2.702843259553466e-13,2.2154575754082383e-13,2,0.5942053814234773,0.011589237153045273,11.46573781098411,6.222504203345057,0.019069732161886233,0.6250946771304937
2.34,-0.00013860382013014059,-1.446509544632703e-06,0.14427416776348068,-2.9973184858263124,-0.0005790085620906173,-0.0001139015140889945,2.7459309240906774e-13,2.0876289684831759e-13,2,0.5944325916677612,0.011134816664477576,11.590211847070599,6.224883543459265,0.03132488859847832,0.6005843642573095
2.36,-0.00014054043653908185,-1.6631904092474455e-06,0.13139167241375538,-3.0102009811760375,-0.0005814732585328424,-0.00011652803718552238,2.786256799300541e-13,1.9415801456269183e-13,2,0.5946508928709363,0.010698214258127337,11.714732530787249,6.227169588313148,0.043099513477915574,0.577035114498435
2.38,-0.00014233352082535503,-1.8243423231325202e-06,0.11646017644951633,-3.0251324771402768,-0.0005846653903344777,-0.00011740637808041777,2.823552398801512e-13,1.7872569761742237e-13,2,0.5948606343615012,0.010278731276997632,11.839298033054321,6.229365996066187,0.05441244871205908,0.554409244030148
2.4,-0.00014397721636593284,-1.936176637511906e-06,0.09970477944879289,-3.0418878741410005,-0.0005885129433272516,-0.00011645775698513168,2.8577609217573144e-13,1.7062186265403722e-13,2,0.595062151770588,0.009875696458824024,11.963906596511316,6.231476281439379,0.0652817974108384,0.26825552297349553
2.42,-0.00014550912474108665,-1.998747746123544e-06,0.08140055477651378,-3.060192098813279,-0.0005926364675469765,-0.00011399232481912764,2.890310602318902e-13,1.553653219521643e-13,2,0.595255767569044,0.009488464861912016,12.088556532704828,6.233503821339539,0.0705410221639772,0.2577370734672179
2.44,-0.00014690434110377953,-2.031864912669609e-06,0.06182012163487632,-3.0797725319549167,-0.0005971736131574134,-0.0001096308990399777,2.920033126372259e-13,1.426219755237183e-13,2,0.5954417915834535,0.009116416833093055,12.213246219386653,6.235451860263074,0.07559402976492145,0.2476310582653294
2.46,-0.0001481893600852231,-2.048906488554832e-06,0.04127034346369926,-3.100322310126094,-0.000601951239760387,-0.00010339377474520121,2.9475358615161117e-13,1.3339368652867063e-13,2,0.5956205214919268,0.008758957016146374,12.337974097917849,6.237323515487864,0.0804489061038651,0.23792130558744212
2.48,-0.00014940037120422136,-2.0609873291864518e-06,0.02007747884682839,-3.1215151747429646,-0.0006067754307411705,-9.5345266560383e-05,2.9736060550633207e-13,1.2845514899027805e-13,2,0.5957922433004487,0.008415513399102625,12.462738670774584,6.239121782061575,0.08511342001871265,0.22859227775774701
2.5,-0.00015058055888189328,-2.074840092649358e-06,-0.0014195274276687236,3.140173126162124,-0.0006114443133651307,-8.559644276132818e-05,2.9991569879804744e-13,1.2827542980995476e-13,2,0.5959572318005486,0.008085536398902748,12.587538499151774,6.240849537594379,0.08959503572687724,0.21962904634141783
2.52,-0.00015177642897563733,-2.0914624705273566e-06,-0.02287635287762375,3.118716300712169,-0.0006157618242373003,-7.430460377153589e-05,3.025161011709812e-13,1.3296807569815595e-13,2,0.5961157510090263,0.007768497981947453,12.71237220066069,6.242509546863733,0.09390092476962095,0.21101726825593042
2.54,-0.00015303365039765076,-2.1058224244886277e-06,-0.04395080467454795,3.097641848915245,-0.0006195512239782996,-6.16692909227936e-05,3.052576184892226e-13,1.4227843613230786e-13,2,0.5962680545904343,0.007463890819131347,12.837238447116837,6.244104466238623,0.09803797748805079,0.20274316281907073
2.56,-0.00015439301490373047,-2.1076938284386722e-06,-0.06431010910917986,3.077282544480614,-0.0006226671819525351,-4.7925076123995914e-05,3.0822743518362496e-13,1.5561041143665944e-13,2,0.5964143862629963,0.007171227474007447,12.962135962414582,6.245636847930317,0.1020128140491346,0.1947934896969031
2.58,-0.0001558870907968839,-2.0834537721946203e-06,-0.08363759461074322,3.05795505897905,-0.0006250054203155472,-3.3331815660965314e-05,3.11497823203592e-13,1.7208778128692526e-13,2,0.5965549801886073,0.006890039622785338,13.087063520485108,6.247109144076447,0.10583179503938046,0.1871555277164114
2.6,-0.00015753798573797643,-2.0184790791543936e-06,-0.10163844655337673,3.0399542070364163,-0.0006265091962924872,-1.8163383520704177e-05,3.151213490361548e-13,1.6724523944662512e-13,2,0.5966900613475433,0.006619877304913313,13.212019943334447,6.248523710664953,0.10950103164313219,-0.6255558494997717
2.62,-0.00015923396810263427,-1.884809912619691e-06,-0.11805702500803045,3.0235356285817625,-0.0006270698711394718,-3.93029300950807e-06,3.1863415503062107e-13,1.8429707140048745e-13,2,0.5968198458984776,0.006360308203044784,13.337004099158431,6.249882811304167,0.0972368337929167,-0.6010274537993407
2.64,-0.00016108927100416068,-1.700156106267903e-06,-0.13259162755051407,3.0090010260392788,-0.000627057625707623,1.039130551111551e-05,3.2249535643149494e-13,2.0177702173996988e-13,2,0.5969445415243804,0.00611091695123922,13.462014900531571,6.2511886208450695,0.08545352201875506,-0.5774608302510175
2.66,-0.0001630969387276083,-1.4589056531480345e-06,-0.1450216784984121,2.996570975091381,-0.0006265476187649771,2.4557186412932625e-05,3.2670138278177835e-13,2.1849413081779073e-13,2,0.5970643477648562,0.005871304470287608,13.587051302666941,6.252443228861513,0.07413224050790129,-0.5548182672293099
2.68,-0.00016524093002037092,-1.1609172530582703e-06,-0.15516244837523085,2.986430205214562,-0.000625649498752901,3.834184372882847e-05,3.31225906445045e-13,2.3337916226655415e-13,2,0.5971794563354499,0.005641087329100181,13.712112301744295,6.253648642993989,0.06325487279460257,-0.5330635318027125
2.7,-0.00016749806974197657,-8.118168327246063e-07,-0.1628664111555285,2.9787262424342646,-0.0006245005460048147,5.1541411442358983e-05,3.36022842718742e-13,2.455357401255175e-13,2,0.5972900514344323,0.005419897131135443,13.837196933303742,6.254806792162275,0.052804012769888664,-0.5121618117532847
2.72,-0.00016983999936499462,-4.2253375719204924e-07,-0.16802358345794766,2.9735690701318456,-0.0006232574315779489,6.397399609062645e-05,3.41030161755731e-13,2.5427121670134437e-13,2,0.5973963100375566,0.005207379924886846,13.962304270702408,6.255919529652128,0.04276293682808438,-0.4920796598696761
2.74,-0.00017223492659249585,-8.220857273223171e-09,-0.17056123549387306,2.9710314180959205,-0.000622087127301379,7.547780864019023e-05,3.4617414694184527e-13,2.5911185615389923e-13,2,0.5974984021812574,0.005003195637485192,14.0874334236316,6.256988636080928,0.03311557710547236,-0.47278494042445207
2.7600000000000002,-0.00017464910983985764,4.1326337847000207e-07,-0.17044338396395803,2.971149269625835,-0.0006211574046645534,8.59077692364351e-05,3.513738442844543e-13,2.59808235087598e-13,2,0.5975964912347456,0.004807017530508828,14.212583536692131,6.2580158222470486,0.023846495768283238,-0.4542467777500738
2.7800000000000002,-0.00017704813147479195,8.23131653621561e-07,-0.16767041110592493,2.9739222424838676,-0.0006206272644813842,9.513143776329723e-05,3.5654556376590935e-13,2.563361545079844e-13,2,0.5976907341614335,0.004618531677132998,14.337753788025497,6.259002731867501,0.014940860308868043,-0.43643550683124344
2.8000000000000003,-0.00017939809247041294,1.2035361745592407e-06,-0.1622790163725891,2.9793136372172047,-0.000620637587574046,0.00010302518445287326,3.6160738138208103e-13,2.384303522831818e-13,2,0.59778128177011,0.004437436459779898,14.462943387998724,6.259950944208229,0.006384419810521458,-0.6618849051113985
2.82,-0.00018161815201852617,1.536085863144184e-06,-0.15431990016724811,2.9872727534225447,-0.0006215229670257266,0.00010914965639481732,3.6628203847146905e-13,2.2824327207455355e-13,2,0.5978682789562669,0.004263442087466096,14.588151577940794,6.260861976611274,-0.006592019362493207,-0.6359320267653692
2.84,-0.00018373181673037367,1.8160776659206874e-06,-0.14390941837416468,2.9976832352156286,-0.0006231567404723303,0.00011372067945310844,3.707230010821372e-13,2.1524680700443334e-13,2,0.5979518649339625,0.0040962701320750305,14.7133776289286,6.261737286922846,-0.01905964507772817,-0.6109967753348993
2.86,-0.00018571581693186434,2.0384445643112445e-06,-0.13120082300618335,3.0103918305836093,-0.0006255643429095985,0.00011662773030370745,3.7488201482974507e-13,2.00282050406313e-13,2,0.5980321734585936,0.00393565308281274,14.838620840620521,6.2625782758261845,-0.031038408196229883,-0.5870392490978958
2.88,-0.00018755398753681092,2.203770308030076e-06,-0.11638506928440776,3.0252075843053854,-0.0006287251779692451,0.00011777128237769352,3.7872946775817817e-13,1.8436195025566636e-13,2,0.5981093330409331,0.0037813339181338446,14.963880540135726,6.263386289082956,-0.04254747729459368,-0.5640211109011682
2.9,-0.00018923920218862325,2.318010415906701e-06,-0.09968933096392818,3.041903322625865,-0.0006325710015189609,0.00011706903814177368,3.822573694227665e-13,1.6862041733759045e-13,2,0.5981834671527743,0.0036330656944514317,15.089156080977416,6.264162619686759,-0.05360526933877596,-0.5419055268128037
2.92,-0.00019077496639320553,2.3913985548047373e-06,-0.08137436862813821,3.060218284961655,-0.000636987524313721,0.0001144636142334987,3.854811073132248e-13,1.5424111432074902e-13,2,0.5982546944245122,0.0034906111509755977,15.214446841998296,6.264908509932183,-0.06422947915516886,-0.5206571071800179
2.94,-0.0001921762916953674,2.436614022796126e-06,-0.06173062260826273,3.0798620309815306,-0.0006418195159991202,0.000109930723919995,3.8843959256684317e-13,1.4236897202413534e-13,2,0.5983231288349776,0.0033537423300447067,15.339752226406603,6.265625153402753,-0.07443710774609757,-0.5002418499981605
2.96,-0.00019346950365176462,2.4664484830526427e-06,-0.041073056175958016,3.100519597413835,-0.0006468793425888599,0.00010348671045395594,3.9119351688948277e-13,1.3401235200445787e-13,2,0.5983888798938275,0.0032222402123449623,15.465071660811114,6.266313696880914,-0.08424448949505123,-0.48062708650025315
2.98,-0.00019469077290587856,2.4913560337022077e-06,-0.01973492126798307,3.1218577323218106,-0.0006519584653193631,9.519426166393577e-05,3.9382164535560505e-13,1.299478357979041e-13,2,0.5984520528167835,0.003095894366432983,15.5904045943036,6.266975242183128,-0.09366731830518113,-0.46178142887999335
3.0,-0.00019588338328891357,2.5173492356115984e-06,0.0019392622415983218,-3.1396533913481948,-0.0006568410444416951,8.516530068487464e-05,3.964153354363408e-13,1.2996787585171112e-13,2,0.598512748694,0.0029745026120000517,15.715750497577247,6.267610847923017,-0.1027206727128942,0.2131983943921818
3.02,-0.00019708185994672003,2.50444758926851e-06,0.02359924193851035,-3.117993411651282,-0.0006608490283980771,7.454542936011891e-05,3.990172948470141e-13,1.3152794817931739e-13,2,0.5985710646518296,0.002857870696340692,15.841108862079665,6.2682215312053655,-0.09854085840492338,0.20483876577624016
3.04,-0.00019832441615854626,2.492516678342743e-06,0.044894278220665995,-3.0966983753691277,-0.0006644282510713103,6.254896295739131e-05,4.0170176054354433e-13,1.381259458020435e-13,2,0.5986270940082464,0.002745811983507096,15.966479199199082,6.2688082692537135,-0.09452493696020724,0.19680692288680787
3.06,-0.00019965494865637495,2.473275526476111e-06,0.06548258133251608,-3.0761100722572774,-0.0006674382651238436,4.940570771834496e-05,4.045648796433952e-13,1.4921352217438472e-13,2,0.5986809264221742,0.0026381471556515823,16.091861039482474,6.269372000974116,-0.09066648204765863,0.18909001306171067
3.08,-0.0002011094486579115,2.43420128514521e-06,0.08503618804932572,-3.056556465540467,-0.0006697753993405066,3.5371313509873014e-05,4.076885123042944e-13,1.6392898975969972e-13,2,0.5987326480369601,0.0025347039260796844,16.217253931884326,6.2699136284575925,-0.08695931931623653,0.18167568759886646
3.1,-0.00020271340981199682,2.360893669629412e-06,0.10324780017698085,-3.038344853412813,-0.0006713797518259749,2.0716614112395474e-05,4.111347759091671e-13,1.811839525248114e-13,2,0.5987823416182223,0.0024353167635553508,16.342657443044878,6.270434018423672,-0.08339751651466709,0.17455208199572758
3.12,-0.00020448057115467176,2.239708651580133e-06,0.11983654019295967,-3.021756113396833,-0.0006722388043876086,5.7164722868483305e-06,4.149425054182047e-13,1.9976447853150165e-13,2,0.5988300866862927,0.0023398266274146096,16.468071156596643,6.270934003607322,-0.07997537399857602,0.16770779696354543
3.14,-0.0002064129601144374,2.0601819591751453e-06,0.1345523814436711,-3.0070402721461225,-0.000672387587597509,-9.36067993769671e-06,4.191257690182209e-13,2.1843193215175388e-13,2,0.5988759596434663,0.0022480807130673686,16.593494672498142,6.271414384091506,-0.07668741560984155,0.1611318801860765
3.16,-0.00020850197726130168,1.8168636826943918e-06,0.1471791563677495,-2.9944134972220438,-0.0006719056620401424,-2.4261549987439702e-05,4.2367429971364537e-13,2.3601118981189857e-13,2,0.5989200338962614,0.002159932207477233,16.718927606393745,6.271875928587484,-0.07352837991357318,0.15481380879353976
3.18,-0.0002107301399021045,1.5103469723331155e-06,0.15753620620567332,-2.98405644738412,-0.0006709114363498507,-3.875417164149468e-05,4.2855550154680646e-13,2.514586664065596e-13,2,0.5989623799728855,0.0020752400542289884,16.844369588998617,6.272319375664919,-0.07049321177869333,0.14874347252378006
3.2,-0.0002130730878295893,1.1474420954699063e-06,0.16547888978329614,-2.976113763806497,-0.0006695544823792387,-5.263118299758611e-05,4.3371759133712856e-13,2.3533997191147826e-13,2,0.5990030656360954,0.001993868727809156,16.9698202655078,6.272745434933742,-0.06757705428864913,0.7970696677104829
3.22,-0.00021536698429565473,7.563193494525513e-07,0.17087678062866102,-2.970715872961132,-0.0006683223111015067,-6.477999042542498e-05,4.385242112965188e-13,2.4443387845178185e-13,2,0.5990421559916325,0.0019156880167350288,17.095279295028423,6.2731547881796805,-0.051950279935849386,0.7658161190048834
3.24,-0.00021771724792126612,3.3989539491204335e-07,0.17361284507927804,-2.967979808510515,-0.0006672162063204434,-7.602429757250093e-05,4.434760218734124e-13,2.497576492946233e-13,2,0.5990797135924052,0.0018405728151895673,17.220746350034226,6.27354809045526,-0.036936240169663015,0.7357880394725107
3.2600000000000002,-0.00022009034380952782,-8.480204061902884e-08,0.17364899524399438,-2.967943658345799,-0.000666396961482082,-8.621503807394573e-05,4.484941573214107e-13,2.510242523725601e-13,2,0.5991157985385874,0.0017684029228250964,17.34622111584143,6.2739259711280315,-0.022510909323298134,0.7069373777797809
3.2800000000000002,-0.00022245192226978572,-4.996442005635947e-07,0.1709857867355741,-2.9706068668542187,-0.0006660160157145963,-9.52151730586042e-05,4.5349638171727886e-13,2.4818351402464716e-13,2,0.5991504685737917,0.0016990628524164997,17.471703290105193,6.2742890348876905,-0.008651203789832529,0.6792179667128497
3.3000000000000003,-0.00022476809592276919,-8.872499642921297e-07,0.16566214911865276,-2.9759305044711404,-0.0006662061126735673,-0.00010289602664673676,4.584018135672338e-13,2.4142040344273396e-13,2,0.5991837791774711,0.001632441645057714,17.597192582335776,6.27463786271371,0.004665054916482225,0.6525854493002202
3.3200000000000003,-0.00022700677502219386,-1.232773294389995e-06,0.1577553456962663,-2.983837307893527,-0.0006670724516867871,-0.00010913476849874151,4.631355975078137e-13,2.3115124016574375e-13,2,0.599215783653698,0.0015684326926039827,17.72268871343371,6.274973012805031,0.017459175650529624,0.6269972078321254
3.34,-0.00022913919413614512,-1.525453431472071e-06,0.14738103830074217,-2.9942116152890508,-0.0006686847526717751,-0.00011381374959719243,4.676334653698709e-13,2.180155021126722e-13,2,0.5992465332164624,0.0015069335670752082,17.848191415243164,6.275295021473303,0.02975163173504214,0.6024122956631004
3.36,-0.0002311416871436261,-1.759741509808718e-06,0.13469318392165794,-3.0068994696681353,-0.0006710707689580784,-0.00011682213820444276,4.718460566179963e-13,2.0285860934537194e-13,2,0.599276077071625,0.001447845856749952,17.97370043012286,6.275604404001095,0.041562093722285476,0.5787913716886137
3.38,-0.00023299765004046094,-1.9358185127984145e-06,0.11988341131432116,-3.021709242275472,-0.000674211872587781,-0.0001180599684763692,4.75742762698665e-13,1.8670019133555644e-13,2,0.599304462495657,0.0013910750086858492,18.09921551053377,6.275901655466456,0.05290946087113885,0.556096637390907
3.4,-0.0002346994950413467,-2.059354197783947e-06,0.10317953067294526,-3.0384131229168485,-0.0006780413496528551,-0.0001174443357086622,4.793147551755532e-13,1.775920260289763e-13,2,0.5993317349112929,0.0013365301774141969,18.224736418643015,6.276187251535148,0.06381189138994114,0.2850943399118979
3.42,-0.0002362825100074717,-2.131199749134396e-06,0.08486007436028828,-3.0567325792295055,-0.0006821955531779762,-0.00011525801458364629,4.827004962744786e-13,1.614553628640673e-13,2,0.599357937960216,0.0012841240795680164,18.350262925943277,6.276461649221809,0.069401245871163,0.2739156309494542
3.44,-0.00023772176773822085,-2.1705939841231326e-06,0.06520272218632227,-3.0763899314034706,-0.0006867970312008514,-0.00011113953478677763,4.857853695586092e-13,1.4779061226949893e-13,2,0.5993831135728949,0.0012337728542102244,18.47579481288713,6.276725287621281,0.07477143862839969,0.26317524543498083
3.46,-0.00023904297861322737,-2.1915274454044485e-06,0.04451986097064023,-3.0970727926191532,-0.0006916702509052782,-0.00010510459147931415,4.886298412128249e-13,1.376555763734624e-13,2,0.5994073020356809,0.0011853959286380888,18.601331868535738,6.276978588611249,0.07993106311576498,0.25285599646025025
3.48,-0.00024028212919194274,-2.205965564001552e-06,0.02314400679335826,-3.118448646796435,-0.0006966167116948425,-9.72136893021317e-05,4.913134884545386e-13,1.318799773538213e-13,2,0.5994305420552751,0.0011389158894496987,18.726873890221285,6.277221957527337,0.08488837583321727,0.24294137102534566
3.5,-0.00024148282385658547,-2.2215636745805058e-06,0.001420946731809071,-3.140171706857984,-0.0007014281697859579,-8.75753486604471e-05,4.93929542350745e-13,1.30981545160753e-13,2,0.599452870820667,0.001094258358665945,18.85242068322268,6.277455783811733,0.08965130953872096,0.2334155036143383
3.52,-0.00024269256359020706,-2.2401404111345394e-06,-0.020297755084025565,3.1212948985057674,-0.0007059009544511726,-7.634594431038659e-05,4.965780116321462e-13,1.351111023800231e-13,2,0.5994743240626448,0.0010513518747103934,18.97797206045395,6.277680441636376,0.09422748594235153,0.22426315080707715
3.54,-0.0002439584556648944,-2.2572381771927314e-06,-0.041662473570724924,3.0999301800190686,-0.0007098501201376582,-6.372590590335276e-05,4.993580777953333e-13,1.4403625753958762e-13,2,0.5994949361109726,0.001010127778054759,19.103527842164873,6.277896290501716,0.09862422790265785,0.21546966688646452
3.56,-0.0002453229831346548,-2.2628724965375603e-06,-0.06233302932131842,3.0792596242684747,-0.0007131221852473048,-4.995250299522871e-05,5.023605814221428e-13,1.5716660824015448e-13,2,0.5995147399493252,0.0009705201013494591,19.22908785565333,6.278103675811988,0.10284857114479803,0.20702098040218414
3.58,-0.00024682044877472476,-2.2433153473829238e-06,-0.08198558167360709,3.0596070719161865,-0.0007156053779356795,-3.5289900865368435e-05,5.056614019109954e-13,1.7361583566807476e-13,2,0.5995337672680692,0.0009324654638616092,19.354651934988947,6.278302929427933,0.10690727551920082,0.19890357165337857
3.6,-0.00024847454910888693,-2.1835453620119266e-06,-0.10031857179787623,3.041274081791917,-0.0007172366104951088,-2.0017534331806525e-05,5.093163721204077e-13,1.6882045070992298e-13,2,0.5995520485149737,0.0008959029700525978,19.480219920747583,6.278494370197846,0.11080683581876832,-0.6228879588290418
3.62,-0.0002501750197662119,-2.053707959067838e-06,-0.11707056261010679,3.024522090979686,-0.000717889595636014,-5.665809411850833e-06,5.128616929955311e-13,1.86004491546258e-13,2,0.5995696129439341,0.0008607741121318124,19.605791659756196,6.278678304467801,0.09859494271329267,-0.5984641726180905
3.64,-0.0002520363880849557,-1.8725476209345755e-06,-0.13193376918197544,3.009658884407818,-0.0007179490855944103,8.79594087650628e-06,5.167592041573921e-13,2.0372209960167415e-13,2,0.599586488661784,0.0008270226764319766,19.73136700484775,6.278855026571873,0.08686188478549456,-0.5749980567624943
3.66,-0.00025405243427954126,-1.633862466729579e-06,-0.14468240785860081,2.9969102457311925,-0.0007174888137144197,2.31176964367336e-05,5.210070571205377e-13,2.2074364169901335e-13,2,0.5996027026732723,0.0007945946534553272,19.856945814625714,6.279024819303129,0.0755888866395037,-0.5524520604705125
3.68,-0.00025620751068781137,-1.3370120515004523e-06,-0.15512728614823965,2.9864653674415536,-0.0007166183723917331,3.706865806466456e-05,5.255798827737354e-13,2.3596302833218256e-13,2,0.5996182809242766,0.0007634381514467492,19.98252795323779,6.279187954366165,0.06475790907325196,-0.5307901053380091
3.7,-0.0002584785542201294,-9.872824113776978e-07,-0.16311718945252712,2.978475464137266,-0.0007154762216088393,5.044042902969613e-05,5.304318574526595e-13,2.4845148377653313e-13,2,0.599633248343322,0.0007335033133559765,20.10811329015852,6.279344692811885,0.05435162021190154,-0.5099775276153082
3.72,-0.00026083710972112144,-5.954563162856342e-07,-0.16853919236775367,2.9730534612220394,-0.0007142212572785727,6.304748889154664e-05,5.355006205680802e-13,2.57489770991128e-13,2,0.5996476288814722,0.0007047422370556333,20.233701699980433,6.279495285455242,0.044353367773147634,-0.4899810227378004
3.74,-0.00026325114642748444,-1.7673712286866963e-07,-0.17131829707807314,2.9702743565117196,-0.0007130235043773677,7.47253441031655e-05,5.407116541799958e-13,2.6258364047981426e-13,2,0.5996614455506561,0.0006771088986876617,20.35929306221335,6.279639973276594,0.034747152420013916,-0.470768592031533
3.7600000000000002,-0.0002656865920550366,2.5078778281040183e-07,-0.17141682807749753,2.970175825512296,-0.0007120543952824012,8.532704299441606e-05,5.459828505293782e-13,2.6346876181223843e-13,2,0.5996747204604924,0.0006505590790151228,20.48488726109158,6.2797789878073225,0.02551760215850013,-0.4523094915085054
3.7800000000000002,-0.0002681086345370858,6.679575469122772e-07,-0.16883394871169172,2.9727587048781015,-0.0007114769877189101,9.471893376879438e-05,5.512291179158456e-13,2.6011084372578096e-13,2,0.5996874748536688,0.0006250502926623547,20.610484185388664,6.279912551500336,0.01664994773911213,-0.4345741826697294
3.8000000000000003,-0.00027048292644509214,1.0564492055701877e-06,-0.16360552515952453,2.977987128430269,-0.0007114364152461401,0.00010277661190446294,5.563669710428442e-13,2.4169883029229535e-13,2,0.5996997291399354,0.000600541720129133,20.736083728239404,6.280040878086037,0.008129999022911671,-0.6706820986839206
3.8200000000000003,-0.00027272579977400833,1.3970257327189553e-06,-0.1557806216552665,2.985812031934527,-0.0007122809635481647,0.00010904653994944765,5.611070225253025e-13,2.314946403760014e-13,2,0.5997115029287647,0.0005769941424704772,20.861685786968845,6.280164172914342,-0.005018911597035047,-0.6443842774440272
3.84,-0.000274862633607555,1.6848835057148885e-06,-0.1454754405025496,2.9961172130872438,-0.000713879944831283,0.00011375797406776273,5.656122581697161e-13,2.1840384869442648e-13,2,0.5997228150607308,0.0005543698785384077,20.987290262927967,6.280282633283278,-0.01765224605703769,-0.6191176085240219
3.86,-0.00027686955413446055,1.914517935725824e-06,-0.1328436047621072,3.008749048827686,-0.0007162618674736003,0.0001167993000466607,5.698329170972649e-13,2.0327232819390306e-13,2,0.599733683637658,0.0005326327246839568,21.112897061335843,6.2803964487547095,-0.029790220387487354,-0.5948416598631225
3.88,-0.0002787297585778667,2.086168386258471e-06,-0.11807681212081333,3.0235158414689796,-0.0007194086223822528,0.00011806960464002602,5.7373801659516e-13,1.8712184678029973e-13,2,0.5997441260515883,0.0005117478968232891,21.238506091127952,6.280505801457674,-0.041452257936885395,-0.5715175847643265
3.9,-0.00028043548528376727,2.205579278520101e-06,-0.10140335341128039,3.040189300178513,-0.0007232537031854674,0.00011748490053295194,5.773184125708797e-13,1.7109917045830868e-13,2,0.5997541590126119,0.0004916819747762258,21.364117264810467,6.280610866379825,-0.05265702045334486,-0.5491080597314075
3.92,-0.000281989658844624,2.2829304343385454e-06,-0.08308547875804298,3.0585071748317496,-0.0007276836833459284,0.00011498588351460886,5.805886342229314e-13,1.5640449327244854e-13,2,0.5997637985756067,0.00047240284878657945,21.489730498320245,6.2807118116474525,-0.0634224379473689,-0.5275772247433594
3.94,-0.0002834068253762689,2.3310060092612113e-06,-0.06341547468095296,3.07817717890884,-0.0007325432517495228,0.00011054625543334176,5.835870959410065e-13,1.442020802922558e-13,2,0.5997730601659301,0.0004538796681397006,21.615345710890303,6.280808798794522,-0.07376573738369291,-0.5068906258707114
3.96,-0.00028471301911027713,2.362837106691125e-06,-0.04271047349906662,3.098882180090726,-0.0007376437539201829,0.00010418044493568402,5.863743973670714e-13,1.3552100933863865e-13,2,0.5997819586041027,0.00043608279179463416,21.740962824920576,6.280901983021159,-0.08370347024810318,-0.4870151601418909
3.98,-0.00028594433610576724,2.389204450717001e-06,-0.021306167006819476,3.120286486582973,-0.0007427747732246969,9.594952703188633e-05,5.890296261587388e-13,1.3115811320055025e-13,2,0.5997905081295238,0.0004189837409522834,21.866581765853745,6.280991513442008,-0.09325153903334552,-0.4679190225714062
4.0,-0.00028714421745068406,2.416471921985411e-06,0.0004502817418757174,-3.1411423718479172,-0.0007477178910715071,8.596430409112662e-05,5.916448476132459e-13,1.6877554710083295e-13,,0.5997987224232583,-1.1995974448465165,21.992202462055918,6.281077533324844,-0.1024252226865063,0.2048504453730126
4.0200000000000005,-0.00028832402627364495,2.6618606078215748e-06,0.02096536541415502,-3.1206272881756387,-0.0007546104514176325,7.28327408033436e-05,5.94931283148192e-13,1.605832463492995e-13,,0.5762802781213223,-1.1525605562426446,22.115344748460622,6.034792960515434,-0.0984090722600202,0.1968181445200404
4.04,-0.0002894831088551567,2.872993525374313e-06,0.03887789609085992,-3.1027147574989336,-0.0007603531641247218,5.9677895772292454e-05,5.980762353765771e-13,1.5407025830509054e-13,,0.5536840052107301,-1.1073680104214603,22.233658556751333,5.798165343934012,-0.09455039734420526,0.1891007946884105
4.0600000000000005,-0.0002906380235214146,3.0431543715166483e-06,0.05420569864368918,-3.087386954946104,-0.000765059281266401,4.685992742565272e-05,6.010935880541018e-13,1.4750960140519913e-13,,0.5319737448340294,-1.0639474896680587,22.347333214262942,5.570816028910796,-0.09084302323596827,0.18168604647193654
4.08,-0.00029179103270013455,3.169345712438409e-06,0.06704045494172091,-3.074552198648073,-0.0007688730771766004,3.464636435787875e-05,6.039718165901676e-13,1.4002586763149035e-13,,0.5111147559428482,-1.0222295118856963,22.456550624699354,5.3523812080379765,-0.08728101734578741,0.17456203469157483
4.1,-0.0002929353911184316,3.2524466974360524e-06,0.07752645889390677,-3.0640661946958865,-0.0007719485546974785,2.3223067240576504e-05,6.066885307488413e-13,1.313469652422334e-13,,0.49107365970480565,-0.9821473194096113,22.56148555921822,5.142511339000242,-0.08385867970430329,0.16771735940860658
4.12,-0.00029405968935479444,3.296456009228144e-06,0.08584245131653095,-3.0557502022732628,-0.0007744345732792551,1.2707818409049696e-05,6.092201887059195e-13,1.2157886277675424e-13,,0.47181838609025906,-0.9436367721805181,22.662305936102086,4.9408705852325046,-0.08057053384115186,0.1611410676823037
4.14,-0.00029515103139285187,3.3073794120815673e-06,0.09218685973109593,-3.049405793858697,-0.0007764656344631544,3.1641532635888854e-06,6.115477490478812e-13,1.110278157776867e-13,,0.4533181225534143,-0.9066362451068286,22.759173089463463,4.747136278509749,-0.07741131802144356,0.15482263604288712
4.16,-0.00029619712749805166,3.2921343864647016e-06,0.0967663357783049,-3.044826317811488,-0.0007781571314029051,-5.385992656019125e-06,6.136592937291498e-13,1.000746296680439e-13,,0.43554326472567906,-0.8710865294513581,22.852242027413823,4.5609984026090284,-0.07437597682586489,0.14875195365172977
4.18,-0.00029718751482838416,3.2576651483798692e-06,0.09978722294449623,-3.0418054306452973,-0.0007796038234653827,-1.295149011164687e-05,6.155506168393711e-13,8.909463558126373e-14,,0.418465369042357,-0.836930738084714,22.94166168010965,4.38215909721737,-0.07145965306092891,0.14291930612185783
4.2,-0.00029811414158854047,3.210331153787785e-06,0.10144947454289682,-3.040143179046897,-0.0007808804490351877,-1.9563235892474617e-05,6.172245932824565e-13,7.841296053648324e-14,,0.4020571072268761,-0.8041142144537522,23.02757513807247,4.210332181291728,-0.06865767998642948,0.13731535997285896
4.22,-0.00029897152131334913,3.155554974224023e-06,0.10194253070015,-3.0396501228896433,-0.000782043614791933,-2.526725232365789e-05,6.186899252118922e-13,6.82845704879688e-14,,0.38629222255971574,-0.7725844451194315,23.110119881164206,4.045242695108256,-0.06596557384766126,0.13193114769532252
4.24,-0.0002997566176366995,3.097679337272e-06,0.10144270928356222,-3.040149944306231,-0.000783134327151162,-3.0119397614270906e-05,6.199596682563022e-13,5.889027580330573e-14,,0.3711454878620537,-0.7422909757241074,23.189427998584286,3.886626460268093,-0.06337902670045562,0.12675805340091123
4.26,-0.0003004685750269349,3.0399734015872866e-06,0.10011173613139121,-3.0414809174584025,-0.0007841807283439223,-3.41813829103604e-05,6.210497851481837e-13,5.034207975337825e-14,,0.35659266512689797,-0.7131853302537959,23.265626400240553,3.7342296569555606,-0.060893899517550865,0.12178779903510173
4.28,-0.0003011083744829088,2.9847329022931633e-06,0.09809611389328325,-3.04349653969651,-0.000785200755463825,-3.751781169768911e-05,6.219778629990166e-13,4.269326469886526e-14,,0.34261046673310447,-0.6852209334662089,23.33883701983218,3.5878084177723055,-0.05850621556526562,0.11701243113053124
4.3,-0.0003016784661227519,2.9334295144620436e-06,0.09552709550919132,-3.0460655580806018,-0.0007862045569811305,-4.019400109829189e-05,6.22762055499301e-13,3.5950213269600195e-14,,0.3291765181802151,-0.6583530363604302,23.409177009969614,3.447128437497437,-0.05621215403987648,0.11242430807975295
4.32,-0.0003021824115188591,2.8868768584384733e-06,0.09252108375840237,-3.0490715698313906,-0.0007871965836862104,-4.227439406471068e-05,6.234202640041981e-13,3.0084134490111995e-14,,0.3162693222844834,-0.6325386445689668,23.47675892964374,3.3119645981491868,-0.05400804395351692,0.10801608790703383
4.34,-0.00030262455551404225,2.8453915702541396e-06,0.08918032207614081,-3.0524123315136524,-0.0007881773268586963,-4.382141683293715e-05,6.239695437677885e-13,2.5041675629248644e-14,,0.30386822477879416,-0.6077364495575883,23.54169092434428,3.1821006087481067,-0.051890358259813536,0.10378071651962707
4.36,-0.00030300973830661243,2.808936782571635e-06,0.08559377541107295,-3.0559988781787197,-0.0007891447122112373,-4.489467331328692e-05,6.244257071487793e-13,2.0753936855587593e-14,,0.2919533812614297,-0.5839067625228594,23.604076899115654,3.0573286592053597,-0.049855708209859365,0.09971141641971873
4.38,-0.00030334305249300677,2.7772420083181623e-06,0.0818381252893645,-3.059754528300429,-0.0007900951792850194,-4.555039672884151e-05,6.248030897573168e-13,1.7143745614716558e-14,,0.28050572544079344,-0.5610114508815869,23.664016684827214,2.937449087782242,-0.04790083792949265,0.0958016758589853
4.4,-0.00030362964561486195,2.7498979933712553e-06,0.07797882240038885,-3.0636138311894037,-0.0007910244867884201,-4.5841099730481344e-05,6.251144449689549e-13,1.4131251741188328e-14,,0.26950693862527547,-0.5390138772505509,23.721606197923933,2.8222700615888034,-0.04602261920920357,0.09204523841840714
4.42,-0.0003038745660000406,2.726427975433102e-06,0.07407115454241657,-3.067521499047377,-0.0007919282881701493,-4.581537900385021e-05,6.253709347621771e-13,1.163801684528303e-14,,0.258939420409438,-0.517878840818876,23.776937593913186,2.711607269610299,-0.04421804649833164,0.08843609299666327
4.44,-0.00030408264794367973,2.7063383591913585e-06,0.07016129890035952,-3.071431354689434,-0.0007928025209742728,-4.551784065012227e-05,6.255821889477476e-13,9.58982358229082e-15,,0.24878626050961158,-0.49757252101922317,23.830099414833214,2.605283627770241,-0.0424842320955434,0.0849684641910868
4.46,-0.0003042584312931038,2.6891524684316996e-06,0.06628733626787991,-3.075305317321913,-0.0007936436500471584,-4.498911975176475e-05,6.257564095785951e-13,7.918443671536753e-15,,0.23903121170383348,-0.47806242340766697,23.881176730939284,2.5031289955580998,-0.040818401527894274,0.08163680305578855
4.48,-0.0003044061100913896,2.6744310791629797e-06,0.062480211600564654,-3.0791124419892286,-0.0007944487997491895,-4.4265972591659015e-05,6.259005020457133e-13,6.562593011458492e-15,,0.2296586638328264,-0.4593173276656528,23.93025127683424,2.404979903768185,-0.03921788911107987,0.07843577822215975
4.5,-0.00030452950494717527,2.661783120188751e-06,0.05876463062867915,-3.082828022961114,-0.0007952158048601368,-4.338142373568265e-05,6.260202187167274e-13,5.468278332928953e-15,,0.2206536188204132,-0.4413072376408264,23.97740158226131,2.3106792929140427,-0.03768013368377243,0.07536026736754486
4.5200000000000005,-0.00030463205410617846,2.6508694289118377e-06,0.055159886468125405,-3.086432767121668,-0.0007959432044436702,-4.2364953115555694e-05,6.261203047696638e-13,4.588709654724568e-15,,0.21200166667339532,-0.42400333334679063,24.02270309776845,2.2200762618997696,-0.03620267450921628,0.07240534901843255
4.54,-0.00030471681869656276,2.641401893314821e-06,0.051680613461536844,-3.0899120401282563,-0.0007966301979124332,-4.124271066836445e-05,6.262046390419355e-13,3.8839210811910285e-15,,0.20368896242248924,-0.4073779248449785,24.0662283154453,2.1330258265460658,-0.034783147337524016,0.06956629467504803
4.5600000000000005,-0.0003047864982192234,2.633139773017349e-06,0.048337468018879524,-3.0932551855709134,-0.0007972765781032731,-4.003774817663806e-05,6.262763652562836e-13,3.3202121995436976e-15,,0.19570220396742208,-0.39140440793484416,24.108046884926026,2.049388687584615,-0.03341928062237232,0.06683856124474465
4.58,-0.0003048434529880572,2.6258845157114962e-06,0.04513773813595844,-3.096454915453835,-0.0007978826524096884,-3.87702597983526e-05,6.263380109500606e-13,2.869495211083457e-15,,0.18802861079073302,-0.37605722158146604,24.148225724843563,1.9690310077495379,-0.032108891886043205,0.06421778377208641
4.6000000000000005,-0.0003048897308453954,2.619473988663912e-06,0.04208588465603915,-3.099506768933754,-0.0007984491599257858,-3.7457824420746e-05,6.263915928950293e-13,2.5086097818627294e-15,,0.18065590350621885,-0.3613118070124377,24.186829129913725,1.891824197609212,-0.030849884226994032,0.061699768453988064
4.62,-0.00030492709605127786,2.6137767312343938e-06,0.03918401829600619,-3.102408635293787,-0.000798977190086488,-3.611564443117001e-05,6.264387088344679e-13,2.218648622114135e-15,,0.1735722842092962,-0.3471445684185924,24.223918873820455,1.8176447097957489,-0.029640242964367697,0.059280485928735395
4.64,-0.0003049570587529242,2.6086865971806748e-06,0.03643231706447963,-3.105160336525314,-0.0007994681063705869,-3.475677677809605e-05,6.264806160650787e-13,1.9843218038373566e-15,,0.16676641759783734,-0.33353283519567467,24.259554308066907,1.7463738413028445,-0.028478032414073432,0.056956064828146864
4.66,-0.00030498090387397995,2.6041179840055635e-06,0.033829389025774786,-3.107763264564019,-0.0007999234771843631,-3.339235329978423e-05,6.265182978286665e-13,1.7933763797404756e-15,,0.16022741283326825,-0.3204548256665365,24.293792456950506,1.6778975435356482,-0.027361392791279294,0.05472278558255859
4.68,-0.0003049997186209306,2.600001728360891e-06,0.03137258547214127,-3.110220068117652,-0.0008003450149815156,-3.2031788233223306e-05,6.265525187187477e-13,1.636079446644356e-15,,0.15394480611290354,-0.3078896122258071,24.326688108813993,1.6121062398086763,-0.02628853723435965,0.0525770744687193
4.7,-0.0003050144180907067,2.596281669534726e-06,0.029058269510306926,-3.1125343840794866,-0.0008007345239232988,-3.068297159142441e-05,6.265838704051522e-13,1.5047668525531514e-15,,0.14790854392562972,-0.29581708785125943,24.35829390371846,1.5488946499997387,-0.025257748945535372,0.050515497891070744
4.72,-0.00030502576868624085,2.5929118366780375e-06,0.0268820448916587,-3.114710608698134,-0.0008010938558731607,-2.935244772593291e-05,6.266128089795073e-13,1.393455758638589e-15,,0.14210896696414252,-0.28421793392828504,24.38866041767869,1.4881616220792828,-0.024267378443631114,0.04853475688726223
4.74,-0.00030503440921436544,2.5898541908379994e-06,0.02483894965534685,-3.116753703934446,-0.000801424874195091,-2.8045578888756805e-05,6.266396851605653e-13,1.2975167737645845e-15,,0.1365367946679945,-0.273073589335989,24.41783624359555,1.4298099702455656,-0.023315840924553514,0.04663168184910703
4.76,-0.00030504086966209746,2.5870768430697563e-06,0.022923618840059265,-3.1186690347497343,-0.0008017294246366683,-2.676669399027194e-05,6.266647684964643e-13,1.2133999893993457e-15,,0.13118311037271835,-0.2623662207454367,24.445868069015013,1.3737463194066368,-0.022401613725266556,0.04480322745053311
4.78,-0.0003050455877317883,2.5845526696006683e-06,0.0211304201767441,-3.1204622334130487,-0.0008020093124882037,-2.551922303372559e-05,6.266882665799083e-13,1.1384086390928943e-15,,0.12603934704126138,-0.25207869408252276,24.472800750838196,1.3198809557602709,-0.02152323388720584,0.04304646777441168
4.8,-0.0003050489232707277,2.5822582503631503e-06,0.01945356631927072,-3.122139087270522,-0.0008022662851884863,-2.4305817908789222e-05,6.267103401649842e-13,1.0705140392224573e-15,,0.12109727355489855,-0.2421945471097971,24.49867738710196,1.268127683232743,-0.020679295815232774,0.04135859163046555
4.82,-0.0003050511707634436,2.5801730654958403e-06,0.017887206816404384,-3.123705446773389,-0.0008025020195724811,-2.312846036109659e-05,6.267311149495841e-13,1.0082057459440263e-15,,0.11634898154168644,-0.23269796308337287,24.52353938594497,1.218403685546722,-0.01986844902838248,0.03973689805676496
4.84,-0.0003050525700708781,2.578278893833803e-06,0.016425502686208186,-3.125167150903585,-0.000802718113009774,-2.198855803520645e-05,6.267506906705597e-13,9.503713465026286e-16,,0.11178687272138091,-0.22357374544276182,24.547426531869554,1.1706293936975585,-0.019089395998806123,0.038178791997612246
4.86,-0.000305053315604524,2.576559366826388e-06,0.015062686129674877,-3.126529967460119,-0.000802916077752108,-2.0887029526628594e-05,6.267691480528153e-13,8.962008906464314e-16,,0.1074036467465677,-0.2148072934931354,24.570377049405383,1.1247283586259011,-0.018340890075449538,0.036681780150899075
4.88,-0.0003050535641191938,2.574999640070411e-06,0.013793107618198476,-3.1277995459715946,-0.0008030973378851079,-1.9824379384410333e-05,6.267865540598658e-13,8.451115906127338e-16,,0.10319228952054903,-0.20638457904109805,24.592427664276887,1.0806271288828928,-0.017621733489145572,0.035243466978291144
4.9,-0.00030505344129822605,2.573586152387202e-06,0.012611272311714591,-3.128981381278079,-0.0008032632283571952,-1.880076398763225e-05,6.268029658121453e-13,7.966890305446032e-16,,0.09914606197329245,-0.1982921239465849,24.61361366217224,1.0382551330921799,-0.016930775435927886,0.03386155087185577
4.92,-0.0003050530472917959,2.572306448980181e-06,0.011511867511857569,-3.1300807860779356,-0.0008034149956337676,-1.7816049183834675e-05,6.268184334700337e-13,7.506417003230982e-16,,0.09525848927748114,-0.19051697855496227,24.633968945208004,0.9975445670206561,-0.016266910235499085,0.03253382047099817
4.94,-0.0003050524613541656,2.571149050694065e-06,0.010489782627166542,-3.1311028709626267,-0.0008035537995945115,-1.686986053038628e-05,6.268330023202153e-13,7.067661892717303e-16,,0.09152335048740869,-0.18304670097481737,24.65352608617972,0.9584302850772232,-0.01562907556190635,0.0312581511238127
4.96,-0.00030505174571033444,2.57010335584299e-06,0.009540122924370063,-3.1320525306654226,-0.0008036807163549367,-1.59616269254548e-05,6.268467142554509e-13,6.649208352893053e-16,,0.0879346685841389,-0.1758693371682778,24.67231638068536,0.9208496960659465,-0.015016250743593283,0.030032501487186565
4.98,-0.00030505094876740385,2.5691595646061586e-06,0.008658218159762941,-3.1329344354300304,-0.0008037967417492938,-1.5090618356906707e-05,6.268596087978908e-13,6.250060237371555e-16,,0.08448670091100022,-0.16897340182200044,24.69036989720494,0.8847426630267881,-0.014427455130107646,0.02885491026021529
5.0,-0.00030505010777156556,2.5683086187422166e-06,0.007839627026041227,-3.1337530265637525,-0.0008039027952609456,-1.4255978437697372e-05,6.268717237834921e-13,5.869496705055882e-16,,0.08117392998410997,-0.16234785996821993,24.70771552521651,0.8500514070036407,-0.013861746522851433,0.027723493045702867
5.0200000000000005,-0.00030504925099826856,2.567542151481204e-06,0.007080138210912014,-3.1345125153788818,-0.0008039997242283341,-1.3456752336995173e-05,6.268830957987729e-13,5.506967098596333e-16,,0.07799105466322297,-0.15598210932644593,24.724381021425497,0.8167204145856711,-0.013318219667362095,0.02663643933472419
5.04,-0.00030504839955097313,2.56685244403833e-06,0.0063757687425232985,-3.13521688484727,-0.0008040883081904006,-1.2691910658760005e-05,6.268937604400486e-13,5.162016456900428e-16,,0.07493298166877617,-0.14986596333755234,24.74039305418132,0.7846963490740197,-0.012796004804712267,0.025592009609424534
5.0600000000000005,-0.00030504756883302503,2.5662323863646384e-06,0.0057227601914668375,-3.1358698933983264,-0.0008041692632653156,-1.1960369764691248e-05,6.269037524485208e-13,4.834234207651188e-16,,0.07199481743155477,-0.14398963486310953,24.75577724615248,0.753927965131703,-0.012294266279709932,0.024588532559419864
5.08,-0.00030504676974756203,2.565675440597227e-06,0.0051175732080662156,-3.136475080381727,-0.0008042432464813059,-1.1261008986963396e-05,6.269131057613657e-13,4.523220184512722e-16,,0.0691718602619374,-0.1383437205238748,24.77055821532826,0.7243660267801412,-0.011812201203671824,0.023624402407343648
5.1000000000000005,-0.000305046009671943,2.5651756062714993e-06,0.004556880795247298,-3.1370357727945457,-0.000804310859998872,-1.0592685128320497e-05,6.269218535086191e-13,4.228563407026078e-16,,0.06645959282618971,-0.13291918565237942,24.78475961441279,0.6959632286110886,-0.011349038169630248,0.022698076339260496
5.12,-0.0003050452932458802,2.5647273867710492e-06,0.004037560649994961,-3.137555092939798,-0.0008043726551803818,-9.954244603050705e-06,6.269300279776283e-13,3.9498300992471547e-16,,0.06385367491776657,-0.12770734983553314,24.798404168674388,0.6686741200878878,-0.010904036017917354,0.021808072035834708
5.14,-0.00030504462300615776,2.5643257567656775e-06,0.003556686848853317,-3.13803596674094,-0.0008044291364765019,-9.344533532120079e-06,6.269376605606686e-13,3.6865582500793384e-16,,0.06134993651205571,-0.12269987302411142,24.811513712310873,0.642455032814915,-0.010476482650151546,0.020952965300303092
5.16,-0.000305043999895429,2.563966130562483e-06,0.0031115211038834204,-3.13848113248591,-0.0008044807651096458,-8.76240606921952e-06,6.269447816966197e-13,3.4382566721093893e-16,,0.05894437109344864,-0.11788874218689728,24.824109223388916,0.6172640106588295,-0.010065693889728148,0.020131387779456295
5.18,-0.00030504342366799724,2.563644331398057e-06,0.0026995037738379475,-3.1388931498159547,-0.0008045279625430786,-8.206731201511857e-06,6.269514208140559e-13,3.204407028974261e-16,,0.05663312924406093,-0.11326625848812186,24.836210857413427,0.5930607426098105,-0.009671012386990873,0.019342024773981746
5.2,-0.0003050428932115977,2.5633565617534254e-06,0.0023182447800544417,-3.1392744088097384,-0.0008045711137308923,-7.676398239254352e-06,6.269576062804698e-13,2.984467701079719e-16,,0.05441251248384233,-0.10882502496768466,24.84783797958066,0.5698064982753401,-0.00929180656733213,0.01858361313466426
5.22,-0.0003050424068009219,2.5630993747938606e-06,0.0019655145468298056,-3.139627139042963,-0.0008046105701490665,-7.170321181985668e-06,6.269633653604168e-13,2.7778786684630564e-16,,0.05227896735221966,-0.10455793470443932,24.859009195766674,0.5474640659033132,-0.00892746962053891,0.01785493924107782
5.24,-0.0003050419622958743,2.562869647034961e-06,0.0016392350610465276,-3.139953418528746,-0.0008046466526116151,-6.687442125364005e-06,6.269687241839798e-13,2.584066826342477e-16,,0.05022907972180174,-0.10045815944360348,24.869742382300682,0.5259976928352947,-0.008577418529766984,0.017154837059533967
5.26,-0.00030504155729524715,2.5626645523229387e-06,0.0013374711248993732,-3.1402551824648937,-0.000804679653878537,-6.226733851780314e-06,6.269737077259752e-13,2.402451328603746e-16,,0.04825956933504722,-0.09651913867009444,24.88005471457101,0.5053730282946388,-0.008241093138589565,0.01648218627717913
5.28,-0.00030504118925458036,2.562481537196908e-06,0.0010584218581301877,-3.140534231731663,-0.000804709841064235,-5.787201729306507e-06,6.269783397956574e-13,2.2324486894334775e-16,,0.046367284555152675,-0.09273456911030535,24.88996269450937,0.4855570684179172,-0.007917955254627526,0.015835910509255053
5.3,-0.00030504085557537717,2.5623182976781255e-06,0.0008004124917052358,-3.1407922410980884,-0.0008047374578563421,-5.36788502714423e-06,6.269826430362476e-13,2.0734774734063552e-16,,0.044549197322761316,-0.08909839464552263,24.89948217699748,0.4665181034416968,-0.0076074877883267715,0.015214975576653543
5.32,-0.0003050405536715219,2.5621727575082752e-06,0.0005618864829203089,-3.141030767106873,-0.000804762726555671,-4.967857741295776e-06,6.269866389333507e-13,1.9249624774693837e-16,,0.04280239831042202,-0.08560479662084404,24.908628395238253,0.44822566696015337,-0.007309193925504626,0.014618387851009253
5.34,-0.0003050402810176548,2.562043047837629e-06,0.00034139797211020615,-3.141251255617683,-0.000804785849948393,-4.58622901148249e-06,6.269903478311908e-13,1.786338360713319e-16,,0.04112409226704472,-0.08224818453408944,24.91741598513217,0.43065048717232174,-0.007022596332341157,0.014045192664682314
5.36,-0.00030504003518335647,2.5619274883451894e-06,0.00013760459314076653,-3.1414550489966526,-0.0008048070130216356,-4.2221431991995545e-06,6.269937889555437e-13,1.6570527145285805e-16,,0.03951159354490229,-0.07902318708980458,24.925859008697845,0.41376444004096974,-0.006747236391543222,0.013494472783086443
5.38,-0.0003050398138562534,2.5618245697571156e-06,-5.073935661000585e-05,3.1415419142331835,-0.0008048263845335493,-3.874779687046544e-06,6.26996980442262e-13,1.5365685905912098e-16,,0.03796232180202122,-0.07592464360404244,24.933970976574262,0.3975405042881383,-0.006482673468458957,0.012965346936917914
5.4,-0.0003050396148565502,2.561732937716977e-06,-0.00022478938626331883,3.14136786420353,-0.0008048441184485989,-3.5433524509544934e-06,6.269999393703365e-13,1.4243665201382644e-16,,0.03647379787308398,-0.07294759574616796,24.941764869640664,0.38195271815533216,-0.006228484205968327,0.012456968411936654
5.42,-0.0003050394361449954,2.561651377951516e-06,-0.0003856169250373467,3.141207036664756,-0.0008048603552484096,-3.2271094495001457e-06,6.270026817985198e-13,1.319946067511754e-16,,0.03504363980223556,-0.07008727960447111,24.949253159788746,0.36697613785916694,-0.005984261847021412,0.011968523694042823
5.44,-0.000305039275825885,2.5615788026684146e-06,-0.000534215086239014,3.1410584385035545,-0.0008048752231280113,-2.9253318680289043e-06,6.270052228046264e-13,1.2228269657751904e-16,,0.03366955903144593,-0.06733911806289186,24.956447829880332,0.35258679767599466,-0.005749615583740347,0.011499231167480695
5.46,-0.0003050391321463755,2.561514238117716e-06,-0.000671504090923555,3.140921149498869,-0.0008048888390867705,-2.637333249685295e-06,6.270075765267234e-13,1.1325498837081727e-16,,0.03234935673832897,-0.06469871347665794,24.963360392922514,0.33876167159163256,-0.005524169932043346,0.011048339864086692
5.48,-0.00030503900349311433,2.5614568132457343e-06,-0.0007983363623421435,3.140794317227451,-0.0008049013099227406,-2.3624585405712278e-06,6.270097562055222e-13,1.0486768726994219e-16,,0.031080920317557516,-0.06216184063511503,24.970001910490915,0.32547863645482816,-0.005307564130790054,0.010615128261580108
5.5,-0.0003050388883869765,2.5614057493691494e-06,-0.0009155013036334627,3.14067715228616,-0.0008049127331385739,-2.100083072026598e-06,6.270117742273806e-13,9.707915397627868e-17,,0.029862220000244133,-0.059724440000488266,24.97638301043058,0.31271643657549725,-0.005099451564486763,0.010198903128973527
5.5200000000000005,-0.0003050387854765239,2.561360350797235e-06,-0.0010237297721314722,3.1405689238176615,-0.0008049231977665668,-1.8496114993732962e-06,6.270136421674081e-13,8.984989896676062e-17,,0.028691305605877848,-0.057382611211755696,24.982513903862788,0.3004546497110851,-0.004899499208627674,0.009798998417255348
5.54,-0.0003050386935306631,2.561319996331489e-06,-0.0011236982642362536,3.1404689553255567,-0.0008049327851198517,-1.6104767133105022e-06,6.270153708322554e-13,8.314255754225001e-17,,0.027566303421619285,-0.05513260684323857,24.98840440152502,0.2886736543866212,-0.0047073870967846345,0.009414774193569269
5.5600000000000005,-0.00030503861143086594,2.5612841315741135e-06,-0.001216032825092805,3.1403766207647,-0.0008049415694762038,-1.3821387374330067e-06,6.270169703022402e-13,7.692184923789722e-17,,0.026485413203960362,-0.052970826407920724,24.994063929470244,0.27735459849617333,-0.0045228078085925915,0.009045615617185183
5.58,-0.0003050385381632268,2.5612522619795935e-06,-0.001301312697398671,3.1402913408923947,-0.0008049496187004265,-1.1640836230093792e-06,6.270184499725285e-13,7.115452472373006e-17,,0.02544690529795061,-0.05089381059590122,24.9995015441506,0.26647936913545617,-0.004345465977811424,0.008690931955622847
5.6000000000000005,-0.0003050384728105615,2.5612239465868418e-06,-0.0013800737235610582,3.1402125798662315,-0.0008049569948107762,-9.558223501538824e-07,6.270198185931495e-13,6.580930293829675e-17,,0.024449117869380248,-0.048898235738760495,25.00472594690967,0.2560305636173198,-0.004175077819676939,0.008350155639353879
5.62,-0.00030503841454469543,2.561198792372915e-06,-0.0014528115151857856,3.140139842074607,-0.0008049637544944472,-7.568897428117534e-07,6.270210843076748e-13,6.085680083482688e-17,,0.023490454245490892,-0.046980908490981785,25.00974549790646,0.24599146162373792,-0.004011370676784711,0.008022741353569422
5.64,-0.00030503836261904475,2.5611764491729774e-06,-0.0015199844035356578,3.1400726691862575,-0.0008049699495766983,-5.668434035141289e-07,6.270222546904333e-13,5.626945778345378e-17,,0.022569380359958504,-0.04513876071991701,25.014568229493463,0.2363459984497314,-0.0038540825827800573,0.0077081651655601146
5.66,-0.00030503831636156204,2.5611566051149375e-06,-0.0015820161841710312,3.140010637405622,-0.0008049756274478143,-3.852626726129872e-07,6.270233367821749e-13,5.202145636727591e-17,,0.021684422298059988,-0.043368844596119976,25.019201859070122,0.22707873929641326,-0.0037029618431559884,0.007405923686311977
5.68,-0.00030503827516808904,2.5611389825209135e-06,-0.0016392986685019406,3.139953354921291,-0.0008049808314517222,-2.1174761564896113e-07,6.270243371241248e-13,4.8088641035239417e-17,,0.020834163938095188,-0.041668327876190375,25.02365380143232,0.2181748545720175,-0.003557766632488295,0.00711553326497659
5.7,-0.00030503823849614074,2.5611233342313265e-06,-0.0016921940544570872,3.139900459535336,-0.000804985601239746,-4.59180416104384e-08,6.270252617903991e-13,4.444843583054225e-17,,0.020017244685290033,-0.040034489370580066,25.027931180637637,0.20962009616138835,-0.0034182646074632787,0.0068365292149265575
5.72,-0.0003050382058591299,2.5611094403109554e-06,-0.0017410371279245613,3.1398516164618684,-0.0008049899730926747,1.1258744591141642e-07,6.270261164187735e-13,4.107976219812061e-17,,0.019232357294554633,-0.038464714589109265,25.032040841405355,0.20140077462595637,-0.00328423253507888,0.00656846507015776
5.74,-0.0003050381768210286,2.561097105099662e-06,-0.0017861373060542778,3.1398065162837394,-0.0008049939802140283,2.641123632994827e-07,6.270269062398152e-13,3.796295768693254e-17,,0.018478245778612238,-0.036956491557224476,25.035989360069475,0.19350373729771608,-0.0031554559354242495,0.006310911870848499
5.76,-0.0003050381509914567,2.561086154573689e-06,-0.0018277805329420227,3.1397648730568513,-0.0008049976529971446,4.0898322637504645e-07,6.270276361044029e-13,3.5079696199999426e-17,,0.017753703398151636,-0.03550740679630327,25.03978305510226,0.1859163472321511,-0.003031728738466134,0.006063457476932268
5.78,-0.00030503812802118023,2.561076433986452e-06,-0.0018662310376473018,3.1397264225521457,-0.0008050010192684764,5.47510394343505e-07,6.270283105096714e-13,3.241291030520556e-17,,0.017057570730786804,-0.03411514146157361,25.04342799722512,0.17862646298642704,-0.0029128529542928575,0.005825705908585715
5.8,-0.00030503810759800027,2.561067805760544e-06,-0.0019017329639377356,3.1396909206258554,-0.0008050041045092628,6.799888781763577e-07,6.270289336234259e-13,2.9946716000353175e-17,,0.016388733815733737,-0.03277746763146747,25.04693001912309,0.17162241919049248,-0.002798638356288222,0.005597276712576444
5.82,-0.00030503808944300854,2.5610601476053066e-06,-0.0019345118806060563,3.1396581417091873,-0.0008050069320575414,8.066991136796261e-07,6.270295093070787e-13,2.76663402246758e-17,,0.01574612237123553,-0.03149224474247106,25.050294724778336,0.1648930078799982,-0.0026889021767283403,0.0053778043534566805
5.84,-0.0003050380733071867,2.5610533508367228e-06,-0.001964776180675343,3.1396278774091178,-0.0008050095232922952,9.27907699737755e-07,6.270300411371648e-13,2.5558051323777778e-17,,0.015128708081883234,-0.030257416163766468,25.053527498437752,0.15842746056116305,-0.002583468814314283,0.005166937628628566
5.86,-0.0003050380589683244,2.561047318878627e-06,-0.0019927183772964463,3.1395999352124964,-0.000805011897801348,1.0438681024129686e-06,6.270305324254978e-13,2.360909260380839e-17,,0.01453550295309181,-0.02907100590618362,25.056633513228892,0.15221543097888665,-0.002482169553172537,0.004964339106345074
5.88,-0.000305038046228232,2.561041965926269e-06,-0.0020185163036504595,3.139574137286143,-0.0008050140735344836,1.15482132573027e-06,6.270309862380287e-13,2.180761905176931e-17,,0.013965557730098018,-0.027931115460196037,25.059617739438067,0.14624697856053365,-0.0023848422928736145,0.004769684585747229
5.9,-0.0003050380349102245,2.561037215755143e-06,-0.002042334223699697,3.1395503193660934,-0.0008050160669431277,1.2609965500939263e-06,6.270314054124703e-13,2.014263725054272e-17,,0.013417960378950267,-0.026835920757900533,25.062484952463887,0.14051255250889697,-0.0022913312890367804,0.004582662578073561
5.92,-0.00030503802485685376,2.5610330006597e-06,-0.0020643238601836867,3.1395283297296093,-0.000805017893107804,1.362611739367807e-06,6.270317925747525e-13,1.8603948478034265e-17,,0.01289183462705972,-0.02578366925411944,25.065239740458892,0.13500297651888446,-0.002201486904105818,0.004402973808211636
5.94,-0.0003050380159278675,2.5610292605081134e-06,-0.0020846253458324097,3.139508028243961,-0.0008050195658544617,1.4598742177140176e-06,6.270321501543702e-13,1.7182094948432974e-17,,0.012386338560977208,-0.024772677121954415,25.0678865116716,0.12970943409347327,-0.002115165367897013,0.004230330735794026
5.96,-0.0003050380079983749,2.561025941900686e-06,-0.002103368103367437,3.139489285486426,-0.00080502109786068,1.5529812173257756e-06,6.270324803986883e-13,1.5868309128834715e-17,,0.011900663279152086,-0.02380132655830417,25.07042950150062,0.12462345443543342,-0.0020322285475361888,0.0040644570950723775
5.98,-0.00030503800095719964,2.561022997420755e-06,-0.0021206716594824016,3.1394719819303107,-0.0008050225007526514,1.6421203982149609e-06,6.270327853862623e-13,1.4654466045336295e-17,,0.011434031597517179,-0.022868063195034358,25.072872779272213,0.11973689889224517,-0.0019525437264166351,0.0039050874528332702
6.0,-0.00030503799470540287,2.5610203849681197e-06,-0.002136646397636963,3.1394560071921562,-0.0008050237851937734,1.727470341225084e-06,6.270330670392341e-13,1.3533038478295621e-17,,0.010985696805828471,-0.021971393611656943,25.075220254752075,0.11504194793251867,-0.001875983391824226,0.003751966783648452
6.0200000000000005,-0.00030503798915496006,2.5610180671660423e-06,-0.0021513942541624407,3.139441259335631,-0.0008050249609655874,1.8092010154391992e-06,6.270333271348603e-13,1.249705493598974e-17,,0.010554941472769405,-0.02110988294553881,25.077475684401797,0.11053108863307537,-0.001802425030889871,0.003604850061779742
6.04,-0.0003050379842275762,2.5610160108338357e-06,-0.0021650093618618654,3.139427644227931,-0.0008050260370417567,1.887474221141519e-06,6.270335673162262e-13,1.1540060288725799e-17,,0.010141076297907713,-0.020282152595815426,25.07964267739,0.10619710265666821,-0.001731750934542788,0.003463501869085576
6.0600000000000005,-0.0003050379798536262,2.5610141865178803e-06,-0.002177578644991556,3.139415074944802,-0.0008050270216556901,1.9624440094731805e-06,6.270337891021992e-13,1.06560789409901e-17,,0.009743439008667669,-0.019486878017335337,25.081724701367786,0.10203305470110195,-0.0016638480091508768,0.0033276960183017536
6.08,-0.0003050379759712079,2.56101256807468e-06,-0.002189182369234571,3.139403471220559,-0.0008050279223623766,2.034257079898241e-06,6.270339938966689e-13,9.839580416966898e-18,,0.009361393300552677,-0.018722786601105355,25.0837250880177,0.09803228140127004,-0.0015986075955467804,0.003197215191093561
6.1000000000000005,-0.0003050379725252958,2.561011132300254e-06,-0.0021998946500176564,3.139392758939776,-0.0008050287460949432,2.103053156566845e-06,6.27034182997123e-13,9.08544723430161e-18,,0.008994327818922322,-0.017988655637844644,25.08564703838516,0.09418838066634896,-0.001535925295150035,0.00307185059030007
6.12,-0.0003050379694669858,2.5610098586007692e-06,-0.0022097839222816927,3.139382869667511,-0.000805029499216394,2.1689653446298202e-06,6.270343576026019e-13,8.388944941965942e-18,,0.008641655180694516,-0.017283310361389033,25.087493628000793,0.09049520143508694,-0.0014757008029070687,0.0029514016058141373
6.140000000000001,-0.0003050379667528212,2.5610087286998703e-06,-0.0022189133745902177,3.139373740215203,-0.0008050301875669574,2.2321204675235748e-06,6.270345188210756e-13,7.745694200203607e-18,,0.008302811034407253,-0.016605622068814507,25.08926781180194,0.0869468338327937,-0.0014178377467817156,0.002835675493563431
6.16,-0.000305037964344192,2.561007726378656e-06,-0.002227341350250507,3.1393653122395424,-0.0008050308165074218,2.292639386206903e-06,6.270346676762813e-13,7.151644783541157e-18,,0.007977253157135865,-0.01595450631427173,25.090972428861196,0.0835375997142801,-0.0013622435335393982,0.0027244870670787963
6.18,-0.0003050379622067986,2.5610068372446916e-06,-0.0022351217179260104,3.139357531871867,-0.00080503139095881,2.3506373012929113e-06,6.270348051140589e-13,6.603051391527194e-18,,0.007664460586820667,-0.015328921173641335,25.09261020692953,0.08026204357761445,-0.0013088292005781973,0.0026176584011563947
6.2,-0.00030503796031017467,2.5610060485268397e-06,-0.002242304214036848,3.139350349375756,-0.0008050319154387082,2.406224038980097e-06,6.270349320082211e-13,6.096451156036884e-18,,0.007363932788616515,-0.01472786557723303,25.094183766801258,0.07711492383415551,-0.0012575092735697098,0.0025150185471394196
6.22,-0.00030503795862726196,2.561005348893045e-06,-0.002248934759075708,3.139343718830718,-0.0008050323940945442,2.4595043216473545e-06,6.270350491659887e-13,5.628642738501259e-18,,0.007075188853930265,-0.01415037770786053,25.09569562650789,0.0740912044208924,-0.0012082016296818868,0.0024164032593637736
6.24,-0.0003050379571340315,2.5610047282885214e-06,-0.0022550557498091034,3.139337597839984,-0.0008050328307340694,2.5105780239384877e-06,6.270351573330236e-13,5.196666915172111e-18,,0.006797766730864427,-0.013595533461728855,25.0971482053475,0.07118604674166933,-0.0011608273661649828,0.0023216547323299656
6.26,-0.0003050379558091466,2.5610041777920693e-06,-0.002260706329187727,3.1393319472606054,-0.0008050332288532932,2.5595404151231565e-06,6.270352571980878e-13,4.7977885534130426e-18,,0.006531222484835554,-0.013062444969671108,25.098543827756135,0.06839480192439953,-0.0011153106740903224,0.002230621348180645
6.28,-0.0003050379546336629,2.5610036894885075e-06,-0.0022659226356539016,3.1393267309541386,-0.0008050335916620838,2.606482388483164e-06,6.270353493973544e-13,4.429479886937692e-18,,0.006275129588184195,-0.01255025917636839,25.099884727027394,0.06571300338187806,-0.0010715787170398404,0.0021431574340796808
6.3,-0.0003050379535907616,2.5610032563554172e-06,-0.0022707380334081673,3.139321915556385,-0.0008050339221076354,2.6514906784359566e-06,6.270354345183968e-13,4.089405002831368e-18,,0.006029078237639642,-0.012058156475279283,25.10117304888619,0.06313635966428935,-0.0010295615145522743,0.0020591230291045486
6.32,-0.00030503795266551215,2.561002872162602e-06,-0.0022751833250801894,3.1393174702647126,-0.0008050342228959858,2.694648066071107e-06,6.270355131038799e-13,3.7754054580426104e-18,,0.005792674698547268,-0.011585349397094536,25.102410854922347,0.060660747591971924,-0.000989191830139496,0.001978383660278992
6.34,-0.00030503795184466106,2.5610025313828408e-06,-0.002279286948140837,3.1393133666416517,-0.000805034496511746,2.736033573740704e-06,6.270355856549728e-13,3.485486947776269e-18,,0.005565540674809083,-0.011131081349618165,25.103600125889606,0.05828220565745135,-0.0009504050636937864,0.0019008101273875729
6.36,-0.0003050379511164444,2.5610022291126753e-06,-0.002283075156291858,3.139309578433501,-0.0008050347452361996,2.7757226493109147e-06,6.270356526345065e-13,3.2178069528299035e-18,,0.005347312703529261,-0.010694625407058522,25.10474276487524,0.05599692768618304,-0.0009131391481138811,0.0018262782962277621
6.38,-0.00030503795047042104,2.561001961002101e-06,-0.0022865721869765286,3.1393060814028164,-0.0008050349711639026,2.813787340649578e-06,6.270357144698921e-13,2.9706632973670946e-18,,0.005137641573395971,-0.010275283146791943,25.105840600345402,0.053801256745861,-0.000877334449984366,0.001754668899968732
6.4,-0.0003050379498973243,2.5610017231921686e-06,-0.002289800416068462,3.1393028531737244,-0.000805035176217916,2.8502964608936993e-06,6.270357715558205e-13,2.742483552899737e-18,,0.004936191765868775,-0.00987238353173755,25.10689538907106,0.05169167929454593,-0.0008429336741494909,0.0016858673482989819
6.42,-0.00030503794938893045,2.561001512259608e-06,-0.0022927805007159413,3.1392998730890778,-0.0008050353621637835,2.8853157450109686e-06,6.270358242567567e-13,2.5318152283442064e-18,,0.004742640918277376,-0.009485281836554752,25.107908818939208,0.049664819558248544,-0.0008098817720286965,0.001619763544057393
6.44,-0.0003050379489379415,2.5610013251676877e-06,-0.0022955315112452427,3.1392971220785473,-0.00080503553062236,2.9189079981410726e-06,6.270358729092465e-13,2.337316689918247e-18,,0.004556679307972579,-0.009113358615945158,25.108882511653846,0.04771743412897095,-0.000778125853527141,0.001556251707054282
6.46,-0.00030503794853788135,2.561001159222606e-06,-0.0022980710529580195,3.1392945825368352,-0.0008050356830815868,2.9511332361755335e-06,6.270359178240477e-13,2.157748758352383e-18,,0.004378009356703971,-0.008756018713407941,25.10981802533105,0.04584640677456192,-0.0007476151024002646,0.0014952302048005291
6.48,-0.0003050379481830035,2.561001012034797e-06,-0.0023004153785945126,3.1392922382111985,-0.0008050358209073019,2.9820488190090757e-06,6.270359592881e-13,1.9919669344015883e-18,,0.004206345154431231,-0.008412690308862462,25.110716856992294,0.04404874345208062,-0.0007183006949369569,0.0014366013898739138
6.5,-0.0003050379478682089,2.5610008814845963e-06,-0.0023025794921757874,3.1392900740976177,-0.0008050359453531665,3.011709576871079e-06,6.270359975663453e-13,1.8389142069623385e-18,,0.004041412001807075,-0.00808282400361415,25.11158044495999,0.042321567516689106,-0.0006901357218312028,0.0013802714436624056
6.5200000000000005,-0.0003050379475889734,2.5610007656917767e-06,-0.002304577244884027,3.1392880763449096,-0.0008050360575697797,3.0401679301224823e-06,6.270360329034096e-13,1.6976144012293441e-18,,0.003882945970599687,-0.007765891941199374,25.11241017115913,0.04066211511840691,-0.0006630751131171851,0.0013261502262343701
6.54,-0.0003050379473412828,2.5610006629885186e-06,-0.002306421423589798,3.139286232166203,-0.0008050361586130492,3.0674740028814955e-06,6.27036065525157e-13,1.5671660272718872e-18,,0.0037306934813512464,-0.007461386962702493,25.11320736332865,0.039067730779361376,-0.0006370755660477235,0.001274151132095447
6.5600000000000005,-0.00030503794712157564,2.561000571895428e-06,-0.002308123832588863,3.1392845297572043,-0.0008050362494518802,3.0936757308207004e-06,6.270360956401255e-13,1.4467365921761125e-18,,0.003584410897596692,-0.007168821795193384,25.113973297146103,0.037535863144456574,-0.0006120954758006411,0.0012241909516012821
6.58,-0.00030503794692669214,2.5610004911002615e-06,-0.0023096953690682743,3.1392829582207247,-0.0008050363309752397,3.118818963458393e-06,6.270361234408532e-13,1.335557341494886e-18,,0.003443864135993401,-0.006887728271986802,25.114709198269,0.036064060898660794,-0.0005880948689021724,0.0011761897378043448
6.6000000000000005,-0.000305037946753829,2.56100041943905e-06,-0.0023111460927818716,3.139281507497011,-0.000805036403998643,3.1429475612484247e-06,6.270361491051037e-13,1.2329183981771504e-18,,0.0033088282917378997,-0.006617656583475799,25.115416244296142,0.03464996884437953,-0.0005650353392608772,0.0011300706785217544
6.62,-0.00030503794660049924,2.561000355879351e-06,-0.0023124852903786764,3.1392801682994147,-0.000805036469270118,3.1661034877552448e-06,6.270361727969975e-13,1.1381642694223488e-18,,0.003179087278670196,-0.006358174557340392,25.116095566652014,0.03329132413263688,-0.0005428799867097008,0.0010857599734194017
6.640000000000001,-0.0003050379464644966,2.561000299505395e-06,-0.0023137215347938437,3.1392789320549994,-0.0008050365274756807,3.1883268971842255e-06,6.270361946680577e-13,1.0506896940296352e-18,,0.003054433483489823,-0.006108866966979646,25.116748252397315,0.03198595264203438,-0.0005215933579578342,0.0010431867159156683
6.66,-0.00030503794634386376,2.5610002495049037e-06,-0.002314862740080542,3.1392777908497127,-0.0008050365792443719,3.2096562175217463e-06,6.270362148581754e-13,9.699358047942548e-19,,0.0029346674335302635,-0.005869334867060527,25.117375345968487,0.030731765499692983,-0.0005011413898578845,0.001002282779715769
6.68,-0.0003050379462368644,2.5610002051574002e-06,-0.002315916212032229,3.1392767373777613,-0.0008050366251528811,3.230128229524743e-06,6.270362334965009e-13,8.953865823523339e-19,,0.0028195974775601295,-0.005639194955120259,25.117977850849027,0.029526755738610733,-0.00048149135489757255,0.0009629827097951451
6.7,-0.0003050379461419582,2.5610001658238367e-06,-0.0023168886949180693,3.139275764894875,-0.0008050366657298004,3.249778141785553e-06,6.270362507022683e-13,8.265655785977447e-19,,0.002709039479100302,-0.005418078958200604,25.11855673117529,0.02836899508608745,-0.0004626118088287309,0.0009252236176574618
6.72,-0.00030503794605777886,2.561000130937394e-06,-0.0023177864146295755,3.139274867175164,-0.0008050367014595312,3.26863966208479e-06,6.270362665855551e-13,7.6303288939836545e-19,,0.0026028165217662808,-0.0052056330435325615,25.119112913279295,0.02725663087807697,-0.0004444725403497981,0.0008889450806995962
6.74,-0.0003050379459831143,2.561000099995321e-06,-0.002318615118513728,3.13927403847128,-0.0008050367327858775,3.2867450652326784e-06,6.27036281247985e-13,7.043823578308678e-19,,0.0025007586261642256,-0.005001517252328451,25.11964728717107,0.02618788309452947,-0.00042704452276129087,0.0008540890455225817
6.76,-0.00030503794591688933,2.561000072551694e-06,-0.002319380112146782,3.139273273477647,-0.0008050367601153475,3.3041252575876747e-06,6.270362947833763e-13,6.502389905401496e-19,,0.0024027024778876605,-0.004805404955775321,25.120160707962846,0.025161041510979577,-0.0004102998675168922,0.0008205997350337844
6.78,-0.00030503794585815024,2.5610000482109958e-06,-0.0023200862932834985,3.1392725672965103,-0.0008050367838201892,3.3208098384303033e-06,6.27036307278341e-13,6.002565711182687e-19,,0.0023084911661795824,-0.004616982332359165,25.120653997237426,0.02417446296182239,-0.00039421177959582734,0.0007884235591916547
6.8,-0.00030503794580605107,2.5610000266224176e-06,-0.0023207381831985537,3.139271915406594,-0.0008050368042411807,3.3368271583598726e-06,6.27036318812838e-13,5.541154555945422e-19,,0.0022179739328417737,-0.004435947865683547,25.12112794436289,0.023226568710897944,-0.0003787545146251142,0.0007575090292502284
6.82,-0.00030503794575984135,2.561000007474809e-06,-0.002321339955620292,3.1392713136341728,-0.0008050368216901977,3.3522043748720863e-06,6.270363294606832e-13,5.115205362393757e-19,,0.0021310059309895203,-0.004262011861979041,25.12158330775575,0.022315841925176536,-0.00036390333768307383,0.0007278066753661477
6.84,-0.00030503794571885547,2.5609999904921917e-06,-0.00232189546344163,3.1392707581263517,-0.0008050368364525687,3.3669675052664904e-06,6.270363392900216e-13,4.721993609150847e-19,,0.0020474479932656954,-0.004094895986531391,25.122020816094587,0.021440825247502265,-0.000349634483718179,0.000699268967436358
6.86,-0.000305037945682503,2.5609999754297885e-06,-0.0023224082633787695,3.139270245326415,-0.0008050368487892468,3.381141477024185e-06,6.270363483637626e-13,4.359003961628753e-19,,0.001967166409143297,-0.003934332818286594,25.122441169486084,0.02060011846451067,-0.00033592511951990124,0.0006718502390398025
6.88,-0.0003050379456502602,2.5609999620704937e-06,-0.002322881638735281,3.1392697719510583,-0.0008050368589388023,3.394750175788181e-06,6.270363567399818e-13,4.023914231013019e-19,,0.001890032710960078,-0.003780065421920156,25.122845040585347,0.019792376265988624,-0.000322753307180703,0.000645506614361406
6.9,-0.0003050379456216626,2.560999950221746e-06,-0.002323318620417048,3.1392693349693754,-0.0008050368671192547,3.407816491071259e-06,6.270363644722924e-13,3.714580560328439e-19,,0.0018159234683428783,-0.0036318469366857565,25.123233075672296,0.019016306092090964,-0.0003100979689907051,0.0006201959379814102
6.92,-0.00030503794559629807,2.560999939712755e-06,-0.0023237220063323954,3.1392689315834605,-0.0008050368735297597,3.4203623598091187e-06,6.270363716101876e-13,3.4290237441609537e-19,,0.0017447200906926955,-0.003489440181385391,25.123605895685856,0.018270666064968986,-0.0002979388537088541,0.0005958777074177082
6.94,-0.0003050379455738012,2.5609999303920383e-06,-0.0023240943793014215,3.1392685592104916,-0.0008050368783521576,3.432408807869909e-06,6.270363781993578e-13,3.1654165956581416e-19,,0.0016763086374144253,-0.0033526172748288507,25.12396409721759,0.017554263001500935,-0.00028625650415661596,0.0005725130083132319
6.96,-0.0003050379455538478,2.5609999221252407e-06,-0.002324438123589043,3.1392682154662044,-0.0008050368817523984,3.4439759896250006e-06,6.270363842819814e-13,2.9220722809562134e-19,,0.0016105796355876008,-0.0032211592711752016,25.12430825346637,0.016865950503944464,-0.00027503222608233973,0.0005500644521646795
6.98,-0.0003050379455361504,2.560999914793197e-06,-0.002324755440167469,3.139267898149626,-0.000805036883881851,3.4550832256799644e-06,6.270363898969959e-13,2.697433547222372e-19,,0.001547427904786364,-0.003094855809572728,25.124638915155614,0.01620462712545564,-0.00026424805824646616,0.0005284961164929323
7.0,-0.00030503794552045384,2.5609999082902145e-06,-0.0023250483608057097,3.139267605228987,-0.0008050368848785082,3.4657490388591827e-06,6.270363950803461e-13,2.490062776092233e-19,,0.0014867523887683452,-0.0029735047775366905,25.12495661141457,0.01556923460753905,-0.00025388674367971263,0.0005077734873594253
7.0200000000000005,-0.000305037945506532,2.5609999025225516e-06,-0.002325318761076233,3.139267334828717,-0.0008050368848680925,3.475991188532331e-06,6.270363998652143e-13,2.2986327994555777e-19,,0.0014284559937631151,-0.0028569119875262302,25.125261850625037,0.014958756186608383,-0.00024393170206824072,0.00048786340413648144
7.04,-0.0003050379454941842,2.560999897407065e-06,-0.0023255683723619604,3.1392670852174316,-0.0008050368839650744,3.4858267033660602e-06,6.270364042822322e-13,2.121918419330024e-19,,0.0013724454331014379,-0.0027448908662028757,25.125555121234868,0.014372214966947813,-0.0002343670032216166,0.0004687340064432332
7.0600000000000005,-0.00030503794548323253,2.560999892870012e-06,-0.0023257987929404126,3.139266854796853,-0.0008050368822736075,3.49527191257963e-06,6.270364083596775e-13,1.9587885779894602e-19,,0.0013186310779366977,-0.0026372621558733954,25.125836892539606,0.013808672357470414,-0.00022517734158110773,0.00045035468316221547
7.08,-0.0003050379454735191,2.5609998888459874e-06,-0.0023260114982159145,3.1392666420915774,-0.0008050368798883888,3.504342475778901e-06,6.270364121236542e-13,1.80819912860869e-19,,0.001266926813819623,-0.002533853627639246,25.126107615433455,0.013267226569772188,-0.0002163480117275236,0.0004326960234550472
7.1000000000000005,-0.000305037945464904,2.5609998852769823e-06,-0.0023262078501653186,3.1392664457396275,-0.0008050368768954483,3.51305341143904e-06,6.270364155982599e-13,1.669186160472168e-19,,0.0012172499028967954,-0.002434499805793591,25.1263677231308,0.012747011175078222,-0.00020786488484940763,0.00041572976969881525
7.12,-0.00030503794545726296,2.560999882111546e-06,-0.002326389106057689,3.1392662644837355,-0.0008050368733728758,3.5214191241024446e-06,6.2703641880574e-13,1.540859836295353e-19,,0.0011695208515124318,-0.0023390417030248636,25.126617631859453,0.0122471937177718,-0.0001997143861339246,0.0003994287722678492
7.140000000000001,-0.0003050379454504859,2.5609998793040452e-06,-0.002326556426503736,3.13926609716329,-0.0008050368693914878,3.5294534303548286e-06,6.270364217666298e-13,1.422398702443756e-19,,0.0011236632830015768,-0.0022473265660031536,25.126857741526695,0.011766974383287825,-0.00019188347304426392,0.00038376694608852784
7.16,-0.0003050379454444751,2.560999876814007e-06,-0.002326710882886512,3.1392659427069063,-0.000805036865015442,3.5371695836389725e-06,6.270364244998864e-13,1.3130444358262884e-19,,0.0010796038154711432,-0.0021592076309422865,25.12708843635922,0.011305584718238861,-0.00018435961444879825,0.0003687192288975965
7.18,-0.000305037945439144,2.560999874605534e-06,-0.0023268534642209176,3.139265800125572,-0.0008050368603027993,3.544580297962496e-06,6.270364270230093e-13,1.2120969940046385e-19,,0.0010372719443732278,-0.0020745438887464556,25.127310085517976,0.01086228640072579,-0.00017713077056859941,0.00035426154113719883
7.2,-0.0003050379454344157,2.5609998726467885e-06,-0.0023269850834859228,3.139265668506307,-0.0008050368553060435,3.551697770552983e-06,6.270364293521531e-13,1.1189101376158067e-19,,0.0009965999296827933,-0.0019931998593655867,25.127523043688907,0.01043637005886524,-0.00017018537371122345,0.0003403707474224469
7.22,-0.000305037945430222,2.5609998709095324e-06,-0.0023271065834700195,3.139265547006323,-0.0008050368500725547,3.558533703510963e-06,6.270364315022305e-13,1.032887296566385e-19,,0.0009575226874991757,-0.0019150453749983514,25.127727651650517,0.010027154135643231,-0.0001635123097599349,0.0003270246195198698
7.24,-0.00030503794542650247,2.5609998693687206e-06,-0.002327218742167326,3.1392654348476263,-0.0008050368446450485,3.565099324508598e-06,6.270364334870077e-13,9.53477753639242e-20,,0.0009199776858979582,-0.0018399553717959164,25.1279242368192,0.009633983798278558,-0.0001571009003887488,0.0003142018007774976
7.26,-0.00030503794542320356,2.56099986800214e-06,-0.002327322277758878,3.139265331312034,-0.0008050368390619756,3.571405406579402e-06,6.270364353191927e-13,8.801731211693256e-20,,0.0008839048448665514,-0.0017678096897331028,25.128113113773164,0.009256229890350624,-0.00015094088597483095,0.0003018817719496619
7.28,-0.0003050379454202777,2.5609998667900893e-06,-0.002327417853210988,3.1392652357365822,-0.0008050368333578904,3.5774622870419656e-06,6.270364370105168e-13,8.125040883080018e-20,,0.0008492464401633552,-0.0016984928803267104,25.12829458475583,0.008893287925014946,-0.0001450224091809126,0.0002900448183618252
7.3,-0.00030503794541768264,2.5609998657150944e-06,-0.0023275060805201106,3.139265147509273,-0.0008050368275637906,3.5832798855984227e-06,6.270364385718092e-13,7.500374181160452e-20,,0.000815947010946657,-0.001631894021893314,25.128468940159493,0.008544577117695238,-0.00013933599918144774,0.0002786719983628955
7.32,-0.00030503794541538105,2.5609998647616576e-06,-0.002327587524631381,3.139265066065162,-0.0008050368217074258,3.588867721646286e-06,6.270364400130667e-13,6.923731753150373e-20,,0.000783953271025453,-0.001567906542050906,25.128636458989988,0.008209539456704181,-0.00013387255650727174,0.0002677451130145435
7.34,-0.0003050379454133397,2.5609998639160337e-06,-0.0023276627070559167,3.1392649908827366,-0.0008050368158135847,3.5942349308403152e-06,6.270364413435176e-13,6.391421669952517e-20,,0.0007532140235901743,-0.0015064280471803486,25.128797409313187,0.007887638810305679,-0.0001286233384845093,0.0002572466769690186
7.36,-0.0003050379454115292,2.5609998631660313e-06,-0.0023277321092100285,3.1392649214805832,-0.0008050368099043546,3.5993902809391885e-06,6.270364425716808e-13,5.90003579934376e-20,,0.0007236800792868683,-0.0014473601585737366,25.128952048683946,0.007578360068789691,-0.0001235799452444311,0.0002471598904888622
7.38,-0.0003050379454099234,2.560999862500838e-06,-0.002327796175497729,3.139264857414295,-0.0008050368039993623,3.604342186969999e-06,6.270364437054201e-13,5.446427994340921e-20,,0.0006953041775037389,-0.0013906083550074778,25.129100624558248,0.0072812083201868084,-0.00011873430628187178,0.00023746861256374356
7.4,-0.0003050379454084992,2.560999861910864e-06,-0.0023278553161562607,3.1392647982736364,-0.0008050367981159948,3.6090987257419134e-06,6.270364447519949e-13,5.0276939573854034e-20,,0.0006680409107440847,-0.0013360818214881694,25.12924337468919,0.006995708058303513,-0.00011407866754069975,0.0002281573350813995
7.42,-0.000305037945407236,2.560999861387603e-06,-0.0023279099098828704,3.1392647436799104,-0.0008050367922696002,3.6136676497387843e-06,6.270364457181066e-13,4.6411526516719564e-20,,0.0006418466519646164,-0.0012836933039292327,25.129380527507436,0.006721402421810819,-0.00010960557900567325,0.0002192111580113465
7.44,-0.0003050379454061156,2.5609998609235116e-06,-0.0023279603062596383,3.1392646932835335,-0.0008050367864736727,3.6180564004189835e-06,6.270364466099413e-13,4.2843291408150167e-20,,0.0006166794847628801,-0.0012333589695257602,25.129512302486756,0.006457852463168684,-0.00010530788278082645,0.0002106157655616529
7.46,-0.00030503794540512195,2.560999860511899e-06,-0.00232800682799189,3.1392646467618013,-0.0008050367807400237,3.622272120949352e-06,6.270364474332094e-13,3.954938747159167e-20,,0.0005924991363020712,-0.0011849982726041424,25.12963891049523,0.006204636446216289,-0.00010117870163530884,0.00020235740327061768
7.48,-0.00030503794540424065,2.560999860146831e-06,-0.002328049772974521,3.1392646038168186,-0.0008050367750789351,3.6263216683988184e-06,6.270364481931825e-13,3.6508724274557394e-20,,0.0005692669128659029,-0.0011385338257318058,25.129760554132687,0.005961349171304212,-9.721142799834862e-05,0.00019442285599669725
7.5,-0.000305037945403459,2.5609998598230447e-06,-0.0023280894161994657,3.139264564173594,-0.0008050367694993035,3.630211625415976e-06,6.270364488947268e-13,3.370183272398844e-20,,0.0005469456379404053,-0.0010938912758808106,25.129877428054897,0.00572760132688854,-9.339971338572982e-05,0.00018679942677145964
7.5200000000000005,-0.00030503794540276576,2.5609998595358717e-06,-0.002328126011516516,3.139264527578277,-0.00080503676400877,3.633948311413746e-06,6.270364495423343e-13,3.111074043690122e-20,,0.0005254995927235716,-0.0010509991854471433,25.129989719285067,0.005503018866549343,-8.973745824086309e-05,0.00017947491648172617
7.54,-0.0003050379454021509,2.560999859281172e-06,-0.002328159793258772,3.139264493796534,-0.0008050367586138389,3.637537793283102e-06,6.27036450140152e-13,2.8718856689276685e-20,,0.0005048944589676547,-0.0010097889179353093,25.130097607513125,0.005287242410436596,-8.621880217419387e-05,0.00017243760434838774
7.5600000000000005,-0.00030503794540160555,2.5609998590552733e-06,-0.002328190977743125,3.13926446261205,-0.0008050367533199881,3.6409858956567844e-06,6.270364506920077e-13,2.651086620733162e-20,,0.00048509726406264857,-0.0009701945281252971,25.13020126538325,0.005079926670185754,-8.283811458532884e-05,0.00016567622917065767
7.58,-0.0003050379454011219,2.560999858854919e-06,-0.0023282197646553853,3.1392644338251383,-0.0008050367481317682,3.644298210742932e-06,6.27036451201435e-13,2.4472631121804668e-20,,0.00046607632827307853,-0.0009321526565461571,25.130300858770152,0.0048807398963827,-7.958998565287398e-05,0.00015917997130574795
7.6000000000000005,-0.0003050379454006929,2.560999858677221e-06,-0.002328246338328915,3.1392644072514644,-0.0008050367430528951,3.6474801077475855e-06,6.270364516716961e-13,2.2591100458054998e-20,,0.0004478012140436652,-0.0008956024280873303,25.130396547044498,0.0046893633476939025,-7.646921767756624e-05,0.00015293843535513248
7.62,-0.0003050379454003125,2.5609998585196164e-06,-0.002328270868924965,3.139264382720868,-0.0008050367380863318,3.65053674190413e-06,6.27036452105802e-13,2.085422658293203e-20,,0.0004302426772927425,-0.000860485354585485,25.130488483327937,0.0045054907808122855,-7.347081676484579e-05,0.00014694163352969159
7.640000000000001,-0.000305037945399975,2.560999858379834e-06,-0.002328293513522259,3.139264360076271,-0.0008050367332343659,3.6534730631268936e-06,6.270364525065325e-13,1.9250888073844394e-20,,0.00041337262061548805,-0.0008267452412309761,25.13057681473814,0.004328827960402598,-7.058998483355929e-05,0.00014117996966711858
7.66,-0.0003050379453996757,2.560999858255858e-06,-0.002328314417122815,3.1392643391726702,-0.0008050367284986796,3.656293824305286e-06,6.270364528764536e-13,1.7770818516513564e-20,,0.00039716404832208086,-0.0007943280966441617,25.13066168262421,0.004159092188262108,-6.782211193800643e-05,0.00013564422387601287
7.68,-0.00030503794539941026,2.560999858145901e-06,-0.0023283337135804336,3.1392643198762125,-0.0008050367238804123,3.659003589254113e-06,6.27036453217934e-13,1.6404540775802465e-20,,0.00038159102323883823,-0.0007631820464776765,25.13074322279287,0.0039960118509431595,-6.516276889104328e-05,0.00013032553778208656
7.7,-0.0003050379453991748,2.5609998580483777e-06,-0.002328351526457803,3.139264302063335,-0.0008050367193802195,3.6616067403349703e-06,6.270364535331603e-13,1.514330631900984e-20,,0.0003666286252032045,-0.000733257250406409,25.130821565725785,0.0038393259851137148,-6.260770017643793e-05,0.00012521540035287585
7.72,-0.000305037945398966,2.5609998579618825e-06,-0.00232836796981771,3.1392642856199755,-0.0008050367149983253,3.664107485762913e-06,6.27036453824151e-13,1.397903920332993e-20,,0.00035225291118617415,-0.0007045058223723483,25.130896836788363,0.0036887838599603466,-6.01528171391366e-05,0.0001203056342782732
7.74,-0.0003050379453987808,2.560999857885168e-06,-0.00232838314895342,3.13926427044084,-0.0008050367107345708,3.666509866611962e-06,6.270364540927693e-13,1.2904284369010624e-20,,0.00033844087697833735,-0.0006768817539566747,25.13096915643036,0.0035441445759654432,-5.7794191442543305e-05,0.00011558838288508661
7.76,-0.00030503794539861657,2.5609998578171284e-06,-0.002328397161062903,3.1392642564287296,-0.0008050367065884579,3.6688177635323726e-06,6.270364543407354e-13,1.191215990728266e-20,,0.00032517042037823716,-0.0006503408407564743,25.131038640378634,0.0034051766794165866,-5.5528048782343177e-05,0.00011105609756468635
7.78,-0.0003050379453984709,2.5609998577567824e-06,-0.0023284100958712232,3.1392642434939217,-0.0008050367025591893,3.671034903191997e-06,6.27036454569637e-13,1.0996312997559665e-20,,0.00031242030582413164,-0.0006248406116482633,25.131105399822328,0.003271657792031232,-5.335076284681034e-05,0.00010670152569362068
7.8,-0.0003050379453983417,2.5609998577032605e-06,-0.002328422036205081,3.1392642315535877,-0.0008050366986457055,3.6731648644535216e-06,6.270364547809398e-13,1.0150879231882857e-20,,0.00030017013041256475,-0.0006003402608251295,25.13116954159079,0.0031433742551040156,-5.1258849513935505e-05,0.00010251769902787101
7.82,-0.0003050379453982271,2.5609998576557906e-06,-0.0023284330585231798,3.1392642205312704,-0.0008050366948467159,3.675211084298808e-06,6.270364549759971e-13,9.370445066255105e-21,,0.0002884002912493678,-0.0005768005824987356,25.13123116832454,0.003020120787607239,-4.924896127608743e-05,9.849792255217486e-05
7.84,-0.0003050379453981255,2.560999857613689e-06,-0.0023284432334058163,3.1392642103563873,-0.0008050366911607312,3.677176863511086e-06,6.270364551560576e-13,8.650013158516368e-21,,0.00027709195408084675,-0.0005541839081616935,25.131290378639495,0.0029017001576974316,-4.7317881883286524e-05,9.463576376657305e-05
7.86,-0.00030503794539803533,2.560999857576348e-06,-0.002328452626006833,3.1392642009637868,-0.0008050366875860885,3.679065372125222e-06,6.270364553222744e-13,7.984970370882423e-21,,0.00026622702315495805,-0.0005324540463099161,25.13134726728479,0.002787922867102323,-4.5462521196518736e-05,9.092504239303747e-05
7.88,-0.00030503794539795537,2.5609998575432293e-06,-0.00232846129647082,3.1392641922933224,-0.0008050366841209776,3.6808796546558825e-06,6.27036455475712e-13,7.371058232320439e-21,,0.0002557881122642447,-0.0005115762245284894,25.1314019252944,0.0026786068478831778,-4.367991024285384e-05,8.735982048570768e-05
7.9,-0.00030503794539788446,2.560999857513856e-06,-0.002328469300318244,3.139264184289475,-0.0008050366807634617,3.6826226351129147e-06,6.270364556173527e-13,6.804345671676261e-21,,0.0002457585169241951,-0.0004915170338483903,25.1314544401328,0.0025735771710872503,-4.196719646445536e-05,8.393439292891072e-05
7.92,-0.0003050379453978216,2.560999857487804e-06,-0.002328476688800964,3.1392641769009924,-0.0008050366775114988,3.6842971218129086e-06,6.270364557481036e-13,6.281203847000631e-21,,0.00023612218764250417,-0.00047224437528500834,25.13150489583493,0.002472665766824142,-4.032163915387943e-05,8.064327830775886e-05
7.94,-0.0003050379453977658,2.560999857464698e-06,-0.002328483509230419,3.139264170080563,-0.0008050366743629591,3.6859058119954574e-06,6.270364558688019e-13,5.79828290993725e-21,,0.0002268637042364612,-0.0004537274084729224,25.131553373140683,0.0023757111553181164,-3.8740605068358175e-05,7.748121013671635e-05
7.96,-0.0003050379453977163,2.5609998574442048e-06,-0.002328489805280577,3.139264163784512,-0.0008050366713156412,3.687451296252301e-06,6.270364559802205e-13,5.352490556420386e-21,,0.00021796825115736807,-0.00043593650231473613,25.13159994962409,0.0022825581885060112,-3.72215642160495e-05,7.4443128432099e-05
7.98,-0.00030503794539767245,2.560999857426029e-06,-0.0023284956172675998,3.1392641579725256,-0.0008050366683672878,3.688936062777141e-06,6.270364560830728e-13,4.9409722263631526e-21,,0.00020942159378250038,-0.00041884318756500076,25.131644699817457,0.0021930578017672333,-3.576208580751038e-05,7.152417161502077e-05
8.0,-0.0003050379453976335,2.5609998574099084e-06,-0.002328500982407999,3.1392641526073852,-0.000805036665515598,3.6903625014436044e-06,6.270364561780175e-13,4.561092825572338e-21,,0.0002012100556366742,-0.0004024201112733484,25.131687695330648,0.0021070667753885666,-3.435983436591516e-05,6.871966873183032e-05
8.02,-0.000305037945397599,2.560999857395611e-06,-0.00232850593505695,3.1392641476547363,-0.0008050366627582396,3.691732907718486e-06,6.270364562656625e-13,4.210419852869244e-21,,0.00019332049650696794,-0.0003866409930139359,25.13172900496565,0.0020244475053820747,-3.301256598979435e-05,6.60251319795887e-05
8.040000000000001,-0.00030503794539756836,2.56099985738293e-06,-0.002328510506928281,3.1392641430828654,-0.0008050366600928597,3.6930494864171004e-06,6.270364563465691e-13,3.886707824391076e-21,,0.00018574029141557838,-0.00037148058283115675,25.131768694826697,0.001945067783289363,-3.171812476231357e-05,6.343624952462714e-05
8.06,-0.0003050379453975412,2.560999857371683e-06,-0.0023285147272975476,3.1392641388624956,-0.0008050366575170934,3.6943143553072714e-06,6.270364564212553e-13,3.587883895350846e-21,,0.00017845731041716263,-0.00035691462083432525,25.131806828426033,0.0018688005846198396,-3.0474439301346666e-05,6.094887860269333e-05
8.08,-0.00030503794539751713,2.560999857361708e-06,-0.002328518623189497,3.139264134966604,-0.0008050366550285736,3.6955295485682164e-06,6.270364564901993e-13,3.3120345871994958e-21,,0.00017145989918833772,-0.00034291979837667544,25.13184346678555,0.0017955238655844295,-2.927951944482238e-05,5.855903888964476e-05
8.1,-0.0003050379453974958,2.5609998573528607e-06,-0.0023285222195511173,3.1392641313702416,-0.0008050366526249375,3.6966970201102984e-06,6.270364565538427e-13,3.0573935352101543e-21,,0.00016473686037827686,-0.0003294737207565537,25.131878668534444,0.0017251203677994755,-2.8131453066040436e-05,5.626290613208087e-05
8.120000000000001,-0.00030503794539747686,2.560999857345014e-06,-0.002328525539411383,3.1392641280503817,-0.0008050366503038329,3.697818646761371e-06,6.270364566125929e-13,2.8223301780369426e-21,,0.0001582774356905592,-0.0003165548713811184,25.13191249000302,0.0016574774306483075,-2.7028403013860893e-05,5.4056806027721786e-05
8.14,-0.00030503794539746005,2.5609998573380546e-06,-0.0023285286040287184,3.1392641249857647,-0.0008050366480629261,3.6988962313252016e-06,6.270364566668262e-13,2.6053393168312407e-21,,0.00015207128866760026,-0.0003041425773352005,25.131944985312845,0.001592486811000221,-2.596860417287037e-05,5.193720834574074e-05
8.16,-0.00030503794539744514,2.5609998573318823e-06,-0.0023285314330271246,3.1392641221567654,-0.0008050366458999042,3.6999315055172057e-06,6.270364567168898e-13,2.4050314770651536e-21,,0.0001461084881501147,-0.0002922169763002294,25.131976206463346,0.001530044509998374,-2.4950360638820802e-05,4.9900721277641604e-05
8.18,-0.0003050379453974319,2.560999857326408e-06,-0.002328534044521838,3.1392641195452713,-0.0008050366438124813,3.7009261327825296e-06,6.270364567631044e-13,2.2201240113510037e-21,,0.00014037949238514255,-0.0002807589847702851,25.132006203415024,0.0014700506066394289,-2.397204300482084e-05,4.794408600964168e-05
8.2,-0.0003050379453974202,2.5609998573215523e-06,-0.002328536455235332,3.139264117134558,-0.0008050366417984023,3.7018817110012734e-06,6.270364568057658e-13,2.049432886289603e-21,,0.00013487513375720893,-0.00026975026751441787,25.132035024169404,0.0014124090978786294,-2.3032085753937184e-05,4.606417150787437e-05
8.22,-0.0003050379453974098,2.560999857317246e-06,-0.0023285386806043947,3.1392641149091887,-0.0008050366398554456,3.7027997750854767e-06,6.270364568451473e-13,1.8918651007595266e-21,,0.00012958660411818335,-0.0002591732082363667,25.13206271484584,0.0013570277450044468,-2.212898475403352e-05,4.425796950806704e-05
8.24,-0.0003050379453974006,2.5609998573134267e-06,-0.0023285407348789785,3.1392641128549137,-0.0008050366379814264,3.70368179947226e-06,6.270364568815009e-13,1.7464116871022523e-21,,0.0001245054406923635,-0.000249010881384727,25.132089319755323,0.0013038179260369644,-2.1261294850838178e-05,4.2522589701676356e-05
8.26,-0.0003050379453973924,2.560999857310039e-06,-0.0023285426312134485,3.13926411095858,-0.0008050366361741993,3.704529200517366e-06,6.270364569150596e-13,1.6121412503900153e-21,,0.00011962351253422877,-0.00023924702506845753,25.132114881471384,0.0012526944939138,-2.0427627555388988e-05,4.0855255110777976e-05
8.28,-0.00030503794539738513,2.5609998573070345e-06,-0.0023285443817508147,3.1392641092080424,-0.00080503663443166,3.7053433387931322e-06,6.270364569460382e-13,1.4881940044084165e-21,,0.00011493300751719256,-0.00022986601503438513,25.13213944089822,0.0012035756402366431,-1.962664882215473e-05,3.925329764430946e-05
8.3,-0.0003050379453973787,2.5609998573043698e-06,-0.0023285459977004878,3.1392641075920924,-0.0008050366327517467,3.7061255212947816e-06,6.27036456974635e-13,1.3737762661659253e-21,,0.00011042641983253319,-0.00022085283966506638,25.13216303733616,0.0011563827643603626,-1.8857076914277647e-05,3.771415382855529e-05
8.32,-0.000305037945397373,2.5609998573020066e-06,-0.0023285474894100596,3.1392641061003825,-0.0008050366311324428,3.706877003558748e-06,6.270364570010331e-13,1.2681553736783927e-21,,0.00010609653797849854,-0.00021219307595699707,25.132185708544533,0.001111040347615206,-1.811768035252104e-05,3.623536070504208e-05
8.34,-0.00030503794539736795,2.5609998572999106e-06,-0.0023285488664315608,3.1392641047233614,-0.0008050366295717761,3.7075989916965894e-06,6.270364570254017e-13,1.170654994486647e-21,,0.00010193643322036477,-0.00020387286644072954,25.13220749080211,0.0010674758324608158,-1.7407275944639756e-05,3.481455188927951e-05
8.36,-0.00030503794539736345,2.5609998572980513e-06,-0.0023285501375826276,3.139264103452211,-0.0008050366280678214,3.708292644347915e-06,6.270364570478968e-13,1.0806507948671633e-21,,9.793944850298251e-05,-0.00019587889700596503,25.132228418965152,0.0010256195063786866,-1.672472689202016e-05,3.344945378404032e-05
8.38,-0.0003050379453973595,2.5609998572964026e-06,-0.002328551311002964,3.1392641022787906,-0.0008050366266186993,3.7089590745555816e-06,6.270364570686623e-13,9.975664420051355e-22,,9.40991877980684e-05,-0.0001881983755961368,25.13224852652318,0.0009854043903172608,-1.6068940970559825e-05,3.213788194111965e-05
8.4,-0.00030503794539735597,2.56099985729494e-06,-0.0023285523942064654,3.139264101195587,-0.0008050366252225782,3.7095993515663075e-06,6.270364570878314e-13,9.20869913531267e-22,,9.040950586919527e-05,-0.00018081901173839054,25.132267845652585,0.0009467661315111579,-1.5438868782875963e-05,3.0877737565751925e-05
8.42,-0.0003050379453973528,2.560999857293643e-06,-0.00232855339412933,3.139264100195664,-0.0008050366238776741,3.710214502559708e-06,6.270364571055266e-13,8.50070090791611e-22,,8.686449843810279e-05,-0.00017372899687620558,25.13228640726809,0.00090964290050302,-1.4833502079045706e-05,2.9667004158091412e-05
8.44,-0.00030503794539735006,2.5609998572924927e-06,-0.0023285543171744764,3.1392640992726193,-0.0008050366225822497,3.7108055143086215e-06,6.270364571218614e-13,7.847136140364802e-22,,8.345849273659263e-05,-0.00016691698547318526,25.13230424107224,0.0008739752922031891,-1.4251872143191143e-05,2.8503744286382287e-05
8.46,-0.0003050379453973476,2.5609998572914724e-06,-0.002328555169252544,3.13926409842054,-0.0008050366213346152,3.711373334773513e-06,6.270364571369403e-13,7.243819793915689e-22,,8.018603842888907e-05,-0.00016037207685777813,25.132321375602928,0.0008397062308288897,-1.3693048243327237e-05,2.7386096486654473e-05
8.48,-0.00030503794539734545,2.5609998572905674e-06,-0.00232855595581974,3.1392640976339727,-0.0008050366201331281,3.7119188746335786e-06,6.270364571508599e-13,6.686888590225193e-22,,7.704189888993896e-05,-0.00015408379777987792,25.132337838279057,0.0008067808785708003,-1.315613614199208e-05,2.631227228398416e-05
8.5,-0.0003050379453973435,2.560999857289765e-06,-0.0023285566819127796,3.1392640969078798,-0.0008050366189761918,3.7124430087571094e-06,6.270364571637092e-13,6.172776273333113e-22,,7.402104282569445e-05,-0.0001480420856513889,25.132353655444422,0.0007751465478408576,-1.264027666527618e-05,2.528055333055236e-05
8.52,-0.00030503794539734176,2.560999857289053e-06,-0.002328557352181136,3.1392640962376124,-0.0008050366178622564,3.7129465776135457e-06,6.270364571755707e-13,5.698190773581016e-22,,7.111863622196906e-05,-0.00014223727244393812,25.13236885240986,0.0007447526169608771,-1.2144644327960899e-05,2.4289288655921798e-05
8.540000000000001,-0.00030503794539734025,2.5609998572884214e-06,-0.0023285579709168146,3.139264095618876,-0.000805036616789818,3.713430388629557e-06,6.270364571865202e-13,5.260093127239378e-22,,6.833003460898375e-05,-0.0001366600692179675,25.132383453493762,0.0007155504491570662,-1.1668446012565995e-05,2.333689202513199e-05
8.56,-0.0003050379453973389,2.5609998572878615e-06,-0.0023285585420818357,3.139264095047711,-0.0008050366157574169,3.7138952174913884e-06,6.270364571966279e-13,4.85567801686036e-22,,6.565077562922432e-05,-0.00013130155125844865,25.132397482060977,0.0006874933147308105,-1.1210919700192444e-05,2.2421839400384888e-05
8.58,-0.0003050379453973377,2.5609998572873647e-06,-0.002328559069333605,3.1392640945204597,-0.0008050366147636381,3.714341809395627e-06,6.270364572059585e-13,4.482355807750177e-22,,6.307657189671745e-05,-0.0001261531437934349,25.1324109605602,0.000660536316281187,-1.077133325112963e-05,2.154266650225926e-05
8.6,-0.0003050379453973366,2.5609998572869243e-06,-0.002328559556048333,3.139264094033745,-0.00080503661380711,3.714770880250449e-06,6.270364572145717e-13,4.1377359655354557e-22,,6.060330413629834e-05,-0.00012120660827259668,25.13242391055991,0.0006346363168595432,-1.0348983233275607e-05,2.0697966466551213e-05
8.620000000000001,-0.0003050379453973357,2.560999857286534e-06,-0.0023285600053426555,3.1392640935844502,-0.0008050366128865045,3.7151831178293233e-06,6.270364572225227e-13,3.819611748641046e-22,,5.822701459189175e-05,-0.0001164540291837835,25.13243635278287,0.0006097518709411766,-9.943193796495666e-06,1.988638759299133e-05
8.64,-0.0003050379453973349,2.5609998572861874e-06,-0.00232856042009359,3.1392640931696993,-0.0008050366120005343,3.7155791828790713e-06,6.270364572298624e-13,3.525946077660529e-22,,5.5943900693257814e-05,-0.00011188780138651563,25.132448307139292,0.0005858431581036527,-9.553315591117929e-06,1.9106631182235858e-05
8.66,-0.0003050379453973341,2.56099985728588e-06,-0.0023285608029569587,3.1392640927868367,-0.0008050366111479539,3.715959710184105e-06,6.270364572366377e-13,3.254858491136282e-22,,5.375030897106844e-05,-0.00010750061794213688,25.13245979275869,0.0005628719193056343,-9.17872472883534e-06,1.835744945767068e-05
8.68,-0.00030503794539733347,2.560999857285607e-06,-0.002328561156384393,3.139264092433409,-0.0008050366103275579,3.716325309588591e-06,6.270364572428922e-13,3.0046131042228596e-22,,5.1642729210576936e-05,-0.00010328545842115387,25.132470828020512,0.0005408013956642521,-8.818821784351266e-06,1.763764356870253e-05
8.700000000000001,-0.0003050379453973329,2.5609998572853653e-06,-0.0023285614826390358,3.1392640921071546,-0.0008050366095381801,3.7166765669782107e-06,6.270364572486658e-13,2.773607493128767e-22,,4.9617788834525515e-05,-9.923557766905103e-05,25.13248143058353,0.0005195962696330504,-8.473030836171143e-06,1.6946061672342285e-05
8.72,-0.00030503794539733233,2.560999857285151e-06,-0.00232856178381003,3.139264091805983,-0.0008050366087786928,3.7170140452231353e-06,6.270364572539955e-13,2.5603624341600796e-22,,4.767224750630217e-05,-9.534449501260434e-05,25.1324916174141,0.0004992226084863778,-8.140798545005213e-06,1.6281597090010426e-05
8.74,-0.0003050379453973319,2.560999857284961e-06,-0.0023285620618258987,3.1392640915279673,-0.0008050366080480054,3.717338285083747e-06,6.270364572589155e-13,2.3635124316613214e-22,,4.58029919447108e-05,-9.16059838894216e-05,25.132501404813333,0.00047964781001978674,-7.821593268307607e-06,1.5643186536615214e-05
8.76,-0.00030503794539733147,2.5609998572847923e-06,-0.002328562318466892,3.1392640912713263,-0.0008050366073450642,3.7176498060806035e-06,6.270364572634572e-13,2.181796974200719e-22,,4.400703094205706e-05,-8.801406188411413e-05,25.132510808443154,0.00046084055037955103,-7.514904209534852e-06,1.5029808419069705e-05
8.78,-0.0003050379453973311,2.560999857284643e-06,-0.0023285625553763883,3.1392640910344163,-0.0008050366066688509,3.7179491073300506e-06,6.270364572676496e-13,2.0140524630100446e-22,,4.228149057757794e-05,-8.456298115515588e-05,25.132519843351375,0.00044277073393781676,-7.2202406007624235e-06,1.4440481201524847e-05
8.8,-0.00030503794539733076,2.5609998572845102e-06,-0.002328562774071417,3.139264090815722,-0.0008050366060183814,3.71823666834686e-06,6.270364572715198e-13,1.859204760993958e-22,,4.0623609618555344e-05,-8.124721923711069e-05,25.132528523995777,0.0004254094451331775,-6.937130917351361e-06,1.3874261834702723e-05
8.82,-0.0003050379453973305,2.5609998572843925e-06,-0.0023285629759523733,3.1392640906138407,-0.0008050366053927057,3.718512949815196e-06,6.270364572750924e-13,1.716262314597377e-22,,3.903073510175471e-05,-7.806147020350943e-05,25.132536864267244,0.0004087289021996066,-6.665122123408255e-06,1.333024424681651e-05
8.84,-0.0003050379453973302,2.5609998572842883e-06,-0.0023285631623119842,3.1392640904274813,-0.0008050366047909062,3.718778394329169e-06,6.270364572783903e-13,1.5843098044876999e-22,,3.7500318088117806e-05,-7.500063617623561e-05,25.13254487751199,0.0003927024127097048,-6.403778946831159e-06,1.2807557893662318e-05
8.86,-0.00030503794539733,2.5609998572841956e-06,-0.0023285633343435876,3.13926409025545,-0.0008050366042120975,3.719033427104184e-06,6.270364572814346e-13,1.462502284394811e-22,,3.602990958391643e-05,-7.205981916783286e-05,25.132552576552914,0.00037730433086112145,-6.152683182781364e-06,1.2305366365562728e-05
8.88,-0.0003050379453973298,2.5609998572841134e-06,-0.0023285634931487728,3.1392640900966438,-0.0008050366036554248,3.719278456660241e-06,6.27036457284245e-13,1.3500597705776505e-22,,3.461715662183998e-05,-6.923431324367996e-05,25.132559973710126,0.00036251001643779944,-5.9114330244664375e-06,1.1822866048932875e-05
8.9,-0.0003050379453973296,2.5609998572840406e-06,-0.0023285636397444355,3.139264089950048,-0.0008050366031200625,3.719513875478294e-06,6.270364572868392e-13,1.246262247271676e-22,,3.325979849574576e-05,-6.651959699149152e-05,25.132567080820657,0.00034829579538037277,-5.67964242016363e-06,1.135928484032726e-05
8.92,-0.00030503794539732946,2.560999857283976e-06,-0.002328563775069288,3.1392640898147235,-0.0008050366026052154,3.7197400606307518e-06,6.27036457289234e-13,1.1504450561351602e-22,,3.195566314304685e-05,-6.39113262860937e-05,25.132573909257395,0.0003346389219026207,-5.456940455454758e-06,1.0913880910909515e-05
8.94,-0.0003050379453973293,2.560999857283919e-06,-0.0023285638999898713,3.139264089689803,-0.0008050366021101155,3.7199573743871243e-06,6.270364572914446e-13,1.0619946401712024e-22,,3.070266366894855e-05,-6.14053273378971e-05,25.1325804699473,0.000321517542093357,-5.242970759683999e-06,1.0485941519367999e-05
8.96,-0.0003050379453973292,2.560999857283868e-06,-0.002328564015306104,3.139264089574487,-0.0008050366016340225,3.7201661647958083e-06,6.270364572934853e-13,9.803446148721362e-23,,2.9498795006971487e-05,-5.8997590013942974e-05,25.132586773388873,0.00030891065894550994,-5.037390935688819e-06,1.0074781871377638e-05
8.98,-0.0003050379453973291,2.5609998572838233e-06,-0.0023285641217564036,3.1392640894680373,-0.000805036601176222,3.720366766242966e-06,6.270364572953691e-13,9.049721414283247e-23,,2.8342130710417486e-05,-5.668426142083497e-05,25.13259282966897,0.0002967980987564311,-4.839872011891457e-06,9.679744023782913e-06
9.0,-0.00030503794539732897,2.5609998572837835e-06,-0.002328564220022415,3.139264089369771,-0.0008050366007360259,3.720559499989381e-06,6.270364572971081e-13,8.353945787776222e-23,,2.723081986964385e-05,-5.44616397392877e-05,25.132598648478925,0.0002851604788456673,-4.650097915874218e-06,9.300195831748437e-06
9.02,-0.00030503794539732886,2.560999857283748e-06,-0.002328564310733377,3.1392640892790595,-0.0008050366003127706,3.720744674686185e-06,6.270364572987133e-13,7.711663930572153e-23,,2.6163084150213053e-05,-5.2326168300426106e-05,25.132604239130078,0.0002739791765385366,-4.467764968596177e-06,8.935529937192354e-06
9.040000000000001,-0.0003050379453973288,2.5609998572837166e-06,-0.0023285643944701484,3.139264089195323,-0.0008050365999058161,3.720922586870274e-06,6.270364573001952e-13,7.118763046678822e-23,,2.5137214947178234e-05,-5.027442989435647e-05,25.132609610568664,0.0002632362993658759,-4.292581398441918e-06,8.585162796883836e-06
9.06,-0.00030503794539732875,2.5609998572836886e-06,-0.002328564471768931,3.139264089118024,-0.0008050365995145464,3.721093521440225e-06,6.270364573015631e-13,6.57144654682184e-23,,2.4151570650950772e-05,-4.8303141301901544e-05,25.13261477139013,0.000252914656432273,-4.124266874324705e-06,8.24853374864941e-06
9.08,-0.0003050379453973287,2.560999857283664e-06,-0.002328564543124701,3.1392640890466685,-0.0008050365991383673,3.721257752113483e-06,6.270364573028259e-13,6.066209737326362e-23,,2.32045740203747e-05,-4.64091480407494e-05,25.132619729852895,0.00024299773090696603,-3.962552057096939e-06,7.925104114193877e-06
9.1,-0.00030503794539732865,2.560999857283642e-06,-0.0023285646089943788,3.1392640889807986,-0.000805036598776706,3.7214155418655546e-06,6.270364573039916e-13,5.599817378125088e-23,,2.2294709658804377e-05,-4.4589419317608755e-05,25.13262449389155,0.00023346965359339106,-3.8071781685500523e-06,7.614356337100105e-06
9.120000000000001,-0.0003050379453973286,2.5609998572836226e-06,-0.0023285646697997547,3.139264088919994,-0.0008050365984290115,3.721567143351923e-06,6.270364573050677e-13,5.1692829661874435e-23,,2.142052158914654e-05,-4.284104317829308e-05,25.132629071129582,0.00022431517753508136,-3.6578965773141738e-06,7.3157931546283475e-06
9.14,-0.00030503794539732854,2.560999857283605e-06,-0.0023285647259301914,3.1392640888638628,-0.0008050365980947523,3.721712799313364e-06,6.270364573060609e-13,4.771849611713233e-23,,2.0580610923986336e-05,-4.116122184797267e-05,25.13263346889154,0.00021551965361728463,-3.5144684009948878e-06,7.0289368019897755e-06
9.16,-0.0003050379453973285,2.56099985728359e-06,-0.002328564777745115,3.139264088812048,-0.0008050365977734172,3.7218527429653175e-06,6.270364573069779e-13,4.4049723846336695e-23,,1.9773633627069008e-05,-3.9547267254138016e-05,25.132637694214786,0.00020706900712525386,-3.3766641239104403e-06,6.753328247820881e-06
9.18,-0.00030503794539732843,2.5609998572835764e-06,-0.002328564825576318,3.1392640887642163,-0.0008050365974645132,3.721987198371942e-06,6.270364573078244e-13,4.066302018377072e-23,,1.899829836255515e-05,-3.79965967251103e-05,25.13264175386074,0.00019894971522170106,-3.2442632298176828e-06,6.4885264596353655e-06
9.200000000000001,-0.0003050379453973284,2.5609998572835645e-06,-0.002328564869730083,3.139264088720063,-0.0008050365971675661,3.7221163808054682e-06,6.270364573086057e-13,3.753669866548022e-23,,1.8253364428607862e-05,-3.6506728857215724e-05,25.132645654325696,0.00019114878530737255,-3.117053849039036e-06,6.234107698078072e-06
9.22,-0.0003050379453973284,2.560999857283554e-06,-0.002328564910489146,3.1392640886793046,-0.0008050365968821187,3.7222404970914105e-06,6.270364573093269e-13,3.4650740161913793e-23,,1.7537639772005113e-05,-3.5075279544010226e-05,25.132649401851236,0.0001836537342301183,-2.9948324194258057e-06,5.989664838851611e-06
9.24,-0.0003050379453973284,2.5609998572835446e-06,-0.0023285649481145027,3.1392640886416787,-0.0008050365966077314,3.7223597459402118e-06,6.270364573099928e-13,3.1986664687188975e-23,,1.684997908060027e-05,-3.369995816120054e-05,25.132653002434196,0.0001764525683091852,-2.877403360615315e-06,5.75480672123063e-06
9.26,-0.0003050379453973284,2.560999857283536e-06,-0.002328564982847085,3.1392640886069465,-0.0008050365963439806,3.722474318265853e-06,6.270364573106074e-13,2.9527413064126066e-23,,1.618928195057831e-05,-3.237856390115662e-05,25.13265646183628,0.00016953376414276906,-2.764578761060598e-06,5.529157522121196e-06
9.28,-0.0003050379453973284,2.5609998572835285e-06,-0.0023285650149092994,3.1392640885748833,-0.0008050365960904585,3.7225843974919294e-06,6.270364573111748e-13,2.725723768730335e-23,,1.5554491125574962e-05,-3.1108982251149925e-05,25.13265978559327,0.00016288625016811333,-2.6561780773318367e-06,5.312356154663673e-06
9.3,-0.0003050379453973284,2.5609998572835218e-06,-0.0023285650445064535,3.1392640885452865,-0.000805036595846773,3.7226901598457073e-06,6.270364573116985e-13,2.5161601684644758e-23,,1.4944590804840956e-05,-2.988918160968191e-05,25.13266297902388,0.0001564993889446466,-2.5520278452083515e-06,5.104055690416703e-06
9.32,-0.0003050379453973284,2.560999857283516e-06,-0.0023285650718280703,3.1392640885179652,-0.0008050365956125463,3.722791774640612e-06,6.27036457312182e-13,2.3227085831830796e-23,,1.4358605017744107e-05,-2.8717210035488215e-05,25.13266604723829,0.00015036296013180828,-2.4519614020988436e-06,4.903922804197687e-06
9.34,-0.0003050379453973284,2.5609998572835107e-06,-0.0023285650970491013,3.1392640884927445,-0.000805036595387415,3.722889404547627e-06,6.270364573126283e-13,2.1441302623467467e-23,,1.3795596062008095e-05,-2.759119212401619e-05,25.132668995146286,0.00014446714413432322,-2.355818620345692e-06,4.711637240691384e-06
9.36,-0.0003050379453973284,2.560999857283506e-06,-0.002328565120331047,3.139264088469462,-0.0008050365951710289,3.722983205856018e-06,6.270364573130403e-13,1.9792816950775893e-23,,1.3254663003188756e-05,-2.6509326006377513e-05,25.13267182746516,0.00013880250638875424,-2.263445650986537e-06,4.526891301973074e-06
9.38,-0.0003050379453973284,2.560999857283502e-06,-0.002328565141822992,3.1392640884479697,-0.000805036594963052,3.7230733287238182e-06,6.270364573134206e-13,1.8271072877869652e-23,,1.2734940232986773e-05,-2.5469880465973546e-05,25.13267454872722,0.00013335998226618792,-2.17469467756312e-06,4.34938935512624e-06
9.4,-0.0003050379453973284,2.560999857283498e-06,-0.002328565161662558,3.1392640884281304,-0.00080503659476316,3.7231599174184728e-06,6.270364573137717e-13,1.6866326047737927e-23,,1.2235596084089717e-05,-2.4471192168179434e-05,25.13267716328707,0.00012813086256689447,-2.0894236795834125e-06,4.178847359166825e-06
9.42,-0.0003050379453973284,2.5609998572834947e-06,-0.002328565179976785,3.139264088409816,-0.0008050365945710411,3.723243110548024e-06,6.270364573140959e-13,1.5569581285102784e-23,,1.175583149932692e-05,-2.351166299865384e-05,25.13267967532856,0.00012310677958374993,-2.00749620525853e-06,4.01499241051706e-06
9.44,-0.0003050379453973284,2.5609998572834917e-06,-0.0023285651968829478,3.1392640883929097,-0.0008050365943863963,3.723323041283225e-06,6.27036457314395e-13,1.437253499659553e-23,,1.1294878753007525e-05,-2.258975750601505e-05,25.132682088871498,0.00011827969371211975,-1.92878115315076e-06,3.85756230630152e-06
9.46,-0.0003050379453973284,2.560999857283489e-06,-0.002328565212489303,3.1392640883773044,-0.000805036594208936,3.723399837570917e-06,6.270364573146712e-13,1.3267521999417477e-23,,1.0852000222395592e-05,-2.1704000444791184e-05,25.13268440777806,0.00011364188058477611,-1.85315256238329e-06,3.70630512476658e-06
9.48,-0.0003050379453973284,2.560999857283487e-06,-0.0023285652268957846,3.1392640883628973,-0.0008050365940383832,3.7234736223390354e-06,6.270364573149262e-13,1.2247466438006616e-23,,1.0426487207356348e-05,-2.0852974414712695e-05,25.132686635758997,0.00010918591871126232,-1.7804894110759318e-06,3.5609788221518636e-06
9.5,-0.0003050379453973284,2.560999857283485e-06,-0.002328565240194643,3.1392640883495986,-0.0008050365938744714,3.723544513693559e-06,6.270364573151615e-13,1.1305836474409871e-23,,1.0017658796284778e-05,-2.0035317592569557e-05,25.132688776379553,0.00010490467760192487,-1.7106754226842946e-06,3.421350845368589e-06
9.52,-0.0003050379453973284,2.5609998572834832e-06,-0.002328565252471037,3.139264088337322,-0.0008050365937169433,3.723612625107729e-06,6.270364573153788e-13,1.0436602462224485e-23,,9.624860776501788e-06,-1.9249721553003576e-05,25.132690833065176,0.00010079130635760868,-1.6435988799325067e-06,3.2871977598650134e-06
9.540000000000001,-0.0003050379453973284,2.5609998572834815e-06,-0.002328565263803577,3.139264088325989,-0.000805036593565552,3.7236780656038277e-06,6.270364573155794e-13,9.634198336279226e-24,,9.247464587374347e-06,-1.8494929174748695e-05,25.132692809107002,9.683922270675683e-05,-1.5791524460417396e-06,3.158304892083479e-06
9.56,-0.0003050379453973284,2.5609998572834803e-06,-0.0023285652742648295,3.139264088315528,-0.0008050365934200599,3.7237409399278373e-06,6.270364573157645e-13,8.893485970817663e-24,,8.884866314484369e-06,-1.7769732628968738e-05,25.13269470766712,9.304210247237181e-05,-1.5172329929684622e-06,3.0344659859369244e-06
9.58,-0.0003050379453973284,2.560999857283479e-06,-0.0023285652839217827,3.139264088305872,-0.0008050365932802388,3.723801348717221e-06,6.270364573159353e-13,8.20972227795414e-24,,8.536485723236806e-06,-1.7072971446473612e-05,25.13269653178363,8.93938694519831e-05,-1.4577414363775696e-06,2.915482872755139e-06
9.6,-0.0003050379453973284,2.5609998572834777e-06,-0.002328565292836274,3.1392640882969562,-0.0008050365931458687,3.723859388662127e-06,6.27036457316093e-13,7.57852883572045e-24,,8.201765330360504e-06,-1.640353066072101e-05,25.132698284375508,8.588868569442683e-05,-1.4005825770863071e-06,2.8011651541726143e-06
9.620000000000001,-0.0003050379453973284,2.560999857283477e-06,-0.002328565301065387,3.139264088288728,-0.0008050365930167382,3.7239151526602685e-06,6.270364573162386e-13,6.99586385121905e-24,,7.880169511816038e-06,-1.5760339023632076e-05,25.132699968247277,8.252094215787852e-05,-1.3456649487252686e-06,2.691329897450537e-06
9.64,-0.0003050379453973284,2.560999857283476e-06,-0.0023285653086618156,3.1392640882811307,-0.0008050365928926443,3.7239687299657067e-06,6.27036457316373e-13,6.457996279351243e-24,,7.571183645682967e-06,-1.5142367291365934e-05,25.13270158609349,7.92852497341894e-05,-1.2929006713726904e-06,2.585801342745381e-06
9.66,-0.0003050379453973284,2.560999857283475e-06,-0.002328565315674203,3.1392640882741194,-0.0008050365927733914,3.724020206331811e-06,6.270364573164971e-13,5.9614819313920046e-24,,7.27431328865498e-06,-1.454862657730996e-05,25.132703140503043,7.617643062516371e-05,-1.2422053109278292e-06,2.4844106218556585e-06
9.68,-0.0003050379453973284,2.5609998572834743e-06,-0.0023285653221474523,3.1392640882676455,-0.0008050365926587919,3.7240696641485947e-06,6.270364573166116e-13,5.503141420424694e-24,,6.98908338482511e-06,-1.397816676965022e-05,25.13270463396333,7.31895100569769e-05,-1.1934977439983864e-06,2.3869954879967727e-06
9.700000000000001,-0.0003050379453973284,2.560999857283474e-06,-0.0023285653281230148,3.1392640882616707,-0.0008050365925486647,3.724117182574668e-06,6.270364573167174e-13,5.080039802411205e-24,,6.7150375054949375e-06,-1.3430075010989875e-05,25.1327060688642,7.031970831947615e-05,-1.1467000280857725e-06,2.293400056171545e-06
9.72,-0.0003050379453973284,2.5609998572834735e-06,-0.002328565333639154,3.1392640882561533,-0.0008050365924428362,3.724162837664007e-06,6.27036457316815e-13,4.689467782530935e-24,,6.451737118791296e-06,-1.2903474237582592e-05,25.1327074475018,6.756243311762445e-05,-1.1017372768604826e-06,2.2034745537209653e-06
9.74,-0.0003050379453973284,2.560999857283473e-06,-0.0023285653387311923,3.1392640882510623,-0.0008050365923411393,3.724206702487745e-06,6.270364573169051e-13,4.328924366444999e-24,,6.198760887921715e-06,-1.239752177584343e-05,25.13270877208225,6.491327222284873e-05,-1.058537540327991e-06,2.117075080655982e-06
9.76,-0.0003050379453973284,2.5609998572834726e-06,-0.002328565343431736,3.139264088246361,-0.0008050365922434135,3.7242488472511932e-06,6.270364573169883e-13,3.9961008453945694e-24,,5.9557039969456616e-06,-1.1911407993891323e-05,25.132710044725155,6.236798641253292e-05,-1.0170316896934102e-06,2.0340633793868204e-06
9.78,-0.0003050379453973284,2.560999857283472e-06,-0.002328565347770885,3.1392640882420224,-0.0008050365921495044,3.724289339406257e-06,6.27036457317065e-13,3.68886601258327e-24,,5.722177502982672e-06,-1.1444355005965343e-05,25.132711267467016,5.992250268635722e-05,-9.771533067406712e-07,1.9543066134813424e-06
9.8,-0.0003050379453973284,2.5609998572834718e-06,-0.0023285653517764243,3.1392640882380167,-0.0008050365920592635,3.724328243759446e-06,6.270364573171359e-13,3.405252516178124e-24,,5.497807713820762e-06,-1.0995615427641524e-05,25.132712442264484,5.757290774862873e-05,-9.388385775492075e-07,1.877677155098415e-06
9.82,-0.0003050379453973284,2.5609998572834714e-06,-0.002328565355474003,3.1392640882343192,-0.0008050365919725474,3.7243656225756494e-06,6.270364573172013e-13,3.143444261541509e-24,,5.282235589929166e-06,-1.0564471179858332e-05,25.132713570997485,5.531544174617344e-05,-9.020261903780679e-07,1.8040523807561358e-06
9.84,-0.0003050379453973284,2.560999857283471e-06,-0.0023285653588872982,3.139264088230906,-0.00080503659188922,3.724401535677831e-06,6.270364573172617e-13,2.9017647820256173e-24,,5.075116169918484e-06,-1.0150232339836968e-05,25.13271465547223,5.3146492251768985e-05,-8.666572375540506e-07,1.7333144751081012e-06
9.86,-0.0003050379453973284,2.5609998572834705e-06,-0.002328565362038167,3.1392640882277547,-0.0008050365918091489,3.724436040542817e-06,6.270364573173174e-13,2.678666503862593e-24,,4.876118018528867e-06,-9.752236037057734e-06,25.132715697424114,5.106258848349042e-05,-8.32675121206858e-07,1.665350242413716e-06
9.88,-0.0003050379453973284,2.5609998572834705e-06,-0.002328565364946786,3.139264088224847,-0.0008050365917322069,3.7244691923933216e-06,6.270364573173689e-13,2.47272083640918e-24,,4.684922696262888e-06,-9.369845392525775e-06,25.13271669852048,4.9060395750718635e-05,-8.000254627004299e-07,1.6000509254008597e-06
9.9,-0.0003050379453973284,2.5609998572834705e-06,-0.002328565367631779,3.139264088222161,-0.0008050365916582724,3.7245010442863662e-06,6.270364573174165e-13,2.2826090242895093e-24,,4.50122424981441e-06,-9.00244849962882e-06,25.132717660363294,4.713671011792398e-05,-7.686560156155239e-07,1.5373120312310477e-06
9.92,-0.0003050379453973284,2.5609998572834705e-06,-0.0023285653701103403,3.139264088219683,-0.0008050365915872283,3.7245316471982263e-06,6.270364573174603e-13,2.1071137028585745e-24,,4.324728722478023e-06,-8.649457444956046e-06,25.132718584491716,4.5288453277685816e-05,-7.385165821442985e-07,1.477033164288597e-06
9.94,-0.0003050379453973284,2.5609998572834705e-06,-0.002328565372398341,3.139264088217395,-0.0008050365915189619,3.724561050106044e-06,6.270364573175008e-13,1.945111102912483e-24,,4.155153683755603e-06,-8.310307367511206e-06,25.132719472384544,4.3512667624743954e-05,-7.095589327631112e-07,1.4191178655262224e-06
9.96,-0.0003050379453973284,2.5609998572834705e-06,-0.0023285653745104312,3.139264088215283,-0.0008050365914533644,3.7245893000662414e-06,6.270364573175382e-13,1.795563854729073e-24,,3.992227777407255e-06,-7.98445555481451e-06,25.132720325462593,4.180651152319919e-05,-6.817367290549906e-07,1.363473458109981e-06
9.98,-0.0003050379453973284,2.5609998572834705e-06,-0.0023285653764601364,3.1392640882133325,-0.0008050365913903326,3.724616442289857e-06,6.270364573175727e-13,1.657514345360165e-24,,3.835690287223443e-06,-7.671380574446885e-06,25.132721145090976,4.0167254759289683e-05,-6.550054495582837e-07,1.3100108991165674e-06
10.0,-0.0003050379453973284,2.5609998572834705e-06,-0.002328565378259941,3.139264088211533,-0.0008050365913297658,3.724642520214921e-06,6.270364573176045e-13,1.5300785866394255e-24,,3.685290719823425e-06,-7.37058143964685e-06,25.13272193258127,3.859227417246642e-05,-6.293223185228187e-07,1.2586446370456374e-06
10.02,-0.0003050379453973284,2.5609998572834705e-06,-0.0023285653799213703,3.139264088209872,-0.000805036591271568,3.724667575576004e-06,6.270364573176339e-13,1.4124405546402052e-24,,3.5407884038124096e-06,-7.081576807624819e-06,25.132722689193628,3.7079049457776696e-05,-6.046462374595787e-07,1.2092924749191574e-06
10.040000000000001,-0.0003050379453973284,2.5609998572834705e-06,-0.0023285653814550627,3.1392640882083382,-0.0008050365912156466,3.7246916484710192e-06,6.270364573176611e-13,1.3038469643365126e-24,,3.4019521046559746e-06,-6.803904209311949e-06,25.13272341613879,3.5625159132838524e-05,-5.80937719374351e-07,1.161875438748702e-06
10.06,-0.0003050379453973284,2.5609998572834705e-06,-0.0023285653828708395,3.1392640882069225,-0.0008050365911619131,3.7247147774254187e-06,6.270364573176861e-13,1.203602446007156e-24,,3.2685596546554793e-06,-6.537119309310959e-06,25.132724114580025,3.4228276662952196e-05,-5.581588255801125e-07,1.116317651160225e-06
10.08,-0.0003050379453973284,2.5609998572834705e-06,-0.002328565384177766,3.139264088205616,-0.0008050365911102819,3.7247369994538663e-06,6.270364573177092e-13,1.1110650924955318e-24,,3.140397597432349e-06,-6.280795194864698e-06,25.132724785634988,3.288616673814839e-05,-5.362731049870356e-07,1.0725462099740713e-06
10.1,-0.0003050379453973284,2.5609998572834705e-06,-0.002328565385384211,3.139264088204409,-0.000805036591060671,3.724758350119488e-06,6.270364573177305e-13,1.0256423488123603e-24,,3.0172608463523297e-06,-6.034521692704659e-06,25.13272543037751,3.159668169621538e-05,-5.152455357729689e-07,1.0304910715459378e-06
10.120000000000001,-0.0003050379453973284,2.5609998572834705e-06,-0.0023285653864979004,3.139264088203295,-0.0008050365910130016,3.724778863590803e-06,6.270364573177502e-13,9.467872177607717e-25,,2.8989523563431187e-06,-5.7979047126862375e-06,25.132726049839313,3.0357758085981248e-05,-4.950424693410491e-07,9.900849386820981e-07
10.14,-0.0003050379453973284,2.5609998572834705e-06,-0.002328565387525965,3.1392640882022675,-0.0008050365909671973,3.724798572696416e-06,6.270364573177684e-13,8.739947572867884e-25,,2.785282808580211e-06,-5.570565617160422e-06,25.132726645011672,2.916741336535183e-05,-4.7563157647476766e-07,9.512631529495353e-07
10.16,-0.0003050379453973284,2.5609998572834705e-06,-0.0023285653884749886,3.139264088201318,-0.0008050365909231859,3.724817508977571e-06,6.270364573177852e-13,8.067988471263152e-25,,2.6760703075363883e-06,-5.352140615072777e-06,25.13272721684699,2.802374272882036e-05,-4.569817956043273e-07,9.139635912086546e-07
10.18,-0.0003050379453973284,2.5609998572834705e-06,-0.002328565389351048,3.1392640882004414,-0.000805036590880897,3.7248357027386394e-06,6.270364573178007e-13,7.447692040440947e-25,,2.5711400899100716e-06,-5.142280179820143e-06,25.132727766260327,2.6924916059372308e-05,-4.390632831015032e-07,8.781265662030064e-07
10.200000000000001,-0.0003050379453973284,2.5609998572834705e-06,-0.002328565390159752,3.139264088199633,-0.0008050365908402635,3.724853183095624e-06,6.27036457317815e-13,6.875086265520174e-25,,2.4703242449667515e-06,-4.940648489933503e-06,25.132728294130857,2.5869174999907702e-05,-4.2184736552347097e-07,8.436947310469419e-07
10.22,-0.0003050379453973284,2.5609998572834705e-06,-0.0023285653909062803,3.139264088198887,-0.0008050365908012205,3.7248699780227677e-06,6.270364573178283e-13,6.346504514635386e-25,,2.3734614458459915e-06,-4.746922891691983e-06,25.132728801303287,2.485483013949462e-05,-4.0530649372918076e-07,8.106129874583615e-07
10.24,-0.0003050379453973284,2.5609998572834705e-06,-0.0023285653915954127,3.139264088198198,-0.0008050365907637065,3.724886114397332e-06,6.270364573178405e-13,5.858562059974903e-25,,2.2803966914040324e-06,-4.560793382808065e-06,25.132729288589204,2.3880258309951294e-05,-3.8941419879485416e-07,7.788283975897083e-07
10.26,-0.0003050379453973284,2.5609998572834705e-06,-0.0023285653922315622,3.139264088197562,-0.0008050365907276607,3.7249016180426132e-06,6.270364573178517e-13,5.408134403967238e-25,,2.1909810581788938e-06,-4.3819621163577875e-06,25.132729756768363,2.294389998843071e-05,-3.741450496580592e-07,7.482900993161184e-07
10.28,-0.0003050379453973284,2.5609998572834705e-06,-0.002328565392818802,3.139264088196974,-0.0008050365906930263,3.72491651376928e-06,6.270364573178621e-13,4.992337271829554e-25,,2.1050714620810627e-06,-4.2101429241621255e-06,25.132730206589954,2.2044256801851337e-05,-3.594746124225848e-07,7.189492248451696e-07
10.3,-0.0003050379453973284,2.5609998572834705e-06,-0.002328565393360893,3.139264088196432,-0.0008050365906597482,3.724930825415085e-06,6.270364573178717e-13,4.608508142362002e-25,,2.0225304294284253e-06,-4.045060858856851e-06,25.13273063877379,2.117988912918053e-05,-3.45379411258994e-07,6.90758822517988e-07
10.32,-0.0003050379453973284,2.5609998572834705e-06,-0.002328565393861306,3.1392640881959313,-0.0008050365906277729,3.724944575883016e-06,6.270364573178806e-13,4.254189198722155e-25,,1.9432258769590443e-06,-3.886451753918089e-06,25.132731054011455,2.034941379773375e-05,-3.318368908382884e-07,6.636737816765768e-07
10.34,-0.0003050379453973284,2.5609998572834705e-06,-0.002328565394323245,3.1392640881954694,-0.0008050365905970501,3.7249577871779576e-06,6.270364573178888e-13,3.927111590006097e-25,,1.8670309004697614e-06,-3.734061800939523e-06,25.13273145296742,1.9551501869803158e-05,-3.188253802385698e-07,6.376507604771396e-07
10.36,-0.0003050379453973284,2.5609998572834705e-06,-0.0023285653947496686,3.139264088195043,-0.0008050365905675303,3.72497048044191e-06,6.270364573178963e-13,3.6251809028567154e-25,,1.7938235717423991e-06,-3.5876471434847982e-06,25.132731836280097,1.8784876516073774e-05,-3.063240582669417e-07,6.126481165338834e-07
10.38,-0.0003050379453973284,2.5609998572834705e-06,-0.0023285653951433073,3.1392640881946496,-0.0008050365905391663,3.7249826759878283e-06,6.270364573179033e-13,3.346463750067796e-25,,1.7234867434325969e-06,-3.4469734868651937e-06,25.13273220456287,1.8048310972424166e-05,-2.9431292014115846e-07,5.886258402823169e-07
10.4,-0.0003050379453973284,2.5609998572834705e-06,-0.0023285653955066815,3.1392640881942864,-0.0008050365905119133,3.7249943933321337e-06,6.270364573179098e-13,3.0891753903052633e-25,,1.6559078616090687e-06,-3.3118157232181374e-06,25.132732558405067,1.7340626576842135e-05,-2.8277274547770614e-07,5.655454909554123e-07
10.42,-0.0003050379453973284,2.5609998572834705e-06,-0.0023285653958421185,3.1392640881939506,-0.0008050365904857281,3.7250056512259505e-06,6.270364573179157e-13,2.8516682996694163e-25,,1.5909787856432998e-06,-3.1819575712865997e-06,25.132732898372915,1.6660690883314025e-05,-2.716850675350879e-07,5.433701350701758e-07
10.44,-0.0003050379453973284,2.5609998572834705e-06,-0.002328565396151766,3.1392640881936416,-0.0008050365904605683,3.7250164676851154e-06,6.270364573179212e-13,2.6324216219172855e-25,,1.5285956151614703e-06,-3.0571912303229405e-06,25.13273322501043,1.6007415849669506e-05,-2.6103214366309815e-07,5.220642873261963e-07
10.46,-0.0003050379453973284,2.5609998572834705e-06,-0.002328565396437606,3.1392640881933556,-0.0008050365904363941,3.7250268600190154e-06,6.270364573179262e-13,2.430031429790397e-25,,1.4686585237816895e-06,-2.937317047563379e-06,25.132733538840306,1.5379756096481973e-05,-2.507969269107967e-07,5.015938538215934e-07
10.48,-0.0003050379453973284,2.5609998572834705e-06,-0.00232856539670147,3.1392640881930918,-0.0008050365904131668,3.725036844858288e-06,6.270364573179309e-13,2.2432017350872268e-25,,1.4110715993704883e-06,-2.8221431987409766e-06,25.132733840364736,1.4776707234238438e-05,-2.4096303874775054e-07,4.819260774955011e-07
10.5,-0.0003050379453973284,2.5609998572834705e-06,-0.0023285653969450475,3.1392640881928475,-0.0008050365903908493,3.7250464381814404e-06,6.270364573179352e-13,2.070736189914177e-25,,1.3557426905629432e-06,-2.7114853811258865e-06,25.132734130066225,1.4197304256102026e-05,-2.3151474285489075e-07,4.630294857097815e-07
10.52,-0.0003050379453973284,2.5609998572834705e-06,-0.0023285653971698976,3.1392640881926237,-0.000805036590369406,3.7250556553404216e-06,6.270364573179391e-13,1.9115304259746308e-25,,1.3025832593008318e-06,-2.6051665186016635e-06,25.132734408408357,1.3640619993695157e-05,-2.224369199430448e-07,4.448738398860896e-07
10.540000000000001,-0.0003050379453973284,2.5609998572834705e-06,-0.0023285653973774603,3.139264088192416,-0.0008050365903488031,3.7250645110851936e-06,6.270364573179428e-13,1.764564982841516e-25,,1.2515082391528513e-06,-2.5030164783057025e-06,25.132734675836538,1.3105763633432335e-05,-2.1371504355884823e-07,4.2743008711769645e-07
10.56,-0.0003050379453973284,2.5609998572834705e-06,-0.002328565397569065,3.139264088192224,-0.0008050365903290071,3.725073019587334e-06,6.270364573179462e-13,1.6288987799300646e-25,,1.2024358991901794e-06,-2.404871798380359e-06,25.13273493277871,1.2591879291028367e-05,-2.0533515683932012e-07,4.1067031367864024e-07
10.58,-0.0003050379453973284,2.5609998572834705e-06,-0.002328565397745938,3.1392640881920473,-0.0008050365903099872,3.7250811944627234e-06,6.270364573179493e-13,1.5036630903691702e-25,,1.1552877131995518e-06,-2.3105754263991037e-06,25.132735179646033,1.2098144641900897e-05,-1.972838501779047e-07,3.945677003558094e-07
10.6,-0.0003050379453973284,2.5609998572834705e-06,-0.002328565397909213,3.139264088191884,-0.0008050365902917119,3.725089048793331e-06,6.270364573179523e-13,1.3880559781835483e-25,,1.1099882340245674e-06,-2.219976468049135e-06,25.13273541683355,1.1623769605275647e-05,-1.8954823976624002e-07,3.7909647953248005e-07
10.620000000000001,-0.0003050379453973284,2.5609998572834705e-06,-0.0023285653980599343,3.1392640881917337,-0.0008050365902741528,3.7250965951481534e-06,6.270364573179549e-13,1.2813371631656324e-25,,1.0664649728341418e-06,-2.1329299456682836e-06,25.132735644720814,1.116799507988861e-05,-1.8211594697731583e-07,3.6423189395463166e-07
10.64,-0.0003050379453973284,2.5609998572834705e-06,-0.002328565398199068,3.1392640881915934,-0.0008050365902572819,3.725103845603331e-06,6.270364573179573e-13,1.182823280554885e-25,,1.0246482831249126e-06,-2.0492965662498252e-06,25.13273586367249,1.0730091729262082e-05,-1.749750785570295e-07,3.49950157114059e-07
10.66,-0.0003050379453973284,2.5609998572834705e-06,-0.002328565398327504,3.1392640881914655,-0.0008050365902410718,3.725110811761472e-06,6.270364573179596e-13,1.0918835051702985e-25,,9.844712492719756e-07,-1.968942498543951e-06,25.13273607403895,1.0309358814610698e-05,-1.6811420759244206e-07,3.362284151848841e-07
10.68,-0.0003050379453973284,2.5609998572834705e-06,-0.002328565398446066,3.1392640881913465,-0.000805036590225497,3.725117504770226e-06,6.270364573179618e-13,1.0079355119755507e-25,,9.458695794496084e-07,-1.8917391588992167e-06,25.13273627615682,9.90512307350987e-06,-1.6152235522627964e-07,3.2304471045255927e-07
10.700000000000001,-0.0003050379453973284,2.5609998572834705e-06,-0.0023285653985555123,3.139264088191238,-0.0008050365902105327,3.725123935340118e-06,6.270364573179637e-13,9.304417472106955e-26,,9.08781502750633e-07,-1.817563005501266e-06,25.132736470349535,9.516737642532285e-06,-1.5518897308841953e-07,3.1037794617683906e-07
10.72,-0.0003050379453973284,2.5609998572834705e-06,-0.002328565398656544,3.139264088191137,-0.0008050365901961546,3.7251301137616965e-06,6.270364573179655e-13,8.589059862128504e-26,,8.731476703397861e-07,-1.7462953406795721e-06,25.132736656927847,9.143581022128397e-06,-1.4910392641624756e-07,2.982078528324951e-07
10.74,-0.0003050379453973284,2.5609998572834705e-06,-0.002328565398749808,3.1392640881910427,-0.0008050365901823399,3.7251360499219953e-06,6.270364573179671e-13,7.928701558842181e-26,,8.389110604829206e-07,-1.6778221209658412e-06,25.13273683619032,8.785056082094567e-06,-1.4325747783687576e-07,2.865149556737515e-07
10.76,-0.0003050379453973284,2.5609998572834705e-06,-0.0023285653988359013,3.1392640881909575,-0.0008050365901690669,3.725141753320362e-06,6.270364573179686e-13,7.319114014603779e-26,,8.060168873000659e-07,-1.6120337746001318e-06,25.132737008423806,8.440589106037344e-06,-1.3764027178526822e-07,2.7528054357053643e-07
10.78,-0.0003050379453973284,2.5609998572834705e-06,-0.0023285653989153754,3.1392640881908775,-0.0008050365901563137,3.725147233083658e-06,6.2703645731797e-13,6.75639378796134e-26,,7.744125130963316e-07,-1.5488250261926632e-06,25.132737173903923,8.109628873304827e-06,-1.3224331953334117e-07,2.6448663906668234e-07
10.8,-0.0003050379453973284,2.5609998572834705e-06,-0.0023285653989887395,3.1392640881908047,-0.0008050365901440604,3.7251524979808636e-06,6.270364573179714e-13,6.236937548303387e-26,,7.440473641303655e-07,-1.488094728260731e-06,25.13273733289547,7.791645776916032e-06,-1.2705798480608033e-07,2.5411596961216065e-07
10.82,-0.0003050379453973284,2.5609998572834705e-06,-0.002328565399056463,3.139264088190737,-0.0008050365901322873,3.725157556437115e-06,6.270364573179726e-13,5.757419002240946e-26,,7.148728496855783e-07,-1.4297456993711566e-06,25.13273748565287,7.486130976076722e-06,-1.2207596996165832e-07,2.4415193992331665e-07
10.84,-0.0003050379453973284,2.5609998572834705e-06,-0.00232856539911898,3.139264088190674,-0.0008050365901209758,3.7251624165471837e-06,6.270364573179737e-13,5.314767593973755e-26,,6.868422843146299e-07,-1.3736845686292597e-06,25.132737632420568,7.192595581925587e-06,-1.1728930271343756e-07,2.3457860542687511e-07
10.86,-0.0003050379453973284,2.5609998572834705e-06,-0.0023285653991766903,3.1392640881906164,-0.0008050365901101073,3.7251670860884325e-06,6.270364573179747e-13,4.906148843250042e-26,,6.599108131327537e-07,-1.3198216262655075e-06,25.132737773433423,6.9105698752077616e-06,-1.1269032337261073e-07,2.2538064674522145e-07
10.88,-0.0003050379453973284,2.5609998572834705e-06,-0.0023285653992299636,3.139264088190563,-0.0008050365900996652,3.7251715725332624e-06,6.270364573179756e-13,4.528946195015873e-26,,6.34035340040372e-07,-1.268070680080744e-06,25.132737908917083,6.6396025546238055e-06,-1.082716725910646e-07,2.165433451821292e-07
10.9,-0.0003050379453973284,2.5609998572834705e-06,-0.002328565399279141,3.1392640881905134,-0.0008050365900896322,3.7251758830610704e-06,6.270364573179765e-13,4.1807442645297215e-26,,6.091744587601415e-07,-1.218348917520283e-06,25.132738039088352,6.379260014651338e-06,-1.0402627958485292e-07,2.0805255916970584e-07
10.92,-0.0003050379453973284,2.5609998572834705e-06,-0.0023285653993245373,3.139264088190469,-0.0008050365900799923,3.7251800245697397e-06,6.270364573179773e-13,3.859313370653827e-26,,5.852883865780763e-07,-1.1705767731561526e-06,25.132738164155533,6.1291256516837e-06,-9.99473508194336e-08,1.998947016388672e-07
10.94,-0.0003050379453973284,2.5609998572834705e-06,-0.0023285653993664434,3.1392640881904263,-0.0008050365900707302,3.7251840036866744e-06,6.27036457317978e-13,3.562595258282692e-26,,5.623389006827181e-07,-1.1246778013654361e-06,25.132738284318762,5.888799197375299e-06,-9.602835913856409e-08,1.9205671827712818e-07
10.96,-0.0003050379453973284,2.5609998572834705e-06,-0.0023285653994051278,3.139264088190388,-0.0008050365900618313,3.725187826779414e-06,6.270364573179787e-13,3.288689918483371e-26,,5.402892770004826e-07,-1.0805785540009652e-06,25.13273839977032,5.657896078126864e-06,-9.226303331945886e-08,1.8452606663891772e-07
10.98,-0.0003050379453973284,2.5609998572834705e-06,-0.002328565399440838,3.1392640881903517,-0.0008050365900532813,3.7251914999658138e-06,6.270364573179793e-13,3.0358434219515776e-26,,5.191042314293079e-07,-1.0382084628586158e-06,25.13273851069496,5.436046799685639e-06,-8.864534803749499e-08,1.7729069607498998e-07
11.0,-0.0003050379453973284,2.5609998572834705e-06,-0.0023285653994738024,3.1392640881903198,-0.0008050365900450663,3.7251950291238413e-06,6.270364573179799e-13,2.8024366878760935e-26,,4.987498633765625e-07,-9.97499726753125e-07,25.13273861727018,5.2228963558757465e-06,-8.51695142244073e-08,1.703390284488146e-07
11.02,-0.0003050379453973284,2.5609998572834705e-06,-0.0023285653995042325,3.1392640881902887,-0.0008050365900371733,3.7251984199009824e-06,6.270364573179804e-13,2.5869751162939605e-26,,4.791936015108652e-07,-9.583872030217305e-07,25.13273871966653,5.0181036605125706e-06,-8.18299698045441e-08,1.636599396090882e-07
11.040000000000001,-0.0003050379453973284,2.5609998572834705e-06,-0.002328565399532323,3.139264088190261,-0.0008050365900295895,3.7252016777232767e-06,6.270364573179809e-13,2.3880790175480563e-26,,4.6040415164100604e-07,-9.208083032820121e-07,25.13273881804786,4.821341001592093e-06,-7.862137079435947e-08,1.5724274158871893e-07
11.06,-0.0003050379453973284,2.5609998572834705e-06,-0.0023285653995582536,3.1392640881902345,-0.0008050365900223032,3.725204807804002e-06,6.270364573179814e-13,2.2044747775629432e-26,,4.4235144663856336e-07,-8.847028932771267e-07,25.1327389125716,4.632293516881767e-06,-7.553858275089948e-08,1.5107716550179895e-07
11.08,-0.0003050379453973284,2.5609998572834705e-06,-0.0023285653995821906,3.1392640881902114,-0.0008050365900153023,3.7252078151520183e-06,6.270364573179819e-13,2.0349867023665817e-26,,4.250065983240841e-07,-8.500131966481682e-07,25.132739003389013,4.450658690073775e-06,-7.257667255559806e-08,1.4515334511119611e-07
11.1,-0.0003050379453973284,2.5609998572834705e-06,-0.0023285653996042875,3.1392640881901883,-0.0008050365900085761,3.7252107045797807e-06,6.270364573179823e-13,1.8785294896350388e-26,,4.083418512398334e-07,-8.166837024796668e-07,25.132739090645423,4.276145866694396e-06,-6.973090052023486e-08,1.3946180104046973e-07
11.120000000000001,-0.0003050379453973284,2.5609998572834705e-06,-0.0023285653996246852,3.1392640881901688,-0.0008050365900021134,3.725213480711044e-06,6.270364573179827e-13,1.734101279052309e-26,,3.923305382351409e-07,-7.846610764702818e-07,25.132739174480463,4.108475788994833e-06,-6.69967128024229e-08,1.339934256048458e-07
11.14,-0.0003050379453973284,2.5609998572834705e-06,-0.002328565399643515,3.1392640881901492,-0.0008050365899959042,3.7252161479882593e-06,6.27036457317983e-13,1.6007772369838948e-26,,3.769470377932701e-07,-7.538940755865402e-07,25.132739255028284,3.947380149079244e-06,-6.436973411848916e-08,1.2873946823697833e-07
11.16,-0.0003050379453973284,2.5609998572834705e-06,-0.0023285653996608967,3.1392640881901324,-0.0008050365899899385,3.725218710679684e-06,6.270364573179833e-13,1.477703634384094e-26,,3.621667330315256e-07,-7.243334660630512e-07,25.132739332417778,3.7926011595548608e-06,-6.184576074208736e-08,1.2369152148417473e-07
11.18,-0.0003050379453973284,2.5609998572834705e-06,-0.0023285653996769425,3.1392640881901164,-0.0008050365899842063,3.725221172886213e-06,6.270364573179836e-13,1.3640923800154298e-26,,3.4796597230898863e-07,-6.959319446179773e-07,25.13273940677279,3.643891141017165e-06,-5.942075377733889e-08,1.1884150755467778e-07
11.200000000000001,-0.0003050379453973284,2.5609998572834705e-06,-0.0023285653996917544,3.1392640881901013,-0.000805036589978699,3.7252235385479405e-06,6.270364573179839e-13,1.2592159739741494e-26,,3.34322031378846e-07,-6.68644062757692e-07,25.132739478212297,3.501012125710001e-06,-5.709083269573772e-08,1.1418166539147544e-07
11.22,-0.0003050379453973284,2.5609998572834705e-06,-0.0023285653997054275,3.139264088190087,-0.0008050365899734077,3.7252258114504666e-06,6.270364573179841e-13,1.1624028492070927e-26,,3.2121307702474686e-07,-6.424261540494937e-07,25.132739546850623,3.3637354767263947e-06,-5.485226912647696e-08,1.0970453825295392e-07
11.24,-0.0003050379453973284,2.5609998572834705e-06,-0.0023285653997180493,3.1392640881900746,-0.0008050365899683236,3.7252279952309515e-06,6.270364573179843e-13,1.0730330711897968e-26,,3.086181321229985e-07,-6.17236264245997e-07,25.1327396127976,3.231841522140725e-06,-5.2701480890260087e-08,1.0540296178052017e-07
11.26,-0.0003050379453973284,2.5609998572834705e-06,-0.0023285653997297006,3.139264088190064,-0.0008050365899634389,3.7252300933839407e-06,6.270364573179845e-13,9.905343682290368e-27,,2.965170420746933e-07,-5.930340841493866e-07,25.13273967615876,3.1051192034867776e-06,-5.0635026267049866e-08,1.0127005253409973e-07
11.28,-0.0003050379453973284,2.5609998572834705e-06,-0.0023285653997404563,3.1392640881900533,-0.0008050365899587458,3.725232109266956e-06,6.270364573179847e-13,9.14378466970223e-27,,2.848904425540504e-07,-5.697808851081008e-07,25.132739737035493,2.9833657380191693e-06,-4.864959848858199e-08,9.729919697716398e-08
11.3,-0.0003050379453973284,2.5609998572834705e-06,-0.002328565399750385,3.1392640881900427,-0.0008050365899542366,3.7252340461058643e-06,6.270364573179849e-13,8.4407770964437e-27,,2.7371972852136324e-07,-5.474394570427265e-07,25.132739795525215,2.866386294217694e-06,-4.67420204468304e-08,9.34840408936608e-08
11.32,-0.0003050379453973284,2.5609998572834705e-06,-0.0023285653997595504,3.1392640881900338,-0.0008050365899499041,3.7252359070000456e-06,6.270364573179851e-13,7.791819313934843e-27,,2.6298702445096675e-07,-5.259740489019335e-07,25.13273985172152,2.7539936800153243e-06,-4.4909239609956607e-08,8.981847921991321e-08
11.34,-0.0003050379453973284,2.5609998572834705e-06,-0.002328565399768011,3.139264088190025,-0.0008050365899457416,3.72523769492735e-06,6.270364573179852e-13,7.192755776785836e-27,,2.5267515572658265e-07,-5.053503114531653e-07,25.132739905714338,2.6460080432509663e-06,-4.314832313760751e-08,8.629664627521502e-08
11.36,-0.0003050379453973284,2.5609998572834705e-06,-0.0023285653997758213,3.139264088190018,-0.0008050365899417422,3.7252394127488624e-06,6.270364573179853e-13,6.639750433119173e-27,,2.4276762115826927e-07,-4.855352423165385e-07,25.13273995759007,2.542256583867632e-06,-4.1456453187745124e-08,8.291290637549025e-08
11.38,-0.0003050379453973284,2.5609998572834705e-06,-0.0023285653997830312,3.1392640881900107,-0.0008050365899378996,3.7252410632134827e-06,6.270364573179854e-13,6.129262160741135e-27,,2.332485665769972e-07,-4.664971331539944e-07,25.13274000743172,2.442573277395483e-06,-3.983092240749818e-08,7.966184481499635e-08
11.4,-0.0003050379453973284,2.5609998572834705e-06,-0.0023285653997896865,3.1392640881900036,-0.0008050365899342077,3.7252426489623235e-06,6.270364573179855e-13,5.658022091870126e-27,,2.2410275946459644e-07,-4.482055189291929e-07,25.132740055319054,2.346798609277258e-06,-3.8269129600819873e-08,7.653825920163975e-08
11.42,-0.0003050379453973284,2.5609998572834705e-06,-0.00232856539979583,3.1392640881899974,-0.0008050365899306606,3.7252441725329375e-06,6.270364573179856e-13,5.223012681222804e-27,,2.153155645784776e-07,-4.306311291569552e-07,25.1327401013287,2.254779319610949e-06,-3.6768575566019295e-08,7.353715113203859e-08
11.44,-0.0003050379453973284,2.5609998572834705e-06,-0.0023285653998015013,3.139264088189991,-0.0008050365899272525,3.7252456363633774e-06,6.270364573179857e-13,4.821448383422125e-27,,2.0687292053212132e-07,-4.1374584106424264e-07,25.13274014553428,2.1663681579012606e-06,-3.5326859096505495e-08,7.065371819301099e-08
11.46,-0.0003050379453973284,2.5609998572834705e-06,-0.0023285653998067367,3.139264088189986,-0.0008050365899239778,3.7252470427960984e-06,6.270364573179858e-13,4.4507578159969564e-27,,1.9876131729385998e-07,-3.9752263458771995e-07,25.132740188006537,2.0814236474274035e-06,-3.394167313834466e-08,6.788334627668932e-08
11.48,-0.0003050379453973284,2.5609998572834705e-06,-0.0023285653998115696,3.1392640881899814,-0.0008050365899208317,3.7252483940817047e-06,6.270364573179859e-13,4.108567293755352e-27,,1.909677745679447e-07,-3.819355491358894e-07,25.132740228813432,1.9998098588501575e-06,-3.2610801098481635e-08,6.522160219696327e-08
11.5,-0.0003050379453973284,2.5609998572834705e-06,-0.002328565399816031,3.139264088189977,-0.0008050365899178089,3.725249692382553e-06,6.27036457317986e-13,3.792685629095477e-27,,1.8347982102330287e-07,-3.6695964204660573e-07,25.132740268020264,1.9213961926959296e-06,-3.1332113297718137e-08,6.266422659543627e-08
11.52,-0.0003050379453973284,2.5609998572834705e-06,-0.002328565399820149,3.1392640881899734,-0.0008050365899149048,3.7252509397762135e-06,6.270364573179861e-13,3.501090100924071e-27,,1.762854743367478e-07,-3.525709486734956e-07,25.132740305689776,1.8460571703697312e-06,-3.0103563562771654e-08,6.020712712554331e-08
11.540000000000001,-0.0003050379453973284,2.5609998572834705e-06,-0.0023285653998239507,3.13926408818997,-0.0008050365899121142,3.725252138258791e-06,6.270364573179862e-13,3.2319135023357474e-27,,1.6937322201870516e-07,-3.387464440374103e-07,25.132740341882243,1.7736722333626589e-06,-2.8923185951961688e-08,5.7846371903923376e-08
11.56,-0.0003050379453973284,2.5609998572834705e-06,-0.00232856539982746,3.1392640881899663,-0.0008050365899094332,3.7252532897481224e-06,6.270364573179863e-13,2.9834321841140667e-27,,1.6273200299077366e-07,-3.254640059815473e-07,25.132740376655583,1.7041255503325577e-06,-2.778909160928362e-08,5.557818321856724e-08
11.58,-0.0003050379453973284,2.5609998572834705e-06,-0.0023285653998306997,3.1392640881899627,-0.0008050365899068574,3.725254396086846e-06,6.270364573179864e-13,2.7540550174918948e-27,,1.563511898856396e-07,-3.127023797712792e-07,25.13274041006544,1.6373058317491622e-06,-2.669946574183614e-08,5.339893148367228e-08
11.6,-0.0003050379453973284,2.5609998572834705e-06,-0.0023285653998336904,3.139264088189959,-0.0008050365899043824,3.7252554590453464e-06,6.270364573179865e-13,2.5423132054950863e-27,,1.5022057204102206e-07,-3.004411440820441e-07,25.132740442165282,1.5731061518071055e-06,-2.565256471576541e-08,5.130512943153082e-08
11.620000000000001,-0.0003050379453973284,2.5609998572834705e-06,-0.0023285653998364507,3.1392640881899565,-0.0008050365899020045,3.7252564803245913e-06,6.270364573179865e-13,2.346850877627275e-27,,1.4433033916043475e-07,-2.886606783208695e-07,25.132740473006468,1.511423777321818e-06,-2.4646713266078923e-08,4.9293426532157846e-08
11.64,-0.0003050379453973284,2.5609998572834705e-06,-0.002328565399838999,3.139264088189954,-0.0008050365898997199,3.7252574615588523e-06,6.270364573179865e-13,2.1664164076696982e-27,,1.3867106561461868e-07,-2.7734213122923737e-07,25.132740502638356,1.4521600033345157e-06,-2.368030181586409e-08,4.736060363172818e-08
11.66,-0.0003050379453973284,2.5609998572834705e-06,-0.0023285653998413513,3.139264088189952,-0.0008050365898975248,3.7252584043183197e-06,6.270364573179865e-13,1.9998543990002248e-27,,1.332336953585245e-07,-2.66467390717049e-07,25.13274053110836,1.3952199951632053e-06,-2.27517839006218e-08,4.55035678012436e-08
11.68,-0.0003050379453973284,2.5609998572834705e-06,-0.0023285653998435228,3.1392640881899494,-0.0008050365898954158,3.7252593101116154e-06,6.270364573179865e-13,1.846098286110425e-27,,1.2800952743970825e-07,-2.560190548794165e-07,25.13274055846204,1.340512636646963e-06,-2.1859673693593276e-08,4.371934738718655e-08
11.700000000000001,-0.0003050379453973284,2.5609998572834705e-06,-0.0023285653998455272,3.1392640881899476,-0.0008050365898933894,3.7252601803882068e-06,6.270364573179865e-13,1.704163504944968e-27,,1.229902020749512e-07,-2.459804041499024e-07,25.132740584743164,1.2879503843406375e-06,-2.1002543628120276e-08,4.200508725624055e-08
11.72,-0.0003050379453973284,2.5609998572834705e-06,-0.0023285653998473778,3.139264088189946,-0.0008050365898914426,3.725261016540728e-06,6.270364573179865e-13,1.5731411883303145e-27,,1.1816768727282326e-07,-2.363353745456465e-07,25.132740609993792,1.2374491274266603e-06,-2.0179022113233878e-08,4.0358044226467755e-08
11.74,-0.0003050379453973284,2.5609998572834705e-06,-0.002328565399849086,3.139264088189944,-0.0008050365898895722,3.7252618199072043e-06,6.270364573179865e-13,1.4521923461218726e-27,,1.1353426598078297e-07,-2.2706853196156594e-07,25.13274063425433,1.1889280531197925e-06,-1.9387791338816303e-08,3.8775582677632606e-08
11.76,-0.0003050379453973284,2.5609998572834705e-06,-0.002328565399850663,3.1392640881899423,-0.0008050365898877748,3.725262591773198e-06,6.270364573179865e-13,1.3405424928027098e-27,,1.0908252373624715e-07,-2.181650474724943e-07,25.1327406575636,1.142309517349429e-06,-1.8627585166823585e-08,3.725517033364717e-08
11.78,-0.0003050379453973284,2.5609998572834705e-06,-0.0023285653998521183,3.1392640881899414,-0.0008050365898860483,3.725263333373864e-06,6.270364573179865e-13,1.2374766881321142e-27,,1.0480533680186888e-07,-2.0961067360373776e-07,25.132740679958896,1.0975189205125188e-06,-1.7897187105194568e-08,3.5794374210389137e-08
11.8,-0.0003050379453973284,2.5609998572834705e-06,-0.002328565399853462,3.1392640881899396,-0.000805036589884389,3.7252640458959237e-06,6.270364573179865e-13,1.1423349590871891e-27,,1.0069586076603794e-07,-2.0139172153207587e-07,25.132740701476063,1.0544845880982861e-06,-1.7195428361204078e-08,3.4390856722408156e-08
11.82,-0.0003050379453973284,2.5609998572834705e-06,-0.002328565399854702,3.139264088189938,-0.0008050365898827952,3.725264730479569e-06,6.270364573179865e-13,1.0545080737823253e-27,,9.674751959036201e-08,-1.9349503918072402e-07,25.132740722149528,1.013137655993721e-06,-1.6521185971145216e-08,3.304237194229043e-08
11.84,-0.0003050379453973284,2.5609998572834705e-06,-0.002328565399855847,3.139264088189938,-0.0008050365898812635,3.7252653882202827e-06,6.270364573179865e-13,9.73433640305176e-28,,9.295399508660231e-08,-1.8590799017320462e-07,25.132740742012377,9.734119602863065e-07,-1.5873381003347843e-08,3.1746762006695686e-08
11.86,-0.0003050379453973284,2.5609998572834705e-06,-0.002328565399856904,3.139264088189936,-0.0008050365898797922,3.725266020170592e-06,6.270364573179865e-13,8.985925054883792e-28,,8.930921680622443e-08,-1.7861843361244887e-07,25.132740761096393,9.35243931387644e-07,-1.5250976831657715e-08,3.050195366331543e-08
11.88,-0.0003050379453973284,2.5609998572834705e-06,-0.0023285653998578798,3.139264088189935,-0.0008050365898783784,3.7252666273417557e-06,6.270364573179865e-13,8.29505430556865e-28,,8.58073523263856e-08,-1.716147046527712e-07,25.132740779432112,8.985724923085483e-07,-1.4652977476613491e-08,2.9305954953226983e-08
11.9,-0.0003050379453973284,2.5609998572834705e-06,-0.0023285653998587805,3.1392640881899343,-0.0008050365898770199,3.725267210705379e-06,6.270364573179865e-13,7.657300223635435e-28,,8.244279791681382e-08,-1.6488559583362764e-07,25.13274079704888,8.633389609228353e-07,-1.40784260116671e-08,2.81568520233342e-08
11.92,-0.0003050379453973284,2.5609998572834705e-06,-0.002328565399859612,3.1392640881899334,-0.000805036589875715,3.7252677711949707e-06,6.270364573179865e-13,7.06857900562805e-28,,7.921016957264387e-08,-1.5842033914528775e-07,25.13274081397488,8.294869560634004e-07,-1.3526403031897111e-08,2.7052806063794222e-08
11.94,-0.0003050379453973284,2.5609998572834705e-06,-0.0023285653998603795,3.1392640881899325,-0.000805036589874461,3.725268309707435e-06,6.270364573179865e-13,6.525120825820768e-28,,7.610429439886092e-08,-1.5220858879772184e-07,25.132740830237204,7.969623073003222e-07,-1.2996025182764708e-08,2.5992050365529417e-08
11.96,-0.0003050379453973284,2.5609998572834705e-06,-0.002328565399861088,3.1392640881899325,-0.0008050365898732562,3.7252688271045097e-06,6.270364573179865e-13,6.023445696463121e-28,,7.312020233256487e-08,-1.4624040466512974e-07,25.13274084586187,7.657129682566181e-07,-1.2486443746557973e-08,2.4972887493115945e-08
11.98,-0.0003050379453973284,2.5609998572834705e-06,-0.002328565399861742,3.1392640881899307,-0.0008050365898720987,3.7252693242141408e-06,6.270364573179865e-13,5.560341183977429e-28,,7.02531181898094e-08,-1.405062363796188e-07,25.132740860873888,7.356889333229367e-07,-1.1996843284262468e-08,2.3993686568524936e-08
12.0,-0.0003050379453973284,2.5609998572834705e-06,-0.002328565399862346,3.1392640881899307,-0.0008050365898709868,3.7252698018318132e-06,6.270364573179865e-13,5.1328418384164525e-28,,6.749845402428885e-08,-1.349969080485777e-07,25.132740875297277,7.068421576379152e-07,-1.1526440330684852e-08,2.3052880661369704e-08
12.02,-0.0003050379453973284,2.5609998572834705e-06,-0.002328565399862903,3.1392640881899307,-0.0008050365898699182,3.725270260721816e-06,6.270364573179865e-13,4.738210204459528e-28,,6.485180178564536e-08,-1.297036035712907e-07,25.132740889155116,6.791264802061506e-07,-1.1074482140741418e-08,2.2148964281482836e-08
12.040000000000001,-0.0003050379453973284,2.5609998572834705e-06,-0.0023285653998634174,3.13926408818993,-0.0008050365898688917,3.7252707016184747e-06,6.270364573179865e-13,4.373919292352614e-28,,6.230892626564784e-08,-1.2461785253129568e-07,25.132740902469582,6.524975500307587e-07,-1.0640245484905367e-08,2.1280490969810734e-08
12.06,-0.0003050379453973284,2.5609998572834705e-06,-0.0023285653998638923,3.139264088189929,-0.0008050365898679052,3.725271125227319e-06,6.270364573179865e-13,4.0376363965466078e-28,,5.986575832095525e-08,-1.197315166419105e-07,25.13274091526198,6.269127551423176e-07,-1.0223035491885267e-08,2.0446070983770534e-08
12.08,-0.0003050379453973284,2.5609998572834705e-06,-0.0023285653998643308,3.139264088189929,-0.0008050365898669577,3.725271532226213e-06,6.270364573179865e-13,3.7272081584178467e-28,,5.7518388361619115e-08,-1.1503677672323823e-07,25.13274092755278,6.02331154410625e-07,-9.82218453668274e-09,1.964436907336548e-08
12.1,-0.0003050379453973284,2.5609998572834705e-06,-0.0023285653998647354,3.139264088189929,-0.0008050365898660471,3.7252719232664444e-06,6.270364573179865e-13,3.4406467774211772e-28,,5.5263060094905544e-08,-1.1052612018981109e-07,25.132740939361653,5.787134120301558e-07,-9.437051172250031e-09,1.8874102344500062e-08
12.120000000000001,-0.0003050379453973284,2.5609998572834705e-06,-0.002328565399865109,3.139264088189928,-0.0008050365898651722,3.725272298973761e-06,6.270364573179865e-13,3.176117282380016e-28,,5.309616451442543e-08,-1.0619232902885086e-07,25.132740950707493,5.560217345743807e-07,-9.067019103037881e-09,1.8134038206075762e-08
12.14,-0.0003050379453973284,2.5609998572834705e-06,-0.0023285653998654536,3.139264088189927,-0.0008050365898643317,3.7252726599493763e-06,6.270364573179865e-13,2.9319257814061152e-28,,5.101423412495429e-08,-1.0202846824990858e-07,25.132740961608455,5.342198105182211e-07,-8.711496198791165e-09,1.742299239758233e-08
12.16,-0.0003050379453973284,2.5609998572834705e-06,-0.002328565399865772,3.139264088189927,-0.000805036589863524,3.7252730067709286e-06,6.270364573179865e-13,2.7065086152084147e-28,,4.901393739370014e-08,-9.802787478740028e-08,25.132740972081983,5.132727521318619e-07,-8.369913547014159e-09,1.6739827094028318e-08
12.18,-0.0003050379453973284,2.5609998572834705e-06,-0.002328565399866066,3.139264088189927,-0.0008050365898627481,3.7252733399934075e-06,6.270364573179865e-13,2.4984223443351657e-28,,4.709207341914024e-08,-9.418414683828048e-08,25.13274098214484,4.93147039652941e-07,-8.041724542589166e-09,1.608344908517833e-08
12.200000000000001,-0.0003050379453973284,2.5609998572834705e-06,-0.0023285653998663374,3.139264088189927,-0.0008050365898620026,3.7252736601500403e-06,6.270364573179865e-13,2.306334506233427e-28,,4.524556680889578e-08,-9.049113361779156e-08,25.132740991813126,4.7381046764777774e-07,-7.726404013091717e-09,1.5452808026183434e-08
12.22,-0.0003050379453973284,2.5609998572834705e-06,-0.0023285653998665876,3.139264088189927,-0.0008050365898612864,3.7252739677531472e-06,6.270364573179865e-13,2.12901508293964e-28,,4.3471462758447946e-08,-8.694292551689589e-08,25.132741001102314,4.5523209347580837e-07,-7.42344737840265e-09,1.48468947568053e-08
12.24,-0.0003050379453973284,2.5609998572834705e-06,-0.002328565399866819,3.1392640881899263,-0.0008050365898605984,3.725274263294959e-06,6.270364573179865e-13,1.9653286247652916e-28,,4.1766922322820304e-08,-8.353384464564061e-08,25.132741010027267,4.3738218777475987e-07,-7.132369843272266e-09,1.4264739686544531e-08
12.26,-0.0003050379453973284,2.5609998572834705e-06,-0.002328565399867032,3.1392640881899263,-0.0008050365898599372,3.725274547248406e-06,6.270364573179865e-13,1.814226979542417e-28,,4.012921787366117e-08,-8.025843574732234e-08,25.132741018602268,4.202321868873276e-07,-6.852705621544503e-09,1.3705411243089006e-08
12.280000000000001,-0.0003050379453973284,2.5609998572834705e-06,-0.002328565399867229,3.1392640881899254,-0.0008050365898593019,3.7252748200678756e-06,6.270364573179865e-13,1.6747425808712656e-28,,3.85557287344563e-08,-7.71114574689126e-08,25.13274102684104,4.0375464715322976e-07,-6.584007190799715e-09,1.316801438159943e-08
12.3,-0.0003050379453973284,2.5609998572834705e-06,-0.0023285653998674108,3.1392640881899254,-0.0008050365898586915,3.7252750821899363e-06,6.270364573179865e-13,1.545982252392012e-28,,3.7043936986887375e-08,-7.408787397377475e-08,25.132741034756762,3.879232009934958e-07,-6.325844576223321e-09,1.2651689152446642e-08
12.32,-0.0003050379453973284,2.5609998572834705e-06,-0.0023285653998675786,3.1392640881899254,-0.0008050365898581051,3.725275334034041e-06,6.270364573179865e-13,1.4271214884067029e-28,,3.559142344162552e-08,-7.118284688325104e-08,25.132741042362106,3.727125147167148e-07,-6.0778046625543705e-09,1.2155609325108741e-08
12.34,-0.0003050379453973284,2.5609998572834705e-06,-0.0023285653998677334,3.1392640881899254,-0.0008050365898575416,3.7252755760031934e-06,6.270364573179865e-13,1.3173991742278575e-28,,3.419586376711223e-08,-6.839172753422446e-08,25.13274104966924,3.5809824797972437e-07,-5.8394905330129886e-09,1.1678981066025977e-08
12.36,-0.0003050379453973284,2.5609998572834705e-06,-0.0023285653998678765,3.1392640881899254,-0.0008050365898570003,3.725275808484597e-06,6.270364573179865e-13,1.2161127124459968e-28,,3.285502477013301e-08,-6.571004954026602e-08,25.132741056689856,3.4405701483786894e-07,-5.61052083414885e-09,1.12210416682977e-08
12.38,-0.0003050379453973284,2.5609998572834705e-06,-0.0023285653998680084,3.1392640881899254,-0.0008050365898564801,3.725276031850272e-06,6.270364573179865e-13,1.1226135239074924e-28,,3.156676082223178e-08,-6.313352164446356e-08,25.13274106343519,3.3056634632249864e-07,-5.390529165594297e-09,1.0781058331188595e-08
12.4,-0.0003050379453973284,2.5609998572834705e-06,-0.0023285653998681302,3.1392640881899254,-0.0008050365898559803,3.725276246457651e-06,6.270364573179865e-13,1.036302894593714e-28,,3.03290104262476e-08,-6.06580208524952e-08,25.132741069916037,3.176046544858261e-07,-5.179163493745585e-09,1.035832698749117e-08
12.42,-0.0003050379453973284,2.5609998572834705e-06,-0.0023285653998682426,3.1392640881899254,-0.0008050365898555002,3.725276452650152e-06,6.270364573179865e-13,9.566281418072473e-29,,2.9139792917479395e-08,-5.827958583495879e-08,25.132741076142764,3.0515119785560424e-07,-4.976085588434008e-09,9.952171176868015e-09
12.44,-0.0003050379453973284,2.5609998572834705e-06,-0.0023285653998683467,3.1392640881899254,-0.000805036589855039,3.7252766507577272e-06,6.270364573179865e-13,8.830790751157444e-29,,2.7997205294199866e-08,-5.599441058839973e-08,25.13274108212534,2.931860482443456e-07,-4.780970481685468e-09,9.561940963370936e-09
12.46,-0.0003050379453973284,2.5609998572834705e-06,-0.0023285653998684425,3.1392640881899245,-0.0008050365898545958,3.7252768410973913e-06,6.270364573179865e-13,8.151847293913368e-29,,2.6899419172446742e-08,-5.3798838344893485e-08,25.132741087873335,2.8169005885997077e-07,-4.5935059477023935e-09,9.187011895404787e-09
12.48,-0.0003050379453973284,2.5609998572834705e-06,-0.002328565399868531,3.1392640881899245,-0.0008050365898541699,3.7252770239737287e-06,6.270364573179865e-13,7.525103490259111e-29,,2.5844677860218356e-08,-5.168935572043671e-08,25.132741093395946,2.706448336668562e-07,-4.413392003235843e-09,8.826784006471687e-09
12.5,-0.0003050379453973284,2.5609998572834705e-06,-0.0023285653998686125,3.1392640881899245,-0.0008050365898537607,3.7252771996793803e-06,6.270364573179865e-13,6.946546040109324e-29,,2.483129354639166e-08,-4.966258709278332e-08,25.132741098702013,2.6003269794825256e-07,-4.240340427548314e-09,8.480680855096629e-09
12.52,-0.0003050379453973284,2.5609998572834705e-06,-0.002328565399868688,3.1392640881899245,-0.0008050365898533676,3.7252773684955136e-06,6.270364573179865e-13,6.41247020055229e-29,,2.3857644599864343e-08,-4.7715289199728685e-08,25.132741103800026,2.4983667002296704e-07,-4.074074301199067e-09,8.148148602398135e-09
12.540000000000001,-0.0003050379453973284,2.5609998572834705e-06,-0.002328565399868758,3.1392640881899245,-0.0008050365898529899,3.72527753069227e-06,6.270364573179865e-13,5.91945606284701e-29,,2.2922172974599114e-08,-4.584434594919823e-08,25.132741108698145,2.400404340710505e-07,-3.914327562913945e-09,7.82865512582789e-09
12.56,-0.0003050379453973284,2.5609998572834705e-06,-0.002328565399868822,3.1392640881899236,-0.0008050365898526273,3.7252776865292002e-06,6.270364573179865e-13,5.464346653331565e-29,,2.2023381716417622e-08,-4.4046763432835243e-08,25.132741113404204,2.3062831402500486e-07,-3.760844583830569e-09,7.521689167661139e-09
12.58,-0.0003050379453973284,2.5609998572834705e-06,-0.0023285653998688814,3.1392640881899236,-0.0008050365898522786,3.725277836255675e-06,6.270364573179865e-13,5.044227718013479e-29,,2.1159832567554415e-08,-4.231966513510883e-08,25.132741117925736,2.2158524848473028e-07,-3.613379758437625e-09,7.22675951687525e-09
12.6,-0.0003050379453973284,2.5609998572834705e-06,-0.002328565399868936,3.1392640881899236,-0.0008050365898519436,3.72527798011129e-06,6.270364573179865e-13,4.6564090613948063e-29,,2.0330143665137668e-08,-4.0660287330275335e-08,25.132741122269977,2.1289676661607218e-07,-3.4716971115536425e-09,6.943394223107285e-09
12.620000000000001,-0.0003050379453973284,2.5609998572834705e-06,-0.0023285653998689868,3.1392640881899236,-0.0008050365898516218,3.7252781183262442e-06,6.270364573179865e-13,4.298407320036401e-29,,1.9532987329913777e-08,-3.9065974659827554e-08,25.13274112644388,2.0454896499439901e-07,-3.3355699207163644e-09,6.671139841432729e-09
12.64,-0.0003050379453973284,2.5609998572834705e-06,-0.0023285653998690336,3.1392640881899236,-0.0008050365898513126,3.7252782511217116e-06,6.270364573179865e-13,3.9679300605535784e-29,,1.8767087941677292e-08,-3.7534175883354584e-08,25.132741130454118,1.9652848535615685e-07,-3.204780353378435e-09,6.40956070675687e-09
12.66,-0.0003050379453973284,2.5609998572834705e-06,-0.0023285653998690765,3.1392640881899236,-0.0008050365898510155,3.7252783787101934e-06,6.270364573179865e-13,3.662861100215923e-29,,1.8031219898006452e-08,-3.6062439796012904e-08,25.132741134307114,1.888224932227975e-07,-3.0791191183288505e-09,6.158238236657701e-09
12.68,-0.0003050379453973284,2.5609998572834705e-06,-0.0023285653998691164,3.1392640881899236,-0.00080503658985073,3.7252785012958584e-06,6.270364573179865e-13,3.3812469561530606e-29,,1.7324205653037828e-08,-3.4648411306075656e-08,25.13274113800903,1.8141865736287494e-07,-2.958385130782372e-09,5.916770261564744e-09
12.700000000000001,-0.0003050379453973284,2.5609998572834705e-06,-0.0023285653998691533,3.1392640881899236,-0.0008050365898504559,3.7252786190748703e-06,6.270364573179865e-13,3.1212843363949495e-29,,1.6644913833141723e-08,-3.3289827666283445e-08,25.132741141565795,1.743051300594441e-07,-2.8423851906009674e-09,5.684770381201935e-09
12.72,-0.0003050379453973284,2.5609998572834705e-06,-0.002328565399869187,3.1392640881899236,-0.0008050365898501924,3.7252787322357e-06,6.270364573179865e-13,2.881308592646742e-29,,1.5992257426482983e-08,-3.1984514852965965e-08,25.132741144983097,1.6747052815118608e-07,-2.7309336731323727e-09,5.4618673462647454e-09
12.74,-0.0003050379453973284,2.5609998572834705e-06,-0.0023285653998692184,3.1392640881899236,-0.0008050365898499392,3.72527884095943e-06,6.270364573179865e-13,2.659783060856481e-29,,1.536519204357016e-08,-3.073038408714032e-08,25.132741148266405,1.6090391481692143e-07,-2.6238522321710464e-09,5.247704464342093e-09
12.76,-0.0003050379453973284,2.5609998572834705e-06,-0.0023285653998692474,3.1392640881899236,-0.0008050365898496959,3.7252789454200406e-06,6.270364573179865e-13,2.4552892213189022e-29,,1.4762714246009514e-08,-2.9525428492019028e-08,25.13274115142097,1.5459478207436313e-07,-2.5209695145661908e-09,5.0419390291323815e-09
12.780000000000001,-0.0003050379453973284,2.5609998572834705e-06,-0.002328565399869274,3.1392640881899236,-0.0008050365898494621,3.725279045784691e-06,6.270364573179865e-13,2.266517615306392e-29,,1.4183859940789492e-08,-2.8367719881578984e-08,25.132741154451843,1.4853303396510297e-07,-2.422120886020155e-09,4.84424177204031e-09
12.8,-0.0003050379453973284,2.5609998572834705e-06,-0.0023285653998692986,3.1392640881899236,-0.0008050365898492377,3.7252791422139877e-06,6.270364573179865e-13,2.0922594600625876e-29,,1.3627702837526239e-08,-2.7255405675052478e-08,25.132741157363874,1.4270897039892426e-07,-2.3271481676384325e-09,4.654296335276865e-09
12.82,-0.0003050379453973284,2.5609998572834705e-06,-0.002328565399869321,3.1392640881899236,-0.0008050365898490219,3.7252792348622368e-06,6.270364573179865e-13,1.9313989084658518e-29,,1.3093352966201357e-08,-2.6186705932402715e-08,25.132741160161725,1.3711327163158792e-07,-2.2358993828096863e-09,4.4717987656193726e-09
12.84,-0.0003050379453973284,2.5609998572834705e-06,-0.002328565399869342,3.1392640881899236,-0.0008050365898488146,3.725279323877695e-06,6.270364573179865e-13,1.7829059037981357e-29,,1.2579955253020009e-08,-2.5159910506040018e-08,25.132741162849868,1.317369833512535e-07,-2.148228514010744e-09,4.296457028021488e-09
12.86,-0.0003050379453973284,2.5609998572834705e-06,-0.0023285653998693615,3.1392640881899236,-0.0008050365898486156,3.7252794094028072e-06,6.270364573179865e-13,1.6458295838652975e-29,,1.2086688152110416e-08,-2.417337630422083e-08,25.13274116543261,1.2657150234966978e-07,-2.0639952691474114e-09,4.127990538294823e-09
12.88,-0.0003050379453973284,2.5609998572834705e-06,-0.0023285653998693793,3.1392640881899236,-0.0008050365898484241,3.7252794915744315e-06,6.270364573179865e-13,1.519292192232772e-29,,1.1612762330875196e-08,-2.3225524661750392e-08,25.13274116791408,1.2160856275520617e-07,-1.9830648570571897e-09,3.966129714114379e-09
12.9,-0.0003050379453973284,2.5609998572834705e-06,-0.0023285653998693957,3.1392640881899236,-0.0008050365898482402,3.72527957052406e-06,6.270364573179865e-13,1.4024834575876592e-29,,1.1157419406890805e-08,-2.231483881378161e-08,25.13274117029825,1.1684022280569463e-07,-1.9053077718146594e-09,3.810615543629319e-09
12.92,-0.0003050379453973284,2.5609998572834705e-06,-0.002328565399869411,3.1392640881899236,-0.0008050365898480637,3.725279646378029e-06,6.270364573179865e-13,1.2946554052360165e-29,,1.0719930734333862e-08,-2.1439861468667724e-08,25.132741172588936,1.1225885213991582e-07,-1.8305995854943692e-09,3.6611991709887385e-09
12.94,-0.0003050379453973284,2.5609998572834705e-06,-0.002328565399869425,3.1392640881899236,-0.0008050365898478939,3.7252797192577207e-06,6.270364573179865e-13,1.1951175675111819e-29,,1.0299596237992384e-08,-2.0599192475984768e-08,25.132741174789803,1.0785711958739331e-07,-1.7588207490596104e-09,3.5176414981192208e-09
12.96,-0.0003050379453973284,2.5609998572834705e-06,-0.002328565399869438,3.1392640881899236,-0.0008050365898477308,3.725279789279759e-06,6.270364573179865e-13,1.1032325624234055e-29,,9.89574329299608e-09,-1.979148658599216e-08,25.13274117690437,1.0362798143695665e-07,-1.689856401058452e-09,3.379712802116904e-09
12.98,-0.0003050379453973284,2.5609998572834705e-06,-0.00232856539986945,3.1392640881899236,-0.0008050365898475743,3.7252798565561935e-06,6.270364573179865e-13,1.0184120122390609e-29,,9.507725648473068e-09,-1.9015451296946137e-08,25.132741178936026,9.956467016530094e-08,-1.6235961838209133e-09,3.2471923676418266e-09
13.0,-0.0003050379453973284,2.5609998572834705e-06,-0.0023285653998694608,3.1392640881899236,-0.0008050365898474238,3.7252799211946813e-06,6.270364573179865e-13,9.401127758543833e-30,,9.134922393410597e-09,-1.8269844786821194e-08,25.13274118088802,9.566068360750554e-08,-1.5599340668631474e-09,3.119868133726295e-09
13.02,-0.0003050379453973284,2.5609998572834705e-06,-0.002328565399869471,3.1392640881899236,-0.0008050365898472792,3.725279983298657e-06,6.270364573179865e-13,8.678334708380971e-30,,8.776736963064965e-09,-1.755347392612993e-08,25.132741182763475,9.190977455218308e-08,-1.498768177216046e-09,2.997536354432092e-09
13.040000000000001,-0.0003050379453973284,2.5609998572834705e-06,-0.0023285653998694807,3.1392640881899236,-0.0008050365898471402,3.7252800429675013e-06,6.270364573179865e-13,8.011112628720979e-30,,8.432596184330652e-09,-1.6865192368661304e-08,25.132741184565393,8.830594074460844e-08,-1.4400006364067547e-09,2.8800012728135093e-09
13.06,-0.0003050379453973284,2.5609998572834705e-06,-0.0023285653998694894,3.1392640881899236,-0.0008050365898470066,3.725280100296696e-06,6.270364573179865e-13,7.395189020316743e-30,,8.101949358541068e-09,-1.6203898717082136e-08,25.132741186296656,8.484341528183062e-08,-1.3835374038322343e-09,2.7670748076644685e-09
13.08,-0.0003050379453973284,2.5609998572834705e-06,-0.0023285653998694976,3.1392640881899236,-0.0008050365898468784,3.7252801553779815e-06,6.270364573179865e-13,6.826619869273355e-30,,7.784267380233197e-09,-1.5568534760466394e-08,25.132741187960036,8.151665738439769e-08,-1.3292881262742336e-09,2.658576252548467e-09
13.1,-0.0003050379453973284,2.5609998572834705e-06,-0.002328565399869505,3.1392640881899236,-0.0008050365898467553,3.725280208299498e-06,6.270364573179865e-13,6.301764391894039e-30,,7.479041890465978e-09,-1.4958083780931956e-08,25.132741189558192,7.832034352992753e-08,-1.2771659933148634e-09,2.554331986629727e-09
13.120000000000001,-0.0003050379453973284,2.5609998572834705e-06,-0.002328565399869512,3.1392640881899236,-0.0008050365898466369,3.725280259145932e-06,6.270364573179865e-13,5.817261721234626e-30,,7.185784463337538e-09,-1.4371568926675075e-08,25.132741191093686,7.524935893433636e-08,-1.2270875984214073e-09,2.4541751968428146e-09
13.14,-0.0003050379453973284,2.5609998572834705e-06,-0.0023285653998695185,3.1392640881899236,-0.000805036589846523,3.7252803079986497e-06,6.270364573179865e-13,5.3700093860809395e-30,,6.90402582439955e-09,-1.38080516487991e-08,25.13274119256897,7.229878936709289e-08,-1.1789728054780751e-09,2.3579456109561503e-09
13.16,-0.0003050379453973284,2.5609998572834705e-06,-0.002328565399869524,3.1392640881899236,-0.0008050365898464138,3.725280354935824e-06,6.270364573179865e-13,4.9571434445409764e-30,,6.633315099717999e-09,-1.3266630199435999e-08,25.13274119398641,6.946391328740113e-08,-1.1327446205511207e-09,2.2654892411022415e-09
13.18,-0.0003050379453973284,2.5609998572834705e-06,-0.0023285653998695293,3.1392640881899236,-0.0008050365898463088,3.725280400032565e-06,6.270364573179865e-13,4.576020145039129e-30,,6.373219094378693e-09,-1.2746438188757386e-08,25.132741195348267,6.674019428872774e-08,-1.0883290686821225e-09,2.176658137364245e-09
13.200000000000001,-0.0003050379453973284,2.5609998572834705e-06,-0.002328565399869534,3.1392640881899236,-0.0008050365898462078,3.7252804433610377e-06,6.270364573179865e-13,4.224198997280163e-30,,6.123321599282981e-09,-1.2246643198565962e-08,25.132741196656728,6.41232738395838e-08,-1.0456550755122667e-09,2.0913101510245334e-09
13.22,-0.0003050379453973284,2.5609998572834705e-06,-0.002328565399869539,3.1392640881899236,-0.0008050365898461108,3.7252804849905767e-06,6.270364573179865e-13,3.899427144779357e-30,,5.883222725124402e-09,-1.1766445450248804e-08,25.132741197913884,6.160896430894455e-08,-1.0046543535482109e-09,2.0093087070964217e-09
13.24,-0.0003050379453973284,2.5609998572834705e-06,-0.002328565399869543,3.1392640881899236,-0.0008050365898460178,3.7252805249877978e-06,6.270364573179865e-13,3.599624938889588e-30,,5.6525382624804765e-09,-1.1305076524960953e-08,25.132741199121746,5.919324226514633e-08,-9.652612928875254e-10,1.9305225857750508e-09
13.26,-0.0003050379453973284,2.5609998572834705e-06,-0.002328565399869547,3.1392640881899236,-0.0008050365898459283,3.725280563416706e-06,6.270364573179865e-13,3.3228726219499756e-30,,5.430899066995664e-09,-1.0861798133991328e-08,25.132741200282247,5.687224203753754e-08,-9.274128562288519e-10,1.8548257124577037e-09
13.280000000000001,-0.0003050379453973284,2.5609998572834705e-06,-0.0023285653998695506,3.1392640881899236,-0.0008050365898458424,3.725280600338794e-06,6.270364573179865e-13,3.0673980342826395e-30,,5.217950468671639e-09,-1.0435900937343279e-08,25.132741201397245,5.4642249530580866e-08,-8.910484779987727e-10,1.7820969559975453e-09
13.3,-0.0003050379453973284,2.5609998572834705e-06,-0.002328565399869554,3.1392640881899236,-0.0008050365898457598,3.7252806358131473e-06,6.270364573179865e-13,2.8315652663205393e-30,,5.013351704319626e-09,-1.0026703408639252e-08,25.132741202468523,5.249969628050808e-08,-8.561099674339719e-10,1.7122199348679438e-09
13.32,-0.0003050379453973284,2.5609998572834705e-06,-0.002328565399869557,3.1392640881899236,-0.0008050365898456804,3.7252806698965304e-06,6.270364573179865e-13,2.613864183201117e-30,,4.816775372266597e-09,-9.633550744533193e-09,25.132741203497794,5.0441153745016664e-08,-8.225414154635995e-10,1.645082830927199e-09
13.34,-0.0003050379453973284,2.5609998572834705e-06,-0.00232856539986956,3.1392640881899236,-0.0008050365898456041,3.7252807026434852e-06,6.270364573179865e-13,2.412900754747504e-30,,4.6279069084427466e-09,-9.255813816885493e-09,25.132741204486706,4.846332781687067e-08,-7.902891052428298e-10,1.5805782104856597e-09
13.36,-0.0003050379453973284,2.5609998572834705e-06,-0.0023285653998695627,3.1392640881899236,-0.0008050365898455308,3.7252807341064135e-06,6.270364573179865e-13,2.2273881289160724e-30,,4.446444083011868e-09,-8.892888166023736e-09,25.132741205436844,4.6563053552626356e-08,-7.593014261944498e-10,1.5186028523888997e-09
13.38,-0.0003050379453973284,2.5609998572834705e-06,-0.0023285653998695653,3.1392640881899236,-0.0008050365898454605,3.725280764335663e-06,6.270364573179865e-13,2.0561383915499688e-30,,4.272096516739139e-09,-8.544193033478278e-09,25.132741206349724,4.473729010804746e-08,-7.295287914209246e-10,1.4590575828418492e-09
13.4,-0.0003050379453973284,2.5609998572834705e-06,-0.0023285653998695675,3.1392640881899236,-0.0008050365898453929,3.725280793379606e-06,6.270364573179865e-13,1.898054959672903e-30,,4.1045852163223906e-09,-8.209170432644781e-09,25.13274120722681,4.2983115872105694e-08,-7.009235583547823e-10,1.4018471167095645e-09
13.42,-0.0003050379453973284,2.5609998572834705e-06,-0.0023285653998695696,3.1392640881899236,-0.0008050365898453278,3.7252808212847203e-06,6.270364573179865e-13,1.752125559614283e-30,,3.9436421279433064e-09,-7.887284255886613e-09,25.132741208069508,4.129772379177975e-08,-6.734399525203419e-10,1.3468799050406837e-09
13.44,-0.0003050379453973284,2.5609998572834705e-06,-0.0023285653998695714,3.1392640881899236,-0.0008050365898452654,3.7252808480956585e-06,6.270364573179865e-13,1.6174157450017753e-30,,3.7890097083241235e-09,-7.578019416648247e-09,25.13274120887916,3.9678416880171616e-08,-6.470339942847865e-10,1.294067988569573e-09
13.46,-0.0003050379453973284,2.5609998572834705e-06,-0.002328565399869573,3.1392640881899236,-0.0008050365898452053,3.7252808738553255e-06,6.270364573179865e-13,1.4930629131142576e-30,,3.640440512603442e-09,-7.280881025206884e-09,25.132741209657066,3.812260390075216e-08,-6.216634284813674e-10,1.2433268569627348e-09
13.48,-0.0003050379453973284,2.5609998572834705e-06,-0.002328565399869575,3.1392640881899236,-0.0008050365898451478,3.7252808986049413e-06,6.270364573179865e-13,1.3782707812794189e-30,,3.497696798371657e-09,-6.995393596743314e-09,25.132741210404472,3.6627795220829834e-08,-5.972876567921234e-10,1.1945753135842468e-09
13.5,-0.0003050379453973284,2.5609998572834705e-06,-0.002328565399869576,3.1392640881899236,-0.0008050365898450923,3.7252809223841106e-06,6.270364573179865e-13,1.2723042879461128e-30,,3.3605501452323807e-09,-6.7211002904647615e-09,25.13274121112257,3.519159882760724e-08,-5.738676727819096e-10,1.1477353455638192e-09
13.52,-0.0003050379453973284,2.5609998572834705e-06,-0.0023285653998695774,3.1392640881899236,-0.0008050365898450392,3.7252809452308855e-06,6.270364573179865e-13,1.1744848857808654e-30,,3.2287810892810773e-09,-6.4575621785621545e-09,25.13274121181251,3.381171650045031e-08,-5.513659994797798e-10,1.1027319989595596e-09
13.540000000000001,-0.0003050379453973284,2.5609998572834705e-06,-0.0023285653998695787,3.1392640881899236,-0.000805036589844988,3.725280967181825e-06,6.270364573179865e-13,1.0841861966483576e-30,,3.1021787719159933e-09,-6.204357543831987e-09,25.1327412124754,3.248594013324501e-08,-5.297466294078378e-10,1.0594932588156755e-09
13.56,-0.0003050379453973284,2.5609998572834705e-06,-0.00232856539986958,3.1392640881899236,-0.000805036589844939,3.7252809882720566e-06,6.270364573179865e-13,1.0008300006528554e-30,,2.9805406024194097e-09,-5.9610812048388195e-09,25.132741213112293,3.121214820095642e-08,-5.0897496696159e-10,1.01794993392318e-09
13.58,-0.0003050379453973284,2.5609998572834705e-06,-0.0023285653998695813,3.1392640881899236,-0.0008050365898448918,3.7252810085353276e-06,6.270364573179865e-13,9.238825335567975e-31,,2.8636719337692722e-09,-5.7273438675385445e-09,25.132741213724216,2.998830236473611e-08,-4.890177730495983e-10,9.780355460991967e-10
13.6,-0.0003050379453973284,2.5609998572834705e-06,-0.002328565399869582,3.1392640881899236,-0.0008050365898448464,3.725281028004065e-06,6.270364573179865e-13,8.52851068867379e-31,,2.7513857511624276e-09,-5.502771502324855e-09,25.132741214312144,2.8812444210145095e-08,-4.698431119038416e-10,9.396862238076832e-10
13.620000000000001,-0.0003050379453973284,2.5609998572834705e-06,-0.002328565399869583,3.1392640881899236,-0.0008050365898448029,3.725281046709422e-06,6.270364573179865e-13,7.872807627047918e-31,,2.643502372751042e-09,-5.287004745502084e-09,25.13274121487702,2.7682692113272907e-08,-4.514202999756742e-10,9.028405999513484e-10
13.64,-0.0003050379453973284,2.5609998572834705e-06,-0.002328565399869584,3.1392640881899236,-0.000805036589844761,3.7252810646813318e-06,6.270364573179865e-13,7.267517412485315e-31,,2.5398491621133092e-09,-5.0796983242266184e-09,25.132741215419745,2.6597238229737917e-08,-4.337198568356015e-10,8.67439713671203e-10
13.66,-0.0003050379453973284,2.5609998572834705e-06,-0.002328565399869585,3.1392640881899236,-0.0008050365898447209,3.7252810819485524e-06,6.270364573179865e-13,6.7087641211146975e-31,,2.4402602519983444e-09,-4.880520503996689e-09,25.13274121594119,2.5554345601750618e-08,-4.1671345799830347e-10,8.334269159966069e-10
13.68,-0.0003050379453973284,2.5609998572834705e-06,-0.0023285653998695857,3.1392640881899236,-0.0008050365898446823,3.725281098538716e-06,6.270364573179865e-13,6.192969824253155e-31,,2.3445762789031963e-09,-4.689152557806393e-09,25.13274121644219,2.4552345378610616e-08,-4.0037388959741517e-10,8.007477791948303e-10
13.700000000000001,-0.0003050379453973284,2.5609998572834705e-06,-0.0023285653998695865,3.1392640881899236,-0.000805036589844645,3.7252811144783695e-06,6.270364573179865e-13,5.716831677447256e-31,,2.252644128057243e-09,-4.505288256114486e-09,25.13274121692355,2.358963414618943e-08,-3.846750048375347e-10,7.693500096750694e-10
13.72,-0.0003050379453973284,2.5609998572834705e-06,-0.002328565399869587,3.1392640881899236,-0.0008050365898446094,3.7252811297930204e-06,6.270364573179865e-13,5.277300770992486e-31,,2.1643166884058924e-09,-4.328633376811785e-09,25.13274121738603,2.2664671361125832e-08,-3.6959168215377214e-10,7.391833643075443e-10
13.74,-0.0003050379453973284,2.5609998572834705e-06,-0.0023285653998695874,3.1392640881899236,-0.0008050365898445752,3.7252811445071753e-06,6.270364573179865e-13,4.871562606501962e-31,,2.0794526172015107e-09,-4.158905234403021e-09,25.13274121783038,2.177597688562781e-08,-3.5509978501188645e-10,7.101995700237729e-10
13.76,-0.0003050379453973284,2.5609998572834705e-06,-0.002328565399869588,3.1392640881899236,-0.0008050365898445422,3.72528115864438e-06,6.270364573179865e-13,4.497019074507848e-31,,1.99791611382487e-09,-3.99583222764974e-09,25.1327412182573,2.0922128618936297e-08,-3.411761232846809e-10,6.823522465693618e-10
13.780000000000001,-0.0003050379453973284,2.5609998572834705e-06,-0.0023285653998695883,3.1392640881899236,-0.0008050365898445106,3.725281172227257e-06,6.270364573179865e-13,4.151271817690696e-31,,1.9195767024751857e-09,-3.839153404950371e-09,25.132741218667487,2.0101760221660575e-08,-3.2779841614285245e-10,6.555968322857049e-10
13.8,-0.0003050379453973284,2.5609998572834705e-06,-0.0023285653998695887,3.1392640881899236,-0.0008050365898444802,3.7252811852775418e-06,6.270364573179865e-13,3.832106873204446e-31,,1.8443090233809996e-09,-3.6886180467619992e-09,25.132741219061586,1.9313558929343743e-08,-3.1494525640091106e-10,6.298905128018221e-10
13.82,-0.0003050379453973284,2.5609998572834705e-06,-0.002328565399869589,3.1392640881899236,-0.0008050365898444511,3.725281197816117e-06,6.270364573179865e-13,3.5374804957555972e-31,,1.7719926321977996e-09,-3.543985264395599e-09,25.132741219440234,1.855626345175952e-08,-3.0259607626111595e-10,6.051921525222319e-10
13.84,-0.0003050379453973284,2.5609998572834705e-06,-0.0023285653998695896,3.1392640881899236,-0.000805036589844423,3.7252812098630483e-06,6.270364573179865e-13,3.2655060706558945e-31,,1.7025118072713728e-09,-3.4050236145427457e-09,25.132741219804036,1.782866195457878e-08,-2.907311144006112e-10,5.814622288012224e-10
13.86,-0.0003050379453973284,2.5609998572834705e-06,-0.00232856539986959,3.1392640881899236,-0.0008050365898443961,3.725281221437613e-06,6.270364573179865e-13,3.0144420330472475e-31,,1.6357553644584704e-09,-3.2715107289169407e-09,25.132741220153573,1.7129590120176108e-08,-2.7933138434909315e-10,5.586627686981863e-10
13.88,-0.0003050379453973284,2.5609998572834705e-06,-0.0023285653998695905,3.1392640881899236,-0.00080503658984437,3.7252812325583318e-06,6.270364573179865e-13,2.7826807159408808e-31,,1.5716164792084577e-09,-3.1432329584169153e-09,25.132741220489404,1.6457929284473178e-08,-2.6837864410640725e-10,5.367572882128145e-10
13.9,-0.0003050379453973284,2.5609998572834705e-06,-0.002328565399869591,3.1392640881899236,-0.0008050365898443453,3.725281243243001e-06,6.270364573179865e-13,2.568738055659893e-31,,1.5099925156212428e-09,-3.0199850312424857e-09,25.132741220812065,1.581260464683758e-08,-2.5785536695145597e-10,5.157107339029119e-10
13.92,-0.0003050379453973284,2.5609998572834705e-06,-0.0023285653998695913,3.1392640881899236,-0.0008050365898443212,3.725281253508719e-06,6.270364573179865e-13,2.3712440887650696e-31,,1.4507848622079394e-09,-2.901569724415879e-09,25.132741221122075,1.5192583550172498e-08,-2.477447133957059e-10,4.954894267914118e-10
13.94,-0.0003050379453973284,2.5609998572834705e-06,-0.0023285653998695918,3.1392640881899236,-0.0008050365898442985,3.725281263371912e-06,6.270364573179865e-13,2.188934179611718e-31,,1.3938987740914465e-09,-2.787797548182893e-09,25.13274122141993,1.4596873828445047e-08,-2.3803050423641327e-10,4.760610084728265e-10
13.96,-0.0003050379453973284,2.5609998572834705e-06,-0.002328565399869592,3.1392640881899236,-0.0008050365898442764,3.725281272848363e-06,6.270364573179865e-13,2.0206409223639954e-31,,1.3392432213944316e-09,-2.678486442788863e-09,25.132741221706105,1.402452221900894e-08,-2.286971946664482e-10,4.573943893328964e-10
13.98,-0.0003050379453973284,2.5609998572834705e-06,-0.0023285653998695926,3.1392640881899236,-0.0008050365898442551,3.725281281953238e-06,6.270364573179865e-13,1.8652866656119733e-31,,1.2867307435721064e-09,-2.573461487144213e-09,25.13274122198106,1.3474612837180894e-08,-2.1972984939928642e-10,4.3945969879857285e-10
14.0,-0.0003050379453973284,2.5609998572834705e-06,-0.0023285653998695926,3.1392640881899236,-0.0008050365898442347,3.7252812907011055e-06,6.270364573179865e-13,1.7218766117234365e-31,,1.236277309456696e-09,-2.472554618913392e-09,25.132741222245233,1.2946265710629725e-08,-2.1111411876936484e-10,4.222282375387297e-10
14.02,-0.0003050379453973284,2.5609998572834705e-06,-0.0023285653998695926,3.1392640881899236,-0.0008050365898442152,3.7252812991059636e-06,6.270364573179865e-13,1.5894924467427379e-31,,1.187802182789642e-09,-2.375604365579284e-09,25.13274122249905,1.2438635371232886e-08,-2.0283621576955498e-10,4.0567243153910997e-10
14.040000000000001,-0.0003050379453973284,2.5609998572834705e-06,-0.0023285653998695926,3.1392640881899236,-0.0008050365898441963,3.725281307181263e-06,6.270364573179865e-13,1.4672864600463102e-31,,1.1412277930263655e-09,-2.282455586052731e-09,25.13274122274291,1.1950909502147094e-08,-1.9488289398901034e-10,3.897657879780207e-10
14.06,-0.0003050379453973284,2.5609998572834705e-06,-0.0023285653998695926,3.1392640881899236,-0.0008050365898441784,3.7252813149399253e-06,6.270364573179865e-13,1.3544761161005317e-31,,1.0964796112068452e-09,-2.1929592224136904e-09,25.132741222977213,1.1482307637928076e-08,-1.872414264160829e-10,3.744828528321658e-10
14.08,-0.0003050379453973284,2.5609998572834705e-06,-0.0023285653998695926,3.1392640881899236,-0.000805036589844161,3.725281322394366e-06,6.270364573179865e-13,1.2503390435626843e-31,,1.0534860306933822e-09,-2.1069720613867645e-09,25.132741223202327,1.1032079915619352e-08,-1.798995850723893e-10,3.597991701447786e-10
14.1,-0.0003050379453973284,2.5609998572834705e-06,-0.0023285653998695926,3.1392640881899236,-0.0008050365898441443,3.7252813295565143e-06,6.270364573179865e-13,1.1542084096381434e-31,,1.0121782525847018e-09,-2.0243565051694036e-09,25.132741223418613,1.0599505874811527e-08,-1.7284562144543655e-10,3.456912428908731e-10
14.120000000000001,-0.0003050379453973284,2.5609998572834705e-06,-0.0023285653998695926,3.1392640881899236,-0.0008050365898441283,3.7252813364378303e-06,6.270364573179865e-13,1.0654686500738914e-31,,9.724901756230342e-10,-1.9449803512460683e-09,25.132741223626418,1.0183893304751922e-08,-1.6606824768849575e-10,3.321364953769915e-10
14.14,-0.0003050379453973284,2.5609998572834705e-06,-0.0023285653998695926,3.1392640881899236,-0.0008050365898441129,3.725281343049326e-06,6.270364573179865e-13,9.835515274457126e-32,,9.343582904179993e-10,-1.8687165808359986e-09,25.132741223826077,9.784577136659699e-09,-1.5955661855763891e-10,3.1911323711527783e-10
14.16,-0.0003050379453973284,2.5609998572834705e-06,-0.0023285653998695926,3.1392640881899236,-0.0008050365898440981,3.7252813494015814e-06,6.270364573179865e-13,9.07932492498682e-32,,8.97721577818033e-10,-1.795443155636066e-09,25.132741224017906,9.400918379473917e-09,-1.5330031405703505e-10,3.066006281140701e-10
14.18,-0.0003050379453973284,2.5609998572834705e-06,-0.0023285653998695926,3.1392640881899236,-0.0008050365898440838,3.7252813555047613e-06,6.270364573179865e-13,8.381273252410939e-32,,8.625214112667265e-10,-1.725042822533453e-09,25.132741224202213,9.03230309733151e-09,-1.4728932276473372e-10,2.9457864552946745e-10
14.200000000000001,-0.0003050379453973284,2.5609998572834705e-06,-0.0023285653998695926,3.1392640881899236,-0.0008050365898440701,3.7252813613686323e-06,6.270364573179865e-13,7.736890342833618e-32,,8.287014629878284e-10,-1.6574029259756568e-09,25.132741224379295,8.678141427138934e-09,-1.41514025812254e-10,2.83028051624508e-10
14.22,-0.0003050379453973284,2.5609998572834705e-06,-0.0023285653998695926,3.1392640881899236,-0.0008050365898440571,3.725281367002577e-06,6.270364573179865e-13,7.142049945670615e-32,,7.962076138487854e-10,-1.5924152276975707e-09,25.13274122454943,8.337866634665357e-09,-1.3596518149234292e-10,2.7193036298468583e-10
14.24,-0.0003050379453973284,2.5609998572834705e-06,-0.0023285653998695926,3.1392640881899236,-0.0008050365898440446,3.7252813724156123e-06,6.270364573179865e-13,6.592943051558331e-32,,7.64987866758584e-10,-1.529975733517168e-09,25.1327412247129,8.010934207646996e-09,-1.30633910470272e-10,2.61267820940544e-10
14.26,-0.0003050379453973284,2.5609998572834705e-06,-0.0023285653998695926,3.1392640881899236,-0.0008050365898440324,3.725281377616399e-06,6.270364573179865e-13,6.086053501689682e-32,,7.34992263461312e-10,-1.469984526922624e-09,25.132741224869957,7.696820984451317e-09,-1.2551168157500744e-10,2.510233631500149e-10
14.280000000000001,-0.0003050379453973284,2.5609998572834705e-06,-0.0023285653998695926,3.1392640881899236,-0.0008050365898440207,3.7252813826132605e-06,6.270364573179865e-13,5.618135472393368e-32,,7.061728045922906e-10,-1.4123456091845811e-09,25.132741225020855,7.395024316906813e-09,-1.2059029814751636e-10,2.4118059629503273e-10
14.3,-0.0003050379453973284,2.5609998572834705e-06,-0.0023285653998695926,3.1392640881899236,-0.0008050365898440096,3.7252813874141916e-06,6.270364573179865e-13,5.186192690780926e-32,,6.7848337286885e-10,-1.3569667457377e-09,25.132741225165837,7.105061265958689e-09,-1.1586188492436369e-10,2.3172376984872738e-10
14.32,-0.0003050379453973284,2.5609998572834705e-06,-0.0023285653998695926,3.1392640881899236,-0.0008050365898439988,3.7252813920268755e-06,6.270364573179865e-13,4.787459248370762e-32,,6.518796592928389e-10,-1.3037593185856778e-09,25.132741225305136,6.826467828863344e-09,-1.113188754356104e-10,2.226377508712208e-10
14.34,-0.0003050379453973284,2.5609998572834705e-06,-0.0023285653998695926,3.1392640881899236,-0.0008050365898439884,3.725281396458694e-06,6.270364573179865e-13,4.4193818898309315e-32,,6.263190922467742e-10,-1.2526381844935483e-09,25.13274122543897,6.55879819668499e-09,-1.0695399989684744e-10,2.1390799979369487e-10
14.36,-0.0003050379453973284,2.5609998572834705e-06,-0.0023285653998695926,3.1392640881899236,-0.0008050365898439786,3.725281400716738e-06,6.270364573179865e-13,4.079603663427992e-32,,6.017607693701703e-10,-1.2035215387403407e-09,25.132741225567557,6.30162404090624e-09,-1.0276027357598968e-10,2.0552054715197936e-10
14.38,-0.0003050379453973284,2.5609998572834705e-06,-0.0023285653998695926,3.1392640881899236,-0.0008050365898439691,3.7252814048078217e-06,6.270364573179865e-13,3.765948828489183e-32,,5.781653921070365e-10,-1.156330784214073e-09,25.132741225691102,6.054533828011103e-09,-9.873098561621442e-11,1.9746197123242885e-10
14.4,-0.0003050379453973284,2.5609998572834705e-06,-0.0023285653998695926,3.1392640881899236,-0.00080503658984396,3.725281408738492e-06,6.270364573179865e-13,3.476408923233965e-32,,5.554952028198026e-10,-1.1109904056396052e-09,25.132741225809802,5.8171321609435565e-09,-9.485968829715874e-11,1.8971937659431748e-10
14.42,-0.0003050379453973284,2.5609998572834705e-06,-0.0023285653998695926,3.1392640881899236,-0.0008050365898439511,3.725281412515038e-06,6.270364573179865e-13,3.2091299037616363e-32,,5.337139243690441e-10,-1.0674278487380882e-09,25.132741225923848,5.589039146387901e-09,-9.114018671719134e-11,1.8228037343438267e-10
14.44,-0.0003050379453973284,2.5609998572834705e-06,-0.0023285653998695926,3.1392640881899236,-0.0008050365898439426,3.7252814161435044e-06,6.270364573179865e-13,2.96240027184054e-32,,5.127867020623193e-10,-1.0255734041246386e-09,25.132741226033424,5.369889786858411e-09,-8.756652888024828e-11,1.7513305776049656e-10
14.46,-0.0003050379453973284,2.5609998572834705e-06,-0.0023285653998695926,3.1392640881899236,-0.0008050365898439346,3.725281419629696e-06,6.270364573179865e-13,2.7346401154762133e-32,,4.926800478792251e-10,-9.853600957584503e-10,25.1327412261387,5.159333396625481e-09,-8.413299617136946e-11,1.6826599234273892e-10
14.48,-0.0003050379453973284,2.5609998572834705e-06,-0.0023285653998695926,3.1392640881899236,-0.0008050365898439268,3.725281422979192e-06,6.270364573179865e-13,2.5243909920807264e-32,,4.733617868834205e-10,-9.46723573766841e-10,25.13274122623985,4.957033040543646e-09,-8.083409420569462e-11,1.6166818841138924e-10
14.5,-0.0003050379453973284,2.5609998572834705e-06,-0.0023285653998695926,3.1392640881899236,-0.0008050365898439192,3.7252814261973526e-06,6.270364573179865e-13,2.3303065894608954e-32,,4.548010057358631e-10,-9.096020114717262e-10,25.132741226337036,4.762664994883465e-09,-7.766454403627539e-11,1.5532908807255078e-10
14.52,-0.0003050379453973284,2.5609998572834705e-06,-0.0023285653998695926,3.1392640881899236,-0.0008050365898439121,3.725281429289327e-06,6.270364573179865e-13,2.1511441048238438e-32,,4.369680032268724e-10,-8.739360064537448e-10,25.132741226430408,4.5759182293044865e-09,-7.461927370663394e-11,1.4923854741326788e-10
14.540000000000001,-0.0003050379453973284,2.5609998572834705e-06,-0.0023285653998695926,3.1392640881899236,-0.0008050365898439051,3.725281432260064e-06,6.270364573179865e-13,1.9857562865961381e-32,,4.1983424274785724e-10,-8.396684854957145e-10,25.13274122652012,4.3964939091403495e-09,-7.169341013455052e-11,1.4338682026910104e-10
14.56,-0.0003050379453973284,2.5609998572834705e-06,-0.0023285653998695926,3.1392640881899236,-0.0008050365898438984,3.725281435114316e-06,6.270364573179865e-13,1.833084088096919e-32,,4.0337230662665404e-10,-8.067446132533081e-10,25.132741226606317,4.224104917199561e-09,-6.888227131409228e-11,1.3776454262818455e-10
14.58,-0.0003050379453973284,2.5609998572834705e-06,-0.0023285653998695926,3.1392640881899236,-0.0008050365898438921,3.725281437856652e-06,6.270364573179865e-13,1.6921498860235057e-32,,3.875558522534019e-10,-7.751117045068038e-10,25.13274122668913,4.058475394316737e-09,-6.618135882340488e-11,1.3236271764680975e-10
14.6,-0.0003050379453973284,2.5609998572834705e-06,-0.0023285653998695926,3.1392640881899236,-0.000805036589843886,3.725281440491459e-06,6.270364573179865e-13,1.562051220324582e-32,,3.7235956992674663e-10,-7.447191398534933e-10,25.132741226768697,3.899340297919082e-09,-6.358635062627783e-11,1.2717270125255565e-10
14.620000000000001,-0.0003050379453973284,2.5609998572834705e-06,-0.0023285653998695926,3.1392640881899236,-0.00080503658984388,3.725281443022953e-06,6.270364573179865e-13,1.4419550153748124e-32,,3.5775914235291914e-10,-7.155182847058383e-10,25.132741226845145,3.746444977901728e-09,-6.109309415596445e-11,1.221861883119289e-10
14.64,-0.0003050379453973284,2.5609998572834705e-06,-0.0023285653998695926,3.1392640881899236,-0.0008050365898438743,3.7252814454551867e-06,6.270364573179865e-13,1.331092245446683e-32,,3.437312057328773e-10,-6.874624114657546e-10,25.132741226918593,3.5995447691332393e-09,-5.869759967018916e-11,1.173951993403783e-10
14.66,-0.0003050379453973284,2.5609998572834705e-06,-0.0023285653998695926,3.1392640881899236,-0.0008050365898438689,3.725281447792051e-06,6.270364573179865e-13,1.2287530103203248e-32,,3.30253312375243e-10,-6.60506624750486e-10,25.132741226989165,3.458404599939204e-09,-5.639603386670863e-11,1.1279206773341726e-10
14.68,-0.0003050379453973284,2.5609998572834705e-06,-0.0023285653998695926,3.1392640881899236,-0.0008050365898438637,3.7252814500372855e-06,6.270364573179865e-13,1.1342819894984772e-32,,3.173038947752067e-10,-6.346077895504134e-10,25.132741227056968,3.3227986159374023e-09,-5.418471374921041e-11,1.0836942749842081e-10
14.700000000000001,-0.0003050379453973284,2.5609998572834705e-06,-0.0023285653998695926,3.1392640881899236,-0.0008050365898438587,3.7252814521944828e-06,6.270364573179865e-13,1.0470742459179998e-32,,3.048622311019186e-10,-6.097244622038372e-10,25.132741227122114,3.192509818622612e-09,-5.206010073373304e-11,1.0412020146746608e-10
14.72,-0.0003050379453973284,2.5609998572834705e-06,-0.0023285653998695926,3.1392640881899236,-0.000805036589843854,3.7252814542670953e-06,6.270364573179865e-13,9.665713522873653e-33,,2.929084120391383e-10,-5.858168240782766e-10,25.132741227184706,3.067329718122705e-09,-5.001879498617682e-11,1.0003758997235364e-10
14.74,-0.0003050379453973284,2.5609998572834705e-06,-0.0023285653998695926,3.1392640881899236,-0.0008050365898438492,3.7252814562584397e-06,6.270364573179865e-13,8.922578152455027e-33,,2.814233089260813e-10,-5.628466178521626e-10,25.132741227244843,2.947057999570367e-09,-4.805752998184386e-11,9.611505996368772e-11
14.76,-0.0003050379453973284,2.5609998572834705e-06,-0.0023285653998695926,3.1392640881899236,-0.0008050365898438449,3.725281458171702e-06,6.270364573179865e-13,8.236577744443506e-33,,2.7038854314748064e-10,-5.407770862949613e-10,25.13274122730262,2.8315022025565802e-09,-4.617316727830172e-11,9.234633455660344e-11
14.780000000000001,-0.0003050379453973284,2.5609998572834705e-06,-0.0023285653998695926,3.1392640881899236,-0.0008050365898438405,3.725281460009945e-06,6.270364573179865e-13,7.603319554180158e-33,,2.597864567238817e-10,-5.195729134477634e-10,25.13274122735813,2.7204774131529043e-09,-4.436269149320591e-11,8.872538298641182e-11
14.8,-0.0003050379453973284,2.5609998572834705e-06,-0.0023285653998695926,3.1392640881899236,-0.0008050365898438364,3.7252814617761085e-06,6.270364573179865e-13,7.018748567264853e-33,,2.4960008405510757e-10,-4.992001681102151e-10,25.13274122741147,2.613805968009742e-09,-4.262320547904484e-11,8.524641095808968e-11
14.82,-0.0003050379453973284,2.5609998572834705e-06,-0.0023285653998695926,3.1392640881899236,-0.0008050365898438325,3.7252814634730204e-06,6.270364573179865e-13,6.479121533619967e-33,,2.398131247716795e-10,-4.79626249543359e-10,25.132741227462713,2.511317170057075e-09,-4.095192568708572e-11,8.190385137417144e-11
14.84,-0.0003050379453973284,2.5609998572834705e-06,-0.0023285653998695926,3.1392640881899236,-0.0008050365898438286,3.7252814651033953e-06,6.270364573179865e-13,5.980982997910235e-33,,2.3040991765074806e-10,-4.608198353014961e-10,25.132741227511946,2.4128470153527367e-09,-3.934617771310271e-11,7.869235542620542e-11
14.86,-0.0003050379453973284,2.5609998572834705e-06,-0.0023285653998695926,3.1392640881899236,-0.0008050365898438249,3.725281466669842e-06,6.270364573179865e-13,5.521143172831486e-33,,2.213754155547952e-10,-4.427508311095904e-10,25.13274122755925,2.318237930641113e-09,-3.780339201775959e-11,7.560678403551918e-11
14.88,-0.0003050379453973284,2.5609998572834705e-06,-0.0023285653998695926,3.1392640881899236,-0.0008050365898438214,3.7252814681748677e-06,6.270364573179865e-13,5.096657513581717e-33,,2.1269516135300415e-10,-4.253903227060083e-10,25.1327412276047,2.2273385212023177e-09,-3.632109981479865e-11,7.26421996295973e-11
14.9,-0.0003050379453973284,2.5609998572834705e-06,-0.0023285653998695926,3.1392640881899236,-0.0008050365898438182,3.7252814696208804e-06,6.270364573179865e-13,4.704807862721549e-33,,2.0435526478676574e-10,-4.087105295735315e-10,25.132741227648367,2.1400033285883396e-09,-3.489692912045594e-11,6.979385824091188e-11
14.92,-0.0003050379453973284,2.5609998572834705e-06,-0.0023285653998695926,3.1392640881899236,-0.0008050365898438149,3.725281471010194e-06,6.270364573179865e-13,4.343085044686635e-33,,1.9634238024230115e-10,-3.926847604846023e-10,25.13274122769032,2.0560925978584957e-09,-3.352860095778124e-11,6.705720191556248e-11
14.94,-0.0003050379453973284,2.5609998572834705e-06,-0.0023285653998695926,3.1392640881899236,-0.0008050365898438117,3.7252814723450324e-06,6.270364573179865e-13,4.009172798497567e-33,,1.886436853948327e-10,-3.772873707896654e-10,25.13274122773063,1.9754720539417074e-09,-3.221392570978868e-11,6.442785141957736e-11
14.96,-0.0003050379453973284,2.5609998572834705e-06,-0.0023285653998695926,3.1392640881899236,-0.0008050365898438089,3.7252814736275305e-06,6.270364573179865e-13,3.7009329457817586e-33,,1.8124686069012862e-10,-3.6249372138025723e-10,25.13274122776936,1.898012686767741e-09,-3.095079961560247e-11,6.190159923120494e-11
14.98,-0.0003050379453973284,2.5609998572834705e-06,-0.0023285653998695926,3.1392640881899236,-0.0008050365898438058,3.725281474859741e-06,6.270364573179865e-13,3.4163916991319846e-33,,1.7414006963058792e-10,-3.4828013926117584e-10,25.13274122780657,1.823590544823572e-09,-2.973720140399064e-11,5.947440280798128e-11
15.0,-0.0003050379453973284,2.5609998572834705e-06,-0.0023285653998695926,3.1392640881899236,-0.0008050365898438032,3.7252814760436365e-06,6.270364573179865e-13,3.153727023128349e-33,,1.6731193983431908e-10,-3.3462387966863816e-10,25.13274122784232,1.7520865368045192e-09,-2.8571189058899844e-11,5.714237811779969e-11
15.02,-0.0003050379453973284,2.5609998572834705e-06,-0.0023285653998695926,3.1392640881899236,-0.0008050365898438006,3.7252814771811102e-06,6.270364573179865e-13,2.911256967091041e-33,,1.6075154483690267e-10,-3.2150308967380535e-10,25.13274122787667,1.6833862410427504e-09,-2.7450896711815374e-11,5.490179342363075e-11
15.040000000000001,-0.0003050379453973284,2.5609998572834705e-06,-0.0023285653998695926,3.1392640881899236,-0.000805036589843798,3.725281478273983e-06,6.270364573179865e-13,2.687428894853721e-33,,1.5444838660671726e-10,-3.088967732134345e-10,25.132741227909676,1.6173797224082018e-09,-2.6374531655973445e-11,5.274906331194689e-11
15.06,-0.0003050379453973284,2.5609998572834705e-06,-0.0023285653998695926,3.1392640881899236,-0.0008050365898437956,3.7252814793240036e-06,6.270364573179865e-13,2.4808095425912416e-33,,1.4839237874584907e-10,-2.9678475749169814e-10,25.132741227941384,1.5539613563889163e-09,-2.534037147764792e-11,5.068074295529584e-11
15.08,-0.0003050379453973284,2.5609998572834705e-06,-0.0023285653998695926,3.1392640881899236,-0.0008050365898437932,3.725281480332853e-06,6.270364573179865e-13,2.2900758410379264e-33,,1.4257383034970346e-10,-2.851476606994069e-10,25.13274122797185,1.4930296600692901e-09,-2.4346761299920872e-11,4.8693522599841743e-11
15.1,-0.0003050379453973284,2.5609998572834705e-06,-0.0023285653998695926,3.1392640881899236,-0.0008050365898437909,3.725281481302144e-06,6.270364573179865e-13,2.1140064433272343e-33,,1.3698343049949004e-10,-2.739668609989801e-10,25.13274122800112,1.434487129735757e-09,-2.339211113452646e-11,4.678422226905292e-11
15.120000000000001,-0.0003050379453973284,2.5609998572834705e-06,-0.0023285653998695926,3.1392640881899236,-0.0008050365898437887,3.725281482233429e-06,6.270364573179865e-13,1.9514739042020407e-33,,1.3161223336276628e-10,-2.6322446672553255e-10,25.132741228029243,1.378240084850044e-09,-2.247489333753049e-11,4.494978667506098e-11
15.14,-0.0003050379453973284,2.5609998572834705e-06,-0.0023285653998695926,3.1392640881899236,-0.0008050365898437867,3.7252814831281976e-06,6.270364573179865e-13,1.801437460515852e-33,,1.2645164387819689e-10,-2.5290328775639377e-10,25.132741228056265,1.3241985181403241e-09,-2.1593640164774204e-11,4.318728032954841e-11
15.16,-0.0003050379453973284,2.5609998572834705e-06,-0.0023285653998695926,3.1392640881899236,-0.0008050365898437846,3.725281483987882e-06,6.270364573179865e-13,1.6629363667954137e-33,,1.214934040016221e-10,-2.429868080032442e-10,25.132741228082224,1.2722759515703795e-09,-2.0746941423170487e-11,4.1493882846340974e-11
15.18,-0.0003050379453973284,2.5609998572834705e-06,-0.0023285653998695926,3.1392640881899236,-0.0008050365898437828,3.725281484813857e-06,6.270364573179865e-13,1.5350837431896488e-33,,1.167295794914251e-10,-2.334591589828502e-10,25.132741228107168,1.222389297956293e-09,-1.9933442214094074e-11,3.986688442818815e-11
15.200000000000001,-0.0003050379453973284,2.5609998572834705e-06,-0.0023285653998695926,3.1392640881899236,-0.0008050365898437809,3.725281485607446e-06,6.270364573179865e-13,1.4170608964107482e-33,,1.1215254721205284e-10,-2.2430509442410568e-10,25.132741228131135,1.174458728009229e-09,-1.9151840765254688e-11,3.8303681530509376e-11
15.22,-0.0003050379453973284,2.5609998572834705e-06,-0.0023285653998695926,3.1392640881899236,-0.0008050365898437791,3.7252814863699176e-06,6.270364573179865e-13,1.3081120773020618e-33,,1.0775498293537269e-10,-2.1550996587074538e-10,25.13274122815416,1.1284075425915379e-09,-1.8400886347583652e-11,3.6801772695167304e-11
15.24,-0.0003050379453973284,2.5609998572834705e-06,-0.0023285653998695926,3.1392640881899236,-0.0008050365898437774,3.7252814871024923e-06,6.270364573179865e-13,1.2075396414633101e-33,,1.0352984962034489e-10,-2.0705969924068978e-10,25.132741228176283,1.0841620499817749e-09,-1.7679377273800537e-11,3.5358754547601074e-11
15.26,-0.0003050379453973284,2.5609998572834705e-06,-0.0023285653998695926,3.1392640881899236,-0.0008050365898437757,3.7252814878063423e-06,6.270364573179865e-13,1.11469958194464e-33,,9.947038615225553e-11,-1.9894077230451105e-10,25.13274122819754,1.0416514479522224e-09,-1.6986158975457148e-11,3.3972317950914295e-11
15.280000000000001,-0.0003050379453973284,2.5609998572834705e-06,-0.0023285653998695926,3.1392640881899236,-0.0008050365898437742,3.725281488482594e-06,6.270364573179865e-13,1.028997405403446e-33,,9.55700965234906e-11,-1.911401930469812e-10,25.13274122821796,1.0008077104702213e-09,-1.6320122155381672e-11,3.2640244310763344e-11
15.3,-0.0003050379453973284,2.5609998572834705e-06,-0.0023285653998695926,3.1392640881899236,-0.0008050365898437726,3.7252814891323292e-06,6.270364573179865e-13,9.498843253173573e-34,,9.182273943853793e-11,-1.8364547887707586e-10,25.13274122823758,9.615654788420046e-10,-1.568020101256656e-11,3.136040202513312e-11
15.32,-0.0003050379453973284,2.5609998572834705e-06,-0.0023285653998695926,3.1392640881899236,-0.0008050365898437713,3.7252814897565883e-06,6.270364573179865e-13,8.768537478768931e-34,,8.822231832658276e-11,-1.7644463665316552e-10,25.13274122825643,9.238619571248446e-10,-1.5065371536659517e-11,3.0130743073319034e-11
15.34,-0.0003050379453973284,2.5609998572834705e-06,-0.0023285653998695926,3.1392640881899236,-0.0008050365898437698,3.7252814903563693e-06,6.270364573179865e-13,8.09438028055546e-34,,8.476307174571517e-11,-1.6952614349143034e-10,25.132741228274543,8.87636811640147e-10,-1.4474649869328471e-11,2.8949299738656942e-11
15.36,-0.0003050379453973284,2.5609998572834705e-06,-0.0023285653998695926,3.1392640881899236,-0.0008050365898437685,3.725281490932633e-06,6.270364573179865e-13,7.472054750850384e-34,,8.143946416339381e-11,-1.6287892832678761e-10,25.132741228291945,8.528320744266932e-10,-1.390709072987835e-11,2.78141814597567e-11
15.38,-0.0003050379453973284,2.5609998572834705e-06,-0.0023285653998695926,3.1392640881899236,-0.0008050365898437672,3.725281491486301e-06,6.270364573179865e-13,6.897575881605909e-34,,7.824617709841285e-11,-1.564923541968257e-10,25.132741228308664,8.193920504795349e-10,-1.3361785902600292e-11,2.6723571805200584e-11
15.4,-0.0003050379453973284,2.5609998572834705e-06,-0.0023285653998695926,3.1392640881899236,-0.0008050365898437659,3.7252814920182594e-06,6.270364573179865e-13,6.367265046752629e-34,,7.517810061019745e-11,-1.503562012203949e-10,25.13274122832473,7.872632286261044e-10,-1.2837862783432753e-11,2.5675725566865507e-11
15.42,-0.0003050379453973284,2.5609998572834705e-06,-0.0023285653998695926,3.1392640881899236,-0.0008050365898437648,3.725281492529359e-06,6.270364573179865e-13,5.877726446433616e-34,,7.223032512180853e-11,-1.4446065024361706e-10,25.132741228340162,7.563941958969221e-10,-1.2334482983608837e-11,2.4668965967217674e-11
15.44,-0.0003050379453973284,2.5609998572834705e-06,-0.0023285653998695926,3.1392640881899236,-0.0008050365898437635,3.725281493020419e-06,6.270364573179865e-13,5.425825362291898e-34,,6.939813356357237e-11,-1.3879626712714474e-10,25.13274122835499,7.267355552538763e-10,-1.1850840988055408e-11,2.3701681976110815e-11
15.46,-0.0003050379453973284,2.5609998572834705e-06,-0.0023285653998695926,3.1392640881899236,-0.0008050365898437625,3.725281493492224e-06,6.270364573179865e-13,5.0086680845708434e-34,,6.667699382476271e-11,-1.3335398764952542e-10,25.132741228369238,6.98239846544424e-10,-1.1386162866397118e-11,2.2772325732794235e-11
15.48,-0.0003050379453973284,2.5609998572834705e-06,-0.0023285653998695926,3.1392640881899236,-0.0008050365898437616,3.7252814939455287e-06,6.270364573179865e-13,4.623583382492383e-34,,6.406255150125668e-11,-1.2812510300251336e-10,25.132741228382926,6.708614705552213e-10,-1.0939705034502694e-11,2.187941006900539e-11
15.5,-0.0003050379453973284,2.5609998572834705e-06,-0.0023285653998695926,3.1392640881899236,-0.0008050365898437605,3.7252814943810595e-06,6.270364573179865e-13,4.2681053992603355e-34,,6.155062292755922e-11,-1.2310124585511844e-10,25.13274122839608,6.445566160436538e-10,-1.051075306459169e-11,2.102150612918338e-11
15.52,-0.0003050379453973284,2.5609998572834705e-06,-0.0023285653998695926,3.1392640881899236,-0.0008050365898437594,3.7252814947995124e-06,6.270364573179865e-13,3.939957862158273e-34,,5.913718848204575e-11,-1.182743769640915e-10,25.132741228408715,6.192831896305015e-10,-1.0098620541997612e-11,2.0197241083995224e-11
15.540000000000001,-0.0003050379453973284,2.5609998572834705e-06,-0.0023285653998695926,3.1392640881899236,-0.0008050365898437585,3.725281495201558e-06,6.270364573179865e-13,3.6370395066328456e-34,,5.6818386154709964e-11,-1.1363677230941993e-10,25.132741228420855,5.950007484415513e-10,-9.702647966758015e-12,1.940529593351603e-11
15.56,-0.0003050379453973284,2.5609998572834705e-06,-0.0023285653998695926,3.1392640881899236,-0.0008050365898437577,3.725281495587839e-06,6.270364573179865e-13,3.357410621026766e-34,,5.459050536712391e-11,-1.0918101073424782e-10,25.13274122843252,5.716704353903706e-10,-9.322201698273862e-12,1.8644403396547725e-11
15.58,-0.0003050379453973284,2.5609998572834705e-06,-0.0023285653998695926,3.1392640881899236,-0.0008050365898437568,3.7252814959589735e-06,6.270364573179865e-13,3.0992806258019117e-34,,5.2449981034720867e-11,-1.0489996206944173e-10,25.132741228443727,5.492549169986787e-10,-8.956672941349378e-12,1.7913345882698757e-11
15.6,-0.0003050379453973284,2.5609998572834705e-06,-0.0023285653998695926,3.1392640881899236,-0.0008050365898437559,3.725281496315556e-06,6.270364573179865e-13,2.8609966077171496e-34,,5.039338786189945e-11,-1.007867757237989e-10,25.132741228454496,5.277183236548163e-10,-8.605476771989858e-12,1.7210953543979716e-11
15.620000000000001,-0.0003050379453973284,2.5609998572834705e-06,-0.0023285653998695926,3.1392640881899236,-0.0008050365898437551,3.725281496658157e-06,6.270364573179865e-13,2.641032735540409e-34,,4.841743486081986e-11,-9.683486972163972e-11,25.13274122846484,5.070261922147152e-10,-8.26805120139848e-12,1.653610240279696e-11
15.64,-0.0003050379453973284,2.5609998572834705e-06,-0.0023285653998695926,3.1392640881899236,-0.0008050365898437544,3.7252814969873236e-06,6.270364573179865e-13,2.437980489519568e-34,,4.651896008512125e-11,-9.30379201702425e-11,25.13274122847478,4.871454108535143e-10,-7.943856276674337e-12,1.5887712553348675e-11
15.66,-0.0003050379453973284,2.5609998572834705e-06,-0.0023285653998695926,3.1392640881899236,-0.0008050365898437536,3.725281497303584e-06,6.270364573179865e-13,2.2505396420472034e-34,,4.4694925570132954e-11,-8.938985114026591e-11,25.13274122848433,4.68044166079576e-10,-7.6323732167726e-12,1.52647464335452e-11
15.68,-0.0003050379453973284,2.5609998572834705e-06,-0.0023285653998695926,3.1392640881899236,-0.0008050365898437529,3.7252814976074436e-06,6.270364573179865e-13,2.0775099317649017e-34,,4.294241247148287e-11,-8.588482494296573e-11,25.132741228493508,4.496918918261127e-10,-7.333103582344158e-12,1.4666207164688316e-11
15.700000000000001,-0.0003050379453973284,2.5609998572834705e-06,-0.0023285653998695926,3.1392640881899236,-0.0008050365898437523,3.7252814978993883e-06,6.270364573179865e-13,1.9177833777927642e-34,,4.125861639432375e-11,-8.25172327886475e-11,25.132741228502326,4.3205922053895795e-10,-7.045568478126336e-12,1.4091136956252672e-11
15.72,-0.0003050379453973284,2.5609998572834705e-06,-0.0023285653998695926,3.1392640881899236,-0.0008050365898437516,3.725281498179886e-06,6.270364573179865e-13,1.7703371848690783e-34,,3.964084290570316e-11,-7.928168581140632e-11,25.132741228510795,4.151179361822153e-10,-6.769307786608289e-12,1.3538615573216578e-11
15.74,-0.0003050379453973284,2.5609998572834705e-06,-0.0023285653998695926,3.1392640881899236,-0.000805036589843751,3.725281498449385e-06,6.270364573179865e-13,1.6342271939687456e-34,,3.808650322289589e-11,-7.617300644579179e-11,25.132741228518935,3.9884092908658053e-10,-6.503879431744832e-12,1.3007758863489664e-11
15.76,-0.0003050379453973284,2.5609998572834705e-06,-0.0023285653998695926,3.1392640881899236,-0.0008050365898437503,3.725281498708317e-06,6.270364573179865e-13,1.508581836462112e-34,,3.659311007079929e-11,-7.318622014159858e-11,25.132741228526754,3.8320215256808715e-10,-6.248858671540448e-12,1.2497717343080895e-11
15.780000000000001,-0.0003050379453973284,2.5609998572834705e-06,-0.0023285653998695926,3.1392640881899236,-0.0008050365898437499,3.7252814989570957e-06,6.270364573179865e-13,1.3925965531001468e-34,,3.515827370176248e-11,-7.031654740352497e-11,25.132741228534268,3.681765812478555e-10,-6.003837418371478e-12,1.2007674836742957e-11
15.8,-0.0003050379453973284,2.5609998572834705e-06,-0.0023285653998695926,3.1392640881899236,-0.0008050365898437492,3.72528149919612e-06,6.270364573179865e-13,1.285528642088429e-34,,3.377969807148025e-11,-6.75593961429605e-11,25.132741228541487,3.537401710061468e-10,-5.768423585958865e-12,1.153684717191773e-11
15.82,-0.0003050379453973284,2.5609998572834705e-06,-0.0023285653998695926,3.1392640881899236,-0.0008050365898437488,3.725281499425772e-06,6.270364573179865e-13,1.1866925032600442e-34,,3.2455177164832324e-11,-6.491035432966465e-11,25.132741228548422,3.398698205066427e-10,-5.5422404619464505e-12,1.1084480923892901e-11
15.84,-0.0003050379453973284,2.5609998572834705e-06,-0.0023285653998695926,3.1392640881899236,-0.0008050365898437481,3.7252814996464196e-06,6.270364573179865e-13,1.0954552478938235e-34,,3.1182591465788536e-11,-6.236518293157707e-11,25.132741228555087,3.26543334229378e-10,-5.324926105080842e-12,1.0649852210161685e-11
15.860000000000001,-0.0003050379453973284,2.5609998572834705e-06,-0.0023285653998695926,3.1392640881899236,-0.0008050365898437477,3.725281499858415e-06,6.270364573179865e-13,1.011232646065812e-34,,2.995990456573099e-11,-5.991980913146198e-11,25.13274122856149,3.137393869531737e-10,-5.116132766028187e-12,1.0232265532056374e-11
15.88,-0.0003050379453973284,2.5609998572834705e-06,-0.0023285653998695926,3.1392640881899236,-0.0008050365898437473,3.725281500062098e-06,6.270364573179865e-13,9.334853855831635e-35,,2.8785159904765804e-11,-5.757031980953161e-11,25.13274122856764,3.014374896307335e-10,-4.915526330901046e-12,9.831052661802092e-12
15.9,-0.0003050379453973284,2.5609998572834705e-06,-0.0023285653998695926,3.1392640881899236,-0.0008050365898437468,3.7252815002577944e-06,6.270364573179865e-13,8.617156185448487e-35,,2.7656477640809877e-11,-5.5312955281619753e-11,25.132741228573547,2.8961795660179666e-10,-4.722785786604893e-12,9.445571573209786e-12
15.92,-0.0003050379453973284,2.5609998572834705e-06,-0.0023285653998695926,3.1392640881899236,-0.0008050365898437464,3.725281500445818e-06,6.270364573179865e-13,7.954637734154205e-35,,2.657205164144249e-11,-5.314410328288498e-11,25.132741228579224,2.782618740918821e-10,-4.5376027071486785e-12,9.075205414297357e-12
15.94,-0.0003050379453973284,2.5609998572834705e-06,-0.0023285653998695926,3.1392640881899236,-0.000805036589843746,3.7252815006264685e-06,6.270364573179865e-13,7.343056121981691e-35,,2.5530146593708098e-11,-5.1060293187416196e-11,25.13274122858468,2.6735106994621374e-10,-4.359680760097442e-12,8.719361520194884e-12
15.96,-0.0003050379453973284,2.5609998572834705e-06,-0.0023285653998695926,3.1392640881899236,-0.0008050365898437455,3.7252815008000357e-06,6.270364573179865e-13,6.778495138635777e-35,,2.4529095227245397e-11,-4.905819045449079e-11,25.13274122858992,2.5686808455039623e-10,-4.188735232377196e-12,8.377470464754391e-12
15.98,-0.0003050379453973284,2.5609998572834705e-06,-0.0023285653998695926,3.1392640881899236,-0.0008050365898437451,3.7252815009667974e-06,6.270364573179865e-13,6.25733966637702e-35,,2.3567295646299033e-11,-4.7134591292598065e-11,25.132741228594956,2.4679614289130673e-10,-4.024492574673262e-12,8.048985149346524e-12
16.0,-0.0003050379453973284,2.5609998572834705e-06,-0.0023285653998695926,3.1392640881899236,-0.0008050365898437447,3.72528150112702e-06,6.270364573179865e-13,5.776252530926123e-35,,2.2643208766344635e-11,-4.528641753268927e-11,25.132741228599794,2.371191277134952e-10,-3.866689963693012e-12,7.733379927386024e-12
