time_s,x_m,y_m,orientation_rad,axis_heading_rad,head_x_m,head_y_m,dissipation_J,power_W,action,amplitude_rad,amplitude_rate_rad_s,phase_rad,phase_rate_rad_s,bias_rad,bias_rate_rad_s
0.0,0.0,0.0,0.0,-3.141592653589793,-0.0005000000000000001,0.0,0.0,3.5163879160073895e-15,3,0.0,1.2,0.0,0.0,0.0,4.0
0.02,-1.724783456302208e-11,-8.814240437183355e-12,-1.3449815425517019e-05,3.141579203774368,-0.0004999493145365784,2.79707248865369e-06,6.757746917935443e-17,3.24801956497486e-15,3,0.023526336508606138,1.1529473269827877,0.002480096241394649,0.24636721980439416,0.07842112169535365,3.8431577566092927
0.04,-4.5373138444686847e-10,-8.192629308714887e-11,-0.00012930425553658403,3.1414633493342565,-0.0004998029565937477,5.533807461984831e-06,1.3008070800097423e-16,3.0124731210782964e-15,3,0.04613019216801861,1.1077396156639627,0.009790290914295882,0.48307424274577493,0.1537673072267285,3.692465385546543
0.06,-2.348329980141224e-09,-2.685232024265585e-10,-0.00043746629029717575,3.1411551872994963,-0.0004995659031295846,8.258706672850944e-06,1.8833584732605583e-16,2.829275021871134e-15,3,0.06784773796970556,1.0643045240605888,0.021741193150254835,0.7104998505610404,0.22615912656568504,3.54768174686863
0.08,-7.225676706437636e-09,-6.024413947324182e-10,-0.0010160403720305398,3.140576613217762,-0.0004992388597376873,1.1016228522742004e-05,2.4364789330982687e-16,2.725510315557138e-15,3,0.08871372662027333,1.0225725467594533,0.038150838202993975,0.9290079727427458,0.29571242206757753,3.408575155864845
0.1,-1.6961606450564148e-08,-1.1007087416747156e-09,-0.0019323686132624743,3.1396602849765305,-0.000498818638729746,1.3847704232452135e-05,2.979054006508153e-16,2.7316100645580093e-15,3,0.10876154815321104,0.9824769036935779,0.058844396265991784,1.1389482689039339,0.3625384938440366,3.274923012311927
0.12,-3.368434679178824e-08,-1.7599953858590409e-09,-0.0032438039831290738,3.138348849606664,-0.0004982983523940428,1.6791925849691858e-05,3.5361772389258767e-16,2.8787566652792407e-15,3,0.12802328336006813,0.9439534332798637,0.08365389270749338,1.340656688308114,0.4267442778668935,3.146511444266213
0.14,-5.971162703007218e-08,-2.55114803286063e-09,-0.004998251982629409,3.136594401607164,-0.0004976675087558122,1.988543650259196e-05,4.1391462677730496e-16,3.197650099174552e-15,3,0.1465297551265649,0.9069404897468701,0.11241793927526313,1.5344560074597582,0.4884325170885495,3.023134965822901
0.16,-9.752254024807637e-08,-3.412139368043276e-09,-0.007234521981596099,3.134358131608197,-0.0004969120770361087,2.3162559362695407e-05,4.825328697581503e-16,3.718371739327095e-15,3,0.16431057775578567,0.8713788444884286,0.14498147584094984,1.720656346615568,0.5477019258526186,2.904596148294763
0.18,-1.4976124158635087e-07,-4.2398176778781746e-09,-0.009982533763990116,3.131610119825803,-0.0004960145750790548,2.6655204900185108e-05,5.638089697869635e-16,4.471065347261202e-15,3,0.18139420435738157,0.8372115912852368,0.1811955222708,1.8995556660430515,0.6046473478579384,2.7907053042841232
0.2,-2.1926764074096872e-07,-4.880842451991597e-09,-0.013263424944456561,3.1283292286453364,-0.0004949542199429585,3.0392497722561824e-05,6.626915368464867e-16,5.4871374801664346e-15,3,0.19780797237861664,0.8043840552427667,0.2209169400256598,2.071440242820516,0.659359907928722,2.681280184142556
0.22,-3.0912832304717414e-07,-5.122194098853543e-09,-0.017089601798320055,3.124503051791473,-0.000493707174364948,3.4400265510000924e-05,7.847805009012269e-16,6.8006681591633085e-15,3,0.21357814735011543,0.7728437052997691,0.2640082031087746,2.2365851289414698,0.7119271578337178,2.5761456843325643
0.24,-4.227391608170064e-07,-4.6817069743628706e-09,-0.021464770575718342,3.1201278830140744,-0.0004922469147778967,3.8700433761298796e-05,9.36394321573998e-16,8.449721989765447e-15,3,0.22872996491631575,0.7425400701673684,0.31033717799485355,2.395254591456495,0.7624332163877188,2.4751335672245625
0.26,-5.638696035799383e-07,-3.199247085313388e-09,-0.026383979319928683,3.115208674269864,-0.0004905447400172547,4.331037134928052e-05,1.1246601743468547e-15,1.0477263721138776e-14,3,0.24328767121788364,0.7134246575642327,0.3597769121882393,2.5477025353569074,0.8109589040596119,2.378082191880776
0.28,-7.367176233070968e-07,-2.2947458787833923e-10,-0.03183369225780311,3.1097589613319894,-0.0004885704330494502,4.824223307628176e-05,1.3576164527985413e-15,1.2931413516840974e-14,3,0.25727456169071133,0.6854508766185773,0.4122054310718302,2.6941729098769094,0.8575818723023709,2.284836255395258
0.3,-9.459439114089049e-07,4.762399331679292e-09,-0.037791910582371774,3.1038007430074215,-0.00048629308048315486,5.35023461271083e-05,1.6443120898835968e-15,1.586482806156523e-14,3,0.2707130183435844,0.6585739633128311,0.4675055427216704,2.8349000988644124,0.9023767278119479,2.1952465443761042
0.32,-1.196674349409873e-06,1.2399871886917878e-08,-0.04422834545518317,3.09736430813461,-0.00048368204608328604,5.9090687005376014e-05,1.9948835840255327e-15,1.933306459524686e-14,3,0.28362454557417116,0.6327509088516576,0.5255646503748691,2.9701092958451984,0.9454151519139036,2.109169696172193
0.34,-1.4944611466313433e-06,2.338683780482053e-08,-0.05110464182383837,3.090488011765954,-0.0004807080851012571,6.500049361647447e-05,2.4205886096869e-15,2.339187434873469e-14,3,0.29602980458064654,0.6079403908387069,0.5862745722507581,3.100016864380604,0.9867660152688216,2.026467969462357
0.36,-1.8451954301121974e-06,3.848864922015048e-08,-0.058374645634767706,3.0832180079550255,-0.00047734457637202404,7.121805306518417e-05,2.9337750272151327e-15,2.8093475042214578e-14,3,0.3079486464240173,0.5841027071519653,0.6495313684369627,3.224830684295379,1.0264954880800574,1.9470090238398852
0.38,-2.254967448112077e-06,5.849931755091004e-08,-0.06598470261523584,3.0756079509745575,-0.00047356883947139035,7.772269903180888e-05,3.547766188789267e-15,3.3481961247606203e-14,3,0.31940014379405474,0.5611997124118905,0.7152351745633669,3.3447504843297535,1.0646671459801822,1.8706657080396356
0.4,-2.7298747266132382e-06,8.41919438468535e-08,-0.07387397430507082,3.067718679284722,-0.000469363495605442,8.448704305160001e-05,4.276647683773284e-15,3.958811573063512e-14,3,0.3304026215296673,0.5391947569406653,0.7832900419978157,3.459968161748039,1.1013420717655573,1.7973158564688854
0.42,-3.275783155389913e-06,1.162504126972779e-07,-0.08197475662059736,3.059617896969195,-0.00046471782419727446,9.14774516984839e-05,5.134946858047821e-15,4.642397183875228e-14,3,0.34097368594255245,0.518052628114895,0.8536037843078333,3.570668089415187,1.136578953141841,1.7268420937163178
0.44,-3.898050592132247e-06,1.5518203641793147e-07,-0.09021278796702419,3.051379865622769,-0.00045962906314060356,9.865476692869393e-05,6.137204104233695e-15,5.3977534323977017e-14,3,0.35113025299105144,0.4977394940178971,0.926087829742664,3.6770274108327095,1.1704341766368378,1.6591316467263244
0.46,-4.601226593685822e-06,2.0121314617370816e-07,-0.09850753766185029,3.0430851159279424,-0.0004541035999895854,0.00010597525035172625,7.297443356172236e-15,6.220808430727895e-14,3,0.36088857534929175,0.47822284930141645,1.0006570794995744,3.779216323606072,1.2029619178309723,1.5940761643380554
0.48,-5.388744760728944e-06,2.5417241936840813e-07,-0.10677247093632189,3.034820182653471,-0.00044815800421377835,0.00011339171492998816,8.628557595979089e-15,7.104246950380707e-14,3,0.37026426841493304,0.4594714631701339,1.0772297715476138,3.877398351797177,1.2342142280497765,1.531571543900447
0.5,-6.2626254935636174e-06,3.133697141400472e-07,-0.1149152937114527,3.02667735987834,-0.0004418198569376526,0.00012085479075763014,1.0141632651768234e-14,8.03727167241591e-14,3,0.3792723352971349,0.4414553294057302,1.1557273497909208,3.9717306075977454,1.264241117657116,1.471517764685768
0.52,-7.223206516243284e-06,3.774809830582989e-07,-0.12283818837636881,3.0187544652134246,-0.0004351283437475255,0.00012831425647394557,1.1845238430455033e-14,9.00552110569422e-14,3,0.38792719082473215,0.42414561835053566,1.2360743383622115,4.062364042742348,1.2930906360824403,1.4138187278351193
0.54,-8.268916454135404e-06,4.444520807016773e-07,-0.13043806072038,3.0111545928694134,-0.00042813458720272215,0.00013572035591714014,1.3744720582190525e-14,9.991158217305833e-14,3,0.39624268461303674,0.40751463077392647,1.3181982208452878,4.149443690063379,1.3208089487101224,1.3583821025797551
0.56,-9.396103480668597e-06,5.114356472970364e-07,-0.13760682798086205,3.0039858256089307,-0.0004209017072699602,0.0001430250121476047,1.5841527402815042e-14,1.0973134302996328e-13,3,0.4042321232261765,0.3915357535476469,1.4020293242333017,4.233108895574534,1.3474404107539217,1.3051191784921565
0.58,-1.0598927270816432e-05,5.747755437041096e-07,-0.14423178890569943,2.9973608646840937,-0.00041350460836029804,0.000150182849114842,1.8132606922884345e-14,1.1927625892476337e-13,3,0.41190829147043706,0.37618341705912584,1.48750070743708,4.313493541454162,1.3730276382347901,1.2539447235304197
0.6,-1.1869319035937643e-05,6.300524683247118e-07,-0.15019612923025205,2.9913965243595406,-0.0004060294991967987,0.00015715193587348544,2.0609908317918702e-14,1.2828639901054564e-13,3,0.419283472852679,0.361433054294642,1.5745480541650994,4.390726260285306,1.3976115761755965,1.204776847648807
0.62,-1.3197012075946167e-05,6.722024482309692e-07,-0.15537963051686368,2.9862130230729296,-0.0003985731546637006,0.00016389417987924243,2.3260020907796053e-14,1.3648784279601864e-13,3,0.4263694692365698,0.3472610615268603,1.6631095700036989,4.4649306408952905,1.4212315641218995,1.157536871756201
0.64,-1.456964471020065e-05,6.95716943645709e-07,-0.15965966714533858,2.9819329864444546,-0.000391241925727475,0.00017037531464901665,2.6063983982914718e-14,1.4360207418898329e-13,3,0.4331776197280837,0.3336447605438325,1.7531258835328343,4.536225426124203,1.4439253990936125,1.112149201812775
0.66,-1.5972938972960402e-05,6.949293487851318e-07,-0.16291259497859323,2.9786800586112,-0.00038415049381797283,0.00017656445275836193,2.8997302133290314e-14,1.4935717601694532e-13,3,0.43971881882048997,0.32056236235902,1.8445399513191398,4.604724702838776,1.4657293960683,1.0685412078634
0.68,-1.739096200263468e-05,6.643875578683589e-07,-0.16501565429900653,2.9765769992907867,-0.00037742035012802315,0.00018243320734776146,3.2030203778611796e-14,1.535010061162403e-13,3,0.4460035338278666,0.3079929323442667,1.9372969666342648,4.67053808449571,1.486678446092889,1.026643107814222
0.7000000000000001,-1.8806482027725917e-05,5.993056103584236e-07,-0.16584952568703765,2.9757431279027555,-0.0003711779599954236,0.0001879544234382388,3.5128184533462103e-14,1.558165463626928e-13,3,0.45204182163503626,0.29591635672992744,2.031344271752415,4.733770886546592,1.5068060721167877,0.9863878557664245
0.72,-2.0201436069577886e-05,4.960786506494656e-07,-0.16530168486235924,2.976290968727434,-0.00036555255151792833,0.00019310060365829434,3.825288018697282e-14,1.561395110724862e-13,3,0.4578433447907271,0.2843133104185458,2.126631273686758,4.79452429496509,1.526144482635757,0.9477110347284858
0.74,-2.1557530074256394e-05,3.528339144118426e-07,-0.1632706924964555,2.9783219610933376,-0.00036067345147057484,0.00019784216027161496,4.136331348929888e-14,1.5437801664849642e-13,3,0.46341738696971246,0.27316522606057503,2.2231093632298493,4.852895528166091,1.544724623232375,0.91055075353525
0.76,-2.285699156928809e-05,1.6997588295930103e-07,-0.15967151604799829,2.9819211375417947,-0.000356666888088673,0.00020214567448685185,4.4417550393273075e-14,1.5053359018687303e-13,3,0.4687728678286712,0.2624542643426575,2.3207318371685317,4.908977992575909,1.562576226095571,0.8748475478088582
0.78,-2.4083486945049725e-05,-4.93332935404461e-08,-0.1544418991688152,2.987150754420978,-0.0003536521985112797,0.00020597239085236863,4.737477967046807e-14,1.447219981919648e-13,3,0.47391835727954124,0.2521632854409175,2.4194538235488285,4.962861432102499,1.579727857598471,0.840544284803058
0.8,-2.5223196806705534e-05,-2.988343260184304e-07,-0.14754965727702823,2.994042996312765,-0.0003517374280508306,0.00020927721205408911,5.0197789558519167e-14,1.3719133968340478e-13,3,0.47886208920320683,0.2422758215935863,2.519232209871245,5.01463207174485,1.5962069640106897,0.8075860719786205
0.8200000000000001,-2.6266011194110027e-05,-5.690616159138003e-07,-0.13900057856490294,3.0025920750248902,-0.00035101439611261376,0.0002120084768492831,5.2855752612374554e-14,1.2833371790194875e-13,3,0.4836119746254649,0.23277605074907015,2.620025574101571,5.064372755571381,1.6120399154182168,0.7759201691635664
0.84,-2.7206762170861434e-05,-8.475556796418392e-07,-0.12884635511078563,3.0127462984790077,-0.00035155343047827884,0.00021410878690139676,5.5327146004556415e-14,1.1868588995648791e-13,3,0.48817561437635404,0.22364877124729188,2.72179411838679,5.112163079288127,1.6272520479211807,0.7454959041576386
0.86,-2.8046359568103948e-05,-1.1194707092488212e-06,-0.11719168956404695,3.0244009640257463,-0.000353398127516209,0.00021551708154744455,5.760253784714293e-14,1.0891407042160619e-13,3,0.49256031125310407,0.21487937749379182,2.824499605370022,5.158079517608847,1.6418677041770142,0.7162645916459716
0.88,-2.8792648410713947e-05,-1.3686060061754399e-06,-0.10419948025192095,3.037393173337872,-0.0003565606547077114,0.00021617203189639792,5.968688010906181e-14,9.977909162784018e-14,3,0.4967730817061697,0.2064538365876606,2.9281052970025954,5.202195546630884,1.6559102723538996,0.6881794552922007
0.9,-2.9460781985535264e-05,-1.5788165782163733e-06,-0.09009287074018049,3.0514997828496124,-0.0003610182311491914,0.0002160166382812811,6.16008953139955e-14,9.208082141672812e-14,3,0.5008206670670481,0.19835866586590378,3.0325758957553317,5.2445817614125945,1.6694022235568275,0.6611955528863449
0.92,-3.0072923043413953e-05,-1.7356653188616472e-06,-0.07515305681351712,3.0664395967762754,-0.0003667114489780402,0.00021500368964073182,6.338116200090385e-14,8.658506273788005e-14,3,0.5047095443358476,0.1905809113283048,3.1378774881349685,5.285305988940504,1.6823651477861592,0.6352697044276816
0.9400000000000001,-3.0657161213840354e-05,-1.828089388120606e-06,-0.05971214286631721,3.081880510723476,-0.0003735449879748077,0.00021310152542650785,6.507861945448598e-14,8.394129970055764e-14,3,0.5084459365458697,0.18310812690826062,3.2439774904153342,5.324433396666955,1.6948197884862328,0.6103604230275343
0.96,-3.124566426266599e-05,-1.8497985916180032e-06,-0.044141022349307744,3.097451631240485,-0.00038139101030884505,0.0002102993922422127,6.675542753834572e-14,8.460402549876363e-14,3,0.5120358227217899,0.17592835455642009,3.350844596496435,5.362026596791937,1.7067860757393003,0.5864278485213994
0.98,-3.187223768238526e-05,-1.8001333232311896e-06,-0.02883310641117713,3.112759547178616,-0.0003900951347906114,0.0002066116672696266,6.848039808474501e-14,8.877210159351479e-14,3,0.515484947447373,0.16903010510525385,3.4584487278080154,5.398145746455959,1.7182831581579106,0.5634336836841789
1.0,-3.2569605343198215e-05,-1.684195567909936e-06,-0.014185528795083292,3.1274071247947095,-0.0003994844634652478,0.00020208035701908242,7.032349141954977e-14,9.635836194507584e-14,3,0.5187988300580324,0.16240233988393515,3.56676098517743,5.432848644004315,1.7293294335267753,0.5413411329464495
1.02,-3.3366795322583404e-05,-1.512211310609152e-06,-0.0005799732811504268,3.141012680308643,-0.0004093767792884387,0.00019677555153759709,7.235006351963212e-14,1.0699565038046056e-13,3,0.5219827734729445,0.1560344530541109,3.675753602584799,5.46619082147676,1.7399425782431488,0.5201148435137024
1.04,-3.4286991584049865e-05,-1.2982434150382704e-06,0.011634666390950016,-3.1299579871988428,-0.00041958984935217637,0.00019079385107984695,7.461559470180431e-14,1.200774749777685e-13,3,0.5250418726808506,0.14991625463829883,3.7853999027314575,5.498225633470627,1.7501395756028357,0.49972084879432854
1.06,-3.534610099966183e-05,-1.0584995494371743e-06,0.022155995305055007,-3.119436658284738,-0.0004299497973374362,0.00018425509192016145,7.716151656092163e-14,1.348242060445781e-13,3,0.527981022893126,0.144037954213748,3.8956742543505802,5.529004342519565,1.7599367429770871,0.48012651404582574
1.08,-3.65521256641858e-05,-8.095339705058635e-07,0.030737143978026217,-3.110855509611767,-0.0004402977262699967,0.00017729790245853288,8.001252105601328e-14,1.5036157757004143e-13,3,0.5308049273771624,0.13839014524567506,4.006552031191691,5.558576201124526,1.7693497579238755,0.461300484152249
1.1,-3.790527510242566e-05,-5.666183724308502e-07,0.03719091505252273,-3.1044017385372698,-0.0004504941008396775,0.0001700746845856108,8.31754594391754e-14,1.657980936004946e-13,3,0.5335181049825997,0.13296379003480063,4.118009572613406,5.586988530568278,1.7783936832753326,0.4432126334493347
1.12,-3.939864439805536e-05,-3.42476921525152e-07,0.04138958406689243,-3.100203069522901,-0.0004604207447506447,0.0001627465509242538,8.663969585228098e-14,1.8029109239984508e-13,3,0.5361248973724483,0.1277502052551034,4.2300241457213605,5.614286796639552,1.7870829912414947,0.42583401751701055
1.1400000000000001,-4.101924074290036e-05,-1.4647900910544568e-07,0.0432613554605489,-3.098331298129244,-0.00046998059973029,0.00015547860097196768,9.037862154007108e-14,1.930959989715723e-13,3,0.5386294759706775,0.12274104805864505,4.342573908990727,5.640514682388003,1.7954315865689254,0.40913682686214914
1.16,-4.274915615708875e-05,1.570796187674063e-08,0.04278464372406641,-3.098808009865727,-0.00047909559318800546,0.00014843574193916978,9.435197490649848e-14,2.035979511595241e-13,3,0.541035848637383,0.11792830272523402,4.455637877315116,5.665714158026407,1.8034528287912772,0.39309434241744556
1.18,-4.4566737158613265e-05,1.4206589870649522e-07,0.03998127261751588,-3.101611380972278,-0.000487703070691281,0.0001417790968731643,9.850863411183236e-14,2.1132835828969636e-13,3,0.5433478660822185,0.11330426783556291,4.56919588842593,5.6899255480919635,1.8111595536073957,0.37768089278520867
1.2,-4.644766911839538e-05,2.3386387073376893e-07,0.03490945665506533,-3.1066831969347284,-0.000495751288744691,0.00013566291951605153,1.0278962126111614e-13,7.461975936417363e-13,3,0.5455692280263524,0.10886154394729508,4.68322857062843,5.713187595974147,1.818564093421175,-7.63712818684235
1.22,-4.998031479230429e-05,3.865292944710045e-07,0.021136391407365097,-3.1204562621824277,-0.0005098596834029319,0.0001203453582910441,1.1724524780814254e-13,6.994518038515793e-13,3,0.5477034891228112,0.10459302175437757,4.797717311802892,5.735537525912404,1.6688360536853302,-7.33767210737066
1.24,-5.346349428147298e-05,4.7109742940826736e-07,0.007335934765847093,-3.134256718823946,-0.0005215423124115042,0.00010525137834792627,1.3076969682877493e-13,6.530985105544439e-13,3,0.5497540646446823,0.10049187071063526,4.9126442296212485,5.757011102562876,1.5249789343621512,-7.049957868724302
1.26,-5.684511363265362e-05,5.080933049885204e-07,-0.00664030595605971,3.1349523476337335,-0.0005309771199774444,9.070882663722445e-05,1.4337127355344786e-13,6.071576772499043e-13,3,0.5517242359502804,0.09655152809943912,5.02799214293154,5.777642688229477,1.386762533369565,-6.77352506673913
1.28,-6.0081403391653166e-05,5.225512206537284e-07,-0.020935850852452045,3.120656802737341,-0.0005383835667612206,7.701361180427558e-05,1.550578027199406e-13,5.61575558073403e-13,3,0.55361715573402,0.09276568853195988,5.143744544264413,5.7974652978509145,1.2539656749782457,-6.5079313499564915
1.3,-6.31362390573921e-05,5.407035399471434e-07,-0.03567953810393508,3.1059131154858584,-0.0005440085028644187,6.442237611755942e-05,1.6583572423232844e-13,5.162815650339426e-13,3,0.5554358530713995,0.08912829385720089,5.259885573417646,5.8165106518316305,1.1263758558832593,-6.252751711766519
1.32,-6.598049773665963e-05,5.86943989111808e-07,-0.050978393376558476,3.0906142602132345,-0.0005481118756482413,5.314874584159538e-05,1.757103183921153e-13,4.712438876864776e-13,3,0.5571832382661682,0.08563352346766351,5.376399992076443,5.8348092268012195,1.0037889051534412,-6.007577810306882
1.34,-6.859170771160768e-05,6.812425350803465e-07,-0.06691254603951034,3.0746801075502823,-0.0005509534703964211,4.336247147327649e-05,1.846870108322934e-13,4.2652081114230036e-13,3,0.5588621075074331,0.08227578498513366,5.493273159428876,5.852390304383539,0.8860086575143455,-5.772017315028691
1.36,-7.095414699325357e-05,8.371904012062795e-07,-0.08353158218279669,3.0580610714069962,-0.0005527815548098046,3.519058532704685e-05,1.9277362592474382e-13,3.823028948538318e-13,3,0.5604751473441582,0.07904970531168365,5.610491008737463,5.869282018053548,0.7728466394419571,-5.545693278883914
1.3800000000000001,-7.30594109741542e-05,1.0608424784423365e-06,-0.10085178708700757,3.0407408665027855,-0.0005538239557098689,2.8719696621173026e-05,1.999833508927416e-13,3.3894049256822356e-13,3,0.5620249389842155,0.07595012203156903,5.728040024829389,5.885511398156878,0.6641217675648421,-5.328243535129684
1.4000000000000001,-7.490731998843719e-05,1.350486089868455e-06,-0.11885384964388904,3.022738803945904,-0.0005542817862340532,2.3998673244517382e-05,2.0633806454746854e-13,9.074577472163176e-14,3,0.5635139624248691,0.07297207515026183,5.8459072224693465,5.901104415164147,0.5596600588921206,2.880679882215759
1.42,-7.588691982986997e-05,1.4304593655838208e-06,-0.1372209880939771,3.0043716654958157,-0.0005564309553015465,3.380638596731083e-05,2.0818781428910045e-13,9.47455341642296e-14,3,0.5649446004212993,0.07011079915740126,5.964080125580385,5.916086021229252,0.6161365957942704,2.7677268084114592
1.44,-7.68579272178872e-05,1.5290414254224328e-06,-0.15646553289189963,2.985127120697893,-0.000557635193460248,4.500096822310658e-05,2.1013941385627585e-13,1.01043425436973e-13,3,0.5663191422995196,0.0673617154009607,6.08254674727953,5.930480190118146,0.6703986560097523,2.6592026879804953
1.46,-7.784505707203961e-05,1.6535264907862614e-06,-0.176353922137503,2.96523873145229,-0.0005577009971500955,5.74317245003391e-05,2.1224300632454592e-13,1.1002221589993154e-13,3,0.5676397876197863,0.06472042476042739,6.201295570696209,5.9443099555719705,0.7225330704114348,2.5549338591771305
1.48,-7.887597015070324e-05,1.8136260090684128e-06,-0.1966540549751695,2.9449385986146233,-0.0005564642566498079,7.090739553921155e-05,2.1455488014552604e-13,1.2190456337415825e-13,3,0.5689086496963645,0.062182700607271046,6.320315530542807,5.957597448165959,0.772623265184962,2.454753469630076
1.5,-7.99791496006619e-05,2.0210644502346828e-06,-0.21713820414420956,2.9244544494455837,-0.0005538006353531594,8.520388344451552e-05,2.1713393653341106e-13,1.3672364934472749e-13,3,0.5701277589792816,0.059744482041436786,6.4395959954078394,5.970363930723078,0.8207493953284499,2.3585012093431
1.52,-8.118165878108854e-05,2.288729191677805e-06,-0.2375850771902217,2.9040075763995716,-0.0005496336512500878,0.00010007443571294292,2.2003772606378942e-13,1.5431028379799733e-13,3,0.5712990663034809,0.0574018673930381,6.55912675074343,5.98262983233908,0.8669884729175834,2.266023054164833
1.54,-8.250704132028158e-05,2.629441508750317e-06,-0.25778107015075513,2.883811583439038,-0.000543939793951011,0.00011526151040385131,2.2331841055211574e-13,1.7429849190895987e-13,3,0.5724244460105734,0.05515110797885314,6.678897982519854,5.994414781073416,0.9114144903413677,2.1771710193172646
1.56,-8.397360560406046e-05,3.054494597577317e-06,-0.2775208080981697,2.8640718454916234,-0.0005367503573819951,0.0001305093513086689,2.27019018820422e-13,1.9614872187631324e-13,3,0.5735056989481843,0.05298860210363143,6.798900261520995,6.005737635358318,0.9540985387057368,2.0918029225885264
1.58,-8.559326723589981e-05,3.5721564069090984e-06,-0.296607102858684,2.844985550731109,-0.0005281500370415816,0.00014557623367391785,2.311703179560585e-13,2.1918494036334363e-13,3,0.5745445553516931,0.05091088929661369,6.9191245282555895,6.016616514176312,0.9951089215944897,2.0097821568110206
1.6,-8.737102054613231e-05,4.186345989096967e-06,-0.31485047549864825,2.826742178091145,-0.0005182726753699592,0.0001602453963827321,2.3578852348751747e-13,2.426398236602305e-13,3,0.5755426776129803,0.048914644774039395,7.039562078460108,6.0270688260544585,1.0345112643695966,1.9309774712608068
1.62,-8.930500049180046e-05,4.895660571602683e-06,-0.3320683896808666,2.8095242639089264,-0.0005072947968211875,0.00017433383583134173,2.4087394543242323e-13,2.6570156891262244e-13,3,0.5765016629406078,0.04699667411878439,7.160204549170075,6.037111296921709,1.072368619185779,1.8552627616284418
1.6400000000000001,-9.138700669556423e-05,5.692867802948004e-06,-0.3480843282283473,2.7935083253614454,-0.0004954277300784068,0.00018769836992110715,2.464105421294253e-13,2.8755663923936824e-13,3,0.5774230459156943,0.04515390816861142,7.281043905337542,6.0467599968739565,1.1087415658874096,1.7825168682251809
1.6600000000000001,-9.36033108978699e-05,6.564902880202604e-06,-0.3627268317628438,2.7788658218269493,-0.0004829091585197557,0.00020023865315469669,2.523662570758262e-13,3.0742467273686397e-13,3,0.5783083009475721,0.0433833981048557,7.402072426973299,6.056030365889627,1.1436883089491865,1.712623382101627
1.68,-9.593556341285783e-05,7.493343506669424e-06,-0.3758286197031368,2.765764033886656,-0.0004699948746009418,0.0002118971007547821,2.586939625255497e-13,3.245842301807324e-13,3,0.5791588446331568,0.041682310733686334,7.52328269679324,6.064937238536928,1.1772647706157113,1.6454704587685773
1.7,-9.836164665183346e-05,8.455291113555762e-06,-0.38722594113677766,2.754366712453015,-0.0004569513537437428,0.00022265592862608037,2.6533283161036954e-13,3.3839042189168995e-13,3,0.5799760380238043,0.04004792395239143,7.644667588349131,6.073494867712328,1.2095246803890114,1.5809506392219772
1.72,-0.00010085638065183718,9.424569708013038e-06,-0.39675835900759804,2.744834294582195,-0.0004440495331456458,0.00023253171132504033,2.7221000165969545e-13,3.4828729452064064e-13,3,0.5807611888032834,0.03847762239343311,7.76622025462477,6.0817169474482355,1.240519661007205,1.5189606779855902
1.74,-0.00010339205209796325,1.0373160445944227e-05,-0.40426924934289865,2.7373234042468946,-0.0004315599126512581,0.0002415679882191432,2.7924246187318166e-13,3.5381894197215006e-13,3,0.5815155533803492,0.036968893239301526,7.887934117079298,6.089616634826363,1.270299311051896,1.4594013778962078
1.76,-0.00010593880322148576,1.1272810678419754e-05,-0.40960738383927553,2.731985269750518,-0.0004197488235300831,0.0002498265101333638,2.8633918247117935e-13,3.5464356896546377e-13,3,0.5822403388992646,0.03551932220147069,8.009802855120135,6.097206571031874,1.2989112843164874,1.4021774313670252
1.78,-0.00010846497353865134,1.2096777903159644e-05,-0.41263003937033393,2.7289626142194594,-0.00040887547003931206,0.000257377731300208,2.934035835889888e-13,3.5055419281809274e-13,3,0.5829367051714891,0.034126589657021755,8.13182039598868,6.104498901581968,1.3264013660624152,1.3471972678751696
1.8,-0.00011093753217428039,1.282167867540249e-05,-0.41320811682781416,2.728384536761979,-0.0003991891666200722,0.00026429114075533723,3.0033650441666283e-13,3.41508311868749e-13,3,0.5836057665316243,0.032788466936751304,8.253980905042603,6.111505295761305,1.3528135462853368,1.2943729074293264
1.82,-0.00011332276793471773,1.3429398874942668e-05,-0.41123372143433307,2.73035893215546,-0.00039092609453422565,0.00027062602175697355,3.0703985955443144e-13,3.2766662220713763e-13,3,0.5842485936205871,0.031502812758825716,8.376278776419172,6.118236965295352,1.3781900901085078,1.2436198197829844
1.84,-0.00011558741124593416,1.3908977507703599e-05,-0.406630514000334,2.7349621395894594,-0.00038430490805148386,0.000276423247883721,3.1342114132686047e-13,3.094376190256493e-13,3,0.5848662150988636,0.030267569802272742,8.498708624064676,6.124704682291527,1.4025716054159965,1.194856789168007
1.86,-0.00011770033374830264,1.4258301243106535e-05,-0.39936683517566657,2.742225818414127,-0.0003795206553996715,0.0002816987735211707,3.1939882342395366e-13,2.875206877021708e-13,3,0.5854596192925853,0.029080761414829404,8.621265273115592,6.1309187964768785,1.4259971078339624,1.1480057843320752
1.8800000000000001,-0.00011963489046251662,1.448535285741758e-05,-0.38947108397369445,2.752121569616099,-0.00037673676654733864,0.00028643953285046263,3.249085257689228e-13,2.6293549847777655e-13,3,0.5860297557750618,0.0279404884498764,8.743943751617698,6.13688925175985,1.4485040831639813,1.1029918336720375
1.9000000000000001,-0.00012137182119327636,1.4608672628313061e-05,-0.3770480840112024,2.7645445695785913,-0.00037607531013885066,0.0002906024746025386,3.299095114229893e-13,2.370213714313881e-13,3,0.5865775368863007,0.026844926227398647,8.866739282569885,6.142625602142661,1.4701285473683252,1.0597429052633496
1.92,-0.00012290241385980803,1.4656665403134598e-05,-0.36229426701404366,2.77929838657575,-0.0003776063131621945,0.0002941173545523714,3.3439073607244714e-13,2.1138897578292038e-13,3,0.5871038391929461,0.025792321614107827,8.989647276279936,6.148137027009743,1.4909051042031864,1.018189791593627
1.94,-0.00012423138910757812,1.4665475121763834e-05,-0.3455086512711212,2.796084002318672,-0.0003813375824388725,0.00029689360412878314,3.383753441184255e-13,1.8781112004503087e-13,3,0.5876095048909725,0.02478099021805491,9.11266332302004,6.153432345816717,1.510867000592069,0.978265998815862
1.96,-0.00012537877569597446,1.467539362313468e-05,-0.3270961513726713,2.8144965022171213,-0.00038720699480792676,0.00029883104770228353,3.419223423671056e-13,1.6805163541667377e-13,3,0.5880953431533779,0.02380931369324424,9.23578318597029,6.158520032203402,1.5300461798279603,0.9399076403440794
1.98,-0.00012638002588021848,1.472615467775243e-05,-0.3075601500734457,2.8340325035163474,-0.00039507939449268895,0.00029983349928449575,3.4512434240335883e-13,1.5365067056537845e-13,3,0.588562131425033,0.02287573714993396,9.359002794438858,6.163408227553448,1.5484733326894142,0.9030533346211715
2.0,-0.00012728386659897076,1.4851881383437625e-05,-0.28748277587446075,2.8541098777153326,-0.0004047498313936116,0.00029982350546367364,3.481008440908159e-13,1.4570548282658048e-13,3,0.5890106166667595,0.02197876666648102,9.48231823734803,6.168104754022285,1.5661779465523447,0.8676441068953107
2.02,-0.00012814789626407698,1.507672549118494e-05,-0.26749383274928856,2.874098820840505,-0.0004159538293407478,0.00029875599198525267,3.509874732253696e-13,1.4469830610116177e-13,3,0.5894415165506259,0.02111696689874809,9.605725756975643,6.172617127054243,1.5831883525761181,0.8336232948477638
2.04,-0.0001290325709657605,1.5412190423771753e-05,-0.24823214534764193,2.893360508242151,-0.00042838389675546183,0.00029662858224935806,3.539226198205682e-13,1.5041802366138976e-13,3,0.5898555206083768,0.020288958783246436,9.729221742941924,6.176952567408865,1.5995317710394525,0.8009364579210949
2.06,-0.00012999472150280783,1.5856720785910638e-05,-0.2303051793776415,2.911287474212152,-0.00044171004576558967,0.00029348698274936423,3.5703366016466313e-13,1.6199844913004905e-13,3,0.59025329133483,0.019493417330340046,9.852802726432119,6.18111801271566,1.6152343548986714,0.7695312902026572
2.08,-0.00013108187337120117,1.6397511191659046e-05,-0.21425328654503695,2.9273393670447563,-0.00045560119115021597,0.0002894249026151945,3.604250680119166e-13,1.7806188868346428e-13,3,0.5906354652480101,0.01872906950397968,9.976465374645642,6.185120128575796,1.6303212316380127,0.7393575367239746
2.1,-0.00013232834643566818,1.7013900225773904e-05,-0.20052358674596524,2.941069066843828,-0.0004697442674170691,0.00028457911583522816,3.641701710373599e-13,1.9692753125607086e-13,3,0.5910026539077132,0.017994692184573502,10.100206485462893,6.188965319228478,1.6448165434789646,0.7103669130420709
2.12,-0.00013375354008603912,1.768140390026059e-05,-0.1894559218974733,2.9521367316923204,-0.0004838586700177558,0.0002791210976726196,3.6830732931312307e-13,2.1683229763726696e-13,3,0.5913554448941325,0.01728911021173496,10.224022982321173,6.192659737799103,1.6587434860129708,0.6825130279740583
2.14,-0.00013536222296578262,1.8375480550041443e-05,-0.18128053074530925,2.960312122844484,-0.0004977048295841254,0.00027324696389719074,3.7284029745822955e-13,2.3611927686819973e-13,3,0.5916944027481122,0.01661119450377546,10.347911909291533,6.196209296145566,1.6721243453193253,0.6557513093613494
2.16,-0.00013714625774118594,1.9074409823128244e-05,-0.17612502025434318,2.96546763333545,-0.000511086920512669,0.0002671672479967733,3.777418139427023e-13,2.533684924126238e-13,3,0.5920200698745337,0.015959860250932545,10.471870426348655,6.199619674318504,1.6849805336276538,0.6300389327446925
2.18,-0.00013908707548253416,1.9761038566654332e-05,-0.17402726614248323,2.9675653874473102,-0.0005238505745176309,0.00026109756558386935,3.829591755416422e-13,2.6746590279912106e-13,3,0.5923329674102785,0.015334065179442913,10.59589580482621,6.202896329650578,1.6973326235820494,0.6053347528359012
2.2,-0.00014115831686504037,2.0423450869627194e-05,-0.17495096310693362,2.9666416904828594,-0.0005358769175529942,0.0002552506638863636,3.88420644338581e-13,2.7762160846634316e-13,3,0.5926335960581589,0.014732807883682142,10.719985423050401,6.206044505489377,1.709200381161692,0.5815992376766159
2.22,-0.00014332826725133016,2.1054794130363403e-05,-0.17880127415996658,2.9627913794298264,-0.0005470743440300355,0.0002498298986854943,3.940418404074754e-13,2.833548132771179e-13,3,0.592922436888149,0.014155126223701853,10.844136762144737,6.2090692395878895,1.7206027973106328,0.5587944053787344
2.24,-0.00014556192948154235,2.1652546159703765e-05,-0.18543897724643416,2.9561536763433587,-0.0005573693244449341,0.0002450238917964355,3.997316345283527e-13,2.8446275460426647e-13,3,0.5931999521071996,0.013600095785600841,10.968347401999281,6.211975372165984,1.731558118327355,0.5368837633452901
2.2600000000000002,-0.00014782274385058224,2.22174842067021e-05,-0.19469237695561592,2.946900276634177,-0.0005666973398562036,0.0002410020016400342,4.053973635140169e-13,2.809866265197787e-13,3,0.5934665857988674,0.013066828402265251,11.092615017397968,6.214767553655794,1.742083875062745,0.51583224987451
2.2800000000000002,-0.00015007406162110783,2.2752562049885757e-05,-0.20636689411490558,2.9352257594748874,-0.000574994829852856,0.00023791025644923685,4.1094939800569277e-13,2.731821626131313e-13,3,0.5937227646339439,0.012554470732112133,11.216937374297757,6.2174502521434,1.7521969109731943,0.4956061780536114
2.3000000000000003,-0.00015228051272864494,2.3261847846474444e-05,-0.2202526361768473,2.9213400174129465,-0.0005821928598509253,0.00023586751365549136,4.1630519454235297e-13,2.614976377215977e-13,3,0.5939688985532199,0.012062202893560192,11.341312326253687,6.220027760518722,1.761913409073722,0.47617318185255586
2.32,-0.00015440939436703728,2.3749637192059525e-05,-0.236130418419147,2.9054622351706456,-0.0005882130521586552,0.00023496178022403756,4.213929778199175e-13,2.4655824224658783e-13,3,0.5942053814234773,0.011589237153045273,11.46573781098411,6.222504203345057,1.7712489178342528,0.4575021643314945
2.34,-0.00015643215822988858,2.421983244430638e-05,-0.2537767044483764,2.887815949141417,-0.0005929661579862266,0.00023524681919409645,4.261551490204924e-13,2.291531510799239e-13,3,0.5944325916677612,0.011134816664477576,11.590211847070599,6.224883543459265,1.7802183760604846,0.4395632478790308
2.36,-0.000158326000519991,2.4675661593521168e-05,-0.2729678214094516,2.868624832180341,-0.0005963534471687533,0.00023673933996112636,4.3055142419852447e-13,2.1022001977563333e-13,3,0.5946508928709363,0.010698214258127337,11.714732530787249,6.227169588313148,1.788836136799166,0.4223277264016678
2.38,-0.00016007546981991268,2.511978494198693e-05,-0.29348363411460415,2.8481090194751886,-0.0005982708434090271,0.00023941718768648245,4.3456159266716694e-13,1.9082101530321535e-13,3,0.5948606343615012,0.010278731276997632,11.839298033054321,6.229365996066187,1.797115990306033,0.40576801938793405
2.4,-0.0001616739163899557,2.5554794039078297e-05,-0.3151106817426921,2.826481971847101,-0.0005986154419234827,0.00024321898026747653,4.38187668952177e-13,1.7210493291151263e-13,3,0.595062151770588,0.009875696458824024,11.963906596511316,6.231476281439379,1.805071186113159,0.38985762777368205
2.42,-0.0001631245321958022,2.5984039790231305e-05,-0.33764463333952266,2.803948020250271,-0.000597293746522172,0.00024804557288544656,4.4145511704197647e-13,1.5525173954210326e-13,3,0.595255767569044,0.009488464861912016,12.088556532704828,6.233503821339539,1.8127144542310345,0.374571091537931
2.44,-0.0001644407004140742,2.641264210598267e-05,-0.3608918369422944,2.7807008166474994,-0.0005942307097677026,0.0002537635656004893,4.444127822066615e-13,1.4139926628275645e-13,3,0.5954417915834535,0.009116416833093055,12.213246219386653,6.235451860263074,1.8200580255192988,0.3598839489614023
2.46,-0.00016564541292700147,2.68484525776243e-05,-0.384669740620871,2.756922912968922,-0.0005893785164049674,0.0002602108402483939,4.471312054957103e-13,1.3155659984206253e-13,3,0.5956205214919268,0.008758957016146374,12.337974097917849,6.237323515487864,1.8271136512587254,0.34577269748254924
2.48,-0.00016676963830692193,2.730269567773422e-05,-0.40880605330470077,2.732786600285092,-0.0005827240658103872,0.0002672038716972565,4.4969914109297395e-13,1.2651407467939402e-13,3,0.5957922433004487,0.008415513399102625,12.462738670774584,6.239121782061575,1.8338926219557778,0.3322147560884443
2.5,-0.00016784971778776897,2.7790033426883325e-05,-0.4331366708169174,2.7084559827728754,-0.000574294295606959,0.00027454636316808954,4.5221834168010135e-13,1.2676389244275717e-13,3,0.5959572318005486,0.008085536398902748,12.587538499151774,6.240849537594379,1.8404057854098288,0.3191884291803424
2.52,-0.00016892408586619936,2.832789697538519e-05,-0.45750258193935545,2.684090071650438,-0.0005641588090845569,0.0002820386462052965,4.54796976553505e-13,1.3244627164541823e-13,3,0.5961157510090263,0.007768497981947453,12.71237220066069,6.242509546863733,1.846663564071954,0.30667287185609204
2.54,-0.00017002978549241957,2.8935089862149744e-05,-0.4817461426211525,2.6598465109686407,-0.0005524296481055493,0.0002894872684669204,4.575423208651258e-13,1.433324467541423e-13,3,0.5962680545904343,0.007463890819131347,12.837238447116837,6.244104466238623,1.8526759717230765,0.29464805655384696
2.56,-0.0001711993100359012,2.9629845856538238e-05,-0.5057072157171468,2.6358854378726466,-0.0005392584059253775,0.00029671423732555955,4.605535134492276e-13,1.5884836860017415e-13,3,0.5964143862629963,0.007171227474007447,12.962135962414582,6.245636847930317,1.8584526294981536,0.2830947410036928
2.58,-0.0001724582269024567,3.0427660679031667e-05,-0.5292196862803521,2.612372967309441,-0.0005248311407454556,0.00030356545009049287,4.639151681657147e-13,1.781340392931438e-13,3,0.5965549801886073,0.006890039622785338,13.087063520485108,6.247109144076447,1.864002781282045,0.27199443743591
2.6,-0.00017382384570657216,3.133926670927111e-05,-0.5521087733871924,2.5894838802026,-0.0005093617137354379,0.00030991789173883126,4.676924425158661e-13,2.0012623022004808e-13,3,0.5966900613475433,0.006619877304913313,13.212019943334447,6.248523710664953,1.8693353085017002,0.2613293829965997
2.62,-0.00017530495441072885,3.236907222180419e-05,-0.5741893941023088,2.5674032594874845,-0.0004930842527090933,0.00031568521817650373,4.719278793366527e-13,2.2364920414825042e-13,3,0.5968198458984776,0.006360308203044784,13.337004099158431,6.249882811304167,1.8744587443383371,0.2510825113233257
2.64,-0.00017690243709047484,3.351426719700366e-05,-0.5952656407968588,2.5463270127929345,-0.00047624546225216887,0.00032082139204609204,4.766400331494467e-13,2.4749941355437404e-13,3,0.5969445415243804,0.00611091695123922,13.462014900531571,6.2511886208450695,1.8793812873823525,0.2412374252352949
2.66,-0.0001786104610715584,3.476465265200406e-05,-0.6151312633903706,2.5264613901994224,-0.0004590974769588576,0.0003253221263023333,4.818236518131104e-13,2.7051464425226926e-13,3,0.5970643477648562,0.005871304470287608,13.587051302666941,6.252443228861513,1.8841108147528152,0.23177837049436967
2.68,-0.0001804178938027592,3.610312497980011e-05,-0.633570947917027,2.508021705672766,-0.0004418918810467097,0.00032922402566417714,4.874510490821916e-13,2.9162364911955723e-13,3,0.5971794563354499,0.005641087329100181,13.712112301744295,6.253648642993989,1.8886548947025377,0.22269021059492466
2.7,-0.00018230966141390167,3.750666919172253e-05,-0.6503621775344397,2.491230476055353,-0.0004248753810333613,0.0003326014774520681,4.934742769763945e-13,3.0987724454956297e-13,3,0.5972900514344323,0.005419897131135443,13.837196933303742,6.254806792162275,1.8930207987288947,0.21395840254221055
2.72,-0.00018426785557077685,3.894769201663939e-05,-0.6652775544974557,2.4763150990923375,-0.0004082874123763977,0.0003355614930425594,4.998277646612405e-13,3.2446525997271127e-13,3,0.5973963100375566,0.005207379924886846,13.962304270702408,6.255919529652128,1.8972155132097712,0.20556897358045756
2.74,-0.00018627249897444086,4.0395547825895963e-05,-0.6780876345851908,2.463505019004602,-0.0003923596973419768,0.0003382368021719296,5.064312002757598e-13,3.3472555568091573e-13,3,0.5974984021812574,0.005003195637485192,14.0874334236316,6.256988636080928,1.9012457505832567,0.19750849883348653
2.7600000000000002,-0.0001883019711304155,4.181815955476186e-05,-0.6885645480444722,2.4530281055453207,-0.00037731747640222643,0.00034077753625765266,5.131925645901562e-13,3.4015186315204096e-13,3,0.5975964912347456,0.004807017530508828,14.212583536692131,6.2580158222470486,1.9051179600889787,0.18976407982204258
2.7800000000000002,-0.0001903331675051971,4.3183694225864196e-05,-0.696486914447958,2.4451057391418356,-0.000363381841388824,0.00034334181265538194,5.200113583337438e-13,3.4040677402130394e-13,3,0.5976907341614335,0.004618531677132998,14.337753788025497,6.259002731867501,1.9088383380882614,0.18232332382347716
2.8000000000000003,-0.00019234151958263363,4.446230154017245e-05,-0.7016467581352551,2.439945895454538,-0.00035077233468324765,0.0003460854834765658,5.267821809244617e-13,3.353449181091064e-13,3,0.59778128177011,0.004437436459779898,14.462943387998724,6.259950944208229,1.912412837979627,0.17517432404074595
2.82,-0.00019430104679075115,4.5627949847733096e-05,-0.7038592408947204,2.4377334126950725,-0.00033970876972229245,0.00034915129035321626,5.333988990049964e-13,3.2504906006934585e-13,3,0.5978682789562669,0.004263442087466096,14.588151577940794,6.260861976611274,1.9158471797255021,0.16830564054899577
2.84,-0.00019618464671713806,4.6660383566878926e-05,-0.7029759743969367,2.4386166791928563,-0.00033041110203764924,0.00035265772358648525,5.397596646549618e-13,3.0987812218039703e-13,3,0.5979518649339625,0.0040962701320750305,14.7133776289286,6.261737286922846,1.9191468590053788,0.1617062819892423
2.86,-0.00019796485122348508,4.754716833369557e-05,-0.6989023555291706,2.442690298060622,-0.0003230961812915803,0.0003566880621168959,5.457729728398571e-13,2.9052061521404715e-13,3,0.5980321734585936,0.00393565308281274,14.838620840620521,6.2625782758261845,1.9223171560100742,0.1553656879798515
2.88,-0.00019961526345942812,4.828567919084714e-05,-0.6916186667784303,2.4499739868113632,-0.00031797041458997443,0.0003612803815243583,5.513647481399377e-13,2.6803968583053814e-13,3,0.5981093330409331,0.0037813339181338446,14.963880540135726,6.263386289082956,1.9253631438911618,0.14927371221767638
2.9,-0.00020111281212249586,4.888473307463416e-05,-0.6812035179686303,2.4603891356211633,-0.0003152178627076539,0.00036641971867884066,5.564860954689886e-13,2.4388820475064654e-13,3,0.5981834671527743,0.0036330656944514317,15.089156080977416,6.264162619686759,1.9282896968790968,0.14342060624180641
2.92,-0.00020244078054441,4.936540966169968e-05,-0.6678566260037788,2.473736027586014,-0.0003149841509040882,0.00037203395166046784,5.611208544880339e-13,2.1986721331696032e-13,3,0.5982546944245122,0.0034906111509755977,15.214446841998296,6.264908509932183,1.9311014980830243,0.13779700383395133
2.94,-0.00020359227965063893,4.976052313222586e-05,-0.6519162569439264,2.4896763966458666,-0.0003173577860586894,0.00037799508145878525,5.652915641979338e-13,1.9800377824945688e-13,3,0.5983231288349776,0.0033537423300447067,15.339752226406603,6.265625153402753,1.9338030469847536,0.13239390603049284
2.96,-0.0002045734878038061,5.011230538590066e-05,-0.6338655658478707,2.507727087741922,-0.0003223518137635073,0.0003841272333268636,5.690620858963583e-13,1.8034006534025573e-13,3,0.5983888798938275,0.0032222402123449623,15.465071660811114,6.266313696880914,1.9363986666388886,0.1272026667222228
2.98,-0.00020540571516956428,5.046821343521399e-05,-0.6143224725909405,2.527270180998853,-0.0003298897517953589,0.0003902216618828923,5.725352354228665e-13,1.686549845683156e-13,3,0.5984520528167835,0.003095894366432983,15.5904045943036,6.266975242183128,1.9388925105906378,0.12221497881872434
3.0,-0.00020612535717905305,5.0875342115677066e-05,-0.5940102928535335,2.5475823607362598,-0.0003397997878273868,0.0003960574479696219,5.758445563538184e-13,1.641745132550318e-13,3,0.598512748694,0.0029745026120000517,15.715750497577247,6.267610847923017,1.9412885695223725,0.117422860955255
3.02,-0.00020678121331415514,5.137450508025714e-05,-0.573710908900096,2.5678817446896973,-0.000351819906548414,0.0004014249017089177,5.791407665342281e-13,1.6734895169531453e-13,3,0.5985710646518296,0.002857870696340692,15.841108862079665,6.2682215312053655,1.9435906776395697,0.11281864472086056
3.04,-0.00020742939689736108,5.1995337881988684e-05,-0.5542073726673353,2.587385280922458,-0.00036561408044254493,0.00040614766431341736,5.825749834925896e-13,1.7776724449209247e-13,3,0.5986270940082464,0.002745811983507096,15.966479199199082,6.2688082692537135,1.9458025188063597,0.10839496238728064
3.06,-0.0002081268456069609,5.2753559780227856e-05,-0.5362262740076023,2.6053663795821906,-0.000380796794243046,0.00041009969753478447,5.862818931195955e-13,1.9423720593504481e-13,3,0.5986809264221742,0.0026381471556515823,16.091861039482474,6.269372000974116,1.9479276324404937,0.10414473511901257
3.08,-0.00020892487699078298,5.3650858776872466e-05,-0.5203902786188963,2.6212023749708973,-0.000396961159133578,0.0004132147567077177,5.903660430359947e-13,2.1500440496919797e-13,3,0.5987326480369601,0.0025347039260796844,16.217253931884326,6.2699136284575925,1.9499694191771684,0.10006116164566325
3.1,-0.0002098641110872586,5.467705718967416e-05,-0.507187907736993,2.6344047458528,-0.00041370549308970025,0.0004154879345259656,5.948934089156992e-13,2.380404096170487e-13,3,0.5987823416182223,0.0024353167635553508,16.342657443044878,6.270434018423672,1.9519311463107667,0.09613770737846661
3.12,-0.00021097151141279057,5.5813646857107845e-05,-0.49696254997169165,2.644630103618102,-0.0004306544304121788,0.000416970591327392,5.998888153328447e-13,2.613219741563005e-13,3,0.5988300866862927,0.0023398266274146096,16.468071156596643,6.270934003607322,1.9538159530232264,0.09236809395354717
3.14,-0.00021225959810598628,5.7037643803885816e-05,-0.48991808061906794,2.651674572970725,-0.00044747261580586005,0.0004177608958479345,6.053383808891903e-13,2.830442505540365e-13,3,0.5988759596434663,0.0022480807130673686,16.593494672498142,6.271414384091506,1.9556268554074012,0.08874628918519756
3.16,-0.0002137273684073951,5.832493868403471e-05,-0.4861357999320717,2.6554568536577214,-0.00046387094519888966,0.00041799223851960566,6.111953581544613e-13,3.0174576416892446e-13,3,0.5989200338962614,0.002159932207477233,16.718927606393745,6.271875928587484,1.957366751293452,0.08526649741309589
3.18,-0.00021536225039830658,5.965270647802317e-05,-0.4855969268999065,2.655995726689887,-0.00047960658913168564,0.00041782126016857676,6.173876203173305e-13,3.163527165874492e-13,3,0.5989623799728855,0.0020752400542289884,16.844369588998617,6.272319375664919,1.9590384248859942,0.08192315022801155
3.2,-0.0002171424710662541,6.1000795080193346e-05,-0.4882059344875959,2.6533867191021976,-0.0004944785816199496,0.0004174165503832178,6.238253959422515e-13,3.2616630031050317e-13,3,0.5990030656360954,0.001993868727809156,16.9698202655078,6.272745434933742,1.9606445512194186,0.07871089756116278
3.22,-0.00021903941345966505,6.235224182074237e-05,-0.49381167692016736,2.647780976669626,-0.0005083207725384629,0.000416948479878693,6.304083840153347e-13,3.3081969049356706e-13,3,0.5990421559916325,0.0019156880167350288,17.095279295028423,6.2731547881796805,1.9621877004385173,0.07562459912296537
3.24,-0.00022101975351975756,6.369316492892183e-05,-0.5022248510102216,2.6393678025795717,-0.0005209936876682896,0.000416580247740893,6.370318774193654e-13,3.302263673301253e-13,3,0.5990797135924052,0.0018405728151895673,17.220746350034226,6.27354809045526,1.9636703419112633,0.07265931617747334
3.2600000000000002,-0.00022304733761139875,6.501228512533681e-05,-0.5132315174628059,2.628361136126987,-0.0005323765154486335,0.00041646004589774536,6.435918799410294e-13,3.2453362778452405e-13,3,0.5991157985385874,0.0017684029228250964,17.34622111584143,6.2739259711280315,1.965094848180327,0.06981030363934604
3.2800000000000002,-0.0002250848651250069,6.630029857169513e-05,-0.5266031245595421,2.614989529030251,-0.0005423601428469617,0.0004167142215775251,6.499894022839447e-13,3.140878189238299e-13,3,0.5991504685737917,0.0016990628524164997,17.471703290105193,6.2742890348876905,1.9664634987596497,0.0670730024807007
3.3000000000000003,-0.0002270954814654339,6.75492796415397e-05,-0.5421038044021891,2.599488849187604,-0.000550841918084496,0.00041744139793915846,6.561341925907364e-13,2.9941224587934027e-13,3,0.5991837791774711,0.001632441645057714,17.597192582335776,6.27463786271371,1.9677784837821526,0.06444303243569482
3.3200000000000003,-0.00022904437884429648,6.875225542453437e-05,-0.5594957661452405,2.5820968874445525,-0.0005577226075276922,0.0004187076425434714,6.619481342778606e-13,2.8119494302723414e-13,3,0.599215783653698,0.0015684326926039827,17.72268871343371,6.274973012805031,1.969041907504417,0.06191618499116602
3.34,-0.00023090045868395817,6.990306388761194e-05,-0.5785434929939552,2.5630491605958383,-0.0005629058073694717,0.00042054290695161937,6.673684612768209e-13,2.602811435698845e-13,3,0.5992465332164624,0.0015069335670752082,17.848191415243164,6.275295021473303,1.9702557916739432,0.059488416652113685
3.36,-0.00023263804082089475,7.099657544373752e-05,-0.5990172365781044,2.5425754170116885,-0.0005662998428802438,0.00042293905596184995,6.723508218367011e-13,2.3766393361142553e-13,3,0.599276077071625,0.001447845856749952,17.97370043012286,6.275604404001095,1.971422078764378,0.05715584247124417
3.38,-0.00023423852171809828,7.202931117044782e-05,-0.6206960509480931,2.5208966026417006,-0.0005678219307462299,0.0004258498250824964,6.768720844675991e-13,2.1446605693113516e-13,3,0.599304462495657,0.0013910750086858492,18.09921551053377,6.275901655466456,1.9725426350838875,0.05491472983222501
3.4,-0.00023569180110822975,7.300042059658404e-05,-0.6433703662142335,2.49822228737556,-0.0005674041073634075,0.00042919296609205136,6.809326405917588e-13,1.9190628765450863e-13,3,0.5993317349112929,0.0013365301774141969,18.224736418643015,6.276187251535148,1.9736192537616475,0.05276149247670503
3.42,-0.00023699723505188412,7.391288773164456e-05,-0.6668439106803913,2.4747487429094015,-0.0005650001742482618,0.0004328546619845948,6.845578410448159e-13,1.7124561724685715e-13,3,0.599357937960216,0.0012841240795680164,18.350262925943277,6.276461649221809,1.9746536576172335,0.0506926847655329
3.44,-0.00023816385971411647,7.477473093185707e-05,-0.6909346852148814,2.4506579683749115,-0.0005605927322415283,0.0004366960432211031,6.877981400194057e-13,1.5371213869907762e-13,3,0.5993831135728949,0.0012337728542102244,18.47579481288713,6.276725287621281,1.975647501917499,0.0487049961650019
3.46,-0.00023920968823491108,7.559988179883338e-05,-0.7154746969299947,2.426117956659798,-0.0005541993197793949,0.00044056137467908215,6.90727548221982e-13,1.4040894883150748e-13,3,0.5994073020356809,0.0011853959286380888,18.601331868535738,6.276978588611249,1.9766023770253558,0.04679524594928841
3.48,-0.00024016002118095337,7.640841095477512e-05,-0.7403082736967511,2.401284379893042,-0.0005458767673128564,0.00044428727897955536,6.934401463496234e-13,1.3221568937410433e-13,3,0.5994305420552751,0.0011389158894496987,18.726873890221285,6.277221957527337,1.977519810944694,0.04496037811061182
3.5,-0.0002410449084892608,7.722584596597036e-05,-0.7652889841636746,2.376303669426118,-0.0005357231221531419,0.00044771227670626626,6.960446798849688e-13,1.2969949204498628e-13,3,0.599452870820667,0.001094258358665945,18.85242068322268,6.277455783811733,1.9784012717655144,0.04319745646897122
3.52,-0.0002418961044242475,7.808150071616172e-05,-0.7902754318257164,2.351317221764077,-0.0005238768362004857,0.00045068597655500704,6.986575984921649e-13,1.330526047051814e-13,3,0.5994743240626448,0.0010513518747103934,18.97797206045395,6.277680441636376,1.9792481700131852,0.04150365997362959
3.54,-0.00024274399608370517,7.900596593119478e-05,-0.8151264111979243,2.3264662423918683,-0.0005105132680274223,0.000453077404121244,7.013952251453645e-13,1.420702405693548e-13,3,0.5994949361109726,0.001010127778054759,19.103527842164873,6.277896290501716,1.9800618609055838,0.03987627818883244
3.56,-0.00024361500262902341,8.002812422888202e-05,-0.8396960451529838,2.3018966084368095,-0.0004958388595723037,0.0004547821437853676,7.043659355381992e-13,1.5617373250623319e-13,3,0.5995147399493252,0.0009705201013494591,19.22908785565333,6.278103675811988,1.9808436465217347,0.03831270695653055
3.58,-0.0002445298227369214,8.117217478481031e-05,-0.8638295244047749,2.2777631291850184,-0.00048008356638435187,0.000455728111326704,7.076632263883707e-13,1.74473723305404e-13,3,0.5995337672680692,0.0009324654638616092,19.354651934988947,6.278302929427933,1.981594777885414,0.03681044422917212
3.6,-0.0002455026921809726,8.245514127819948e-05,-0.887359942144772,2.254232711445021,-0.0004634922477311571,0.0004558798424026723,7.113603524588962e-13,1.958597093991676e-13,3,0.5995520485149737,0.0008959029700525978,19.480219920747583,6.278494370197846,1.9823164569670528,0.03536708606589434
3.62,-0.0002465415780147957,8.388520415371695e-05,-0.9101064983694891,2.2314861552203045,-0.0004463157807665443,0.00045524119330758945,7.155068881626647e-13,2.1909859435043785e-13,3,0.5995696129439341,0.0008607741121318124,19.605791659756196,6.278678304467801,1.9830098386071486,0.03398032278570273
3.64,-0.00024764905560724403,8.546099998474215e-05,-0.9318741035175245,2.209718550072269,-0.00042880267110441904,0.00045385635641100367,7.201272267742122e-13,2.429264947115871e-13,3,0.599586488661784,0.0008270226764319766,19.73136700484775,6.278855026571873,1.9836760323642548,0.03264793527149035
3.66,-0.0002488235320937603,8.71718362335729e-05,-0.9524542057012926,2.1891384478885003,-0.00041119189259821814,0.00045180913779218734,7.252207611487389e-13,2.661232400939956e-13,3,0.5996027026732723,0.0007945946534553272,19.856945814625714,6.279024819303129,1.9843161042905118,0.0313677914189765
3.68,-0.0002500604941684094,8.899863189217387e-05,-0.971626549386819,2.169966104202974,-0.0003937075893298878,0.0004492205384508712,7.30763342110321e-13,2.8756533755965034e-13,3,0.5996182809242766,0.0007634381514467492,19.98252795323779,6.279187954366165,1.9849310786375574,0.03013784272488529
3.7,-0.0002513535380793281,9.091533480456154e-05,-0.9891615694158589,2.1524310841739345,-0.00037655610130891894,0.00044624479493933733,7.367095844320917e-13,3.0625861652075937e-13,3,0.599633248343322,0.0007335033133559765,20.10811329015852,6.279344692811885,1.9855219394955483,0.028956121008903324
3.72,-0.00025269504427851374,9.28905776841822e-05,-1.004823230687675,2.136769422902118,-0.0003599255362609923,0.00044306412340668565,7.429956558566605e-13,3.2135540527637543e-13,3,0.5996476288814722,0.0007047422370556333,20.233701699980433,6.279495285455242,1.9860896323679145,0.02782073526417106
3.74,-0.00025407645598847934,9.488939379762504e-05,-1.0183723184925555,2.123220335097238,-0.00034398782587122,0.0004398824330848212,7.49542303964884e-13,3.3216291965298925e-13,3,0.5996614455506561,0.0006771088986876617,20.35929306221335,6.279639973276594,1.9866350656843659,0.02672986863126825
3.7600000000000002,-0.00025548819405388316,9.687489399407193e-05,-1.0295704327345905,2.112022220855202,-0.00032890290856205356,0.00043691821719106473,7.56258016741377e-13,3.381500064803892e-13,3,0.5996747204604924,0.0006505590790151228,20.48488726109158,6.2797789878073225,1.9871591122545742,0.0256817754908516
3.7800000000000002,-0.00025691928934970005,9.880988807205693e-05,-1.0381851998946472,2.103407453695146,-0.0003148244015577222,0.00043439670838497896,7.63042352685452e-13,3.3895889477421426e-13,3,0.5996874748536688,0.0006250502926623547,20.610484185388664,6.279912551500336,1.9876626106648545,0.024674778670290998
3.8000000000000003,-0.0002583568478230336,0.00010065850065103334,-1.0439974431854122,2.097595210404381,-0.0003019058796054645,0.00043254124551075045,7.697895985007323e-13,3.3442731014399497e-13,3,0.5996997291399354,0.000600541720129133,20.736083728239404,6.280040878086037,1.9881463666200816,0.02370726675983681
3.8200000000000003,-0.0002597854938451574,0.00010238787390179206,-1.0468111869614087,2.094781466628384,-0.00029030667235273696,0.0004315636973167649,7.763929995577536e-13,3.246240184834683e-13,3,0.5997115029287647,0.0005769941424704772,20.861685786968845,6.280164172914342,1.988611154232991,0.022777691534018096
3.84,-0.00026118697343502557,0.00010397005592960803,-1.0464673377186615,2.0951253158711314,-0.0002801959342334893,0.0004316537917932819,7.827498366589147e-13,3.0989714223259017e-13,3,0.5997228150607308,0.0005543698785384077,20.987290262927967,6.280282633283278,1.9890577172629231,0.02188456547415374
3.86,-0.00026254013944605227,0.00010538413131378391,-1.0428615726781274,2.0987310809116657,-0.00027175365728147676,0.0004329673675263,7.887675583669155e-13,2.9092896140425434e-13,3,0.599733683637658,0.0005326327246839568,21.112897061335843,6.2803964487547095,1.9894867703059977,0.021026459388004515
3.88,-0.00026382157067611576,0.0001066185461142542,-1.0359662492264272,2.105626404363366,-0.00026516735509512666,0.0004356139391138626,7.943709808139883e-13,2.6878333559328805e-13,3,0.5997441260515883,0.0005117478968232891,21.238506091127952,6.280505801457674,1.98989899993862,0.020202000122759856
3.9,-0.0002650070625885772,0.00010767340954017536,-1.0258549252203857,2.1157377283694077,-0.0002606234568337838,0.00043964455128751574,7.995102052383988e-13,2.4492355055010415e-13,3,0.5997541590126119,0.0004916819747762258,21.364117264810467,6.280610866379825,1.9902950658161491,0.019409868367701755
3.92,-0.0002660741215956843,0.00010856234112893515,-1.0127263909547202,2.128866262635073,-0.0002582931446186577,0.000445041598955062,8.041683891761519e-13,2.2117259005127185e-13,3,0.5997637985756067,0.00047240284878657945,21.489730498320245,6.2807118116474525,1.9906756017284877,0.01864879654302465
3.94,-0.00026700535735961364,0.00010931324464782893,-0.9969232895395677,2.144669364050225,-0.00025831351907407206,0.00045171289687449465,8.083679416096121e-13,1.9959007797822414e-13,3,0.5997730601659301,0.0004538796681397006,21.615345710890303,6.280808798794522,1.9910412166142808,0.01791756677143841
3.96,-0.00026779230627475706,0.00010996734593644133,-0.9789391703216436,2.1626534832681497,-0.00026076647443930653,0.0004594924489835517,8.121733182591272e-13,1.8225619737194342e-13,3,0.5997819586041027,0.00043608279179463416,21.740962824920576,6.280901983021159,1.9913924955353477,0.01721500892930461
3.98,-0.0002684388355463377,0.00011057605752132274,-0.959408181128233,2.18218447246156,-0.00026565909739175765,0.00046814973066162377,8.156886780076091e-13,1.7098396730054562e-13,3,0.5997905081295238,0.0004189837409522834,21.866581765853745,6.280991513442008,1.9917300006129055,0.01653999877418899
4.0,-0.0002689630688843429,0.00011119576888028589,-0.9390743397830651,2.2025183138067277,-0.00027291009942729584,0.00047740771361443334,8.190494661669917e-13,1.6701845040077034e-13,3,0.5997987224232583,0.0004025551534834193,21.992202462055918,6.281077533324844,1.9920542719270835,0.015891456145832983
4.0200000000000005,-0.00026939694811376543,0.00011188136690411701,-0.9187422508624028,2.2228504027273903,-0.00028234611308901986,0.00048696766031607345,8.224084633512715e-13,1.7080555354371087e-13,3,0.5998066146299283,0.00038677074014326074,22.117824844702017,6.281160180319827,1.9923658283811656,0.015268343237668791
4.04,-0.0002697831528462554,0.00011267984827255234,-0.8992166738219121,2.242375979767881,-0.00029370950330408283,0.0004965367120713575,8.259185043822266e-13,1.8190469409304943e-13,3,0.5998141973787486,0.0003716052425026817,22.24344884766563,6.281239586679787,1.9926651685319474,0.014669662936105166
4.0600000000000005,-0.00027016993116506645,0.00011362546819946974,-0.8812420600505798,2.260350593539213,-0.00030667635273030794,0.0005058534211741716,8.297151896227484e-13,1.9907540561012795e-13,3,0.5998214828037348,0.0003570343925303199,22.369074407413194,6.281315879471837,1.992952771387533,0.014094457224933965
4.08,-0.0002706050542156183,0.0001147373848273158,-0.8654531859040722,2.276139467685721,-0.00032088071122423354,0.0005147070771625841,8.339029133918345e-13,2.2050802042206395e-13,3,0.5998284825631214,0.00034303487375719754,22.494701462902345,6.281389180780722,1.9932290971738496,0.013541805652300898
4.1,-0.0002711302769119543,0.0001160199402155274,-0.852344311599862,2.289248341989931,-0.0003359401048801245,0.0005229485844587118,8.385464195507851e-13,2.4412426718102176e-13,3,0.5998352078580166,0.0003295842839667884,22.62032995548421,6.281459607904175,1.9934945880711081,0.013010823857783738
4.12,-0.000271777336638785,0.0001174649716407453,-0.8422587590874152,2.299333894502378,-0.00035147791122758606,0.0005304928465631321,8.4366842955292e-13,2.678651001393981e-13,3,0.599841669450327,0.00031666109934591624,22.74595982880958,6.281527273540618,1.9937496689213852,0.01250066215722967
4.14,-0.00027256589965535727,0.00011905517084468043,-0.8353958698672491,2.3061967837225446,-0.00036713992301746253,0.0005373142390777438,8.492524137439583e-13,2.899070809400994e-13,3,0.599847877679979,0.0003042446400418619,22.871591028738727,6.281592285969506,1.9939947479084612,0.012010504183077586
4.16,-0.00027350329083926654,0.00012076754855064901,-0.8318295581402277,2.309763095449565,-0.00038260433329438855,0.0005434374455147642,8.552487695587113e-13,3.087858130834964e-13,3,0.5998538424814646,0.00029231503707083384,22.997223503254773,6.281654749224596,1.994230217211002,0.011539565577995958
4.18,-0.00027458551283781116,0.00012257636152499736,-0.83153230410066,2.3100603494891327,-0.0003975858122180285,0.0005489258278545307,8.615825833680812e-13,3.234360397375505e-13,3,0.5998595733997384,0.00028085320052317897,23.12285720238045,6.28171476326042,1.994456453630128,0.011087092739744175
4.2,-0.00027579899556154906,0.00012445521804668033,-0.8343996592084844,2.3071929943813085,-0.0004118350966620499,0.0005538689844701944,8.681615456766555e-13,3.3317412405508675e-13,3,0.5998650796054926,0.0002698407890147081,23.24849207809813,6.281772424112242,1.9946738191923756,0.01065236161524874
4.22,-0.000277122625838618,0.00012637836034656025,-0.8402721583899785,2.301320495199814,-0.0004251356980465693,0.0005583705557210858,8.748831546500873e-13,3.376509073988025e-13,3,0.599870369909831,0.0002592601803379502,23.374128084272982,6.281827824049725,1.9948826617290187,0.010234676541962529
4.24,-0.00027852977944306875,0.0001283212867908492,-0.8489532248899773,2.2926394286998164,-0.0004372991897339208,0.0005625368689613178,8.816408573611951e-13,3.3679715049061505e-13,3,0.5998754527783693,0.0002490944432613773,23.499765176579142,6.281881051724588,1.9950833154326713,0.009833369134657488
4.26,-0.0002799902357387898,0.00013026094049847136,-0.8602228791242137,2.2813697744655794,-0.0004481602634567668,0.0005664667303076352,8.883291400001417e-13,3.307754289744511e-13,3,0.5998803363447814,0.00023932731043707633,23.625403312428794,6.281932192312468,1.9952761013920672,0.009447797215865528
4.28,-0.00028147196319446455,0.00013217569329095554,-0.8738477825977234,2.26774487099207,-0.00045757245770644756,0.0005702425513105322,8.948477757353528e-13,3.1994477276008035e-13,3,0.5998850284238156,0.00022994315236868346,23.751042450904013,6.281981327649214,1.9954613281058717,0.009077343788256531
4.3,-0.0002829428160437681,0.00013404532757522618,-0.8895884603654689,2.252004193224324,-0.0004654051982820683,0.0005739229943821245,9.011055031459382e-13,3.048387011996442e-13,3,0.5998895365237994,0.0002209269524011681,23.876682552691285,6.282028536361849,1.9956392919763442,0.008721416047311692
4.32,-0.00028437218652126975,0.00013585118244144868,-0.9072045792187564,2.2343880743710365,-0.0004715425491597804,0.0005775373746127999,9.07023379665921e-13,2.8615357832259943e-13,3,0.5998938678586544,0.00021226428269116582,24.002323580018608,6.282073893994385,1.9958102777836446,0.00837944443271077
4.34,-0.00028573262566565125,0.00013757658829810542,-0.9264590221204022,2.2151336314693904,-0.00047588383446201096,0.0005810821129160555,9.12537967072925e-13,2.647419170871138e-13,3,0.5998980293594405,0.00020394128111900223,24.12796549659504,6.28211747312871,1.9959745591415439,0.008050881716912262
4.36,-0.00028700139147502,0.0001392076617432234,-0.9471212709116197,2.1944713826781737,-0.00047834604894389504,0.0005845195477793025,9.176043834750641e-13,2.4160395456020825e-13,3,0.5999020276854468,0.00019594462910643706,24.253608267552618,6.282159343500737,1.996132398935263,0.007735202129473873
4.38,-0.000288161820152207,0.0001407344608555074,-0.9689703461951639,2.1726223073946294,-0.000478867729025821,0.0005877793431970028,9.22199115607994e-13,2.1787031533586222e-13,3,0.5999058692348479,0.00018826153030415682,24.379251859390582,6.2821995721119945,1.9962840497421466,0.007431900515706857
4.4,-0.00028920436112341545,0.00014215240634724355,-0.9917973022402056,2.1497953513495878,-0.0004774137299244602,0.0005907625615485317,9.26322343253172e-13,1.9476902785407819e-13,3,0.5999095601549426,0.0001808796901148213,24.50489623992175,6.282238223336842,1.9964297542358391,0.007140491528321746
4.42,-0.0002901270895688414,0.0001434637629688814,-1.0154070773533486,2.1261855762364448,-0.0004739801811530536,0.0005933482143345557,9.299994070586445e-13,1.7357198597424408e-13,3,0.5999131063519902,0.00017378729601946752,24.630541378221018,6.282275359025485,1.9965697455746159,0.0068605088507682765
4.44,-0.0002909355315087856,0.00014467887156241742,-1.0396193916852847,2.101973261904508,-0.0004685988106716246,0.0005954018064184329,9.332809845892043e-13,1.5551961346771335e-13,3,0.5999165135006628,0.0001669729986744084,24.756187244575877,6.28231103860295,1.9967042477744854,0.006591504451029184
4.46,-0.0002916417184452643,0.00014581676375120253,-1.064268387856865,2.077324265732928,-0.00046133986514215595,0.0005967851233959931,9.362415657839631e-13,1.4172800983044596e-13,3,0.599919787053125,0.0001604258937499825,24.881833810438856,6.282345319164172,1.9968334760676627,0.00633304786467459
4.48,-0.00029226252561974483,0.0001469048203293357,-1.0892008281116403,2.0523918254781526,-0.0004523130136232128,0.0005973663558174766,9.38975968743468e-13,1.3308929203520376e-13,3,0.5999229322477592,0.00015413550448162283,25.00748104838185,6.282378255565361,1.9969576372469873,0.006084725506025457
4.5,-0.0002928175097326759,0.00014797727482832097,-1.1142728719298733,2.0273197816599193,-0.0004416658768373015,0.0005970296619110065,9.415939101008606e-13,1.3018114384850554e-13,3,0.5999259541175478,0.00014809176490437892,25.13312893205223,6.282409900511788,1.997076929996835,0.005846140006330103
4.5200000000000005,-0.00029332659717956676,0.00014907259947085768,-1.1393457104343416,2.002246943155452,-0.00042958012114077996,0.0005956834423139662,9.442129926670372e-13,1.3320319597995628e-13,3,0.5999288574981272,0.00014228500374557917,25.258777436130657,6.282440304642118,1.997191545211056,0.005616909577887963
4.54,-0.00029380802848283263,0.00015023007903221966,-1.164280560692636,1.977312092897157,-0.00041626533730784916,0.0005932668757881181,9.46950801988618e-13,1.4195410915605807e-13,3,0.5999316470355257,0.00013670592894854394,25.384426536290587,6.282469516609446,1.997301666298446,0.005396667403108069
4.5600000000000005,-0.00029427690820594356,0.00015148608886644404,-1.1889336574596525,1.9526589961301406,-0.00040195114827516293,0.0005897545485252025,9.499170043177618e-13,1.5585462883913304e-13,3,0.5999343271935983,0.00013134561280336854,25.510076209159326,6.2824975831591505,1.997407469476238,0.00518506104752392
4.58,-0.0002947445544796038,0.0001528706692489861,-1.2131518801681136,1.9284407734216797,-0.0003868781453187315,0.000585159218038234,9.532063382260637e-13,1.7401131707384782e-13,3,0.5999369022611697,0.00012619547766057337,25.63572643228064,6.282524549203701,1.9975091240520895,0.004981751895821063
4.6000000000000005,-0.0002952186410256973,0.00015440490346592547,-1.2367695189511838,1.904823134638609,-0.0003712883493834555,0.0005795328546955951,9.568931907695859e-13,1.9530707005312458e-13,3,0.5999393763588975,0.0001212472822049726,25.761377184078825,6.282550457894519,1.997606792695009,0.0047864146099820815
4.62,-0.0002957039458487281,0.00015609939944501503,-1.2596064568467338,1.8819861967430596,-0.0003554159471323026,0.0005729661275592447,9.61028119874815e-13,2.1850078908631828e-13,3,0.5999417534458658,0.00011649310826844506,25.887028443824157,6.28257535069104,1.9977006316956625,0.004598736608675047
4.64,-0.0002962034172150193,0.0001579539234681141,-1.2814677927893574,1.8601248608004362,-0.0003394790600699143,0.0005655865035884795,9.65636336106093e-13,2.4232019458636915e-13,3,0.5999440373259208,0.00011192534815829269,26.012680191599745,6.282599267427049,1.997790791216471,0.004418417567058075
4.66,-0.0002967192556703511,0.00015995802072214942,-1.3021447194613274,1.839447934128466,-0.0003236732555330533,0.0005575551547077863,9.707178837514765e-13,2.6553707718733395e-13,3,0.599946231653758,0.00010753669248386721,26.138332408269648,6.282622246374425,1.9978774155319028,0.004245168936194421
4.68,-0.0002972537718880603,0.00016209233145208455,-1.3214163514729464,1.8201763021168471,-0.0003081673845333918,0.0005490629207716186,9.762491116414672e-13,2.870207201436826e-13,3,0.59994833994077,0.00010332011845992639,26.263985075448257,6.282644324304386,1.9979606432593435,0.0040787134813129455
4.7,-0.0002978098766096922,0.0001643302826296034,-1.3390521958362251,1.802540457753568,-0.0002931021319230466,0.0005403256268331203,9.821849980298727e-13,3.0577074886390307e-13,3,0.5999503655606658,9.926887866829048e-05,26.389638175470875,6.2826655365463315,1.9980406075809132,0.00391878483817365
4.72,-0.00029839115429912297,0.0001666398820311538,-1.3548150653456554,1.7867775882441377,-0.0002785914091850127,0.0005315790562916274,9.884619605887167e-13,3.2093432840478486e-13,3,0.5999523117548695,9.537649026092332e-05,26.515291691365444,6.282685917044374,1.9981174364565863,0.0037651270868273023
4.74,-0.0002990015435064665,0.00016898543101060128,-1.3684644333561098,1.7731282202336835,-0.0002647264447424571,0.0005230738066965733,9.950009033591902e-13,3.3181445735652206e-13,3,0.599954181637707,9.163672458600836e-05,26.640945606825394,6.282705498411657,1.998191252828955,0.003617494342090133
4.76,-0.0002996446881825532,0.0001713290738144884,-1.3797604803273928,1.7618321732624,-0.000251582166947437,0.0005150700996206605,1.001710394772858e-12,3.3787655538760166e-13,3,0.5999559782013896,8.804359722081045e-05,26.76659990618354,6.282724311982546,1.9982621748199632,0.00347565036007369
4.78,-0.0003003230421460711,0.0001736321948843829,-1.3884693468901197,1.7531233066996732,-0.00023922525267664241,0.0005078324062320054,1.008490011824245e-12,3.387600412300923e-13,3,0.5999577043208026,8.459135839467002e-05,26.89225457438702,6.28274238786277,1.9983303159199277,0.0033393681601445735
4.8,-0.0003010368173124317,0.00017585675057920163,-1.3943703385382331,1.7472223150515598,-0.00022772303088888833,0.0005016235326271773,1.0152340084932779e-12,3.3430029802722697e-13,3,0.5999593627581054,8.127448378925095e-05,27.0179095969732,6.282759754977593,1.9983957851691458,0.003208429661708312
4.82,-0.000301782880169019,0.00017796667217814693,-1.3972659662062334,1.74432668738356,-0.0002171522707959445,0.000496697641488142,1.0218355545307318e-12,3.245641367253788e-13,3,0.5999609561671514,7.808766569716852e-05,27.143564960046536,6.282776441118103,1.9984586873323837,0.003082625335232514
4.84,-0.0003025537321340079,0.00017992949585415247,-1.3969956761603042,1.744596977429489,-0.00020760673261774088,0.0004932916329524624,1.0281918199771945e-12,3.0989814658181023e-13,3,0.599962487097735,7.502580452989349e-05,27.269220650256337,6.282792472985685,1.9985191230665227,0.0029617538669546306
4.86,-0.0003033367619010211,0.0001817183501921092,-1.393453812583437,1.748138841006356,-0.00019920221977481423,0.0004916144351338437,1.0342101173586858e-12,2.909836781604037e-13,3,0.5999639579996718,7.208400065628062e-05,27.3948766547754,6.282807876234748,1.9985771890816306,0.0028456218367387542
4.88,-0.00030411402201310973,0.00018331434504360132,-1.3866116364787997,1.7549810171109934,-0.00019207779252014676,0.0004918341280089408,1.0398151165079469e-12,2.6888458855807885e-13,3,0.5999653712267188,6.925754656239569e-05,27.520532961279475,6.282822675513776,1.9986329782957202,0.00273404340855965
4.9,-0.00030486282784617094,0.00018470924146574385,-1.3765419935905718,1.765050659999221,-0.00018639189046449386,0.0004940634823228222,1.044956784500286e-12,2.4506547140686747e-13,3,0.5999667290403407,6.654191931865228e-05,27.646189557927567,6.282836894504774,1.998686579983436,0.002626840033128186
4.92,-0.00030555745263839067,0.00018590804571004118,-1.3634435197887025,1.7781491338010902,-0.00018231252024699144,0.0004983454022487693,1.049618186295972e-12,2.213521939527119e-13,3,0.5999680336133288,6.393277334226788e-05,27.771846433342965,6.28285055596116,1.998738079918914,0.0025238401621718864
4.94,-0.00030617203518610827,0.00018693091109352062,-1.3476594270234532,1.79393322656634,-0.00018000154073674133,0.0005046407385310135,1.0538217116111666e-12,1.998087358114162e-13,3,0.5999692870332785,6.142593344304892e-05,27.897503576595046,6.282863681744178,1.9987875605130383,0.0024248789739234056
4.96,-0.0003066844933813312,0.00018781356356185557,-1.3296846602192651,1.8119079933705278,-0.0001795944377986206,0.0005128216226872243,1.057631894394392e-12,1.8252042125320045e-13,3,0.5999704913059289,5.901738814206858e-05,28.023160977181785,6.282876292857884,1.998835100945316,0.002329798109367953
4.98,-0.0003070807978544265,0.00018860554389255263,-1.3101555698006548,1.8314370837891385,-0.00018117856346092678,0.000522673374039239,1.0611530734207397e-12,1.7130491915510984e-13,3,0.5999716483583734,5.670328325324547e-05,28.148818625012947,6.282888409482747,1.998880777290581,0.0022384454188379976
5.0,-0.00030735857728255843,0.00018936598984531982,-1.2898189998206377,1.8517736537691558,-0.00018477403116566376,0.0005339067759111214,1.0645209503512631e-12,1.6740991710420635e-13,3,0.5999727600421425,5.447991571494448e-05,28.274476510393935,6.282900051007954,1.9989246626407309,0.002150674718538248
5.0200000000000005,-0.0003075289439528172,0.00019015740522041282,-1.2694826674011574,1.8721099861886357,-0.00019032158669962516,0.0005461801915539143,1.067888584597892e-12,1.7128074331373814e-13,3,0.5999738281361676,5.234372766471651e-05,28.40013462401029,6.2829112360624295,1.9989668272216883,0.002066345556623439
5.04,-0.0003076158060351439,0.000191038598729728,-1.2499543105545907,1.8916383430352024,-0.00019768040674320286,0.0005591283291053772,1.0714090429099044e-12,1.8247279026925364e-13,3,0.5999748543496269,5.0291300746074796e-05,28.52579295691277,6.282921982544645,1.9990073385057785,0.0019853229884430057
5.0600000000000005,-0.0003076526860818262,0.00019205834261915245,-1.2319808318154428,1.9096118217743498,-0.00020663624083150446,0.0005723925928906915,1.0752180479378876e-12,1.99738992769335e-13,3,0.599975840324681,4.8319350637981984e-05,28.65145150050305,6.282932307651266,1.9990462613196989,0.001907477360602261
5.08,-0.00030767785468755046,0.00019325107348412734,-1.216198666391614,1.925393987198179,-0.000216917630597259,0.0005856477303113764,1.0794199703357812e-12,2.212621361897979e-13,3,0.5999767876391001,4.642472179972046e-05,28.777110246519943,6.282942227904666,1.9990836579482556,0.001832684103488802
5.1000000000000005,-0.0003077290307696229,0.00019463524586195546,-1.2031028551060325,1.9384897984837606,-0.00022821624024991032,0.0005986209169469413,1.084079383080904e-12,2.4495715597732087e-13,3,0.5999776978087896,4.4604382420709854e-05,28.902769187026184,6.282951759179366,1.999119588234033,0.0017608235319341858
5.12,-0.0003078388280465163,0.00019621412439979434,-1.1930367014962933,1.9485559520934999,-0.00024020715318880283,0.0006111017229566859,1.0892187182329664e-12,2.687601519213424e-13,3,0.5999785722902151,4.285541956972061e-05,29.02842831439574,6.28296091672744,1.9991541096731533,0.0016917806536933533
5.14,-0.0003080316711221264,0.000197978231622561,-1.1861989158080426,1.9553937377817503,-0.00025256605688219814,0.0006229435416913612,1.0948210831652145e-12,2.908451964083722e-13,3,0.5999794124827335,4.1175034533047494e-05,29.154087621301592,6.282969715202917,1.9991872775072845,0.001625444985430935
5.16,-0.00030832235060683185,0.00019990850807132847,-1.182662391868687,1.9589302617211057,-0.00026498181101984673,0.0006340583748867976,1.1008364851394596e-12,3.0974754649385883e-13,3,0.5999802197308319,3.9560538336091966e-05,29.279747100704025,6.282978168685236,1.9992191448120373,0.0015617103759253403
5.18,-0.0003087159736373686,0.00020197941069197188,-1.1823984072368612,1.959194246352932,-0.0002771642897337508,0.0006444072641046094,1.107189630680269e-12,3.2440315680830765e-13,3,0.5999809953262797,3.800934744058182e-05,29.405406745839347,6.282986290701773,1.9992497625818981,0.0015004748362037468
5.2,-0.0003092088819741611,0.00020416149044277283,-1.1853012890751904,1.9562913645146027,-0.0002888482750085603,0.0006539884208443861,1.1137878651907087e-12,3.3413049383189577e-13,3,0.599981740510195,3.65189796098786e-05,29.531066550209083,6.282994094249486,1.9992791798118308,0.0014416403763384267
5.22,-0.000309790115411306,0.00020642329332435643,-1.1912104334089966,1.9503822201807965,-0.0002997945532040041,0.0006628246078689381,1.1205283882745932e-12,3.3858282868021356e-13,3,0.5999824564750311,3.5087049937709835e-05,29.65672650756956,6.283001591815717,1.9993074435756792,0.001385112848641512
5.24,-0.0003104431040271607,0.00020873264247159312,-1.199928269897414,1.9416643836923786,-0.000309789388668683,0.0006709508302325655,1.127304397138679e-12,3.3769328698129316e-13,3,0.5999831443664844,3.371126703122229e-05,29.782386611921925,6.283008795398171,1.9993345991014955,0.0013308017970090624
5.26,-0.0003111473993414725,0.0002110574731176383,-1.2112339954855944,1.9303586581041987,-0.000318643387677204,0.0006784030319634399,1.134010172932785e-12,3.3162652711782616e-13,3,0.5999838052853279,3.2389429344137355e-05,29.908046857502544,6.283015716524116,1.9993606898439145,0.0012786203121710749
5.28,-0.0003118803550535394,0.00021336643130915318,-1.2248936203308216,1.916699033258972,-0.000326190535796751,0.0006852082834974555,1.1405453218928171e-12,3.2074330166744207e-13,3,0.599984440289173,3.111942165401338e-05,30.03370723877378,6.283022366268831,1.9993857575536902,0.001228484892619619
5.3,-0.0003126187257908767,0.00021562944040939692,-1.2406671795879274,1.9009254740018662,-0.00033228794563568056,0.0006913768509195759,1.1468184465745082e-12,3.05578512352663e-13,3,0.5999850503941612,2.9899211677619775e-05,30.15936775041512,6.283028755273326,1.9994098423445064,0.0011803153109872788
5.32,-0.0003133401685485968,0.00021781840681696162,-1.2583139954649283,1.8832786581248646,-0.00033681660598140235,0.0006968965058281663,1.1527504931890633e-12,2.8682964652897784e-13,3,0.5999856365765905,2.872684681887172e-05,30.28502838731469,6.283034893761372,1.9994329827571669,0.001134034485666291
5.34,-0.00031402461628028656,0.00021990818623045943,-1.2775967346649295,1.8639959189248634,-0.00033968318095905885,0.0007017294072102361,1.1582779330043954e-12,2.653501962122033e-13,3,0.5999861997744781,2.76004510437744e-05,30.410689144561037,6.28304079155586,1.9994552158212686,0.0010895683574627668
5.36,-0.0003146554601749653,0.000221877863834656,-1.2982847757224913,1.8433078778673018,-0.0003408226754971948,0.0007058118148199307,1.163355812705225e-12,2.421413594534981e-13,3,0.5999867408890607,2.6518221878601977e-05,30.5363500174353,6.283046458094517,1.9994765771144576,0.0010468457710848256
5.38,-0.00031522044241974516,0.00022371231296999155,-1.3201571360173294,1.8214355175724641,-0.00034020157742073866,0.0007090567437448932,1.1679605675512312e-12,2.183348213420687e-13,3,0.599987260786237,2.5478427525982283e-05,30.66201100140364,6.283051902445015,1.9994971008193603,0.001005798361279453
5.4,-0.0003157121420082756,0.00022540388884245558,-1.3430049559849708,1.7985876976048223,-0.0003378209323761116,0.000711359433336607,1.1720923487687795e-12,1.9515985867908985e-13,3,0.5999877602979534,2.4479404093114e-05,30.78767209211,6.283057133319477,1.9995168197782829,0.0009663604434342332
5.42,-0.0003161279489552345,0.0002269540000318604,-1.3666333397935446,1.7749593137962485,-0.0003337187335115133,0.0007126052036738794,1.1757764956608357e-12,1.7388983970546744e-13,3,0.5999882402235353,2.3519552929451848e-05,30.91333328536912,6.283062159088418,1.9995357655457668,0.0009284689084663178
5.44,-0.0003164694780401331,0.0002283742098793227,-1.3908622428217037,1.7507304107680897,-0.00032797103339787586,0.0007126789652630457,1.1790637160684256e-12,1.557668593670575e-13,3,0.5999887013309658,2.259733806830866e-05,31.03899457715985,6.2830669877941405,1.9995539684390822,0.0008920631218356512
5.46,-0.0003167414703662385,0.00022968649283724085,-1.4155260996997792,1.7260665538900142,-0.00032069131217350965,0.0007114754106995215,1.1820285649156902e-12,1.4190878251815532e-13,3,0.5999891443581155,2.1711283769043632e-05,31.164655963618713,6.283071627163603,1.9995714575867416,0.0008570848265168074
5.48,-0.0003169503499628707,0.0002309223451497582,-1.440472005532075,1.7011206480577181,-0.00031202783944434475,0.0007089088259196118,1.1847659603661566e-12,1.3320942230906087e-13,3,0.5999895700139221,2.0859972155840012e-05,31.290317441033714,6.283076084620787,1.9995882609751126,0.000823478049774895
5.5,-0.0003171027065906683,0.00023212063688506914,-1.465556474122707,1.6760361794670864,-0.0003021590034914774,0.0007049215543522066,1.1873857509167583e-12,1.3024789892682774e-13,3,0.5999899789795258,2.0042040948409223e-05,31.415979005838413,6.2830803672985756,1.9996044054932012,0.0007911890135976485
5.5200000000000005,-0.0003172040220582287,0.00023332436068898652,-1.490641050598146,1.650951602991647,-0.000291286800370072,0.0006994904115828391,1.1900056960310136e-12,1.3322484928768689e-13,3,0.5999903719093589,1.9256181282178986e-05,31.54164065460621,6.283084482050165,1.999619916975681,0.0007601660486380446
5.54,-0.00031725791647709223,0.00023457670402833995,-1.5155872835977653,1.6260053699920274,-0.00027962884380710175,0.0006926307041519307,1.1927435528337625e-12,1.4193940502999158e-13,3,0.5999907494321928,1.850113561441269e-05,31.667302384044863,6.283088435460037,1.9996348202442331,0.0007303595115337735
5.5600000000000005,-0.0003172660653521067,0.0002359170507517728,-1.5402516971177627,1.601340956472031,-0.0002674093690621859,0.0006843978498384107,1.1957091629973568e-12,1.5581223320636103e-13,3,0.5999911121521446,1.7775695710708916e-05,31.792964190991228,6.283092233854491,1.999649139147267,0.0007017217054658964
5.58,-0.0003172287663560975,0.00023737753593020694,-1.5644814021296536,1.5771112514601393,-0.0002548497779406492,0.00067488684571828,1.198997433912996e-12,1.7394934177620888e-13,3,0.5999914606496438,1.70787007123252e-05,31.91862607240618,6.283095883311768,1.9996628965980823,0.0006742068038354532
5.6000000000000005,-0.0003171459745215481,0.00023898062899051946,-1.5881108532367387,1.5534818003530546,-0.00024215932865841508,0.0006642299589827534,1.2026829065703357e-12,1.952327299301224e-13,3,0.5999917954823606,1.640903527877491e-05,32.04428802536977,6.283099389671778,1.9996761146115352,0.0006477707769296792
5.62,-0.00031701852798340593,0.00024073796325234002,-1.6109600278727292,1.5306326257170637,-0.0002295266163755229,0.0006525930550888703,1.2068162726083989e-12,2.184202114222592e-13,3,0.5999921171860987,1.576562780258861e-05,32.169950047076526,6.2831027585454455,1.9996888143392673,0.0006223713214654758
5.64,-0.0003168492755418168,0.00024265035791402789,-1.6328340519557771,1.5087586016340158,-0.0002171124983318412,0.0006401709824732102,1.2114228537160064e-12,2.4223836591318566e-13,3,0.5999924262756529,1.5147448694241561e-05,32.295612134830996,6.283105995323688,1.9997010161035524,0.0005979677928951155
5.66,-0.0003166438797748715,0.0002447087733392968,-1.6535240846649282,1.4880685689248647,-0.00020504506277705184,0.0006271824395906399,1.2165027827758293e-12,2.6545789226406374e-13,3,0.5999927232456322,1.45535087354709e-05,32.42127428604341,6.28310910518604,1.9997127394298166,0.0005745211403667128
5.68,-0.00031641117021978705,0.0002468958430417993,-1.6728091561124754,1.4687834974773182,-0.00019341710650530776,0.0006138647577297073,1.222032476380693e-12,2.869470930844831e-13,3,0.5999930085712522,1.3982857495653533e-05,32.546936498225556,6.283112093108945,1.999724003077883,0.0005519938442342109
5.7,-0.0003161630217721635,0.0002491876319046786,-1.690458648245976,1.4511340053438175,-0.00018228638116764845,0.0006004690119231614,1.2279669622881367e-12,3.0570475188181395e-13,3,0.5999932827090945,1.3434581811022639e-05,32.67259876898676,6.283114963873717,1.9997348250719913,0.0005303498560174091
5.72,-0.0003159138069064792,0.0002515553472265182,-1.7062352182715017,1.4353574353182914,-0.00017167862771582185,0.0005872557876955154,1.2342426922667878e-12,3.208773332127339e-13,3,0.5999935460978383,1.2907804323392114e-05,32.79826109603011,6.283117722074192,1.9997452227296413,0.0005095545407174384
5.74,-0.00031567950660741555,0.0002539668378176843,-1.7198981622044531,1.42169449138534,-0.00016159318527680025,0.0005744917665508962,1.2407805917742424e-12,3.3176726356303916e-13,3,0.5999937991589617,1.240168207661263e-05,32.92392347714876,6.283120372124079,1.9997552126893032,0.0004895746213935404
5.76,-0.0003154765686634447,0.000256387826022676,-1.7312074685286636,1.4103851850611298,-0.00015201077017466406,0.0005624470578623748,1.2474892403464536e-12,3.378394976455953e-13,3,0.5999940422974165,1.1915405166984527e-05,33.04958591022238,6.2831229182640245,1.999764810937044,0.00047037812591188555
5.78,-0.00031532058658558654,0.00025878291165512047,-1.7399290768415456,1.4016635767482475,-0.0001429028842409625,0.0005513929312400748,1.2542682176766684e-12,3.3873307283568846e-13,3,0.5999942759022762,1.144819544762754e-05,33.17524839321379,6.283125364568394,1.9997740328321079,0.00045193433578427644
5.8,-0.0003152248544401405,0.00026111646015342495,-1.7458420872219311,1.3957505663678624,-0.00013424221401378965,0.0005415993357406731,1.2610117734916799e-12,3.342830542463162e-13,3,0.5999945003473582,1.0999305283476701e-05,33.300910924165684,6.283127714951798,1.999782893131494,0.00043421373701191257
5.82,-0.0003151988484872563,0.00026335353940674466,-1.7487488056905502,1.3928438478992433,-0.00012601329006298612,0.0005333313797010468,1.2676130674629032e-12,3.2455598714724507e-13,3,0.5999947159918227,1.0568016354461918e-05,33.4265735011975,6.28312997317535,1.999791406013572,0.000417187972856059
5.84,-0.000315246709217478,0.0002654610981466382,-1.7484884806989949,1.3931041728907978,-0.00011822255158161938,0.0005268438419899786,1.2739692547718047e-12,3.0989825200026224e-13,3,0.5999949231807469,1.0153638506205098e-05,33.55223612250242,6.28313214285269,1.9997995851007693,0.00040082979846145506
5.86,-0.00031536585523493367,0.00026740957336450824,-1.7449552757125144,1.396637377877279,-0.00011090678652057409,0.0005223728570004821,1.279987629636052e-12,2.90991072009641e-13,3,0.5999951222456771,9.755508645792332e-06,33.67789878634448,6.283134227455764,1.9998074434813704,0.0003851130372591882
5.88,-0.0003155459505350796,0.0002691750549408809,-1.738120302925068,1.4034723506647246,-0.00010413871443626109,0.0005201242388952099,1.285592842156972e-12,2.6889830211596716e-13,3,0.5999953135051598,9.372989680400678e-06,33.80356149105576,6.283136230320383,1.9998149937304608,0.0003700125390784237
5.9,-0.000315768546420668,0.0002707419975982321,-1.728056311186098,1.4135363424036953,-9.802833406388e-05,0.0005202585587547025,1.2907348412832629e-12,2.4508471106869915e-13,3,0.5999954972652509,9.005469498113428e-06,33.929224235033765,6.283138154651557,1.9998222479300498,0.00035550413990037555
5.92,-0.0003160077779758142,0.0002721062395933533,-1.7149619149259157,1.426630738663878,-9.271872842857458e-05,0.0005228740816590461,1.2953966794407997e-12,2.2137655473126953e-13,3,0.5999956738200057,8.65235998848135e-06,34.054887016738824,6.283140003528626,1.9998292176884045,0.0003415646231910152
5.94,-0.00031623243708981714,0.0002732777901195198,-1.6991804026313302,1.442412250958463,-8.837550592406427e-05,0.0005279898923852114,1.29960074370599e-12,1.998384012352188e-13,3,0.5999958434519497,8.313096100609485e-06,34.18054983469163,6.283141779910188,1.999835914158625,0.0003281716827499004
5.96,-0.00031640949842656177,0.00027428257797858463,-1.6812069078725536,1.4603857457172396,-8.517009762308469e-05,0.0005355326508364103,1.3034115785711624e-12,1.825562705375281e-13,3,0.5999960064325299,7.987134940101726e-06,34.306212687470904,6.283143486638833,1.9998423480564924,0.00031530388701517253
5.98,-0.0003165087361123688,0.00027516227496014343,-1.661678079259377,1.479914574330416,-8.325865316197181e-05,0.000545330872315341,1.3069335471199508e-12,1.7134846141131464e-13,3,0.5999961630225502,7.673954899534152e-06,34.43187557371107,6.283145126445691,1.999848529677616,0.0003029406447678795
6.0,-0.00031650756114242853,0.00027597157931345096,-1.641341143766662,1.5002515098231308,-8.27598550732936e-05,0.0005571198680746112,1.3103023856850374e-12,1.6746301749048706e-13,3,0.599996313472588,7.373054824011405e-06,34.5575384921001,6.283146701954802,1.9998544689139086,0.00029106217218277664
6.0200000000000005,-0.0003163948819560161,0.00027677299555386493,-1.6210042404315583,1.5205884131582348,-8.373589466209252e-05,0.0005705583394873459,1.3136711914009105e-12,1.7134518901517114e-13,3,0.5999964580233954,7.083953209141569e-06,34.683201441377435,6.2831482156873175,1.999860175269415,0.00027964946117009504
6.04,-0.0003161728916068538,0.000277629968311097,-1.6014755111171228,1.5401171424726705,-8.618048511458603e-05,0.0005852546452606972,1.3171930623950784e-12,1.8254982328357432e-13,3,0.5999965969062846,6.806187430763444e-06,34.80886442033192,6.283149670065532,1.9998656578755216,0.00026868424895676313
6.0600000000000005,-0.00031585626556265134,0.0002785998323681867,-1.5835021907091993,1.5580904628805943,-9.001604881686811e-05,0.0006007981260975186,1.3210037378409449e-12,1.9982896089892107e-13,3,0.5999967303434978,6.5393130044277825e-06,34.9345274277999,6.283151067416761,1.9998709255055678,0.00025814898886444837
6.08,-0.00031546907395321917,0.0002797280995905643,-1.5677209392865903,1.5738717143032028,-9.509977284389117e-05,0.0006167897319621843,1.3252075851367621e-12,2.2136436457715232e-13,3,0.599996858548563,6.282902873966378e-06,35.06019046266334,6.283152409977065,1.9998759865888855,0.00024802682222890837
6.1000000000000005,-0.000315040373032619,0.00028104508740928473,-1.5546269033922604,1.5869657501975327,-0.00010123613408367138,0.000632866959069485,1.3298691540574307e-12,2.4507004952847935e-13,3,0.5999969817266357,6.036546728482861e-06,35.18585352384805,6.283153699894826,1.9998808492242879,0.00023830155142423592
6.12,-0.00031459965730563493,0.00028256509410188804,-1.5445633839027737,1.5970292696870194,-0.00010819253428405383,0.0006487202053289157,1.3350108374109394e-12,2.6888145838911854e-13,3,0.5999971000748271,5.799850345766799e-06,35.311516610321966,6.283154939234188,1.999885521193029,0.0002289576139418159
6.140000000000001,-0.00031417312128526796,0.00028428763476670614,-1.5377290053100092,1.6038636482797841,-0.00011571495213170746,0.0006641000308318444,1.3406156933645744e-12,2.9097232714700786e-13,3,0.5999972137825196,5.572434960798844e-06,35.43717972109347,6.283156129978359,1.9998900099712555,0.00021998005748891103
6.16,-0.00031378121478628816,0.00028619991059017526,-1.5341965229681518,1.607396130621641,-0.00012354154567244377,0.0006788165864331835,1.3466336763075274e-12,3.098778668640234e-13,3,0.5999973230316696,5.353936660679182e-06,35.56284285520985,6.283157274032782,1.9998943227419703,0.00021135451605935884
6.18,-0.000313437529527847,0.00028827970060251167,-1.5339370513105326,1.6076556022792605,-0.00013141331418687282,0.0006927333253222704,1.3529894413090023e-12,3.245341971347585e-13,3,0.5999974279970992,5.144005801538398e-06,35.68850601175574,6.283158373228191,1.9998984664065265,0.00020306718694707016
6.2,-0.00031314877339521795,0.00029049809761745533,-1.536844751498968,1.6047479020908249,-0.00013908184318226188,0.0007057571941235324,1.35959028703854e-12,3.3426007000684265e-13,3,0.5999975288467755,4.942306448985079e-06,35.81416918985166,6.283159429323532,1.9999024475956715,0.00019510480865703173
6.22,-0.0003129154895547804,0.00029282179671912787,-1.5427588651865645,1.5988337884032289,-0.00014631468024827487,0.0007178271588230774,1.3663333726812336e-12,3.387090861331195e-13,3,0.5999976257420794,4.74851584120195e-06,35.939832388652626,6.283160444008781,1.9999062726801573,0.00018745463968539156
6.24,-0.00031273320348817747,0.00029521488148379283,-1.5514816873960644,1.5901109661937287,-0.00015289908009970163,0.0007289024638298618,1.3731118616271638e-12,3.3781469167183214e-13,3,0.5999977188380641,4.562323871803997e-06,36.06549560734678,6.283161418907652,1.999909947780935,0.000180104438129991
6.26,-0.0003125937605179055,0.0002976402038688391,-1.56279230351766,1.5788003500721333,-0.00015864483073559852,0.0007389516263536806,1.3798200072833242e-12,3.317418271437845e-13,3,0.599997808283703,4.383432594012859e-06,36.191158845154106,6.283162355580192,1.99991347877895,0.00017304244209981334
6.28,-0.0003124866973966992,0.00030006052500521313,-1.5764566354934022,1.565136018096391,-0.00016338672896093768,0.0007479428909334934,1.3863573933038161e-12,3.20851478375103e-13,3,0.5999978942221282,4.211555743482975e-06,36.31682210132516,6.2831632555252765,1.9999168713245528,0.00016625735089448312
6.3,-0.00031240054809618324,0.00030243959758386737,-1.5922346521452184,1.549358001444575,-0.0001669870746702814,0.0007558366958936467,1.3926326038466435e-12,3.056787341699131e-13,3,0.5999979767908596,4.046418280667652e-06,36.44248537513988,6.2831641201830095,1.9999201308465395,0.00015973830692095348
6.32,-0.0003123240103954152,0.0003047433455104679,-1.6098856290371928,1.5317070245526008,-0.000169338333448352,0.0007625805885973231,1.3985665700808207e-12,2.869212338350642e-13,3,0.5999980561220247,3.887755950504612e-06,36.56814866590646,6.283164950937028,1.9999232625608412,0.00015347487831762763
6.34,-0.00031224690281178715,0.0003069412442370844,-1.6291722036102332,1.51242044997956,-0.00017036589894818874,0.0007681069172116388,1.4040957510333302e-12,2.654326017737276e-13,3,0.5999981323425704,3.7353148591989793e-06,36.69381197296021,6.283165749116716,1.9999262714788686,0.00014745704226282186
6.36,-0.0003121608338857518,0.0003090079300496586,-1.6498637404335383,1.4917289131562548,-0.0001700306931756465,0.0007723334792348923,1.4091751837285596e-12,2.4221416596698563e-13,3,0.5999982055744657,3.5888510685477826e-06,36.8194752956625,6.28316651599933,1.9999291624155326,0.00014167516893470733
6.38,-0.0003120595037878595,0.00031092497124402907,-1.67173925647419,1.4698533971156031,-0.00016833120109050636,0.0007751670954904079,1.4137812964630185e-12,2.1839775491506388e-13,3,0.5999982759348973,3.4481302053634977e-06,36.945138633399736,6.2831672528120475,1.9999319399969486,0.00013612000610274677
6.4,-0.00031193857733657833,0.00031268262607941254,-1.6945899038598127,1.4470027497299807,-0.00016530447275922528,0.0007765098031860628,1.4179142365999923e-12,1.952128142916373e-13,3,0.5999983435364569,3.3129270862186644e-06,37.07080198558239,6.283167960733924,1.9999346086678396,0.00013078266432087204
6.42,-0.000311795118721886,0.0003142813099313637,-1.7182208092437448,1.4233718443460486,-0.00016102565993360578,0.0007762670544002295,1.4215993432608573e-12,1.7393291185355851e-13,3,0.5999984084873214,3.1830253570674927e-06,37.19646535164405,6.283168640897787,1.9999371726986481,0.00012565460270375084
6.44,-0.00031162666182405385,0.00031573242809299496,-1.742451959885753,1.39914069370404,-0.00015560578385718788,0.000774357026496382,1.4248873283847658e-12,1.5580036875996745e-13,3,0.5999984708914262,3.058217147522413e-06,37.322128731040515,6.283169294392044,1.9999396361923707,0.00012072761525860898
6.46,-0.0003114300905643343,0.000317058238749491,-1.767117829990183,1.37447482359961,-0.00014918763148131316,0.0007707199720554403,1.4278527556928298e-12,1.4193328888502327e-13,3,0.599998530848631,2.938302738009213e-06,37.44779212324892,6.283169922262425,1.9999420030911228,0.00011599381775440065
6.48,-0.0003112005898480016,0.00031829052134376405,-1.7920655597714814,1.3495270938183115,-0.00014193989970294116,0.0007653265205174898,1.430590556895398e-12,1.33225715077111e-13,3,0.5999985884548801,2.823090239800763e-06,37.573455527766896,6.283170525513655,1.9999442771824474,0.00011144563510523398
6.5,-0.0003109309606434521,0.00031946803755232334,-1.8171517110540083,1.3244409425357846,-0.00013404989577662347,0.0007581840148845793,1.4332105983430896e-12,1.302569620768897e-13,3,0.5999986438023559,2.71239528815137e-06,37.69911894411178,6.283171105111066,1.9999464621053757,0.00010707578924851191
6.5200000000000005,-0.00031061154366589743,0.0003206330399919807,-1.842237876943309,1.2993547766464841,-0.00012571521653857097,0.000749340290466384,1.4358306607108563e-12,1.3322780310704666e-13,3,0.5999986969796262,2.60604074764359e-06,37.824782371819836,6.283171661982138,1.9999485613562507,0.00010287728749869274
6.54,-0.0003102308642732524,0.0003218273245882746,-1.8671856510203788,1.274407002569414,-0.0001171348643769503,0.0007388846949035658,1.4385685243571035e-12,1.4193743361818957e-13,3,0.5999987480717858,2.5038564284152187e-06,37.95044581044551,6.283172197017983,1.9999505782943212,9.884341135757424e-05
6.5600000000000005,-0.0003097769316278596,0.00032308844748233067,-1.891851596489013,1.2497410571007803,-0.00010850024481425685,0.0007269465100845456,1.441534054708729e-12,1.5580651007238273e-13,3,0.5999987971605932,2.405678813488521e-06,38.0761092595607,6.283172711074772,1.999952516147119,9.496770576200575e-05
6.58,-0.0003092389573649065,0.00032444668514757343,-1.9160828557111864,1.2255097978786065,-9.998647432500767e-05,0.0007136911957478966,1.4448221820180353e-12,1.7394096540896731e-13,3,0.5999988443246009,2.3113507980898618e-06,38.20177271875413,6.283173204975106,1.9999543780156217,9.124396875659357e-05
6.6000000000000005,-0.0003086091599517438,0.0003259231213736011,-1.9397139055944626,1.2018787479953303,-9.174443581211854e-05,0.0006993150147856992,1.448507468120109e-12,1.9522267735358974e-13,3,0.5999988896392815,2.220721436962947e-06,38.32743618763061,6.28317367950933,1.999956166879216,8.766624156786307e-05
6.62,-0.00030788431869976674,0.0003275289702500691,-1.96256473638363,1.179027917206163,-8.389404518632836e-05,0.0006840386518670132,1.4526406227612029e-12,2.184093123917373e-13,3,0.599998933177148,2.1336457038945156e-06,38.45309966581046,6.283174135436803,1.9999578856004656,8.422879906877512e-05
6.640000000000001,-0.00030706682489946215,0.00032926598505054024,-1.984440477675781,1.1571521759140122,-7.651919862606101e-05,0.0006681004441223082,1.4572469826787083e-12,2.422272957176983e-13,3,0.5999989750078704,2.0499842592336392e-06,38.57876315292891,6.283174573487103,1.9999595369296912,8.092614061760983e-05
6.66,-0.0003061651068809045,0.00033112763173921315,-2.0051322841354056,1.1364603694543876,-6.966481653656963e-05,0.0006517498298963356,1.462326692753239e-12,2.6544717836676396e-13,3,0.5999990151983866,1.9696032267368935e-06,38.70442664863545,6.283174994361206,1.9999611235093717,7.775298125656249e-05
6.68,-0.0003051934340100289,0.00033310064902752136,-2.024419174452935,1.1171734791368575,-6.333627145312524e-05,0.0006352415825324062,1.4678561787549579e-12,2.8693713017704143e-13,3,0.5999990538130102,1.8923739795173589e-06,38.83009015259334,6.283175398732598,1.999962647878373,7.470424325406455e-05
6.7,-0.00030417119700599095,0.00033516665733858403,-2.042070513659586,1.0995221399302073,-5.750130228568417e-05,0.0006188313058640893,1.4737904751467373e-12,3.056958206747917e-13,3,0.5999990909135328,1.8181729344313169e-06,38.955753664479055,6.283175787248362,1.9999641124760108,7.177504797839518e-05
6.72,-0.00030312180439226807,0.0003373035766956427,-2.057848937910966,1.0837437156788265,-5.209432031292243e-05,0.0006027725057760377,1.480066038316678e-12,3.2086961958229017e-13,3,0.599999126559323,1.7468813540144623e-06,39.08141718398173,6.283176160530204,1.9999655196459538,6.896070809236932e-05
6.74,-0.0003020713315454061,0.00033948672805355013,-2.0715137192261213,1.0700789343636714,-4.702285027286337e-05,0.0005873153171889005,1.4866037966252058e-12,3.317608759342344e-13,3,0.5999991608074218,1.6783851564117214e-06,39.20708071080269,6.2831765191754565,1.999966871639974,6.625672005178274e-05
6.76,-0.0003010470245668332,0.00034168959684338564,-2.0828248201101016,1.058767833479692,-4.2175751967721145e-05,0.0005727066793296599,1.493312331115068e-12,3.378344814975746e-13,3,0.5999991937126334,1.612574733078631e-06,39.332744244655,6.283176863758027,1.9999681706215506,6.365875689873235e-05
6.78,-0.00030007571433640477,0.00034388432055842543,-2.0915481529544864,1.0500445006353072,-3.743283379499513e-05,0.0005591914482428141,1.5000912218483278e-12,3.3872942201769833e-13,3,0.5999992253276133,1.5493447733661014e-06,39.45840778526294,6.283177194829322,1.999969418669331,6.116266133782133e-05
6.8,-0.00029918215397120796,0.00034604202485488114,-2.097462790037982,1.0441298635518113,-3.267547024971392e-05,0.0005470136505322487,1.506834717979394e-12,3.342807195483297e-13,3,0.5999992557029521,1.4885940957665156e-06,39.58407133236163,6.283177512919125,1.9999706177804581,5.876443908370277e-05
6.82,-0.0002983872708177005,0.000348133180077366,-2.100371009647565,1.0412216439422277,-2.7797821952210157e-05,0.0005364168508916202,1.5134359778184206e-12,3.2455488338361677e-13,3,0.5999992848872567,1.430225486487302e-06,39.70973488569656,6.2831778185364495,1.9999717698737653,5.646025246930364e-05
6.84,-0.00029770633560909646,0.00035012818464507826,-2.1001120334600203,1.0414806201297733,-2.2718175718944625e-05,0.0005276424664963687,1.519792154538307e-12,3.098982657041318e-13,3,0.5999993129272284,1.374145543131533e-06,39.8353984450232,6.283178112170347,1.9999728767928477,5.4246414304515156e-05
6.86,-0.0002971471075986108,0.00035199839656711656,-2.0965800004774504,1.0450126531123427,-1.738973336590623e-05,0.0005209248681990689,1.525810539880827e-12,2.9099207244911806e-13,3,0.5999993398677371,1.3202645257059942e-06,39.96106201010662,6.283178394290695,1.9999739403090122,5.2119381975579415e-05
6.88,-0.00029670811947548313,0.000353717809755312,-2.089746002746822,1.051846650842971,-1.18098758752734e-05,0.0005164823418896459,1.5314157812781976e-12,2.689001582340204e-13,3,0.5999993657518934,1.26849621318037e-06,40.08672558072109,6.283178665348946,1.9999749621241114,5.007575177717882e-05
6.9,-0.0002963774070277482,0.0003552654765340462,-2.0796827759947627,1.0619098775950304,-6.026569938622514e-06,0.0005145035418732711,1.5365578252265033e-12,2.4508731547327903e-13,3,0.5999993906211174,1.2187577651534554e-06,40.21238915664973,6.28317892577885,1.9999759438732674,4.811225346523784e-05
6.92,-0.0002961321230806287,0.0003566285813920725,-2.0665889317401223,1.0750037218496704,-1.403080798479642e-07,0.0005151300251999962,1.541219722455168e-12,2.2137985259425774e-13,3,0.5999994145152051,1.1709695897366146e-06,40.338052737684166,6.2831791759971525,1.9999768871274883,4.6225745023331655e-05
6.94,-0.00029593952334107274,0.0003578057718236235,-2.050807768819566,1.090784884770227,5.69999141168334e-06,0.0005184367702605851,1.5454238596827506e-12,1.9984241735757944e-13,3,0.5999994374723923,1.1250552154340454e-06,40.463716323624205,6.283179416404255,1.9999777933961824,4.441320763515222e-05
6.96,-0.0002957596740432648,0.0003588100145636957,-2.032834446329558,1.1087582072602356,1.1308103573424598e-05,0.0005244139864881657,1.5492347828277303e-12,1.8256112386922363e-13,3,0.5999994595294152,1.080941169462335e-06,40.589379914277494,6.28317964738486,1.9999786641295727,4.267174085459402e-05
6.98,-0.0002955498467775369,0.00035967002011517513,-2.013305653236587,1.1282870003532057,1.647834096662836e-05,0.000532954472784908,1.5527568582628557e-12,1.713543561606841e-13,3,0.5999994807215699,1.0385568600668194e-06,40.71504350945922,6.283179869308586,1.9999795007210184,4.0998557963245474e-05
7.0,-0.00029526999549342,0.00036042935883017255,-1.9929686683462473,1.148623985243546,2.100808603717829e-05,0.0005438506125700716,1.556125827012704e-12,1.6747020606626524e-13,3,0.5999995010827684,9.978344630567904e-07,40.84070710899183,6.283180082530557,1.9999803045092441,3.939098151173326e-05
7.0200000000000005,-0.0002948881789255426,0.0003611428900041755,-1.9726316878081005,1.168960965781693,2.4721369762135308e-05,0.0005568034000840089,1.5594947913167937e-12,1.713539132799206e-13,3,0.5999995206455929,9.587088141138622e-07,40.96637071270471,6.283180287391976,1.9999810767804829,3.7846439034261437e-05
7.04,-0.0002943846034872051,0.0003618709314583457,-1.9531029081541296,1.188489745435664,2.748917508921733e-05,0.0005714429735252076,1.5630168535490341e-12,1.8256025130811735e-13,3,0.5999995394413481,9.211173037648734e-07,41.09203432043396,6.283180484220663,1.9999818187705332,3.636245893368084e-05
7.0600000000000005,-0.0002937532985442373,0.0003626723645887512,-1.9351296092604973,1.206463044329296,2.924286851993215e-05,0.0005873570573083185,1.5668277551184539e-12,1.9984113971692417e-13,3,0.5999995575001111,8.849997776838592e-07,41.21769793202209,6.283180673331588,1.9999825316667375,3.49366665250983e-05
7.08,-0.00029300118546517884,0.0003635982072395984,-1.9193484816457593,1.222244171944034,2.9979064719149384e-05,0.0006041218043673212,1.571031862981727e-12,2.213782027967162e-13,3,0.5999995748507799,8.502984401026481e-07,41.34336154731779,6.283180855027367,1.9999832166098817,3.356678023669346e-05
7.1000000000000005,-0.00029214510013552493,0.00036468692995082275,-1.9062546861619465,1.2353379674278466,2.9756456388452344e-05,0.0006213295241186149,1.5756937237722619e-12,2.450853312012138e-13,3,0.5999995915211193,8.169577614403067e-07,41.46902516617569,6.283181029598753,1.999983874696021,3.225060795797319e-05
7.12,-0.000291207807429025,0.00036596211522292756,-1.8961915233223987,1.2454011302673944,2.8686768141905866e-05,0.0006386094240644418,1.5808357249843212e-12,2.68897878627442e-13,3,0.5999996075378052,7.849243894852975e-07,41.59468878845611,6.283181197325097,1.9999845069782338,3.098604353235501e-05
7.140000000000001,-0.0002902140659950733,0.0003674323302838915,-1.8893576060075765,1.2522350475822162,2.692256165314844e-05,0.0006556398177423229,1.586440918124371e-12,2.909895355456307e-13,3,0.599999622926468,7.541470639083059e-07,41.72035241402485,6.2831813584747955,1.9999851144683065,2.9771063386974106e-05
7.16,-0.0002891874826529556,0.00036909260323164097,-1.8858256708243797,1.2557669827654134,2.4644267650107904e-05,0.0006721522732475891,1.5924592504248195e-12,3.098955068094398e-13,3,0.5999996377117327,7.245765345498256e-07,41.84601604275298,6.283181513305725,1.9999856981383528,2.8603723294384764e-05
7.18,-0.0002881484711183871,0.00037092675434945935,-1.8855668101228207,1.256025843466972,2.2048009686358096e-05,0.0006879293813394785,1.5988153699902531e-12,3.245519343574142e-13,3,0.5999996519172589,6.96165482150235e-07,41.97167967451661,6.283181662065647,1.9999862589223691,2.748215526171549e-05
7.2,-0.0002871132854992491,0.00037290995574880686,-1.8884751625932665,1.2531174909965266,1.9334954019700073e-05,0.0007027982137168016,1.605416569164986e-12,3.3427760890124467e-13,3,0.5999996655657784,6.688684430766756e-07,42.09734330919672,6.2831818049926085,1.9999867977177297,2.640456454061635e-05
7.22,-0.0002860939071748271,0.00037501112747898626,-1.8943899489924425,1.2472027045973508,1.6702310319048023e-05,0.0007166214020722787,1.6121600016637985e-12,3.3872617570470565e-13,3,0.5999996786791318,6.426417362703774e-07,42.22300694667895,6.2831819423153235,1.9999873153866219,2.536922675622222e-05
7.24,-0.0002850985063975183,0.0003771950094917594,-1.9031134461189367,1.2384792074708564,1.4335771604419333e-05,0.0007292874050419454,1.6189388263001644e-12,3.3783112431377076e-13,3,0.5999996912783033,6.17443393302608e-07,42.34867058685344,6.283182074253538,1.9999878127574267,2.437448514669427e-05
7.26,-0.0002841322226802135,0.0003794239177530187,-1.9144247242635979,1.2271679293261952,1.2403070187458625e-05,0.0007407011491204275,1.625647292726611e-12,3.3175743343742236e-13,3,0.5999997033834542,5.93233091539247e-07,42.474334229614605,6.283182201018381,1.999988290626043,2.3418747913783733e-05
7.28,-0.0002831980595179752,0.0003816592876307591,-1.9280896934286538,1.2135029601611391,1.1048365768133494e-05,0.0007507759197159752,1.6321849815413088e-12,3.208661204705573e-13,3,0.5999997150139553,5.699720893037608e-07,42.59999787486104,6.283182322812704,1.9999887497571631,2.250048567375984e-05
7.3,-0.00028229773745914094,0.0003838631397997194,-1.9438683134582604,1.1977243401315327,1.0387308933782846e-05,0.0007594271475570435,1.638460474412602e-12,3.0569229953600347e-13,3,0.599999726188418,5.476231639267581e-07,42.72566152249528,6.2831824398314025,1.9999891908854943,2.1618229011366452e-05
7.32,-0.0002814323830004203,0.0003859995895321433,-1.9615198536037541,1.1800727999860392,1.0502790129664403e-05,0.0007665685520685975,1.6443947004739518e-12,2.86933630503626e-13,3,0.5999997369247237,5.261505524600807e-07,42.85132517242371,6.283182552261733,1.9999896147169363,2.0770566127481516e-05
7.34,-0.0002806029515411375,0.000388036472190026,-1.980806947345933,1.1607857062438605,1.1441551324456846e-05,0.0007721109257502487,1.6499241170958612e-12,2.65443755691191e-13,3,0.5999997472400529,5.055198941672501e-07,42.97698882455636,6.2831826602836065,1.9999900219297098,1.9956140580479342e-05
7.36,-0.00027981030143581123,0.00038994708460743274,-2.001498957364276,1.1400936962255166,1.3211968301790156e-05,0.0007759636385658215,1.6550037599954393e-12,2.422240206615925e-13,3,0.5999997571509121,4.856981756784506e-07,43.10265247880681,6.283182764069882,1.999990413175442,1.917364911596664e-05
7.38,-0.0002790548671044544,0.0003917119518346863,-2.0233749005704516,1.1182177530193416,1.5783371686188075e-05,0.0007780386939459445,1.6596100565268943e-12,2.184062733215823e-13,3,0.5999997666731611,4.6665367769982424e-07,43.22831613509202,6.28318286378664,1.9999907890802098,1.8421839580451405e-05
7.4,-0.0002783359343233269,0.0003933204338659387,-2.0462259306749995,1.0953667229147932,1.908723935826437e-05,0.0007782568879780682,1.663743153530726e-12,1.9521998219787476e-13,3,0.5999997758220373,4.4835592527547874e-07,43.35397979333221,6.283182959593447,1.9999911502455407,1.7699508918500584e-05
7.42,-0.000277650604186746,0.00039477190840711806,-2.069857177375001,1.0717354762147924,2.3020455502174993e-05,0.0007765553465087252,1.6674283901037434e-12,1.739387420485028e-13,3,0.599999784612181,4.307756380494965e-07,43.47964345345071,6.283183051643617,1.9999914972493764,1.7005501247169263e-05
7.44,-0.00027699263343736657,0.00039607623259236364,-2.0940886322457137,1.0475040213440794,2.7450613152654832e-05,0.0007728954969016433,1.6707164787397316e-12,1.5580490464806204e-13,3,0.5999997930576582,4.138846836365673e-07,43.60530711537389,6.283183140084447,1.999991830646997,1.633870600592502e-05
7.46,-0.00027635143048119354,0.00039725322876752047,-2.1187547748482474,1.0228378787415462,3.222308736534413e-05,0.0007672704322485989,1.6736819843503833e-12,1.419366062204516e-13,3,0.5999998011719835,3.976560329910228e-07,43.730970779030976,6.283183225057463,1.99999215097191,1.5698056179846986e-05
7.48,-0.0002757115291365937,0.00039833107304339233,-2.143702751503184,0.9978899020866088,3.7169392017204976e-05,0.000759710687988667,1.6764198404794972e-12,1.3322792070298056e-13,3,0.5999998089681415,3.820637168860941e-07,43.85663444435398,6.283183306698639,1.9999924587367035,1.508252659299103e-05
7.5,-0.00027505282011395263,0.0003993436757169862,-2.168789130534958,0.9728035230548358,4.211621520743328e-05,0.0007502876765202998,1.6790399158940703e-12,1.302581891691234e-13,3,0.5999998164586079,3.6708278416952567e-07,43.98229811127758,6.283183385138619,1.999992754433867,1.4491132266147844e-05
7.5200000000000005,-0.0002743516818741772,0.00040032737727489965,-2.193875511543656,0.9477171420461374,4.689453223727749e-05,0.0007391143686528896,1.6816599941399071e-12,1.332282032910485e-13,3,0.5999998236553689,3.5268926223963604e-07,44.10796177973902,6.283183460502923,1.9999930385365787,1.3922926842546701e-05
7.54,-0.0002735829457724439,0.00040131746436183094,-2.218823494193712,0.922769159396081,5.134829713456993e-05,0.0007263431911538526,1.6843978587199718e-12,1.4193716715690624e-13,3,0.5999998305699408,3.388601184095563e-07,44.233625449678,6.283183532912151,1.9999933114994637,1.3377001072623074e-05
7.5600000000000005,-0.00027272241878276284,0.0004023450655604032,-2.243489646996248,0.8981030065935451,5.534235044067816e-05,0.0007121614444127475,1.6873633782762473e-12,1.5580573579587375e-13,3,0.5999998372133885,3.255732230478259e-07,44.35928912103658,6.283183602482173,1.9999935737593209,1.2852481358294199e-05
7.58,-0.0002717495440849575,0.0004034348894057934,-2.2677211165624844,0.8738715370273091,5.8769285495364457e-05,0.0006967847819632471,1.6906514861552038e-12,1.739398319938296e-13,3,0.5999998435963428,3.128073142733001e-07,44.484952793759106,6.283183669324314,1.999993825735822,1.2348528355854427e-05
7.6000000000000005,-0.00027064975396746906,0.0004046040498529855,-2.291352382819375,0.850240270770418,6.155505547962868e-05,0.0006804494282731707,1.6943367470132846e-12,1.7825741920713479e-13,3,0.599999849729018,3.005419639823259e-07,44.610616467792084,6.283183733545537,1.9999940678321833,-0.5990270525826946
7.62,-0.00026947963267681153,0.00040581699429455753,-2.313866212948207,0.8277264406415861,6.352193929949347e-05,0.0006643691882746723,1.6981051488211432e-12,1.9899739078151888e-13,3,0.5999998556212275,2.8875754498614015e-07,44.73628014308414,6.283183795248611,1.988249974484834,-0.5755388658879963
7.640000000000001,-0.0002681803451141808,0.0004071169009518293,-2.335308446111402,0.8062842074783911,6.497306505111528e-05,0.000647841520510478,1.7023016832564333e-12,2.2074828885672455e-13,3,0.5999998612824001,2.7743519970258035e-07,44.861943819585896,6.283183854532273,1.976966373624282,-0.552971664166892
7.66,-0.00026676031767071027,0.0004085023906045005,-2.355465169710202,0.7861274838795911,6.594509010365298e-05,0.0006311113054616052,1.7069338230568973e-12,2.4225396164799126e-13,3,0.599999866721595,2.6655680995801845e-07,44.98760749724993,6.283183911491388,1.9661252090818535,-0.5312893350820351
7.68,-0.00026523573229496095,0.0004099676001548028,-2.374111248310771,0.767481405279022,6.650963362520506e-05,0.0006144165952165484,1.7119847791496514e-12,2.623555259687584e-13,3,0.599999871947516,2.5610496789951753e-07,45.113271176030665,6.283183966217106,1.9557091326813756,-0.5104571822810793
7.7,-0.0002636294073429714,0.0004115034176249825,-2.391013950248882,0.7505787033409113,6.677057791460356e-05,0.0005979855916101171,1.7174158439497574e-12,2.8002667967465686e-13,3,0.5999998769685257,2.4606294846130083e-07,45.23893485588431,6.283184018796997,1.9457014764783926,-0.4904418698751134
7.72,-0.0002619693761103204,0.000413098418865627,-2.4059369125353394,0.7356557410544537,6.685953570439356e-05,0.0005820356690897695,1.7231692753633979e-12,2.943939229103471e-13,3,0.5999998817926588,2.3641468227530993e-07,45.3645985367688,6.2831840693152,1.9360862260878995,-0.4712113690941271
7.74,-0.00026028732032442806,0.0004147394306936781,-2.4186444414884702,0.7229482121013229,6.692969935663046e-05,0.0005667743997562797,1.7291714812110771e-12,3.0474806490779264e-13,3,0.599999886427635,2.2714472991403056e-07,45.490262218643714,6.2831841178525565,1.9268479950579083,-0.45273490703414465
7.76,-0.00025861695100244875,0.000416411730138706,-2.428906392997954,0.7126862605918389,6.714831184380344e-05,0.0005524022404959448,1.735336397386678e-12,3.1055373870223655e-13,3,0.5999998908808711,2.1823825768763072e-07,45.61592590147021,6.283184164486736,1.9179720002478435,-0.4349829174140152
7.78,-0.0002569923600325192,0.00041809895322843276,-2.4365041193333106,0.7050885342564825,6.7687966956327e-05,0.0005391162485129165,1.7415690839050312e-12,3.1146308032778053e-13,3,0.5999998951594934,2.0968101321905408e-07,45.74158958521099,6.283184209292363,1.9094440381723623,-0.4179269932630527
7.8,-0.0002554463083561308,0.0004197828358904561,-2.4412381594583437,0.7003544941314495,6.871689736793763e-05,0.000527113931852895,1.747769674273502e-12,2.758226764545528e-13,3,0.5999998992703485,2.014593030175149e-07,45.867253269830194,6.283184252341137,1.9012504622727486,-1.0010829480196994
7.82,-0.0002540798950044489,0.00042134568296366517,-2.4421888041390596,0.6994038494507335,7.091642315816592e-05,0.0005177111701590853,1.753218774811961e-12,2.6799983221626436e-13,3,0.5999999032200146,1.935599707181268e-07,45.99291695529338,6.283184293701944,1.8816239503492995,-0.9618299241728012
7.84,-0.000252833736586102,0.00042286624828256165,-2.439937773883511,0.701654879706282,7.392694513934882e-05,0.0005100192289075267,1.7584691814859434e-12,2.5610069379822824e-13,3,0.5999999070148121,1.859703757656206e-07,46.11858064156746,6.283184333440971,1.8627670049658525,-0.9241160334059071
7.86,-0.00025172381144020374,0.00042432067821548334,-2.434447112163183,0.7071455414266099,7.780456385728666e-05,0.0005042495396783962,1.763446119147042e-12,2.408871680125064e-13,3,0.5999999106608135,1.7867837298624067e-07,46.24424432862064,6.283184371621808,1.8446494509867644,-0.8878809254477309
7.88,-0.00025075647348808813,0.0004256844996406478,-2.4257625221682497,0.7158301314215434,8.255529204130861e-05,0.0005006042637480735,1.76809355969456e-12,2.2347331582146537e-13,3,0.5999999141638531,1.7167229371395365e-07,46.36990801642236,6.283184408305553,1.8272422964603845,-0.8530666163949712
7.9,-0.00024992637821139285,0.0004269347258281623,-2.4140315921369404,0.7275610614528527,8.81274671700834e-05,0.0004992632501583625,1.7723812097338974e-12,2.0530783391893477e-13,3,0.5999999175295366,1.6494092669461224e-07,46.49557170494327,6.283184443550908,1.8105176862257462,-0.8196173959256945
7.92,-0.00024921518568093916,0.0004280528773314753,-2.399519009674832,0.7420736439149613,9.440837908256724e-05,0.000500367296117492,1.7763106164534456e-12,1.8809861473188716e-13,3,0.5999999207632497,1.5847350054443154e-07,46.621235394155185,6.283184477414273,1.7944488573383668,-0.7874797381509357
7.94,-0.00024859165541474363,0.00042902861788163277,-2.382614667402357,0.758977986187436,0.00010122677527419542,0.0005039996754315891,1.7799190674495731e-12,1.7366605746166246e-13,3,0.5999999238701671,1.52259665764376e-07,46.74689908403099,6.2831845099498365,1.7790100962438269,-0.756602215961856
7.96,-0.0002480136516979484,0.0004298633352523094,-2.363830412085536,0.7777622415042571,0.00010836231660411394,0.0005101689888167157,1.7832798521134297e-12,1.6373028753154892e-13,3,0.5999999268552605,1.4628947897499245e-07,46.87256277454467,6.283184541209661,1.7641766976305973,-0.7269354187353967
7.98,-0.00024743220935061536,0.00043057270757170365,-2.34378243052043,0.7978102230693631,0.00011556188268240652,0.0005187969589079693,1.7864978075258466e-12,1.5966361972152716e-13,3,0.5999999297233067,1.405533864851094e-07,46.9982264656712,6.283184571243772,1.7499249248962694,-0.6984318732667409
8.0,-0.00024679721723576517,0.0004311872787993282,-2.3231590299609324,0.8184336236288607,0.00012256109414117178,0.0005297144097206269,1.7896999584814402e-12,1.604337240477486e-13,3,0.5999999324788953,1.3504220941484846e-07,47.12389015738657,6.283184600100228,1.736231972163928,-0.19872944981241325
8.02,-0.00024611970271494504,0.00043178877812481074,-2.302628776407124,0.8389638771826693,0.00012877498248444353,0.0005417406770612598,1.7929447639984487e-12,1.6580902012965084e-13,3,0.5999999351264357,1.297471285965912e-07,47.24955384966767,6.2831846278252055,1.7323358255718806,-0.19093715662831823
8.040000000000001,-0.00024531869046696183,0.0004323733616089278,-2.2828556245404084,0.8587370290493848,0.0001344396291565831,0.0005555201690231183,1.7963658721115039e-12,1.7785062303732182e-13,3,0.5999999376701646,1.2465967080821372e-07,47.37521754249233,6.283184654463072,1.7285924490728521,-0.18345040363026133
8.06,-0.0002443706544584555,0.00043299559732682964,-2.26450143369758,0.877091219892213,0.00013939262624372675,0.0005706922180484344,1.8000864194400118e-12,1.9538702079355453e-13,3,0.5999999401141524,1.1977169522836562e-07,47.50088123583923,6.283184680056452,1.7249958524658144,-0.17625721041618592
8.08,-0.00024326714564512498,0.0004337066409568141,-2.248136168927151,0.893456484662642,0.00014352930334938724,0.0005868705297732623,1.804200574120616e-12,2.1675281377368668e-13,3,0.59999994246231,1.1507537989174921e-07,47.626544929687896,6.283184704646302,1.7215402804288815,-0.16934606634232008
8.1,-0.0002420134419944273,0.0004345487165805681,-2.234213386090876,0.907379267498917,0.00014680705733801725,0.0006036672554079378,1.808766152667404e-12,2.400436665357086e-13,3,0.5999999447183951,1.1056320969871081e-07,47.75220862401866,6.28318472827197,1.7182202033095664,-0.1627059121036898
8.120000000000001,-0.00024062545746005685,0.00043555144346744506,-2.223061125670735,0.9185315279190576,0.0001492431165829623,0.0006207131496806862,1.8138023956883208e-12,2.633624667607485e-13,3,0.5999999468860179,1.0622796420278746e-07,47.8778723188126,6.283184750971262,1.715030308276157,-0.15632612203687124
8.14,-0.0002391259236985658,0.0004367302821398724,-2.214886147417724,0.926706506172069,0.00015090737980164487,0.0006376718446641971,1.819292192758891e-12,2.8500965878745566e-13,3,0.599999948968647,1.020627060643875e-07,48.00353601405157,6.283184772780503,1.711965490816053,-0.15019648711666322
8.16,-0.0002375407495106078,0.0004380868264735307,-2.209787438048929,0.931805215540864,0.00015191224491348408,0.0006542477663454601,1.8251873758134513e-12,3.035983546561361e-13,3,0.5999999509696149,9.806077017060488e-08,48.129199709718115,6.28318479373459,1.7090208465674555,-0.14430719861946795
8.18,-0.00023589613830119412,0.00043961037338895203,-2.2077745015894883,0.9338181520003044,0.00015240111255190785,0.0006701883407460262,1.8314155768190988e-12,3.180991892038399e-13,3,0.5999999528921238,9.421575231094437e-08,48.254863405795476,6.283184813867056,1.7061916634713423,-0.13864883242724169
8.2,-0.00023421668615497155,0.00044128016409413976,-2.2087866556791007,0.9328059979106929,0.0001525367763978913,0.0006852817496208376,1.837887413729166e-12,3.0286854483375016e-13,3,0.59999995473925,9.052149985144808e-08,48.380527102267536,6.283184833210117,1.7034734142311685,0.32427716318043265
8.22,-0.00023259561569072593,0.00044300094308883156,-2.2122778032043193,0.9293148503854738,0.0001526319206971566,0.0006986849725532479,1.844016742807087e-12,3.088214455298321e-13,3,0.5999999565139494,8.697210107655451e-08,48.506190799118826,6.283184851794726,1.7098309589503677,0.31156207374203415
8.24,-0.0002309762494217934,0.00044480436206825475,-2.218627300300588,0.9229653532892055,0.0001527941641912092,0.0007109675857821044,1.8502151145796498e-12,3.097588326123589e-13,3,0.5999999582190618,8.356187630731426e-08,48.63185449633447,6.283184869650621,1.7159392207755129,0.2993455500917439
8.26,-0.00022937518201243453,0.00044665531321040554,-2.227656730339792,0.9139359232500013,0.00015316671393168012,0.0007219956358128633,1.85638227088055e-12,3.0574482774711814e-13,3,0.5999999598573158,8.028536835347211e-08,48.75751819390018,6.283184886806377,1.7218079742286896,0.28760804318539046
8.28,-0.00022780687263122747,0.00044851735827606013,-2.239165651801698,0.9024270017880953,0.0001538729557067086,0.0007316488866052024,1.862421509918449e-12,2.9706335580429265e-13,3,0.5999999614313329,7.713733407577195e-08,48.88318189180224,6.283184903289446,1.7274466105674906,0.2763307705077884
8.3,-0.00022628407764774052,0.00045035454074723603,-2.252939265108807,0.8886533884809857,0.00015500960068385615,0.0007398157771195775,1.8682438046260955e-12,2.841928662585678e-13,3,0.599999962943632,7.411273594826184e-08,49.00884559002745,6.283184919126206,1.732864152813031,0.2654956860167075
8.32,-0.00022481812345337946,0.00045213312036249836,-2.2687542574018758,0.8728383961879178,0.00015664102135873857,0.0007463904028995043,1.873771509187875e-12,2.6778965518954634e-13,3,0.599999964396633,7.120673406468825e-08,49.134509288563144,6.283184934341996,1.738069270188708,0.25508545126535376
8.34,-0.00022341888627813996,0.00045382327272305655,-2.2863834129718033,0.8552092406179899,0.00015879501614804206,0.0007512718691024614,1.878941788454049e-12,2.486754999155988e-13,3,0.5999999657926609,6.841467814489022e-08,49.26017298739715,6.283184948961168,1.7430702919928065,0.24508340765715664
8.36,-0.00022209439692545018,0.00045540073502625065,-2.3055994423947688,0.8359932111950243,0.00016146033146340608,0.0007543661008388385,1.8837097997524114e-12,2.2782365041596443e-13,3,0.5999999671339499,6.573210020732745e-08,49.38583668651777,6.283184963007113,1.7478752209271549,0.2354735497884599
8.38,-0.00022085005237657218,0.00045684830435565997,-2.3261782873014623,0.8154143662883309,0.00016458629298405616,0.0007555899117886674,1.8880515287972787e-12,2.0633661303245816e-13,3,0.5999999684226461,6.315470768569753e-08,49.51150038591376,6.283184976502309,1.7524917459031544,0.22624049983646088
8.4,-0.0002196874993642939,0.00045815702519869106,-2.347901952553128,0.793690701036665,0.00016808482424995807,0.000754876839261256,1.8919660521314475e-12,2.018199955486352e-13,3,0.5999999696608119,6.067837610146398e-08,49.637164085574334,6.28318498946835,1.7569272543456775,-0.3390917045446953
8.42,-0.00021856977013713186,0.00045938011152010517,-2.370745207498909,0.7708474460908841,0.0001714287123247323,0.0007529237185229718,1.89576893575429e-12,1.7909844106038074e-13,3,0.5999999708504286,5.829914284660731e-08,49.76282778548911,6.283185001925986,1.7502792663886815,-0.32579572863070316
8.44,-0.00021752962140908074,0.0004604628247967519,-2.394241787725084,0.7473508658647092,0.00017492717269801375,0.0007489815801590652,1.8991456001718414e-12,1.594910938723848e-13,3,0.5999999719933996,5.601320074433147e-08,49.88849148564812,6.283185013895151,1.743891949767988,-0.313021095389316
8.46,-0.00021655081114453664,0.0004614223037385912,-2.4182129395328875,0.7233797140569056,0.0001784400294676865,0.0007430785478337613,1.902169674812648e-12,1.4408890395630346e-13,3,0.5999999730915541,5.381689183181493e-08,50.01415518604178,6.283185025394999,1.7377550834143034,-0.300747362681947
8.48,-0.00021560997669975153,0.00046228222237506346,-2.4424856182579324,0.6991070353318607,0.0001818167195828536,0.00073528034067278,1.9049346273571145e-12,1.3376160780575444e-13,3,0.5999999741466493,5.1706701365006325e-08,50.13981888666091,6.28318503644393,1.731858847032194,-0.28895488991772833
8.5,-0.00021467757420038348,0.0004630702788524909,-2.4668904211695604,0.6747022324202328,0.00018490588420388724,0.0007256921005740255,1.9075484492271453e-12,1.2907325361353445e-13,3,0.5999999751603736,4.9679252711598565e-08,50.265482587496656,6.283185047059627,1.7261938053855177,-0.2776248066243756
8.52,-0.0002137198358907796,0.00046381534935827155,-2.4912588935167563,0.6503337600730368,0.00018756486999290384,0.0007144576419414086,1.9101268726699016e-12,1.3022350929175827e-13,3,0.5999999761343493,4.7731301355824485e-08,50.391146288540526,6.283185057259076,1.720750893199033,-0.26673898225140613
8.540000000000001,-0.00021270155282106503,0.0004645447563162254,-2.515420566096418,0.6261720874933752,0.00018966856591078022,0.0007017561123858591,1.9127857696452022e-12,1.3702670918079094e-13,3,0.5999999770701349,4.5859730235520146e-08,50.516809989784356,6.2831850670586,1.715521400652025,-0.25627999715739014
8.56,-0.00021158929024108053,0.00046528207901838994,-2.539200151258698,0.602392502331095,0.00019111713461925303,0.0006877963630800093,1.9156335528766777e-12,1.489329635849411e-13,3,0.5999999779692278,4.406154441305432e-08,50.64247369122031,6.283185076473878,1.7104969594407338,-0.24623111473480774
8.58,-0.00021035454078990035,0.00046604580093603554,-2.562415306167881,0.5791773474219122,0.00019184232169622503,0.0006728095663058255,1.918764394839028e-12,1.6508659090387564e-13,3,0.5999999788330667,4.233386663443639e-08,50.76813739284085,6.283185085519978,1.7056695293872834,-0.2365762546279071
8.6,-0.00020897634804492671,0.0004668488849698663,-2.584875273440231,0.556717380149562,0.00019181211511636734,0.0006570407739582998,1.922252904401297e-12,1.599291478387841e-13,3,0.599999979663034,4.067393200024583e-08,50.89380109463874,6.283185094211376,1.7010313855736818,-1.1751932505491158
8.620000000000001,-0.00020755926635955785,0.0004676533247562636,-2.6059420316462534,0.5356506219435397,0.0001910586601190011,0.0006422488769580618,1.9256209510453153e-12,1.7737293328814327e-13,3,0.5999999804604578,3.907908441291852e-08,51.01946479660703,6.283185102561979,1.6779913923444643,-1.1291132640906807
8.64,-0.00020599398431489944,0.00046850325146983546,-2.6257194695112305,0.5158731840785626,0.0001898460326765668,0.0006271400994680505,1.929354542545636e-12,1.961628866735046e-13,3,0.5999999812266141,3.754677169176546e-08,51.14512849873904,6.28318511058515,1.6558548101716908,-1.0848400997451337
8.66,-0.00020428575461642123,0.0004694009420939529,-2.6439859948564166,0.4976066587333765,0.00018824827820825653,0.000611947488816863,1.9334678925040245e-12,2.1504374265877394e-13,3,0.5999999819627291,3.6074541798214455e-08,51.27079220102834,6.283185118293728,1.6345862158011626,-1.0423029110040773
8.68,-0.0002024488713827457,0.00047034635755202945,-2.6605169937882933,0.4810756598014998,0.00018636952175160704,0.0005968927509828775,1.937950874167451e-12,2.3284927758801206e-13,3,0.5999999826699806,3.4660038839007257e-08,51.39645590346878,6.283185125700049,1.6141515749443447,-1.0014336292904416
8.700000000000001,-0.0002005054534061056,0.0004713380333644414,-2.6750893472201005,0.4665033063696926,0.00018434072951835806,0.0005821840478678367,1.9427712606214374e-12,2.485442104069941e-13,3,0.5999999833495003,3.330099929144126e-08,51.52211960605441,6.283185132815964,1.5945181878162433,-0.9621668550342388
8.72,-0.00019848395260415745,0.0004723736033705359,-2.6874861136913504,0.45410653989844274,0.00018231488516935377,0.0005680158815464601,1.9478776514250588e-12,2.612520318872852e-13,3,0.5999999840023758,3.199524845065582e-08,51.64778330877955,6.2831851396528595,1.5756546368087743,-0.9244397530193007
8.74,-0.0001964175460593,0.0004734499107301468,-2.6975013910360683,0.4440912625537248,0.00018046078173485737,0.000554570921181756,1.9532028510937947e-12,2.702737158994251e-13,3,0.5999999846296515,3.0740696876918605e-08,51.77344701163874,6.283185146221676,1.557530736215887,-0.8881919518335262
8.76,-0.00019434249355062725,0.00047456273059876284,-2.7049455613067734,0.4366470922830197,0.00017895562357007428,0.0005420233338424666,1.9586675719926455e-12,2.751028115614098e-13,3,0.5999999852323316,2.9535336842911875e-08,51.8991107146267,6.283185152532926,1.5401174839299943,-0.8533654472617407
8.78,-0.00019229646372037016,0.0004757061838240975,-2.7096512887573807,0.4319413648324124,0.00017797659485009224,0.0005305429118444374,1.9641844419302274e-12,2.7544193514470877e-13,3,0.5999999858113801,2.8377239669197252e-08,52.0247744177384,6.283185158596709,1.5233870150324136,-0.8199045094665793
8.8,-0.00019031676755454369,0.00047687196815521997,-2.7114807277559523,0.43011192583384084,0.00017769152453479337,0.0005202990785047079,1.9696623844471394e-12,2.469282471354246e-13,3,0.5999999863677239,2.7264552171502032e-08,52.150438120968985,6.283185164422726,1.5073125572035515,-1.2941774110717397
8.82,-0.00018852318976724338,0.000477982631787256,-2.7098552937156133,0.4317373598741798,0.00017879651849531954,0.0005122871594949001,1.974536030571919e-12,2.394793580201165e-13,3,0.5999999869022531,2.6195493774139322e-08,52.27610182431379,6.283185170020302,1.4819398461412927,-1.243431988947222
8.84,-0.00018685097131107954,0.0004790871931151022,-2.7051777762384384,0.43641487735135476,0.00018089224195587048,0.0005058676714003701,1.9792238440741733e-12,2.285068900859261e-13,3,0.599999987415823,2.516835384547278e-08,52.40176552776833,6.283185175398395,1.4575620133100111,-1.194676323284659
8.86,-0.00018532217239314563,0.0004801669034026763,-2.6974799916941063,0.44411266189568677,0.00018402989802067973,0.0005012234664408725,1.9836626057481164e-12,2.1481342463253489e-13,3,0.5999999879092557,2.4181488589292144e-08,52.52742923132832,6.28318518056561,1.4341400489762952,-1.147832394617227
8.88,-0.00018394917204578922,0.00048120021588170416,-2.6868704711211993,0.45472218246859386,0.00018820937097143163,0.0004985287479043398,1.9878082105556994e-12,1.995024077386319e-13,3,0.5999999883833406,2.323331882436719e-08,52.65309293498961,6.283185185530215,1.4116364730002586,-1.102825242665154
8.9,-0.00018273221665453897,0.000482164561817739,-2.6735444748452735,0.46804817874451965,0.0001933728154971067,0.0004979379925853423,1.99164137001688e-12,1.83935947798158e-13,3,0.5999999888388363,2.232232731991246e-08,52.77875663874823,6.283185190300155,1.3900152748593206,-1.059582846383278
8.92,-0.00018165770714421192,0.00048303913834759726,-2.657790256260411,0.48380239732938213,0.0001994022631738161,0.0004995721260562579,1.9951720155052027e-12,1.6964501887221585e-13,3,0.5999999892764718,2.1447056353096627e-08,52.90442034260037,6.283185194883063,1.3692418560236876,-1.018036008712012
8.94,-0.0001806978409896018,0.0004838084538303482,-2.6399891959510065,0.5016034576387867,0.00020612250602780233,0.0005035036313616888,1.9984413938073787e-12,1.581894577152623e-13,3,0.5999999896969473,2.0606105266551822e-08,53.030084046542356,6.283185199286272,1.3492829745913235,-0.9781182458472837
8.96,-0.00017981212867733618,0.00048446603850270647,-2.6206078481094335,0.5209848054803596,0.00021330994660308936,0.0005097429033655323,2.001520929881762e-12,1.5097979464826898e-13,3,0.5999999901009359,1.9798128247927593e-08,53.15574775057067,6.28318520351683,1.3301066920938145,-0.9397656808522656
8.98,-0.00017895096920481727,0.00048501746338976246,-2.6001810836012207,0.5414115699885724,0.00022070717924411947,0.000518228376339084,2.0045073386341365e-12,1.4908918310260604e-13,3,0.5999999904890837,1.9021832553534068e-08,53.28141145468192,6.2831852075815045,1.3116823223880063,-0.9029169414406493
9.0,-0.00017806094871318455,0.00048548176892873943,-2.5792872197034757,0.5623054338863174,0.00022804198304179226,0.0005288225749216012,2.00751416471932e-12,1.5053350985057543e-13,3,0.5999999908620121,1.827597584380669e-08,53.407075158872864,6.283185211486801,1.2939803825516278,-0.3387390295579862
9.02,-0.00017714080112482859,0.00048594837205688166,-2.5584811400749805,0.5831115135148126,0.00023458641650356607,0.0005403796465981355,2.0105686017888762e-12,1.5646108579767615e-13,3,0.5999999912203177,1.755936462899399e-08,53.532738863140374,6.2831852152389684,1.2873393088866447,-0.32545688222801994
9.040000000000001,-0.00017611187321428116,0.0004863840765208086,-2.538312090924006,0.6032805626657871,0.00024070615339497634,0.0005535864168988517,2.0138021383597704e-12,1.6825911288114694e-13,3,0.599999991564574,1.6870852048711527e-08,53.658402567481446,6.283185218844012,1.2809586354446962,-0.312695535344123
9.06,-0.00017493962322603113,0.00048683441197596176,-2.5193301460901742,0.6222625074996189,0.00024621306008597505,0.0005681348886888427,2.0173234710046564e-12,1.8493201480362142e-13,3,0.5999999918953317,1.620933653967427e-08,53.784066271893195,6.283185222307699,1.2748281517869924,-0.30043456802871527
9.08,-0.00017360423722420615,0.0004873451194421104,-2.5020213668325932,0.6395712867571999,0.0002509697074491992,0.0005836869165224165,2.0212168265316315e-12,2.0507259663411653e-13,3,0.5999999922131203,1.5573759393205933e-08,53.90972997637285,6.283185225635574,1.2689380478317747,-0.28865436011827983
9.1,-0.0001721008026123468,0.0004879567418568887,-2.486790352806166,0.654802300783627,0.00025489670494026177,0.0005998931348531859,2.0255355780521706e-12,2.2705216968575823e-13,3,0.5999999925184482,1.4963103645015963e-08,54.03539368091775,6.28318522883296,1.263278898156092,-0.27733606076691464
9.120000000000001,-0.00017043747417778084,0.0004887003735169141,-2.4739519439537907,0.6676407096360024,0.00025797425396522635,0.0006164104035701587,2.030299769170715e-12,2.4921126539841343e-13,3,0.599999992811804,1.4376391854753479e-08,54.16105738552533,6.283185231904975,1.257841646913114,-0.2664615582809584
9.14,-0.0001686323940715721,0.0004895951009540845,-2.4637312673675313,0.6778613862222618,0.00026023864760317745,0.0006329159033634749,2.0354971885692294e-12,2.7001739754317776e-13,3,0.5999999930936573,1.3812685439873462e-08,54.28672109019315,6.283185234856535,1.2526175933408428,-0.25601345113641605
9.16,-0.00016671020974106792,0.0004906471955893455,-2.4562701415942225,0.6853225119955706,0.0002617749378874896,0.0006491168539956331,2.0410871165327584e-12,2.881722298110599e-13,3,0.5999999933644589,1.3271082233146103e-08,54.41238479491882,6.283185237692362,1.2475983778390387,-0.24597502013280792
9.18,-0.00016469887729165752,0.0004918507645767962,-2.4516373882405578,0.6899552653492353,0.0002627071301263269,0.0006647556443389293,2.0470056798656582e-12,3.026665491936718e-13,3,0.5999999936246422,1.2750715594478379e-08,54.538048499700096,6.283185240416995,1.2427759685920756,-0.23633020163888174
9.200000000000001,-0.0001626271642024294,0.0004931893996778296,-2.449840744854623,0.6917519087351702,0.00026318713149999873,0.0006796108027471012,2.0531718479280593e-12,2.860813703660222e-13,3,0.5999999938746235,1.2250752856601821e-08,54.66371220453479,6.283185243034794,1.2381426487163232,0.29072233750803456
9.22,-0.00016061935441396365,0.0004945807584676908,-2.4505065451058505,0.6910861084839426,0.00026353006582170637,0.0006927445503805054,2.0589711372817074e-12,2.9268728313320337e-13,3,0.599999994114803,1.1770393992804884e-08,54.789375909420805,6.283185245549947,1.243842341668642,0.27932295160339704
9.24,-0.00015859876089471792,0.0004960493109884219,-2.453974350647616,0.6876183029421772,0.0002638657470105328,0.0007048017347573844,2.064855642513729e-12,2.945697067893867e-13,3,0.5999999943455648,1.1308870284665318e-08,54.91503961435613,6.28318524796648,1.2493185464636407,0.2683705420133995
9.26,-0.00015658963047280954,0.00049756286480537,-2.460131308490807,0.6814613450989859,0.0002643435575968451,0.0007156399819521072,2.070730179950046e-12,2.9171712961611867e-13,3,0.5999999945672784,1.0865443211827142e-08,55.04070331933883,6.283185250288259,1.2545800261973108,0.25784758254605933
9.28,-0.00015461425489458904,0.0004990875934769938,-2.468835809903422,0.6727568436863711,0.00026509746057265884,0.0007251327642872492,2.076501664815715e-12,2.8434473982809664e-13,3,0.5999999947802984,1.0439403119733015e-08,55.166367024367055,6.283185252519,1.259635200359735,0.24773723422121074
9.3,-0.00015269297860854805,0.0005005901174807697,-2.479923574330593,0.6616690792591999,0.0002662378182241834,0.0007331647072648985,2.082083412342264e-12,2.72872675267548e-13,3,0.5999999949849658,1.0030068331445818e-08,55.29203072943901,6.283185254662272,1.2644921583080682,0.2380233183245446
9.32,-0.00015084410649223018,0.0005020394332683131,-2.4932123820008285,0.6483802715889646,0.00026784440431495634,0.0007396284995187636,2.087399062265157e-12,2.579096031439168e-13,3,0.5999999951816081,9.636783815381023e-09,55.417694434552985,6.283185256721506,1.2691586722112334,0.2286902905182142
9.34,-0.00014908355042459593,0.0005034086806410259,-2.508505845322674,0.633086808267119,0.0002699608812703157,0.0007444239013324482,2.0923862059442963e-12,2.4023827256335786e-13,3,0.5999999953705399,9.258920075083665e-09,55.54335813970733,6.283185258699996,1.273642209487052,0.21972321596657673
9.36,-0.0001474241257048536,0.0005046766975011595,-2.525596577944599,0.6159960756451941,0.0002725910911985672,0.0007474590714771743,2.09699970652675e-12,2.2079783306760705e-13,3,0.5999999955520636,8.89587270513914e-09,55.66902184490046,6.283185260600908,1.2779499447517044,0.21110774543727207
9.38,-0.00014587449700469642,0.0005058292595042828,-2.5442690123906315,0.5973236411991616,0.00027569754186658783,0.0007486541264926469,2.101214589549276e-12,2.0065715039812307e-13,3,0.5999999957264697,8.54706061481636e-09,55.794685550130865,6.283185262427285,1.2820887713006464,0.2028300923393882
9.4,-0.00014443787582820548,0.000506859862094224,-2.5643019774981064,0.5772906760916867,0.0002792024187029934,0.0007479465305746237,2.105028270304575e-12,1.9413404434368396e-13,3,0.5999999958940372,8.211925583978541e-09,55.92034925539708,6.283185264182047,1.286065312139353,-0.2629679199119592
9.42,-0.0001430696599096179,0.000507801892353422,-2.5855729427125396,0.5560197108772535,0.0002826404637545195,0.0007459051201982424,2.108696636569636e-12,1.7327682509211452e-13,3,0.5999999960550343,7.88993137490479e-09,56.04601296069769,6.2831852658680045,1.2809097523270057,-0.25265680028726445
9.44,-0.00014180843903759753,0.0005086243925845362,-2.6077047795982384,0.5338878739915547,0.00028625942585336535,0.00074191680159037,2.1119737122290027e-12,1.552855552283105e-13,3,0.5999999962097186,7.580562844111682e-09,56.17167666603135,6.2831852674878546,1.2759563449063842,-0.24274998544602155
9.46,-0.00014063464829817463,0.0005093427846942874,-2.6304794521556407,0.5111132014341524,0.0002899140807286297,0.0007360128890118857,2.11492766902618e-12,1.4120288413767832e-13,3,0.5999999963583376,7.2833248321302335e-09,56.29734037139678,6.28318526904419,1.2711971633688322,-0.23323162237091744
9.48,-0.0001395205609810105,0.0005099769421176026,-2.6536772578291936,0.4879153957605995,0.00029344542189636824,0.0007282629073901203,2.1176456064264153e-12,1.3185757749417736e-13,3,0.5999999965011292,6.99774149737209e-09,56.423004076792715,6.283185270539501,1.2666245920085435,-0.22408647965034012
9.5,-0.00013843163072164654,0.0005105488187147629,-2.6770770949137437,0.46451555867604943,0.00029669131470472297,0.0007187765690189326,2.1202284550795744e-12,1.2778703333966725e-13,3,0.5999999966383219,6.72335609408492e-09,56.54866778221797,6.283185271976179,1.2622313137358079,-0.2152999231048689
9.52,-0.00013732885072872272,0.0005110800419471067,-2.7004564937269846,0.4411361598628085,0.0002994973852430571,0.0007077031021180623,2.122784539579763e-12,1.2918377279991757e-13,3,0.5999999967701352,6.459729640084788e-09,56.67433148767139,6.2831852733565245,1.258010298368106,-0.20685789236946528
9.540000000000001,-0.0001361718821174188,0.000511589858222794,-2.7235915677758262,0.4180010858139669,0.00030172737157378856,0.0006952278377735435,2.125422392489463e-12,1.35875895789377e-13,3,0.59999999689678,6.206440028577731e-09,56.79999519315187,6.283185274682746,1.2539547913803186,-0.19874687839389038
9.56,-0.00013492252665806416,0.0005120937466173144,-2.746257071667512,0.39533558192228124,0.0003032722561069456,0.0006815663064795251,2.12824355431889e-12,1.4734522562878497e-13,3,0.599999997018459,5.963082028159761e-09,56.925658898658355,6.283185275956966,1.250058303096044,-0.190953901825341
9.58,-0.00013354804294379152,0.0005126028653896536,-2.7682267439705885,0.3733659096192046,0.00030405763589817254,0.0006669563872328566,2.1313360946110963e-12,1.627794790331119e-13,3,0.5999999971353669,5.729266172593839e-09,57.05132260418982,6.283185277181222,1.246314598302732,-0.18346649223871703
9.6,-0.0001320238513529006,0.000513124309574673,-2.789274067724814,0.3523185858649791,0.0003040489453665133,0.0006516492628510504,2.1347694485744034e-12,1.5811618452147903e-13,3,0.5999999972476907,5.504618538765271e-09,57.17698630974529,6.283185278357475,1.242717686274014,-1.0761610290881114
9.620000000000001,-0.00013045180094345535,0.0005136303316014776,-2.8088832942115767,0.33270935937821644,0.0003032708273756567,0.0006372947834144108,2.13809442575774e-12,1.7483614906763695e-13,3,0.5999999973556103,5.28877941441408e-09,57.30265001532381,6.283185279487607,1.221619247517535,-1.0339641515751534
9.64,-0.00012872234516470184,0.0005141531958676112,-2.8270263285214283,0.3145663250683648,0.00030199265492055903,0.0006227057331440046,2.141768856410077e-12,1.9274987829072442e-13,3,0.5999999974592983,5.081403298135001e-09,57.42831372092449,6.283185280573425,1.2013480903777078,-0.9934218372954993
9.66,-0.00012683887981292105,0.0005146946797281357,-2.8434764958463083,0.29811615774348477,0.0003002941828643134,0.0006081152512515646,2.1458042480674965e-12,2.1063444865414509e-13,3,0.5999999975589206,4.882158677332882e-09,57.55397742654646,6.283185281616668,1.1818717766783648,-0.9544692098968133
9.68,-0.0001248145052741839,0.000515256248276544,-2.8580153905606536,0.28357726302913955,0.00029828641335760393,0.000593743045966718,2.1501883539875934e-12,2.273513205529614e-13,3,0.5999999976546367,4.690726473910445e-09,57.679641132188884,6.283185282619005,1.1631591401624184,-0.9170439368649204
9.700000000000001,-0.00012267074338727143,0.0005158397975845569,-2.8704369773988563,0.27115567619093683,0.00029610723727845924,0.0005797929917662257,2.1548873782918283e-12,2.4189408585613467e-13,3,0.5999999977465997,4.5068004883574986e-09,57.80530483785096,6.283185283582039,1.145180236619201,-0.8810861297784855
9.72,-0.0001204359776739196,0.0005164479359249051,-2.8805516139908254,0.26104103959896774,0.0002939155480455912,0.0005664529081704099,2.1598489822088117e-12,2.534215785573973e-13,3,0.5999999978349568,4.330086289527912e-09,57.93096854353192,6.283185284507312,1.1279062959673394,-0.8465382484747623
9.74,-0.00011814379251909798,0.0005170837835765305,-2.888190043736024,0.25340260985376917,0.00029188411544996335,0.0005538963217395304,2.165005833378354e-12,2.612802205279978e-13,3,0.5999999979198494,4.160301214639617e-09,58.056632249231015,6.283185285396305,1.1113096762164867,-0.813345008973057
9.76,-0.00011583130255494885,0.0005177503400263252,-2.8932075531709147,0.2483851004188784,0.0002901914773741643,0.0005422857141118664,2.1702795306465365e-12,2.650204666413842e-13,3,0.5999999980014132,3.9971734810961834e-09,58.18229595494754,6.28318528625044,1.0953638192342405,-0.7814532950085646
9.78,-0.00011353747466897431,0.0005184495191941004,-2.8954885890018267,0.2461040645879664,0.00028901305979833937,0.0005317765098231222,2.175584834488476e-12,2.6441192958820565e-13,3,0.599999998079779,3.8404419644422205e-09,58.30795966068081,6.283185287071083,1.0800432082474651,-0.7508120730350138
9.8,-0.0001113013726035103,0.0005191809962036938,-2.894952143447117,0.2466405101426763,0.00028851171259982927,0.0005225208901933064,2.1808342121430293e-12,2.400927426981084e-13,3,0.599999998155072,3.6898559763187677e-09,58.43362336643017,6.283185287859548,1.0653233270100102,-1.1440846134493152
9.82,-0.00010924177732388634,0.0005199016007427669,-2.891283438776547,0.250309214813246,0.00028927900477718237,0.000515302936931761,2.1855650962961315e-12,2.320952736494108e-13,3,0.5999999982274127,3.5451745983294813e-09,58.559287072194984,6.283185288617098,1.0428932273347375,-1.09922441409877
9.84,-0.0001073024107087292,0.0005206390301623472,-2.884744418273404,0.25684823531638923,0.00029099705803600225,0.0005096430477526205,2.190101538504318e-12,2.208183292214222e-13,3,0.5999999982969169,3.4061662379514246e-09,58.684950777974656,6.283185289344943,1.0213426244476018,-1.0561232083244985
9.86,-0.00010550853643916661,0.000521380585352982,-2.8754135685801043,0.2661790850096888,0.0002937106676972023,0.0005056974482321798,2.1943854308711403e-12,2.0707796677885435e-13,3,0.5999999983636957,3.2726086285350675e-09,58.810614483768596,6.2831852900442495,1.0006370327862761,-1.014712025001847
9.88,-0.00010387615787246928,0.0005221095746744974,-2.8634344605449265,0.27815819304486666,0.0002974143958060641,0.0005036127618642096,2.1983776388014815e-12,1.9194713698092273e-13,3,0.5999999984278561,3.1442877190812624e-09,58.93627818957624,6.283185290716136,0.980743318986674,-0.9749245974026428
9.9,-0.00010240954943786236,0.0005228066891209034,-2.8490204449057357,0.2925722086840574,0.0003020477686080855,0.0005035168676224169,2.2020627227653558e-12,1.7670533027307783e-13,3,0.5999999984895008,3.0209983403750584e-09,59.06194189539706,6.2831852913616775,0.9616296488624974,-0.9366972571542895
9.92,-0.00010109945006402968,0.000523452366790715,-2.8324562180776987,0.30913643551209447,0.00030749425119679303,0.0005055076380704344,2.2054522906769755e-12,1.6275122366732238e-13,3,0.5999999985487283,2.9025433168072823e-09,59.18760560123054,6.283185291981907,0.9432654364637472,-0.8999688323567892
9.94,-9.992246747085961e-05,0.0005240299377711005,-2.8140950192851366,0.3274976343046565,0.000313584864816353,0.0005096409193047111,2.2085862319741724e-12,1.5147980184278467e-13,3,0.5999999986056335,2.788733022285328e-09,59.313269307076176,6.283185292577816,0.9256212951326779,-0.8646805496946506
9.96,-9.884215631080614e-05,0.0005245290598050042,-2.7943506446742967,0.3472420089154964,0.0003201068137347435,0.0005159195082022781,2.2115312142797654e-12,1.4413582500256868e-13,3,0.5999999986603074,2.679385158188552e-09,59.4389330129335,6.28318529315036,0.9086689904788755,-0.8307759403870458
9.98,-9.781195850261016e-05,0.0005249487340964049,-2.773684197203541,0.36790845638625225,0.0003268167845715329,0.0005242849808358014,2.2143761670543837e-12,1.416655331990044e-13,3,0.5999999987128375,2.5743249754128783e-09,59.56459671880204,6.283185293700454,0.8923813951982094,-0.7982007498257135
10.0,-9.677977627343171e-05,0.0005252991376167583,-2.752586395145225,0.38900625844456815,0.00033345781478080576,0.0005346139516210123,2.2172249863990692e-12,1.4260449864888727e-13,3,0.5999999987633079,2.473384164147774e-09,59.69026042468138,6.2831852942289785,0.8767324456633582,-0.19743985754844373
10.02,-9.573162608508873e-05,0.0005256640967074014,-2.7315325330180547,0.41006012057173846,0.00033928640803714585,0.0005457759295971658,2.220106677584722e-12,1.4700578188807966e-13,3,0.5999999988117993,2.376401297965458e-09,59.81592413057107,6.2831852947367794,0.8728615818892782,-0.1896981300002838
10.040000000000001,-9.459966320797123e-05,0.0005259971454410822,-2.710995340412406,0.43059731317738725,0.00034471782143076084,0.0005584875164427294,2.223132899208003e-12,1.569125548646194e-13,3,0.5999999988583894,2.2832211676870884e-09,59.94158783647072,6.283185295224668,0.8691424968547449,-0.18225995993121713
10.06,-9.33431942787557e-05,0.0005263333933157476,-2.6914495813217787,0.4501430722680144,0.0003495722490875495,0.0005724738576675797,2.226406789348621e-12,1.715173123553405e-13,3,0.5999999989031526,2.19369478138276e-09,60.06725154237993,6.2831852956934275,0.8655692392302559,-0.1751134446822391
10.08,-9.193447307899601e-05,0.000526710406855702,-2.673327436182684,0.4682652174071089,0.0003537150456614568,0.000587429742941811,2.230011227407741e-12,1.8963463695581933e-13,3,0.5999999989461606,2.1076786982376916e-09,60.192915248298334,6.283185296143806,0.8621360910412763,-0.16824714830428
10.1,-9.03599914797141e-05,0.0005271634666468416,-2.657004734461585,0.4845879191282081,0.0003570647034689357,0.0006030351368372853,2.2340026735182795e-12,2.0984704998224346e-13,3,0.5999999989874822,2.0250354726414344e-09,60.318578954225565,6.283185296576525,0.8588375585182597,-0.1616500832582468
10.120000000000001,-8.861982395375099e-05,0.0005277214060382558,-2.642792594970295,0.4988000586194983,0.000359595897098891,0.0006189704138280943,2.238408093317501e-12,2.3066040359798593e-13,3,0.5999999990271836,1.945632766009453e-09,60.44424266016128,6.283185296992277,0.8556683633054449,-0.15531169283261725
10.14,-8.672551630447051e-05,0.000528403649265292,-2.6309344117634055,0.5106582418263876,0.0003613378669014934,0.0006349296076360926,2.2432248802412557e-12,2.5064264081438184e-13,3,0.5999999990653283,1.8693433467831255e-09,60.569906366105144,6.283185297391727,0.8526234340143604,-0.1492218342504481
10.16,-8.469719803428606e-05,0.0005292187119789373,-2.621607376490642,0.5199852770991513,0.0003623689184624075,0.0006506304695800551,2.248423244618262e-12,2.6852882718802716e-13,3,0.5999999991019773,1.796045312474348e-09,60.69557007205684,6.283185297775514,0.8496978981085208,-0.143370762438769
10.18,-8.256057634957635e-05,0.0005301640968765731,-2.6149272816674887,0.5266653719223044,0.00036280808430840753,0.0006658207313739093,2.2539503076301206e-12,2.832864206939919e-13,3,0.5999999991371893,1.7256214235317202e-09,60.82123377801606,6.283185298144253,0.8468870741063292,-0.13774911443438587
10.200000000000001,-8.03443014047302e-05,0.0005312272985939484,-2.6109552199381163,0.5306374336516768,0.00036280503123049395,0.0006802805558201811,2.2597351195851657e-12,2.666410430840267e-13,3,0.5999999991710205,1.65795888129594e-09,60.94689748398251,6.283185298498533,0.8441864640897077,0.43417680642729195
10.22,-7.818972067020649e-05,0.0005323391930565668,-2.6094697042413006,0.5321229493484925,0.00036271837364039775,0.0006930106532909461,2.265153499280368e-12,2.7412954697041355e-13,3,0.5999999992035253,1.5929493279998042e-09,61.072561189955906,6.283185298838922,0.8526986221332413,0.4171524903402246
10.24,-7.600761588694955e-05,0.0005335181542348976,-2.6107577092500303,0.5308349443397629,0.0003626528118508886,0.0007047179097431531,2.270678226407119e-12,2.772189687189957e-13,3,0.5999999992347556,1.5304888467682076e-09,61.19822489593598,6.2831852991659645,0.860877013685864,0.40079570723497926
10.26,-7.382616816065057e-05,0.0005347359300125927,-2.614757068783726,0.5268355848060673,0.00036276210019295564,0.0007152575516691292,2.276219671125006e-12,2.7580568611105253e-13,3,0.5999999992647612,1.4704775175289342e-09,61.32388860192246,6.2831852994801825,0.8687347259188765,0.38508028276895434
10.28,-7.167220107846691e-05,0.0005359624287132868,-2.621371418605522,0.520221234984271,0.00036318683513108846,0.0007245003750990699,2.281688530035513e-12,2.7002121169209293e-13,3,0.5999999992935904,1.4128191949680513e-09,61.449552307915106,6.2831852997820805,0.8762843328482528,0.36998106891020166
10.3,-6.95707943398994e-05,0.0005371678795088474,-2.6304749225587667,0.5111177310310264,0.0003640456590959105,0.0007323283047764161,2.2870003455469653e-12,2.6021457561384114e-13,3,0.5999999993212891,1.357421730574515e-09,61.57521601391367,6.283185300072141,0.8835379154557488,0.3554739036952097
10.32,-6.75448501741034e-05,0.0005383248360648823,-2.641916074203858,0.49967657938593524,0.0003654275129884925,0.0007386313317383922,2.292079700681518e-12,2.469371987807158e-13,3,0.5999999993479017,1.3041965285509605e-09,61.700879719917914,6.283185300350828,0.8905070810210499,0.3415355725646074
10.34,-6.561444112100673e-05,0.0005394099626094268,-2.6555208236786143,0.4860718299111788,0.0003673852549770498,0.000743306421921937,2.2968641201558368e-12,2.309276878168834e-13,3,0.5999999993734708,1.2530583237690962e-09,61.826543425927625,6.283185300618587,0.8972029816958953,0.32814377121491667
10.36,-6.379584625517044e-05,0.0005404055170844179,-2.6710953200107013,0.47049733357909185,0.000369931041299416,0.0007462587092464543,2.3013076334756147e-12,2.1309193829130093e-13,3,0.5999999993980374,1.203925181769705e-09,61.952207131942586,6.283185300875847,0.9036363323498996,0.31527706990690807
10.38,-6.210028424342436e-05,0.0005413004137954338,-2.6884285139794257,0.4531641396103674,0.0003730339088794311,0.0007474049668390118,2.305383853381293e-12,1.9447328793806967e-13,3,0.5999999994216407,1.1567184987626433e-09,62.07787083796259,6.28318530112302,0.9098174277166307,0.30291487917344595
10.4,-6.0532465525702475e-05,0.0005420907309608124,-2.707294769393803,0.43429788419599014,0.00037661996650729105,0.0007466790132407666,2.3090883225753822e-12,1.8701611900388896e-13,3,0.5999999994443185,1.1113630016268417e-09,62.203534543987445,6.2831853013605015,0.9157561588673792,-0.09432078095079777
10.42,-5.904785493532447e-05,0.000542796522474609,-2.727510401468073,0.41408225212172,0.0003802528272558631,0.0007445469312736942,2.312632905656342e-12,1.6797272287986432e-13,3,0.599999999466107,1.0677858597318846e-09,62.32919825001695,6.283185301588671,0.9139069735070433,-0.09062241023012607
10.44,-5.7684292634811184e-05,0.00054340401735081,-2.7487442577297236,0.3928483958600695,0.0003841441532955791,0.0007404921028048646,2.315820680580063e-12,1.5161133912241194e-13,3,0.5999999994870413,1.0259173510718256e-09,62.454861956050934,6.283185301807894,0.9121302957417976,-0.08706905469963466
10.46,-5.642072296472158e-05,0.0005439277490349328,-2.7707482652774127,0.3708443883123804,0.0003881392144279819,0.0007345419706973892,2.3187159605785315e-12,1.3895687272357478e-13,3,0.5999999995071547,9.856906402205823e-10,62.580525662089215,6.283185302018521,0.9104232825081727,-0.08365502823238491
10.48,-5.5227259722161175e-05,0.0005443850528598329,-2.793267786494424,0.34832486709536914,0.00039206657622397066,0.0007267634429725441,2.321401644361466e-12,1.308219936404275e-13,3,0.5999999995264794,9.470411121981215e-10,62.706189368131625,6.283185302220889,0.9087832022208127,-0.08037486765766477
10.5,-5.406681438280536e-05,0.0005447937466285586,-2.816043667300487,0.3255489862893062,0.0003957495802430268,0.0007172652782553451,2.323974169387164e-12,1.2773142379999013e-13,3,0.5999999995450465,9.09907038604274e-10,62.831853074178,6.283185302415322,0.9072074304013552,-0.07722332401874987
10.52,-5.289774813367801e-05,0.0005451699830143906,-2.8388142508613456,0.30277840272844747,0.00039901832521774,0.000706197672464806,2.326537160992413e-12,1.2987008483017156e-13,3,0.5999999995628854,8.742291335295249e-10,62.95751678022819,6.283185302602131,0.9056934454787067,-0.0741953541734528
10.540000000000001,-5.1677254980714535e-05,0.0005455266363502136,-2.861317386095581,0.28027526749421217,0.0004017212314352893,0.0006937488828098746,2.3291943585184778e-12,1.3706432576272504e-13,3,0.5999999995800249,8.399501094658035e-10,63.08318048628204,6.283185302781615,0.9042388247539901,-0.07128611272401963
10.56,-5.036501841702513e-05,0.0005458724785056816,-2.883292475809625,0.2583001777801681,0.00040373533221389643,0.0006801391074798245,2.3320425311398815e-12,1.487996828025947e-13,3,0.5999999995964924,8.070151213956933e-10,63.208844192339406,6.283185302954063,0.9028412405237103,-0.06849094426346003
10.58,-4.892662485731785e-05,0.0005462122265337524,-2.904482606272906,0.23711004731688723,0.0004049745809883127,0.0006656121804932838,2.335165097479467e-12,1.6427185689061592e-13,3,0.5999999996123142,7.753715447478271e-10,63.334507898400155,6.2831853031197475,0.9014984563549316,-0.06580537592590274
10.6,-4.733628018554665e-05,0.0005465473581891123,-2.924636779029929,0.2169558745598641,0.000405395662745826,0.0006504258995547471,2.3386270342795375e-12,1.5975267180758872e-13,3,0.5999999996275156,7.44968753352282e-10,63.46017160446415,6.283185303278936,0.9002083235065083,-0.9325931487735601
10.620000000000001,-4.569470387841338e-05,0.0005468519064558313,-2.9433188333251077,0.19827382026468543,0.00040497821769015156,0.0006361735394842265,2.3419843778881288e-12,1.763913875263007e-13,3,0.5999999996421209,7.157581194405793e-10,63.585835310531266,6.283185303431882,0.8819245733034522,-0.896025648367448
10.64,-4.3892641887318227e-05,0.0005471532297637629,-2.9604126048722668,0.18118004871752635,0.00040402624548283446,0.0006217329091820112,2.345687783661696e-12,1.940502597654551e-13,3,0.5999999996561536,6.8769279160108e-10,63.71149901660138,6.283185303578832,0.8643577392002568,-0.8608919801610573
10.66,-4.193301276218034e-05,0.0005474513745747678,-2.97568913714172,0.16590351644807333,0.00040261840239652386,0.0006073406302582711,2.349745410068327e-12,2.115191339728138e-13,3,0.599999999669636,6.607279168235891e-10,63.83716272267438,6.283185303720019,0.8474797105145657,-0.8271359227896751
10.68,-3.982865492394495e-05,0.0005477476564726871,-2.9889360748674103,0.1526565787223828,0.0004008661813313273,0.0005932184040544735,2.354141944743487e-12,2.2767597523362626e-13,3,0.5999999996825898,6.348204184547512e-10,63.96282642875014,6.283185303855671,0.8312634787996438,-0.7947034593598312
10.700000000000001,-3.7600921317626715e-05,0.0005480453402185232,-2.999961269709644,0.1416313838801493,0.00039890872965455966,0.0005795703147335916,2.3588409193895088e-12,2.415378617582723e-13,3,0.5999999996950356,6.099287741534454e-10,64.08849013482856,6.283185303986003,0.8156830946250999,-0.7635426910107435
10.72,-3.527802258911171e-05,0.0005483497633164571,-3.0085960389018327,0.13299661468796042,0.00039690614679244683,0.0005665824394422749,2.363787878794331e-12,2.5229602244245355e-13,3,0.5999999997069935,5.86013015890785e-10,64.21415384090955,6.2831853041112256,0.800713626052262,-0.7336037538650677
10.74,-3.289331342529671e-05,0.0005486679155214589,-3.014698182499822,0.1268944710899711,0.00039503163189317836,0.0005544245278402144,2.3689141154276283e-12,2.593384729160391e-13,3,0.5999999997184824,5.63035174039328e-10,64.33981754699298,6.283185304231537,0.7863311187377569,-0.7048387392360573
10.76,-3.0483620809723452e-05,0.0005490075536436056,-3.018154984202026,0.12343766938776701,0.0003934628043965451,0.0005432532089237993,2.374140768525816e-12,2.6226508062894265e-13,3,0.5999999997295209,5.409581671500518e-10,64.46548125307876,6.283185304347132,0.7725125576014492,-0.677201616963442
10.78,-2.8087613438580454e-05,0.0005493759762517013,-3.0188864808028906,0.12270617278690255,0.00039237246015417555,0.0005332159469182615,2.3793831848619495e-12,2.608996811174447e-13,3,0.5999999997401265,5.197469121753784e-10,64.59114495916683,6.283185304458194,0.7592358299974041,-0.6506481617553519
10.8,-2.574413239577192e-05,0.000549778616174462,-3.016849255097321,0.12474339849247196,0.0003919189958107406,0.0005244548290767794,2.3845555177144278e-12,2.38791214426258e-13,3,0.5999999997503163,4.993674362907541e-10,64.71680866525706,6.283185304564902,0.7464796903289355,-0.9939857866879831
10.82,-2.356506035647091e-05,0.0005501945831733053,-3.011870447635374,0.12972220595441897,0.0003926153267754427,0.0005176364724716104,2.3892546141225055e-12,2.3024845664407994e-13,3,0.5999999997601065,4.7978687689465e-10,64.84247237134939,6.283185304667424,0.7269923202436079,-0.955011046517328
10.84,-2.1502867238932873e-05,0.0005506406821669673,-3.0041448182475157,0.13744783534227745,0.0003942062950033751,0.0005123685188266247,2.3937496414392346e-12,2.1855885371906308e-13,3,0.5999999997695129,4.6097414774237677e-10,64.96813607744373,6.283185304765928,0.7082690608687723,-0.9175645277676567
10.86,-1.9583731055821008e-05,0.0005511094299888071,-2.9937777082063586,0.14781494538343454,0.0003967320390717519,0.0005087908163745692,2.3979852756329124e-12,2.045452569282785e-13,3,0.5999999997785505,4.4289905076766445e-10,65.09379978354,6.283185304860568,0.6902799509949205,-0.8815863080199531
10.88,-1.7825114667973717e-05,0.0005515887060867671,-2.980931069529603,0.16066158406019015,0.0004001834897892332,0.000507033086813963,2.401925035085844e-12,1.892596329832875e-13,3,0.5999999997872336,4.255327201718728e-10,65.21946348963813,6.283185304951498,0.6729962042083728,-0.8470188144468578
10.9,-1.6233387288142378e-05,0.0005520627893388202,-2.9658255170074597,0.17576713658233345,0.0004044986031363472,0.0005072069182859302,2.4055554142520173e-12,1.7393076118899671e-13,3,0.5999999997955763,4.0884740037938627e-10,65.34512719573804,6.283185305038863,0.656390162826875,-0.8138067316838622
10.92,-1.4802021370882584e-05,0.0005525143454910086,-2.948739871432514,0.1928527821572792,0.0004095622053780775,0.0005093959078418081,2.4088886668698315e-12,1.5988122239121909e-13,3,0.5999999998035919,3.9281622399300886e-10,65.47079090183966,6.283185305122802,0.6404352536414055,-0.7818969133129232
10.94,-1.35108591995504e-05,0.0005529271962146777,-2.9300074699777765,0.21158518361201661,0.00041521009759237456,0.0005136451428412524,2.411963631911925e-12,1.4841633391255302e-13,3,0.5999999998112931,3.774136558831742e-10,65.59645460794293,6.28318530520345,0.625105945393372,-0.7512382968168563
10.96,-1.2326873352838682e-05,0.0005532894596781574,-2.9100088647658806,0.2315837888239125,0.0004212376193192698,0.0005199515138446303,2.41484412820276e-12,1.406957839953946e-13,3,0.5999999998186925,3.6261504909873565e-10,65.72211831404778,6.283185305280935,0.6103777079191508,-0.7217818218684138
10.98,-1.12066170842701e-05,0.0005535964580266575,-2.889161021735526,0.2524316318542672,0.0004274122836578505,0.0005282564176913839,2.417614737049064e-12,1.376059970319972e-13,3,0.5999999998258017,3.483966448669662e-10,65.84778202015414,6.283185305355382,0.5962269728965915,-0.6934803518232953
11.0,-1.0100211367945161e-05,0.0005538527246528608,-2.867903673460646,0.2736889801291471,0.00043348948372016766,0.000538442191469778,2.420374201968383e-12,1.3817433312654245e-13,3,0.5999999998326321,3.347357946381635e-10,65.97344572626197,6.28318530542691,0.5826310961306738,-0.0705062717447591
11.02,-8.985053935039451e-06,0.0005541323625595543,-2.846667725429583,0.29492492816021,0.0004387365240145159,0.0005493816497991828,2.4231567817323448e-12,1.4146938353559096e-13,3,0.5999999998391947,3.2161051599643997e-10,66.09910943237121,6.283185305495634,0.5812488009014785,-0.06774168128636848
11.040000000000001,-7.803156391421063e-06,0.0005543860100879276,-2.825882891136706,0.3157097624530869,0.0004435858072969106,0.0005618100273410037,2.426059749773386e-12,1.500907168396229e-13,3,0.5999999998455,3.0899993674893267e-10,66.22477313848178,6.283185305561663,0.5799207062434769,-0.0650854919703654
11.06,-6.511251072896343e-06,0.000554640626270105,-2.8059794093549906,0.33561324423480254,0.00044786788312712483,0.0005754696727420898,2.4291836534986465e-12,1.6333799177349948e-13,3,0.599999999851558,2.968838508365934e-10,66.35043684459364,6.283185305625102,0.5786446869218744,-0.06253345332716043
11.08,-5.077421917609476e-06,0.0005549266582487078,-2.787356273874227,0.3542363797155663,0.00045145540840891993,0.0005900734387078439,2.4326111806035246e-12,1.8015265078878824e-13,3,0.5999999998573785,2.852429403787937e-10,66.47610055070676,6.283185305686054,0.5774187010335244,-0.06008148155046045
11.1,-3.4830015953319826e-06,0.0005552739580147718,-2.77036973666067,0.37122291692912324,0.0004542710732874015,0.0006053183940364481,2.4364011549610237e-12,1.992401876873694e-13,3,0.5999999998629708,2.7405833158411497e-10,66.60176425682107,6.283185305744616,0.576240786739448,-0.05772565296230758
11.120000000000001,-1.722666436721776e-06,0.0005557079378859218,-2.755325396524498,0.38626725706529497,0.00045629112334914074,0.0006208996925803451,2.440585167993977e-12,2.1920552724959242e-13,3,0.5999999998683438,2.6331226088416315e-10,66.72742796293653,6.283185305800882,0.5751090591254728,-0.05546219773435723
11.14,1.9695559345336013e-07,0.0005562465782969739,-2.742474049584524,0.399118604005269,0.00045754457086796314,0.0006365230591865632,2.4451668781738423e-12,2.3867952801540445e-13,3,0.5999999998735062,2.5298763084435905e-10,66.85309166905309,6.283185305854942,0.5740217071859683,-0.053287493855348256
11.16,2.259622438345574e-06,0.0005568986347439701,-2.732010970079861,0.40958168350993196,0.00045810865579807767,0.0006519146774557661,2.4501236217742983e-12,2.56420614757755e-13,3,0.5999999998784661,2.4306778811933327e-10,66.9787553751707,6.283185305906882,0.5729769909258506,-0.05119806133511284
11.18,4.4421698468261965e-06,0.0005576631038596337,-2.7240779180446966,0.41751473554509655,0.0004581014124359677,0.0006668277428732022,2.4554097399633344e-12,2.713839722033335e-13,3,0.5999999998832315,2.3353696754213615e-10,67.10441908128935,6.283185305956786,0.5719732385762188,-0.04919055663584926
11.200000000000001,6.717063676411095e-06,0.0005585297856131057,-2.718766974657523,0.42282567893226997,0.00045767229825278207,0.0006810454738063647,2.4609609607282678e-12,2.5490214773980307e-13,3,0.59999999988781,2.2437984803502786e-10,67.23008278740897,6.283185306004732,0.5710088439191683,0.5492850278907433
11.22,8.934292707618795e-06,0.0005594403321051351,-2.7159627527555723,0.4256299008342208,0.00045721758173910507,0.0006935325468262902,2.4661496030629675e-12,2.6295631421078986e-13,3,0.5999999998922091,2.1558177465408335e-10,67.35574649352954,6.2831853060507985,0.5817777309235822,0.5277472538819155
11.24,1.118955100132315e-05,0.0005604078998748509,-2.7159071196968707,0.4256855338929224,0.00045681486994534937,0.0007050340076976841,2.471458215018041e-12,2.668266125293793e-13,3,0.5999999998964356,2.0712875858919233e-10,67.481410199651,6.283185306095058,0.5921243638288478,0.5070539880713842
11.26,1.3452628594204326e-05,0.0005614073918067477,-2.7185703982960914,0.42302225529370174,0.000456620646314992,0.0007154040543105322,2.4768008423579087e-12,2.663467865865161e-13,3,0.5999999999004965,1.9900703307484946e-10,67.60707390577332,6.283185306137582,0.6020652994550129,0.48717211681905415
11.28,1.5694057783013464e-05,0.0005624118719081502,-2.72388606800848,0.41770658558131313,0.00045677950181304217,0.0007245117358447883,2.482090627843279e-12,2.615892918677937e-13,3,0.599999999904398,1.91203941568574e-10,67.73273761189648,6.28318530617844,0.6116164454199253,0.4680698248892292
11.3,1.7885786958208406e-05,0.000563394701829178,-2.7317543335509344,0.40983832003885867,0.00045741506440339285,0.0007322367076478783,2.4872444470810807e-12,2.528516763769054e-13,3,0.5999999999081466,1.8370682752788525e-10,67.85840131802044,6.283185306217695,0.6207930855948156,0.44971654453944865
11.32,2.0001881310155426e-05,0.0005643315420074776,-2.7420450480894627,0.3995476055003304,0.0004586218346731321,0.0007384662541992296,2.4921872808461367e-12,2.406436518443561e-13,3,0.5999999999117482,1.765034784995123e-10,67.98406502414518,6.283185306255412,0.6296099045617511,0.4320829066055776
11.34,2.2019419230363946e-05,0.0005652021186726264,-2.75460017174803,0.38699248184176316,0.0004604582796209537,0.0007430942226723605,2.4968563223116584e-12,2.2567262852466477e-13,3,0.5999999999152087,1.69582570208604e-10,68.10972873027066,6.283185306291649,0.6380810111121007,0.4151406935048785
11.36,2.3919674313001486e-05,0.0005659916419958424,-2.769236025060876,0.37235662852891727,0.00046294162027562695,0.0007460222332873903,2.501204748455854e-12,2.0882334377530784e-13,3,0.5999999999185334,1.6293322246951902e-10,68.23539243639685,6.283185306326466,0.6462199608236106,0.39886279408185876
11.38,2.568956544002763e-05,0.0005666917407607049,-2.785745589572442,0.3558470640173512,0.00046604480330033064,0.0007471632063258929,2.505204986546068e-12,1.911265086977443e-13,3,0.5999999999217277,1.5654455509661602e-10,68.36105614252372,6.2831853063599175,0.6540397777522211,0.38322316022463765
11.4,2.7323236359580317e-05,0.0005673007779048239,-2.803901036233804,0.33769161735598896,0.00046969612533156373,0.0007464468957508062,2.508851210040581e-12,1.8316218227474102e-13,3,0.5999999999247968,1.5040635403806846e-10,68.48671984865125,6.283185306392058,0.6615529752733347,0.02766051887728649
11.42,2.8863434847876035e-05,0.000567831255910696,-2.823484414252938,0.3181082393368553,0.0004734787536009618,0.0007442769526414801,2.5123296968399838e-12,1.65192587248768e-13,3,0.5999999999277456,1.4450884933125963e-10,68.6123835547794,6.283185306422938,0.6620952675025927,0.026575934418770375
11.44,3.0274480013631326e-05,0.00056828031929184,-2.844186839683241,0.2974058139065523,0.0004775793225940544,0.000740192009960598,2.515471873798096e-12,1.4980721883661958e-13,3,0.5999999999305787,1.3884249305817775e-10,68.73804726090816,6.283185306452606,0.6626162961493982,0.02553387712515942
11.46,3.157841821611562e-05,0.0005686621809638041,-2.8657406215020447,0.27585203208774844,0.00048183631702420775,0.0007342158740574821,2.518340095920893e-12,1.3803044867236149e-13,3,0.5999999999333008,1.3339840343462583e-10,68.8637109670375,6.283185306481111,0.6631168949707448,0.02453267948246629
11.48,3.280660711828052e-05,0.000568992603937787,-2.88786797839678,0.2537246751930131,0.00048606952323655776,0.0007264130233383367,2.5210152785960257e-12,1.3067270925043653e-13,3,0.5999999999359161,1.2816769867640687e-10,68.9893746731674,6.283185306508499,0.6635978650315467,0.023570739360862403
11.5,3.399784810212978e-05,0.0005692865910324309,-2.910284361982278,0.23130829160751532,0.0004900920488857777,0.0007168912958871878,2.523591808381324e-12,1.2825413743639388e-13,3,0.5999999999384289,1.2314216313313864e-10,69.11503837929784,6.283185306534812,0.6640599759865137,0.022646517450928494
11.52,3.5195481948769465e-05,0.0005695563986238842,-2.9327018916232093,0.20889076196658385,0.0004937230264834995,0.0007058016439685276,2.526171144229619e-12,1.309527762893595e-13,3,0.5999999999408432,1.183135811544389e-10,69.2407020854288,6.283185306560094,0.6645039673117624,0.021758534800430995
11.540000000000001,3.644378356563171e-05,0.000569810227036054,-2.954832835074726,0.18675981851506718,0.0004967999860652944,0.0006933347467494988,2.528854702223506e-12,1.3858634930805572e-13,3,0.5999999999431628,1.1367440322374023e-10,69.36636579156024,6.283185306584385,0.6649305494881367,0.02090537044768248
11.56,3.77841494056892e-05,0.0005700518034696942,-2.9763930762375455,0.16519957735224766,0.0004991899247108082,0.0006797146836122871,2.5317367445534862e-12,1.5063090196241333e-13,3,0.5999999999453914,1.0921707982447515e-10,69.49202949769216,6.283185306607723,0.6653404051381278,0.02008565914770033
11.58,3.925161580820525e-05,0.000570280881610224,-2.9971055124300863,0.14448714115970684,0.0005007982492076776,0.0006651902471427668,2.534897992793477e-12,1.6627294878194893e-13,3,0.5999999999475326,1.04934727573891e-10,69.61769320382454,6.283185306630146,0.6657341901182161,0.019298089187523626
11.6,4.087216511047149e-05,0.0005704944896944067,-3.016703318541922,0.12488933504787125,0.0005015749953145445,0.0006500247665328286,2.5384005565954383e-12,1.6174890409038679e-13,3,0.5999999999495899,1.0082024104463017e-10,69.74335690995737,6.283185306651689,0.6661125345683817,-0.8326677289452784
11.620000000000001,4.254434809113872e-05,0.0005706660858297612,-3.034801721787023,0.10679093180277022,0.0005014654976925988,0.0006357840919537121,2.541798786120974e-12,1.7845141080195938e-13,3,0.5999999999515665,9.686695889854491e-11,69.86902061609061,6.283185306672388,0.6497878502425288,-0.8000183602935727
11.64,4.437797437732038e-05,0.0005708205518561088,-3.051227243588918,0.09036541000087528,0.0005008000023115225,0.0006213813593997078,2.545543053676886e-12,1.9604366754073855e-13,3,0.5999999999534656,9.306866388669732e-11,69.99468432222426,6.283185306692276,0.634103265944754,-0.7686491916980229
11.66,4.636988178651125e-05,0.0005709562649442411,-3.065750300565108,0.07584235302468523,0.0004996555965457549,0.0006070566492286146,2.5496389046460253e-12,2.1331634810873615e-13,3,0.5999999999552903,8.941936080475443e-11,70.1203480283583,6.283185306711384,0.6190336829939576,-0.7385100257964301
11.68,4.850696486903429e-05,0.000571074050586945,-3.0781636710148006,0.06342898257499252,0.0004981433043423099,0.0005930340011392405,2.5540684894705027e-12,2.291547447231783e-13,3,0.5999999999570433,8.591327649298819e-11,70.24601173449271,6.2831853067297425,0.6045549868424024,-0.7095526334933198
11.700000000000001,5.07677166114146e-05,0.0005711778125284296,-3.088285645979842,0.05330700760995111,0.0004964023563623997,0.0005795185111865636,2.5587930281495657e-12,2.4259140609038553e-13,3,0.5999999999587277,8.254463779167054e-11,70.37167544062748,6.283185306747382,0.5906440084872928,-0.6817306767831006
11.72,5.312398077740495e-05,0.000571274532683153,-3.0959626199024552,0.04563003368733787,0.0004945929451197474,0.0005666958446080633,2.5637561486615125e-12,2.528414923432804e-13,3,0.5999999999603459,7.930811563028328e-11,70.4973391467626,6.283185306764328,0.577278487395427,-0.6549996345993689
11.74,5.554270716134557e-05,0.0005713736843133303,-3.1010712868962247,0.04052136669356843,0.0004928878953639448,0.0005547338945933969,2.5688877841694497e-12,2.5932445452845423e-13,3,0.5999999999619008,7.619838093830822e-11,70.62300285289805,6.283185306780611,0.5644370358815947,-0.6293167315717043
11.76,5.798760947607307e-05,0.0005714861652634341,-3.103520709252632,0.03807194433716132,0.0004914636184788112,0.000543786009269708,2.5741084043145552e-12,2.616770720847242e-13,3,0.5999999999633947,7.3210548734437e-11,70.74866655903382,6.283185306796255,0.5520991048837179,-0.6046408695759509
11.78,6.042073369009851e-05,0.0005716228949477952,-3.1032545553077613,0.03833809828203183,0.0004904906479350925,0.0005339949826049673,2.579333458491652e-12,2.597626652551371e-13,3,0.59999999996483,7.033995608196619e-11,70.8743302651699,6.283185306811285,0.5402449510799678,-0.5809325619684507
11.8,6.280402793625828e-05,0.0005717932417075619,-3.1002537441950513,0.04133890939474183,0.0004901240147780337,0.0005254968851322828,2.584477991399019e-12,2.389009931871181e-13,3,0.599999999966209,6.758194004419238e-11,70.99999397130627,6.283185306825727,0.5288556052952375,-0.8923555730115076
11.82,6.503239238099404e-05,0.0005719900550499409,-3.0944242857136866,0.047168367876106565,0.0004908257078753326,0.0005188889676561734,2.589174821962891e-12,2.2993055666293744e-13,3,0.599999999967534,6.493205972901706e-11,71.12565767744292,6.283185306839602,0.5113607240485718,-0.8573658105181763
11.84,6.714694556014739e-05,0.0005722247483510814,-3.085928094794722,0.05566455879507126,0.0004923805420264189,0.0005138306000813122,2.593659810425602e-12,2.1789462191956528e-13,3,0.5999999999688069,6.238609628894665e-11,71.25132138357985,6.283185306852933,0.49455182690755145,-0.8237480162361356
11.86,6.912155140368838e-05,0.0005724936688079394,-3.074886565299726,0.06670608829006719,0.0004948254555259893,0.0005104519148130436,2.597879352632626e-12,2.0362128150262704e-13,3,0.5999999999700301,5.993983087648758e-11,71.37698508971704,6.283185306865741,0.4784020160506614,-0.7914483945223555
11.88,7.093833900530141e-05,0.0005727881506828827,-3.061472073944828,0.08012057964496533,0.0004981489044658624,0.0005088726767360293,2.601798623575009e-12,1.881504954026504e-13,3,0.5999999999712052,5.758948873335612e-11,71.50264879585448,6.283185306878048,0.4628854483350539,-0.7604152590911405
11.9,7.258998482639351e-05,0.0005730953099989936,-3.0459086586462236,0.0956839949435695,0.0005022877319550095,0.0005091949220517297,2.6054053557254345e-12,1.7268154066425792e-13,3,0.5999999999723343,5.533129510126855e-11,71.62831250199217,6.283185306889871,0.44797729394200636,-0.7305989503050454
11.92,7.408148942835494e-05,0.0005733997583581183,-3.0284706164015,0.11312203718829306,0.0005071275424962076,0.0005114938706453858,2.60871229598156e-12,1.5849335334847014e-13,3,0.5999999999734191,5.316169726654607e-11,71.75397620813008,6.283185306901231,0.43365369664391396,-0.7019517557088606
11.94,7.543098995368295e-05,0.0005736860960594035,-3.009478541172552,0.13211411241724091,0.0005125071072194212,0.0005158082127936787,2.6117578122281663e-12,1.468407465931445e-13,3,0.5999999999744614,5.107714251550988e-11,71.87963991426822,6.283185306912146,0.41989173562923604,-0.6744278336795048
11.96,7.666920693069462e-05,0.0005739418282744911,-2.9892926067716927,0.1523000468181004,0.0005182269094347776,0.0005221311337374954,2.6146042486629064e-12,1.3883638177469946e-13,3,0.5999999999754628,4.9074300179086094e-11,72.00530362040658,6.283185306922633,0.4066693888243075,-0.6479831400696476
11.98,7.78373217600595e-05,0.0005741601686381913,-2.9683032609051887,0.17328939268460442,0.0005240614155994558,0.0005304034933124413,2.6173338915097874e-12,1.3533435716548722e-13,3,0.599999999976425,4.715006163280577e-11,72.13096732654513,6.283185306932708,0.39396549765332267,-0.622575357727678
12.0,7.898338883606321e-05,0.000574342125356952,-2.946919865736589,0.1946727878532042,0.0005297741241384483,0.0005405103864794788,2.6200427633288493e-12,1.3568357764721747e-13,3,0.5999999999773493,4.530131825219996e-11,72.25663103268388,6.283185306942388,0.38175973318010004,0.015171685052616679
12.02,8.013518951524737e-05,0.0005745530760587898,-2.9255474537630817,0.21604519982671144,0.0005346441679779858,0.0005513237511321203,2.622769085489911e-12,1.383053640134772e-13,3,0.5999999999782375,4.352496141279971e-11,72.38229473882282,6.2831853069516885,0.38205717832005875,0.014576794772699242
12.040000000000001,8.134387637851432e-05,0.0005747443376754916,-2.9045903614359556,0.2370022921538375,0.0005391107911789358,0.000563591327494936,2.6256012770023837e-12,1.4616026662235342e-13,3,0.5999999999790908,4.181832657934592e-11,72.50795844496194,6.2831853069606245,0.38234296046925825,0.014005230474300245
12.06,8.265371748791878e-05,0.0005749372000250715,-2.8844514839047877,0.25714116968500544,0.000543012107761904,0.0005770650047238439,2.628638563492894e-12,1.5860675513795736e-13,3,0.5999999999799107,4.0178527171974565e-11,72.63362215110124,6.2831853069692105,0.3826175369401074,0.013456077532601918
12.08,8.40987395095214e-05,0.000575156898132447,-2.865508682073857,0.276083971515936,0.0005462266001042015,0.0005914679799123836,2.6319636432021483e-12,1.7465755812610469e-13,3,0.5999999999806984,3.860312070003147e-11,72.7592858572407,6.283185306977459,0.382881347113539,0.012928457185738762
12.1,8.57005128102962e-05,0.0005754290244871645,-2.8481047364997933,0.2934879170899998,0.0005486808903834108,0.0006065074472910265,2.6356368042142894e-12,1.930890538178517e-13,3,0.5999999999814553,3.708944262825753e-11,72.88494956338033,6.283185306985385,0.383134813142113,0.012421525128590738
12.120000000000001,8.746761371255104e-05,0.0005757759853200563,-2.8325399406885747,0.3090527129012184,0.0005503534274374734,0.0006218876329414087,2.6396924253341864e-12,2.12565097715928e-13,3,0.5999999999821825,3.5635050465998575e-11,73.01061326952012,6.2831853069929995,0.38337834062555076,0.011934470161715227
12.14,8.93965522954778e-05,0.0005762140899573902,-2.8190675806632783,0.3225250729265148,0.0005512741045974091,0.0006373217369080257,2.644137947132954e-12,2.317557167572061e-13,3,0.5999999999828811,3.423772376720535e-11,73.13627697566005,6.283185307000315,0.3836123192597811,0.01146651289325451
12.16,9.147371709359164e-05,0.000576751651754014,-2.807892173277974,0.3337004803118191,0.000551520257686528,0.0006525415918521884,2.6489550446455747e-12,2.494356378446508e-13,3,0.5999999999835524,3.289524208582861e-11,73.26194068180013,6.2831853070073445,0.38383712346053694,0.011016904491742863
12.18,9.367780302073762e-05,0.0005773882279564902,-2.7991700269848736,0.3424226266049195,0.0005512097872547542,0.0006673042573197955,2.654102499427143e-12,2.645546327236824e-13,3,0.5999999999841973,3.1605384975819106e-11,73.38760438794034,6.283185307014098,0.3840531129625002,0.01058492548781631
12.200000000000001,9.598224393875571e-05,0.0005781149113605718,-2.7930114861848536,0.3485811674049395,0.0005504922743701483,0.0006813952547436038,2.6595201825493685e-12,2.481907013063152e-13,3,0.5999999999848169,3.0366154035732507e-11,73.51326809408069,6.283185307020587,0.3842606333949543,0.6258034028298494
12.22,9.823208668919687e-05,0.0005788814565047509,-2.7893733031388988,0.35221935045089436,0.0005497908390243004,0.0006937554462921594,2.664577778690948e-12,2.5660133299856364e-13,3,0.5999999999854122,2.917555086412449e-11,73.63893180022116,6.283185307026821,0.39652968459762583,0.6012653004245063
12.24,0.00010052665394792511,0.000579696883706304,-2.7884636480866964,0.35312900550309667,0.0005491625978177025,0.0007051545878995664,2.6697639044352374e-12,2.6096127863235203e-13,3,0.5999999999859842,2.8031577059550727e-11,73.76459550636176,6.283185307032811,0.4083176594215717,0.5776893507766145
12.26,0.00010283457051865944,0.0005805383669907824,-2.7902738562311824,0.3513187973586107,0.0005487658131087681,0.0007154460483824376,2.67499486914832e-12,2.6106408495791937e-13,3,0.5999999999865337,2.6932456265171822e-11,73.89025921250247,6.283185307038566,0.4196434211414124,0.5550378273369332
12.280000000000001,0.00010512473269795239,0.0005813813391009265,-2.794757232758848,0.3468354208309452,0.0005487476607601627,0.0007244974060073774,2.680185277529274e-12,2.5694316721518155e-13,3,0.5999999999870618,2.5876412124148374e-11,74.0159229186433,6.2831853070440955,0.43052509339219097,0.533274482835376
12.3,0.00010736717474855846,0.0005822015766799023,-2.8018317332641174,0.33976092032567573,0.000549235020433787,0.0007321863461098312,2.6852527229409864e-12,2.488613488972313e-13,3,0.599999999987569,2.4861890324245906e-11,74.14158662478424,6.283185307049409,0.4409800891710559,0.5123644912776462
12.32,0.0001095339593729441,0.0005829771714428977,-2.8113821618213573,0.33021049176843587,0.0005503260613656014,0.0007383977708375394,2.6901222696470977e-12,2.3730004642465957e-13,3,0.5999999999880564,2.3887114508625018e-11,74.26725033092528,6.283185307054513,0.45102513870177147,0.49227439221621505
12.34,0.00011160025473553279,0.000583690263250103,-2.823262036328075,0.3183306172617182,0.0005520829982059204,0.0007430227905323581,2.694730702617228e-12,2.2294597749333474e-13,3,0.5999999999885247,2.2950530365051236e-11,74.39291403706642,6.283185307059417,0.46067631620664495,0.4729720372064681
12.36,0.00011354568240596583,0.0005843283988532741,-2.83729537194661,0.30429728164318304,0.0005545264814405472,0.0007459599935945107,2.6990304560351145e-12,2.0667107314326186e-13,3,0.5999999999889747,2.2050583581290084e-11,74.51857774320766,6.283185307064128,0.46994906562871186,0.45442653836233426
12.38,0.0001153559097873811,0.0005848853675947993,-2.853278650474309,0.28831400311548405,0.000557632150196296,0.0007471190619585957,2.7029930336998205e-12,1.8950052381512405e-13,3,0.599999999989407,2.1185941889712012e-11,74.64424144934898,6.283185307068655,0.4788582253453396,0.43660821892907875
12.4,0.00011702433481101094,0.0005853613750721666,-2.8709831891481503,0.2706094644416428,0.0005613298626589912,0.0007464264407073067,2.7066116381821244e-12,1.8119376415920835e-13,3,0.5999999999898223,2.035527302268747e-11,74.7699051554904,6.283185307073005,0.48741805191279686,0.10760175394097748
12.42,0.00011859187628577462,0.0005857645963923374,-2.890170650965924,0.25142200262386893,0.0005652173398709896,0.0007442468757299075,2.7100570339241642e-12,1.6383833047657515e-13,3,0.5999999999902215,1.9557022667981983e-11,74.89556886163192,6.283185307077184,0.4895276144729066,0.103382628820758
12.44,0.00012002511099144251,0.0005860992060089591,-2.9105439420405896,0.23104871154920348,0.0005694632071167728,0.0007401521510916102,2.713177876714661e-12,1.4901609648573475e-13,3,0.5999999999906049,1.8790080602570924e-11,75.0212325677735,6.283185307081199,0.49155445990189117,0.09932893796278885
12.46,0.00012134689065431771,0.0005863793174518826,-2.9318222051686376,0.20977044842115555,0.0005739015300835747,0.0007341634901143193,2.716035562429045e-12,1.377571553107052e-13,3,0.5999999999909733,1.805333660342967e-11,75.14689627391516,6.2831853070850565,0.4935018315848537,0.09543419459686375
12.48,0.00012258971000327513,0.0005866196549926007,-2.953711865825247,0.1878807877645463,0.0005783463244176524,0.0007263437981262595,2.7187101400723386e-12,1.3087504649920107e-13,3,0.5999999999913272,1.734545840292867e-11,75.2725599800569,6.283185307088764,0.4953728457319484,0.0916921663026744
12.5,0.0001237936450601062,0.0005868332423875873,-2.975910888726858,0.16568176486293495,0.0005826039377421655,0.0007168005440681525,2.7212951543536916e-12,1.2888901042220715e-13,3,0.5999999999916673,1.66653357780433e-11,75.3982236861987,6.2831853070923245,0.49717049636498156,0.08809686503660807
12.52,0.00012500324312237837,0.0005870295293678039,-2.998113264983559,0.143479388606234,0.0005864862403963324,0.0007056856010121667,2.7238911593883673e-12,1.3197167227829498e-13,3,0.599999999991994,1.6011858505748933e-11,75.52388739234058,6.283185307095747,0.4988976601084853,0.0846425375496006
12.540000000000001,0.00012626373751223438,0.0005872133034269229,-3.020013586145334,0.12157906744445901,0.0005898235424535279,0.0006931918102633667,2.7265985146153606e-12,1.3993119403238481e-13,3,0.599999999992308,1.5383916363020944e-11,75.64955109848253,6.283185307099035,0.5005571007929305,0.08132365618071025
12.56,0.00012761711322535746,0.000587384575020975,-3.0413115626351748,0.10028109095461835,0.0005924761848128931,0.0006795464662279328,2.7295102008761554e-12,1.5223109466135762e-13,3,0.5999999999926097,1.4780621171439634e-11,75.77521480462454,6.283185307102193,0.5021514738774451,0.07813491001168105
12.58,0.0001290985815296175,0.0005875394159501843,-3.0617163494509074,0.07987630413888569,0.000594343904316477,0.0006650023211593923,2.7327053911243918e-12,1.68044198403634e-13,3,0.5999999999928994,1.4201084752585302e-11,75.90087851076662,6.283185307105228,0.5036833306991154,0.07507119636834036
12.6,0.00013073392325110454,0.0005876715324958376,-3.080950550761439,0.060642102828353917,0.0005953723191116906,0.000649827022944877,2.7362443770322634e-12,1.6347549515354637e-13,3,0.5999999999931779,1.3644196883433324e-11,76.02654221690875,6.283185307108144,0.5051551225556697,-0.7677418337979238
12.620000000000001,0.00013242025029234169,0.0005877534786077785,-3.0986642854197557,0.04292836817003742,0.0005954838457377852,0.000635572513011983,2.739678275519154e-12,1.802692410565212e-13,3,0.5999999999934453,1.3109291430168923e-11,76.15220592305094,6.283185307110945,0.4901033286109495,-0.7376382459084834
12.64,0.00013426825587078468,0.0005878085479202764,-3.1146451828470534,0.026947470742739732,0.0005950262169961599,0.0006211718548246988,2.743459119341093e-12,1.9785942752067923e-13,3,0.5999999999937023,1.2595258169767476e-11,76.27786962919319,6.283185307113636,0.4756417239485654,-0.7087150365837152
12.66,0.00013627428952874693,0.0005878338121008584,-3.1286637801691586,0.012928873420634535,0.0005940753827863048,0.0006068679033581425,2.7475905380988803e-12,2.1503317854700884e-13,3,0.5999999999939493,1.2101430968414206e-11,76.4035333353355,6.283185307116222,0.4617471669157508,-0.6809259225180859
12.68,0.00013842480831104755,0.0005878296538296989,-3.1405170131857205,0.0010756404040725975,0.0005927419290302012,0.0005928866259349745,2.75205275606003e-12,2.3067864917969433e-13,3,0.5999999999941865,1.1626921647689414e-11,76.52919704147784,6.283185307118707,0.44839742325692283,-0.65422643520043
12.700000000000001,0.00014069803774926986,0.0005878003483945637,-3.150030975302501,-0.008438321712707975,0.0005911649766190378,0.0005794340739933357,2.756805196140783e-12,2.438384997817169e-13,3,0.5999999999944144,1.1171064073778325e-11,76.65486074762025,6.283185307121094,0.43557113053413027,-0.6285738497548449
12.72,0.00014306580158472768,0.0005877539630825762,-3.157062961568951,-0.015470307979157827,0.0005895045742548773,0.000566695854222166,2.761789963171239e-12,2.537449753218207e-13,3,0.5999999999946335,1.0732970068261238e-11,76.7805244537627,6.2831853071233885,0.42324776394259483,-0.603927116571774
12.74,0.00014549530501022765,0.0005877016436681438,-3.1615030179916954,-0.019910364401902303,0.0005879330568719937,0.000554838802683908,2.76693587049902e-12,2.598403764324694e-13,3,0.5999999999948439,1.0312195541928304e-11,76.90618815990518,6.283185307125592,0.41140760346664507,-0.5802467956198745
12.76,0.00014795077318395807,0.0005876564164271326,-3.163275301333564,-0.021682647743770822,0.0005866257688394305,0.0005440142562277434,2.7721627690889635e-12,2.617882080204333e-13,3,0.599999999995046,9.907852316359822e-12,77.03185186604772,6.2831853071277095,0.4000317023234838,-0.5574949933335519
12.780000000000001,0.00015039496092972325,0.0005876316629736493,-3.162339562291131,-0.020746908701337663,0.0005857514701783754,0.0005343620965980458,2.7773860457026605e-12,2.5948003159649e-13,3,0.5999999999952403,9.519274257741017e-12,77.15751557219029,6.283185307129744,0.3891018566442936,-0.5356353019751715
12.8,0.00015279063502440514,0.0005876394391594613,-3.1586929841207754,-0.017100330530982255,0.0005854626992957789,0.000526014636440098,2.782521242443738e-12,2.393812979736846e-13,3,0.599999999995427,9.14601727686204e-12,77.28317927833291,6.283185307131699,0.378600576344163,-0.825602474812255
12.82,0.00015503815816317838,0.0005876812510902998,-3.152288868861438,-0.010696215271644771,0.0005861878780591586,0.0005195251912770234,2.787224339613277e-12,2.300887304853768e-13,3,0.5999999999956063,8.787415239908114e-12,77.40884298447556,6.283185307133577,0.36241440830685373,-0.7932301387376365
12.84,0.0001571741672488083,0.0005877657158497655,-3.143271596034919,-0.0016789424451260082,0.0005877376423219039,0.0005145863050642845,2.7917096546950172e-12,2.1778330905195136e-13,3,0.5999999999957786,8.442802013064465e-12,77.53450669061824,6.283185307135381,0.3468629089962621,-0.7621271401164532
12.86,0.00015917286682058887,0.0005878918814225037,-3.1317727228344636,0.009819930755329498,0.0005901466783451327,0.0005113221142287633,2.7959247060925584e-12,2.0329744076947152e-13,3,0.5999999999959441,8.111733507121244e-12,77.66017039676098,6.283185307137114,0.33192119269566106,-0.7322437075152511
12.88,0.00016101639160323299,0.0005880535478462616,-3.1179709949117904,0.0236216586780027,0.0005934016942128283,0.0005098462738148599,2.7998357686306874e-12,1.8766431169209372e-13,3,0.5999999999961031,7.793765632868599e-12,77.78583410290373,6.28318530713878,0.31756534947123344,-0.7035320210663959
12.9,0.0001626970091233713,0.000588239894417747,-3.1020922493647767,0.03950040422501644,0.0005974386974228119,0.0005102549818791172,2.8034314271882053e-12,1.7206553252561975e-13,3,0.5999999999962559,7.488232256491756e-12,77.91149780904652,6.283185307140379,0.30377240691107693,-0.6759461359460829
12.92,0.00016421886845316918,0.0005884370025567244,-3.08440752255874,0.05718513103105316,0.0006021437060707336,0.0005126183426865107,2.806724833603356e-12,1.5775383923426054e-13,3,0.5999999999964026,7.1946892887808644e-12,78.03716151518934,6.283185307141917,0.29052029336444396,-0.6494419088528169
12.94,0.0001655988593143239,0.0005886301550990277,-3.065229012440254,0.07636364114953897,0.0006073573465178452,0.0005169711206660814,2.8097541833207348e-12,1.4595390488369613e-13,3,0.5999999999965437,6.91247059592115e-12,78.1628252213322,6.283185307143393,0.27778780262239156,-0.6239769273687121
12.96,0.00016686619386627473,0.0005888065921455099,-3.044903789341946,0.09668886424784695,0.0006128833938311465,0.0005233041786013087,2.812581051407318e-12,1.3775053454659482e-13,3,0.5999999999966793,6.6413541333076864e-12,78.28848892747509,6.283185307144811,0.2655545599833229,-0.5995104420905748
12.98,0.00016806050147797835,0.000588958233294564,-3.023805436378768,0.11778721721102503,0.0006185008239140944,0.0005315579405755789,2.815286470795464e-12,1.3397882662943547e-13,3,0.5999999999968095,6.380895811730625e-12,78.414152633618,6.283185307146176,0.25380098964911785,-0.5760033014221647
13.0,0.0001692285082827922,0.0005890838021654083,-3.0023240780437668,0.13926857554602634,0.000623978459524002,0.0005416190420527352,2.817964961773286e-12,1.3419454739698036e-13,3,0.5999999999969347,6.1306515419801144e-12,78.53981633976093,6.283185307147486,0.24250828339967956,0.07205773538474625
13.02,0.00017040108597989831,0.0005892418615032829,-2.9808485904212634,0.16074406316852974,0.000628604680762034,0.0005523572731048122,2.8206574720674294e-12,1.3639732962820876e-13,3,0.5999999999970549,5.8901772348463055e-12,78.66548004590389,6.283185307148744,0.24392099550860424,0.06923231116689688
13.040000000000001,0.00017162489403747884,0.0005893852866842739,-2.9597673206648247,0.18182533292496839,0.0006328219400765664,0.0005645293024092693,2.823446896939885e-12,1.4378271863004392e-13,3,0.5999999999971704,5.659250845724273e-12,78.79114375204688,6.283185307149954,0.24527831438342168,0.066517673417262
13.06,0.0001729445710837605,0.0005895314712356545,-2.939465447311224,0.20212720627856928,0.0006364735736564374,0.0005778927540882909,2.826431763248587e-12,1.557432301913235e-13,3,0.5999999999972813,5.437428285404167e-12,78.9168074581899,6.283185307151117,0.2465824120239084,0.06390947813628856
13.08,0.0001743952557816899,0.0005897019664986797,-2.920306806251973,0.2212858473378203,0.0006394422178933104,0.0005921771635376892,2.829694850404853e-12,1.7133374093430186e-13,3,0.5999999999973878,5.224265464676137e-12,79.04247116433292,6.283185307152233,0.24783537526451152,0.06140355165508232
13.1,0.00017600019701335726,0.0005899192453691209,-2.9026248001119077,0.2389678534778854,0.0006416574402535901,0.0006070960470507375,2.8332973954607367e-12,1.8937336194806833e-13,3,0.5999999999974903,5.019318294330333e-12,79.16813487047598,6.283185307153306,0.24903920911372907,0.05899588395664723
13.120000000000001,0.00017776994851758157,0.0005902033946318558,-2.886715408384475,0.2548772452053183,0.0006430994876289696,0.000622359405417875,2.837275532168661e-12,2.0856225327581292e-13,3,0.5999999999975887,4.822586774366755e-12,79.29379857661905,6.283185307154336,0.25019583996255135,0.05668262225900267
13.14,0.00017970299905039198,0.0005905693007892723,-2.8728325639514747,0.26876008963831843,0.000643799129688102,0.0006376852911079792,2.8416390767842583e-12,2.2759526935248865e-13,3,0.5999999999976833,4.633404770970628e-12,79.41946228276215,6.283185307155326,0.2513071186670976,0.05446006484991017
13.16,0.0001817874500707448,0.0005910247194146564,-2.861185865569994,0.2804067880197989,0.0006438339830935962,0.0006528092740407769,2.8463724405297072e-12,2.4525810742362134e-13,3,0.5999999999977741,4.451772284141953e-12,79.54512598890527,6.283185307156277,0.2523748235103805,0.05232465516334439
13.18,0.0001840032495336984,0.000591569392576325,-2.851940331944285,0.28965232164550825,0.0006433219915503741,0.0006674910098670845,2.8514372206415056e-12,2.60497844602507e-13,3,0.5999999999978614,4.277245224670878e-12,79.6707896950484,6.283185307157191,0.2534006630479385,0.05027297608822834
13.200000000000001,0.00018632452031719347,0.0005921951741995772,-2.8452177074012077,0.2963749461885854,0.0006424128723843494,0.0006815175715638237,2.8567759273842907e-12,2.441983432594477e-13,3,0.5999999999979452,4.1096015479524795e-12,79.79645340119156,6.283185307158069,0.25438627884188914,0.6767272270705633
13.22,0.00018859320274543446,0.0005928578105162737,-2.841024761411507,0.30056789217828594,0.0006415484949834254,0.000693812859942227,2.8617558054460676e-12,2.528460926158416e-13,3,0.5999999999980258,3.948397164776907e-12,79.92211710733473,6.283185307158912,0.26765370589905413,0.6501923729562333
13.24,0.00019091084778055065,0.000593563151280257,-2.8395451015501605,0.3020475520396326,0.0006407713038257035,0.0007051636739755229,2.8668698611266162e-12,2.575272851352375e-13,3,0.5999999999981032,3.79363207514416e-12,80.04778081347791,6.283185307159723,0.280400909700302,0.6246979653537376
13.26,0.00019324535089193515,0.000594289987480808,-2.8407841534096643,0.30080850018012883,0.0006402407586718265,0.0007154226474732158,2.8720358242251276e-12,2.5800897007176246e-13,3,0.5999999999981775,3.644862189844389e-12,80.17344451962111,6.283185307160502,0.29264828849126334,0.6002032077718149
13.280000000000001,0.0001955645453674701,0.0005950154868836142,-2.8447087861348943,0.2968838674548988,0.0006401057823225407,0.0007244561235712136,2.8771691856357323e-12,2.542982987961257e-13,3,0.599999999998249,3.5018654642726688e-12,80.29910822576433,6.283185307161251,0.30441544069091714,0.5766689033725073
13.3,0.00019783719732849246,0.0005957172286143425,-2.851249337431818,0.29034331615797493,0.0006404954723538956,0.0007321401539340544,2.882187920309682e-12,2.466344066268325e-13,3,0.5999999999983177,3.3646418984289994e-12,80.42477193190756,6.28318530716197,0.3157211962532425,0.5540573922478566
13.32,0.0002000340282109025,0.0005963751399923794,-2.8603012503299854,0.2812914032598077,0.0006415105264047153,0.0007383576802401082,2.887017039842141e-12,2.354793314073866e-13,3,0.5999999999983836,3.232747403103531e-12,80.5504356380508,6.283185307162661,0.3265836467991624,0.5323324911560168
13.34,0.00020212892110656286,0.0005969731948319884,-2.871726457121053,0.2698661964687403,0.0006432157702438524,0.0007429975835706993,2.891592941340534e-12,2.2150585852866642e-13,3,0.599999999998447,3.105959933691338e-12,80.67609934419406,6.283185307163325,0.3370201745669966,0.5114594356203483
13.36,0.0002041003898873765,0.0005975007218612129,-2.8853547616683386,0.2562378919214545,0.0006456342733716775,0.0007459560177091383,2.895867451605076e-12,2.0557794389074103e-13,3,0.5999999999985078,2.9842794901924208e-12,80.80176305033733,6.283185307163962,0.34704748022775167,0.49140482429883825
13.38,0.0002059332770766211,0.0005979531639385235,-2.9009855054529448,0.24060714813684836,0.000648743607375364,0.0007471401105269362,2.8998113666865965e-12,1.8871858062342062e-13,3,0.5999999999985663,2.8672619833969293e-12,80.92742675648061,6.283185307164574,0.3566816096097575,0.47213656553482664
13.4,0.00020762051737463832,0.000598332145766602,-2.9183897610544838,0.22320289253530934,0.0006524747966092734,0.0007464737528423452,2.903417189309105e-12,1.801598934556162e-13,3,0.5999999999986225,2.7549074133048634e-12,81.05309046262391,6.283185307165163,0.3659379793754157,0.1609356113904059
13.42,0.00020920150793975163,0.0005986432677968877,-2.937316291245989,0.20427636234380397,0.0006564364934550752,0.0007442960618252298,2.906845653382068e-12,1.6317112062688928e-13,3,0.5999999999986765,2.6469937353112982e-12,81.17875416876723,6.283185307165729,0.36909316716690654,0.15462523580742427
13.44,0.0002106448098444129,0.0005988953511688903,-2.9574747565412673,0.18411789704852577,0.0006607841824705692,0.000740200086746314,2.909956601072395e-12,1.4868783769273473e-13,3,0.5999999999987283,2.5432989048113086e-12,81.30441787491054,6.283185307166272,0.37212463827551323,0.1485622935902109
13.46,0.00021197393311827065,0.0005991024829293333,-2.978575137966821,0.1630175156229723,0.0006653489879854195,0.0007342052598714758,2.9128109495193173e-12,1.3774728065363465e-13,3,0.5999999999987782,2.4436008771999695e-12,81.43008158105387,6.283185307166794,0.37503724370175795,0.14273708273772145
13.48,0.00021322225599971107,0.000599278661575224,-3.0003127252545916,0.14127992833520153,0.0006699410471305875,0.0007263735015724142,2.9154883908668945e-12,1.3116758318966824e-13,3,0.5999999999988261,2.347677607872356e-12,81.55574528719721,6.283185307167296,0.3778356442357116,0.13714028166981418
13.5,0.00021443081151184987,0.0005994354839562038,-3.0223730664714266,0.11921958711836655,0.0006743621449522963,0.000716812227111837,2.918082167443708e-12,1.2946856571203535e-13,3,0.5999999999988722,2.255529096828468e-12,81.68140899334057,6.283185307167778,0.3805243179152525,0.13176293431073238
13.52,0.00021564501705180478,0.0005995803548971261,-3.0444372454806006,0.09715540810919254,0.000678419245346636,0.0007056742273953236,2.9206924963980614e-12,1.3281876451884387e-13,3,0.5999999999989164,2.1671553440683056e-12,81.80707269948392,6.283185307168241,0.3831075671918822,0.12659643575747292
13.540000000000001,0.00021691075027289476,0.0005997155638279379,-3.066187279699323,0.07540537389047008,0.0006819377864027857,0.0006931541723531907,2.9234192725579565e-12,1.4101784501663074e-13,3,0.5999999999989589,2.0821122603820186e-12,81.9327364056273,6.283185307168686,0.38558952581556594,0.12163251851010548
13.56,0.00021827032398951193,0.0005998383956732095,-3.0873114272199014,0.054281226369891744,0.0006847736309903633,0.0006794819344562129,2.9263548055947814e-12,1.5351754085526929e-13,3,0.5999999999989998,2.000399845769607e-12,82.05840011177068,6.283185307169114,0.38797416544961427,0.11686323924200881
13.58,0.00021975893427499053,0.0005999422218364284,-3.107509201975864,0.03408345161392923,0.0006868227190159617,0.000664913349957858,2.9295773414072735e-12,1.6947737641614616e-13,3,0.599999999999039,1.922018100231071e-12,82.18406381791407,6.283185307169524,0.390265302026192,0.1122809660888534
13.6,0.00022140204328255844,0.0006000183142315216,-3.1264959166613777,0.0150967369284154,0.0006880277283664007,0.0006497193647748314,2.9331459792311593e-12,1.6486040884839627e-13,3,0.5999999999990766,1.8467449791614854e-12,82.30972752405746,6.283185307169918,0.39246660185262344,-0.7245462559915853
13.620000000000001,0.00022309525386273225,0.0006000384617667236,-3.143946229528841,-0.002353575939047836,0.0006882956921666886,0.0006354444642344127,2.936608614036614e-12,1.817420852717424e-13,3,0.5999999999991128,1.7743584379559252e-12,82.43539123020086,6.283185307170298,0.3782616693238662,-0.6961363909340708
13.64,0.00022495013293125101,0.0006000248142075409,-3.159620518318821,-0.018027864729027954,0.0006879860727954687,0.000621033634664456,2.940419297890188e-12,1.9935298170366341e-13,3,0.5999999999991475,1.7048584766143904e-12,82.56105493634428,6.283185307170662,0.3646137201663649,-0.6688404926190682
13.66,0.0002269625169971876,0.0005999734838692804,-3.1732897239594644,-0.03169707036967129,0.0006871740583694069,0.0006067318511153183,2.9445802582779095e-12,2.1647569056778586e-13,3,0.599999999999181,1.638023050531956e-12,82.68671864248769,6.283185307171012,0.3515009147497498,-0.642614881785838
13.68,0.00022911842275745312,0.0005998845219402915,-3.184754064986757,-0.043161411396964056,0.0006859699244463089,0.0005927665635057428,2.949070279113383e-12,2.3199929857039776e-13,3,0.599999999999213,1.573852159708622e-12,82.81238234863112,6.2831853071713475,0.3389022697878067,-0.6174175918619518
13.700000000000001,0.00023139580278212774,0.0005997624558689668,-3.193845472139563,-0.05225281854976993,0.0006845126740989602,0.0005793445940466878,2.9538474205544686e-12,2.4497328334465486e-13,3,0.5999999999992439,1.5121237595394632e-12,82.93804605477455,6.28318530717167,0.3267976247607421,-0.5932083018078226
13.72,0.00023376643327035446,0.0005996161084701705,-3.200429198925101,-0.05883654533530791,0.0006829621822735968,0.0005666515961312951,2.958852617450152e-12,2.5464214264564985e-13,3,0.5999999999992736,1.4528378500244798e-12,83.06370976091799,6.283185307171981,0.3151676096540508,-0.56994827159444
13.74,0.00023619771479057797,0.0005994577886401993,-3.2044048731715646,-0.06281221958177152,0.0006814903448531403,0.0005548537569254839,2.9640138048182457e-12,2.6046474415156766e-13,3,0.5999999999993021,1.3957723865587468e-12,83.18937346706143,6.283185307172279,0.30399361396235974,-0.5476002802110579
13.76,0.00023865429116391368,0.000599301998328418,-3.2057073265779064,-0.06411467298811324,0.0006802716518337293,0.0005441011163481636,2.9692503184734612e-12,2.6212391544619685e-13,3,0.5999999999993294,1.341149413747189e-12,83.31503717320487,6.283185307172566,0.29325775690864947,-0.5261285661036373
13.780000000000001,0.00024109950990316726,0.0005991638224369475,-3.2043075291793057,-0.06271487558951261,0.000679473515982561,0.000534531662427975,2.9744774306508825e-12,2.5953148172571983e-13,3,0.5999999999993557,1.2885248423799567e-12,83.44070087934833,6.283185307172841,0.28294285883119563,-0.5054987699487297
13.8,0.00024349683408927573,0.0005990571751328741,-3.200213859083752,-0.05862120549395877,0.0006792466385694591,0.0005262752667854985,2.9796109689986708e-12,2.3992760759367635e-13,3,0.599999999999381,1.2378986724570495e-12,83.56636458549178,6.283185307173106,0.2730324136924454,-0.7805496493607259
13.82,0.0002457507858190434,0.0005989891880227685,-3.193409726779218,-0.05181707318942497,0.0006799965881721066,0.0005198560198156637,2.9843225027217697e-12,2.303938614511716e-13,3,0.5999999999994053,1.1892709039784677e-12,83.69202829163525,6.28318530717336,0.25772951893199963,-0.7499438598398344
13.84,0.0002478948566756038,0.0005989669528225525,-3.184029416943151,-0.042436763353357776,0.0006815512931752331,0.0005149888322113642,2.9888117638452205e-12,2.1788231653497102e-13,3,0.5999999999994287,1.1426415369442111e-12,83.81769199777872,6.283185307173604,0.2430266592577039,-0.7205381404912429
13.86,0.00024990363643680684,0.0005989914137873845,-3.1722112084470098,-0.03061855485721665,0.0006839438325138325,0.000511793974214961,2.9930270245186707e-12,2.0322885903218433e-13,3,0.5999999999994511,1.0977885267493548e-12,83.9433557039222,6.283185307173839,0.228900306957302,-0.6922854358904391
13.88,0.0002517594020288827,0.0005990581124581695,-3.1581379464640302,-0.016545292874237116,0.0006871596631906579,0.000510381175094186,2.9969353099849457e-12,1.8746278150881701e-13,3,0.5999999999994726,1.0547118733938987e-12,84.06901941006568,6.283185307174064,0.21532785685333072,-0.6651405356824965
13.9,0.0002534542590569189,0.0005991576987863582,-3.142036477695388,-0.0004438241055950698,0.0006911341711982606,0.0005108428897806272,3.000525804464293e-12,1.717547143793611e-13,3,0.5999999999994933,1.0134115768778429e-12,84.19468311620916,6.28318530717428,0.2022875901300133,-0.6390600022358617
13.92,0.0002549918666930972,0.0005992773207224763,-3.1241754832630675,0.01741717032672563,0.0006957536066613337,0.0005132459426413082,3.0038119792434626e-12,1.573409754808633e-13,3,0.5999999999995131,9.736655925962623e-13,84.32034682235265,6.283185307174488,0.1897586395785204,-0.6140021011328759
13.94,0.00025638832542534273,0.000599402787588328,-3.1048614333839777,0.03673122020581543,0.0007008598096919134,0.0005176225714918247,3.0068319875324167e-12,1.4542738565533235e-13,3,0.5999999999995322,9.35473920549157e-13,84.44601052849615,6.283185307174689,0.1777209562049844,-0.5899267343858039
13.96,0.0002576718486845669,0.0005995212123674977,-3.084432605659375,0.057160047930417957,0.0007062587496670643,0.0005239621239493152,3.009646989733237e-12,1.3708140717521581e-13,3,0.5999999999995506,8.988365607365267e-13,84.57167423463964,6.283185307174881,0.16615527714783146,-0.566795376271498
13.98,0.0002588810041057006,0.0005996236735299175,-3.063251350849327,0.07834130274046602,0.0007117324365218578,0.0005322047010335933,3.0123373035710576e-12,1.3312638848766829e-13,3,0.5999999999995682,8.635314685534468e-13,84.69733794078314,6.283185307175065,0.15504309485309375,-0.5445710116820226
14.0,0.0002600615746917926,0.0005997073598202862,-3.041695014092702,0.09989763949709118,0.0007170533045172318,0.0005422378717610576,3.0149965811220873e-12,1.3325596728170377e-13,3,0.5999999999995851,8.29780688604842e-13,84.82300164692664,6.283185307175242,0.1443666274583743,0.11085730307161612
14.02,0.0002612463134431693,0.0005998257320789865,-3.0201418500311785,0.1214508035586146,0.0007215166021631971,0.0005529290529059767,3.017667674914103e-12,1.351852438949133e-13,3,0.5999999999996014,7.971401316808624e-13,84.94866535307015,6.283185307175413,0.1465400159721238,0.10651052604411715
14.040000000000001,0.0002624789275023349,0.0005999332287701379,-2.998969631206167,0.142623022383626,0.0007255664561561573,0.0005650415151649593,3.0204298888799596e-12,1.422689156968689e-13,3,0.5999999999996171,7.65831842386433e-13,85.07432905921367,6.283185307175577,0.14862818470330924,0.10233418858174625
14.06,0.0002638041740784284,0.0006000445384970923,-2.9785515924826313,0.16304106110716177,0.0007290498455702476,0.0005783365361181502,3.023381375542619e-12,1.5392036590013618e-13,3,0.599999999999632,7.358558207215538e-13,85.19999276535718,6.283185307175734,0.15063447516740033,0.09832160765356407
14.08,0.0002652578085959326,0.0006001786127785008,-2.9592419683387763,0.18235068525101683,0.0007318523532126265,0.0005925477410536811,3.026605022019155e-12,1.6922070758848152e-13,3,0.5999999999996465,7.069900220812997e-13,85.3256564715007,6.283185307175885,0.15256209785717106,0.09446636227402261
14.1,0.0002668640928838886,0.0006003556773227788,-2.941367548748293,0.20022510484150002,0.0007339056857199512,0.000607392775223802,3.0301627168710663e-12,1.870160066366679e-13,3,0.5999999999996604,6.792344464656708e-13,85.4513201776442,6.28318530717603,0.15441413738017318,0.09076228322801838
14.120000000000001,0.00026863482158862023,0.0006005940999282389,-2.925221006010829,0.21637164757896432,0.0007351914450485599,0.0006225854555740051,3.0340917571655517e-12,2.0602963926511495e-13,3,0.5999999999996737,6.52589093874667e-13,85.57698388378773,6.283185307176169,0.1561935573947663,0.08720344319883211
14.14,0.00027056975735684886,0.0006009076604098704,-2.9110562606174373,0.23053639297235584,0.0007357411080843972,0.0006378470773805565,3.0384035224481927e-12,2.2497259553690938e-13,3,0.5999999999996865,6.270539643082884e-13,85.70264758993126,6.2831853071763035,0.1579032053526037,0.08378414728315736
14.16,0.00027265812697148395,0.000601303616354119,-2.899085906762591,0.24250674682720197,0.0007356325614082705,0.0006529157320365657,3.0430842240241628e-12,2.42637896260916e-13,3,0.5999999999996988,6.024070131616099e-13,85.82831129607479,6.283185307176432,0.15954581705516216,0.08049892387804042
14.18,0.000274880716976711,0.0006017817509835833,-2.889480484915493,0.2521121686743002,0.0007349838213492694,0.0006675528352936631,3.0480973149453127e-12,2.579710227752336e-13,3,0.5999999999997105,5.788702850395566e-13,85.95397500221831,6.283185307176556,0.16112402103160836,0.07734251592514801
14.200000000000001,0.0002772121216908594,0.0006023343930156083,-2.8823692020448735,0.25922345154491966,0.0007339447099730502,0.0006815465022816943,3.053387047712465e-12,2.417036091153492e-13,3,0.5999999999997219,5.562217353372034e-13,86.07963870836184,6.283185307176675,0.16264034274500605,0.7116131206896665
14.22,0.00027949221521474067,0.0006029216975313754,-2.8777941583752322,0.2637984952145609,0.0007329703235617383,0.0006938082176684526,3.05831851336588e-12,2.5051546753630853e-13,3,0.5999999999997327,5.344613640545504e-13,86.20530241450538,6.283185307176789,0.17659171752940972,0.6837103711208592
14.24,0.0002818240034478212,0.0006035471284581663,-2.875921087362927,0.26567156622686605,0.0007320926020363548,0.0007051369473945342,3.0633880319693876e-12,2.5541574234339396e-13,3,0.5999999999997432,5.135891711915974e-13,86.33096612064892,6.2831853071768995,0.1899960510839208,0.656901704011837
14.26,0.0002841749012726685,0.0006041906336402209,-2.8767651343563156,0.26482751923347747,0.0007314718273144596,0.0007153847076313971,3.0685142552278904e-12,2.561534659915313e-13,3,0.5999999999997533,4.933831121434196e-13,86.45662982679247,6.283185307177004,0.20287479320197016,0.6311442197757383
14.280000000000001,0.0002865120287307543,0.0006048306455013665,-2.880302659465708,0.26128999412408493,0.0007312581302386836,0.0007244168468492388,3.0736132300792853e-12,2.5271769043971936e-13,3,0.599999999999763,4.740652315149418e-13,86.582293532936,6.2831853071771055,0.2152485526185582,0.6063967009425623
14.3,0.0002888032930649799,0.0006054460733630246,-2.886472784722369,0.2551198688674243,0.0007315821549488837,0.0007321081168495687,3.0786031379345493e-12,2.453310733995275e-13,3,0.5999999999997723,4.554134847012392e-13,86.70795723907955,6.283185307177202,0.22713712998862762,0.5826195462024234
14.32,0.0002910185032163973,0.0006060182096159294,-2.895178608280766,0.24641404530902733,0.000732546376726413,0.0007383399094739058,3.083408894038187e-12,2.3444213794728315e-13,3,0.5999999999997812,4.376499163072367e-13,86.83362094522309,6.2831853071772965,0.2385595495723356,0.5597747070350074
14.34,0.0002931306681194616,0.0006065323978010797,-2.9062882143652162,0.2353044392245769,0.0007342174721757225,0.0007429993549866652,3.087966566165321e-12,2.207140740089525e-13,3,0.5999999999997897,4.205524817280093e-13,86.95928465136663,6.283185307177387,0.2495340896779289,0.5378256268238208
14.36,0.000295117553169414,0.0006069793006713151,-2.919635733602639,0.22195691998715406,0.0007366202407101206,0.0007459807108403285,3.092227503573243e-12,2.0500568105534743e-13,3,0.5999999999997979,4.04121180963557e-13,87.08494835751019,6.283185307177473,0.26007831191093655,0.5167371823578055
14.38,0.0002969634548039228,0.0006073556011771387,-2.935022755130167,0.20656989845962626,0.000739733652457829,0.0007471891362296545,3.096161966749965e-12,1.8833923531517752e-13,3,0.5999999999998058,3.8835601401387976e-13,87.21061206365374,6.283185307177556,0.27020908927648546,0.4964756276267077
14.4,0.000298661021734316,0.0006076639913423851,-2.9522203598497634,0.18937229374002973,0.0007434895974801272,0.0007465465784676959,3.0997619492625746e-12,1.7959175187835157e-13,3,0.5999999999998135,3.730349362740526e-13,87.3362757697973,6.283185307177635,0.27994263317970824,0.19760390860070243
14.42,0.0003002484656140329,0.0006079084858540223,-2.9709687915072585,0.17062386208253466,0.0007475048936601242,0.0007443745751755844,3.1031813988551995e-12,1.6283297542420507e-13,3,0.5999999999998208,3.5837999234900053e-13,87.46193947594085,6.283185307177712,0.28381671322067153,0.18985574851877585
14.44,0.0003016959683732003,0.0006081010423230933,-2.990981799412993,0.1506108541768003,0.00075192538471261,0.0007402804780767029,3.106287756858176e-12,1.4856398791232758e-13,3,0.5999999999998278,3.4439118223872356e-13,87.58760318208441,6.283185307177785,0.2875388884104599,0.18241139813919915
14.46,0.00030302756286943426,0.0006082557429735811,-3.011962846656009,0.12962980693378423,0.0007565801731543592,0.0007342824578707334,3.109141696585245e-12,1.3782870377114467e-13,3,0.5999999999998346,3.3084646133829665e-13,87.71326688822796,6.283185307177855,0.2911151150234833,0.1752589449131523
14.48,0.0003042773032142999,0.0006083860642140171,-3.0335992247718573,0.10799342881793583,0.000761276712216869,0.0007264418004503206,3.111822782095509e-12,1.3144976024985384e-13,3,0.599999999999841,3.1796787425264483e-13,87.83893059437152,6.283185307177923,0.2945511157852917,0.16838694338953553
14.5,0.00030548693560197116,0.0006085025625682008,-3.0555675197515306,0.08602513383826249,0.0007658136220171276,0.0007168659969715958,3.1144241854587226e-12,1.2994800784395652e-13,3,0.5999999999998472,3.055333763768431e-13,87.96459430051507,6.283185307177988,0.29785238903015654,0.16178439689980584
14.52,0.00030670250600924964,0.0006086111465430251,-3.077539483639024,0.06405316995076893,0.0007699944634287078,0.0007057086419287997,3.1170460338115173e-12,1.3348892131369646e-13,3,0.5999999999998532,2.935429677108914e-13,88.09025800665863,6.283185307178051,0.3010242174995788,0.1554407399609613
14.540000000000001,0.0003079703316130403,0.0006087122763209678,-3.099188052980765,0.042404600609028176,0.0007736413022320613,0.0006931658780642443,3.1197880301996885e-12,1.418651980570927e-13,3,0.599999999999859,2.8199664825478976e-13,88.21592171280219,6.283185307178111,0.3040716767958024,0.14934582136851415
14.56,0.0003093329094482295,0.0006088012427251419,-3.120193248345585,0.021399405244208136,0.0007766069130283607,0.0006794695882523689,3.1227421203754583e-12,1.545186478478265e-13,3,0.5999999999998645,2.708944180085382e-13,88.34158541894575,6.283185307178169,0.30699964350386055,0.1434898879523978
14.58,0.00031082534890478303,0.000608869445490368,-3.1402477025816227,0.0013449510081704474,0.0007787846310669269,0.0006648779678475719,3.1259859692447384e-12,1.7059744554583215e-13,3,0.5999999999998699,2.602362769721367e-13,88.46724912508932,6.283185307178225,0.30981280299515246,0.137863568969814
14.6,0.0003124727905054788,0.000608906384494496,-3.159061597069433,-0.017468943479639787,0.00078011513163536,0.0006496644508880782,3.1295778673466875e-12,1.6593879976471663e-13,3,0.599999999999875,2.5002222514558525e-13,88.5929128312329,6.283185307178278,0.31251565692503686,-0.6949070877686329
14.620000000000001,0.00031416950809361194,0.0006088832795971844,-3.176327169399463,-0.03473451580966991,0.0007804948848014818,0.0006353693251757829,3.133062939880334e-12,1.8289607006553901e-13,3,0.5999999999998799,2.402522625288839e-13,88.71857653737646,6.2831853071783295,0.29889180860081993,-0.667659391120199
14.64,0.00031602781045545923,0.0006088214271257633,-3.191785361801107,-0.05019270821131405,0.0007802914079484051,0.0006209450858910684,3.136897099804472e-12,2.0053366103177801e-13,3,0.5999999999998845,2.3092638912203256e-13,88.84424024352003,6.283185307178378,0.2858021590102992,-0.6414800919391576
14.66,0.00031804308039713074,0.0006087162488742616,-3.205207584424334,-0.06361493083454084,0.0007795793769924398,0.0006066383018360017,3.1410815442787716e-12,2.176299408151863e-13,3,0.5999999999998891,2.2182256032010628e-13,88.9699039496636,6.283185307178425,0.27322576192152237,-0.6163272977616039
14.68,0.00032020095295167767,0.00060856756162039,-3.216396598822084,-0.07480394523229084,0.0007784688555260401,0.0005926775401738938,3.1455939847204078e-12,2.330741479984872e-13,3,0.5999999999998934,2.1316282072803006e-13,89.09556765580717,6.283185307178471,0.2611424924160396,-0.5921607587506383
14.700000000000001,0.00032247914305157447,0.0006083800767361427,-3.2251886930126683,-0.08359603942287519,0.0007770987509459607,0.0005792702193161332,3.15039145803619e-12,2.4592049423553887e-13,3,0.5999999999998976,2.0472512574087887e-13,89.22123136195074,6.283185307178515,0.24953301468474043,-0.56894180328804
14.72,0.00032484937545622925,0.0006081631566880612,-3.231454955833485,-0.08986230224369196,0.0007756287848117356,0.0005666020689052985,3.155414013589845e-12,2.5542233572085135e-13,3,0.5999999999999016,1.9673151996357774e-13,89.34689506809431,6.283185307178557,0.23837875108643408,-0.5466332760914273
14.74,0.0003272791960542409,0.0006079299340614406,-3.235101951135532,-0.09350929754573878,0.0007742304979869515,0.0005548388623012608,3.160588912732942e-12,2.610505851409818e-13,3,0.5999999999999055,1.8895995879120164e-13,89.47255877423788,6.283185307178597,0.22766185241966014,-0.5251994787578794
14.76,0.0003297335732773327,0.0006076959496588385,-3.2360721536994355,-0.09447950010964234,0.0007730777235945475,0.0005441297777973977,3.165835081435174e-12,2.6250207882042724e-13,3,0.5999999999999092,1.816324868286756e-13,89.59822248038145,6.283185307178636,0.21736516936015815,-0.5046061126388754
14.780000000000001,0.0003321763193390401,0.0006074774827625956,-3.2343444849385383,-0.0927518313487452,0.0007723368674719541,0.0005346115370149355,3.171067671777751e-12,2.597032517402421e-13,3,0.5999999999999127,1.745270594710746e-13,89.72388618652502,6.283185307178673,0.20747222501829002,-0.4848202239551392
14.8,0.0003345714478233833,0.0006072897480201508,-3.229935178171789,-0.08834252458199598,0.0007721572823277075,0.0005264123800616137,3.176202678832773e-12,2.4043252025425885e-13,3,0.5999999999999162,1.6764367671839864e-13,89.84954989266859,6.283185307178709,0.1979671885725014,-0.7493044754729867
14.82,0.0003368265796912202,0.0006071436295077134,-3.2228476020620427,-0.08125494847224957,0.0007729286145057647,0.0005200363513470466,3.1809224582354796e-12,2.3071875101998477e-13,3,0.5999999999999195,1.609823385706477e-13,89.97521359881216,6.2831853071787425,0.18327686420801637,-0.7199238267440167
14.84,0.0003389729779420982,0.0006070453508250819,-3.2132098965359592,-0.07161724294616612,0.0007744906986243736,0.0005152138874282652,3.185416589725107e-12,2.1805098679135181e-13,3,0.5999999999999226,1.5476508963274682e-13,90.10087730495573,6.283185307178775,0.16916255570089705,-0.691695209729778
14.86,0.0003409855755328181,0.0006069971933785174,-3.2011649166693625,-0.05957226307956942,0.0007768754600380942,0.0005120626800616948,3.189633861123514e-12,2.0326784629246022e-13,3,0.5999999999999256,1.4876988529977098e-13,90.2265410110993,6.283185307178807,0.155601677146319,-0.664573452620622
14.88,0.0003428468173030199,0.0006069959305342766,-3.186898239889959,-0.04530558630016568,0.0007800674574558375,0.0005106898449106394,3.193541818099196e-12,1.8739633018629523e-13,3,0.5999999999999285,1.4299672557172016e-13,90.35220471724287,6.2831853071788375,0.14257252824545324,-0.6385151548188904
14.9,0.000344548755975598,0.0006070332576016218,-3.170637305114585,-0.029044651524791743,0.000784001622030969,0.0005111853465566642,3.197130070163062e-12,1.7160002216465083e-13,3,0.5999999999999313,1.3744561044859438e-13,90.47786842338645,6.283185307178867,0.13005425958035832,-0.6134786174887006
14.92,0.0003460947582465003,0.0006070970877382187,-3.1526490822124056,-0.011056428622612469,0.0007885643459339051,0.0005136138249442253,3.2004123329697033e-12,1.5710459938983875e-13,3,0.5999999999999339,1.3211653993039363e-13,90.60353212953004,6.283185307178895,0.11802683925046364,-0.5894237768289112
14.94,0.0003475004108287655,0.0006071736194438795,-3.1332360416070775,0.008356611982715645,0.0007935982960510789,0.0005180058283848755,3.2034267695877197e-12,1.4510366894167304e-13,3,0.5999999999999365,1.270095140171179e-13,90.72919583567362,6.283185307178922,0.1064710208172549,-0.5663121399624937
14.96,0.00034879325316893104,0.0006072498982441707,-3.112730393618575,0.02886225997121805,0.0007989109533059424,0.0005243496792477083,3.2062343093714788e-12,1.3665349965805627e-13,3,0.5999999999999389,1.2212453270876722e-13,90.8548595418172,6.283185307178948,0.09536831250586619,-0.5441067233397163
14.98,0.00035001111924809865,0.0006073164344614182,-3.0914867803656465,0.05010587322414661,0.0008042864292859428,0.0005325852383265771,3.208914845598913e-12,1.3256991247617028e-13,3,0.5999999999999414,1.1723955140041653e-13,90.98052324796079,6.283185307178973,0.0847009476142952,-0.5227719935565743
15.0,0.0003511991239972781,0.0006073693594674404,-3.0698737939734357,0.07171885961635738,0.0008094996724524157,0.0005426006665999019,3.2115615087344256e-12,1.3264140187609397e-13,3,0.5999999999999437,1.1257661469699087e-13,91.10618695410437,6.2831853071789965,0.07445185608288951,0.1379717262996505
15.02,0.0003523911950191301,0.000607458376763869,-3.0482624702370735,0.09333018335271959,0.0008138509892330337,0.0005532611979053383,3.2142185102286816e-12,1.343852990098483e-13,3,0.5999999999999459,1.0813572259849025e-13,91.23185066024796,6.28318530717902,0.07715683046755524,0.13256177753031903
15.040000000000001,0.00035362907441289994,0.0006075392453383307,-3.027023366246187,0.11456928734360616,0.0008177854387231842,0.0005653350434394729,3.2169627360469547e-12,1.412674460706811e-13,3,0.599999999999948,1.0391687510491465e-13,91.35751436639154,6.283185307179042,0.07975574128951962,0.12736395588639027
15.06,0.0003549575384266673,0.0006076247552032233,-3.0065214585189786,0.13507119507081455,0.0008211525796486725,0.0005785858998155484,3.2198921370493036e-12,1.5271459847055084e-13,3,0.59999999999995,9.992007221626409e-14,91.48317807253513,6.283185307179064,0.08225274736056168,0.12236994374430615
15.08,0.000356412701092874,0.0006077320143112628,-2.987104276027965,0.1544883775618282,0.0008238401023141004,0.0005927501257895187,3.223089709410131e-12,1.678248646338532e-13,3,0.599999999999952,9.592326932761353e-14,91.60884177867871,6.283185307179084,0.08465184442311813,0.11757174961919326
15.1,0.0003580194599283231,0.0006078796347699551,-2.96909390234616,0.17249875124363312,0.0008257812649262897,0.0006075481496332154,3.2266178045970407e-12,1.8546192552133394e-13,3,0.5999999999999539,9.214851104388799e-14,91.7345054848223,6.283185307179104,0.08695687154432373,0.11296169537678205
15.120000000000001,0.00035979041289508127,0.0006080847289489263,-2.9527805362655117,0.18881211732428138,0.0008269586728679667,0.0006226963810232447,3.2305145184817828e-12,2.0436445984744556e-13,3,0.5999999999999557,8.859579736508749e-14,91.86016919096588,6.283185307179123,0.08917151725933775,0.10853240394675401
15.14,0.0003617261629202707,0.0006083602460973981,-2.938417876554239,0.2031747770355543,0.0008274043453859992,0.0006379183344877773,3.234792294208111e-12,2.2325418806872883e-13,3,0.5999999999999575,8.504308368628699e-14,91.98583289710946,6.28318530717914,0.09129932547378716,0.10427678751785519
15.16,0.0003638166892825216,0.0006087130440583126,-2.926220380449947,0.2153722731398462,0.0008271963916418709,0.0006529538369017984,3.239438564889838e-12,2.409290491166989e-13,3,0.5999999999999591,8.171241461241152e-14,92.11149660325304,6.283185307179158,0.09334370113477172,0.10018803619588607
15.18,0.000366043345510126,0.0006091428957139192,-2.9163622334612413,0.22523042012855177,0.0008264528961337863,0.0006675655176309105,3.2444180430805414e-12,2.563334522870986e-13,3,0.5999999999999607,7.860379014346108e-14,92.23716030939663,6.283185307179175,0.09530791567950575,0.09625960710641801
15.200000000000001,0.000368381047788794,0.0006096424397975012,-2.9089776888568895,0.23261496473290366,0.0008253237563071869,0.0006815422032106003,3.2496761637290827e-12,2.4008090668886833e-13,3,0.5999999999999622,7.549516567451064e-14,92.36282401554021,6.283185307179191,0.09719511227031558,0.7360696343909835
15.22,0.0003706682521589965,0.0006101750643546264,-2.9041340875678188,0.23745856602197435,0.0008242734991504911,0.0006937862309645166,3.254576228726659e-12,2.490088191627451e-13,3,0.5999999999999637,7.260858581048524e-14,92.4884877216838,6.283185307179206,0.11162596386402301,0.7072079312035686
15.24,0.0003730089506067809,0.0006107424590511404,-2.901984148972572,0.23960850461722094,0.0008233264978751298,0.0007051053804600632,3.259617067321044e-12,2.540621035525107e-13,3,0.5999999999999651,6.972200594645983e-14,92.61415142782738,6.28318530717922,0.1254909736732316,0.6794779115851515
15.26,0.0003753702316333328,0.000611325403254723,-2.9025498434834676,0.23904281010632555,0.0008226436064886014,0.0007153511738295302,3.2647179472674406e-12,2.549772738149589e-13,3,0.5999999999999664,6.705747068735946e-14,92.73981513397096,6.2831853071792345,0.13881232867166254,0.6528352015882896
15.280000000000001,0.00037771872658775847,0.0006119032495983453,-2.9058142628963903,0.23577839069340278,0.0008223758024874521,0.0007243881848337485,3.269795276148954e-12,2.5173069415239886e-13,3,0.5999999999999678,6.439293542825908e-14,92.86547884011455,6.283185307179249,0.15161134586935404,0.6272371671929066
15.3,0.0003800217515375186,0.0006124558831828257,-2.911722820581912,0.22986983300788122,0.0008226548214238238,0.0007320901606971816,3.274767350092846e-12,2.445333985774143e-13,3,0.599999999999969,6.195044477408373e-14,92.99114254625813,6.283185307179262,0.163908506424425,0.6026428460827646
15.32,0.0003822484863295138,0.0006129656027887656,-2.9201841520565486,0.22140850153324454,0.0008235844010102402,0.0007383373000358976,3.2795589850955762e-12,2.338243599662091e-13,3,0.5999999999999702,5.950795411990839e-14,93.11680625240172,6.2831853071792745,0.17572348841729768,0.5790128820970193
15.34,0.00038437133830352056,0.0006134187645644491,-2.931070841318386,0.21052181227140698,0.0008252325400854379,0.000743015389899614,3.284105985442097e-12,2.2026004853342803e-13,3,0.5999999999999714,5.706546346573305e-14,93.2424699585453,6.283185307179287,0.1870751983398246,0.5563094622519654
15.36,0.0003863675614816625,0.000613807018828381,-2.944220231586986,0.19737242200280702,0.0008276252814472223,0.0007460172393773855,3.2883593346358366e-12,2.0469582588190084e-13,3,0.5999999999999726,5.484501741648273e-14,93.36813366468888,6.2831853071792985,0.19798180134970916,0.5344962562321963
15.38,0.0003882210865797366,0.0006141279673364647,-2.9594356351694437,0.18215701842034937,0.000830742608106051,0.0007472465128407268,3.2922888925210926e-12,1.8815387960893355e-13,3,0.5999999999999737,5.262457136723242e-14,93.49379737083247,6.283185307179309,0.20846075033863315,0.5135383582543483
15.4,0.0003899243840726139,0.0006143850938643133,-2.9764882325556465,0.16510442103414658,0.0008345170464794365,0.0007466236930966969,3.2958862814356246e-12,1.7926518630358803e-13,3,0.5999999999999747,5.062616992290714e-14,93.61946107697605,6.283185307179321,0.21852881386060724,0.22336005641537182
15.42,0.0003915147692079334,0.0006145814072034908,-2.9951124835888066,0.14648017000098656,0.0008385714712257899,0.0007444579694852075,3.2993007318051078e-12,1.6265654739351417e-13,3,0.5999999999999757,4.8627768478581856e-14,93.74512478311964,6.283185307179331,0.22290785040211497,0.21460198333235636
15.44,0.00039296369476312786,0.0006147310157928697,-3.0150247117280267,0.12656794186176645,0.0008430446496677299,0.0007403665936648925,3.3024049858615977e-12,1.4852846483016627e-13,3,0.5999999999999767,4.6629367034256575e-14,93.87078848926322,6.283185307179341,0.22711518246485773,0.20618731920687083
15.46,0.0003942955980697009,0.0006148480023020443,-3.035923692023827,0.10566896156596606,0.0008477642631658126,0.0007343668349061258,3.305259591026842e-12,1.3793045697504644e-13,3,0.5999999999999776,4.4853010194856324e-14,93.9964521954068,6.283185307179351,0.2311575426777479,0.1981025987810905
15.48,0.00039554504246835936,0.0006149454630744577,-3.057490924409207,0.08410172918058612,0.0008525358707906286,0.0007265195565675323,3.3079440832756174e-12,1.3168901939306036e-13,3,0.5999999999999784,4.3076653355456074e-14,94.12211590155039,6.283185307179361,0.23504139967954235,0.1903348847775016
15.5,0.0003967543012375969,0.0006150331938801805,-3.0793964834304104,0.062196170159382724,0.0008571558564726117,0.0007169323630807224,3.3105516577203416e-12,1.3032605016089082e-13,3,0.5999999999999793,4.1300296516055823e-14,94.24777960769397,6.28318530717937,0.23877296847004426,0.1828717471964978
15.52,0.0003979698741296521,0.0006151160083669214,-3.10130533430118,0.040287319288613066,0.0008614253782718276,0.0007057595044133706,3.313182452668077e-12,1.340047385153983e-13,3,0.5999999999999801,3.9745984281580604e-14,94.37344331383756,6.283185307179379,0.24235822035542887,0.17570124342572857
15.540000000000001,0.00039923838132227053,0.0006151930292594196,-3.122883816423531,0.01870883716626226,0.0008651641257573465,0.0006931982706485222,3.315936103464292e-12,1.4251229715294155e-13,3,0.5999999999999809,3.8191672047105385e-14,94.49910701998114,6.283185307179387,0.24580289250360737,0.16881189912937156
15.56,0.00040060242414648726,0.000615258091834352,-3.1438059855983336,-0.0022133320085404584,0.0008682227047486592,0.0006794820800993095,3.3189043515178526e-12,1.5528261672848846e-13,3,0.5999999999999817,3.6637359812630166e-14,94.62477072612472,6.283185307179395,0.24911249712491942,0.16219268988674745
15.58,0.0004020970085202431,0.0006153011602760237,-3.1637595228615134,-0.02216686927172029,0.0008704926299366502,0.0006648709074621122,3.322164483545796e-12,1.7145475786514344e-13,3,0.5999999999999823,3.530509218307998e-14,94.7504344322683,6.283185307179402,0.25229233029284576,0.1558330235508948
15.6,0.0004037469938959161,0.0006153104486017447,-3.182450958196967,-0.04085830460717377,0.0008719131856848496,0.0006496400458417709,3.3257742285968797e-12,1.6676287743492022e-13,3,0.599999999999983,3.397282455352979e-14,94.87609813841189,6.2831853071794095,0.2553474804188557,-0.6741281792664064
15.620000000000001,0.00040544557198833554,0.0006152567706001281,-3.1995852261038897,-0.05799257251409662,0.000872373456751858,0.0006353273182480734,3.3292764786579854e-12,1.8378148954869035e-13,3,0.5999999999999837,3.26405569239796e-14,95.00176184455547,6.283185307179417,0.24213100842272617,-0.6476952352741474
15.64,0.00040730563980390187,0.0006151607829080513,-3.2148892901699573,-0.07329663658016417,0.0008722465942161126,0.0006208901358189656,3.333128698332381e-12,2.0144469607921465e-13,3,0.5999999999999843,3.1308289294429414e-14,95.12742555069906,6.283185307179424,0.22943276170599253,-0.6222987418406801
15.66,0.00040932220906019065,0.0006150174135926471,-3.2281349988986277,-0.08654234530883453,0.0008716069239031955,0.0006065762540813043,3.337331327141165e-12,2.1852734454208474e-13,3,0.599999999999985,2.9976021664879227e-14,95.25308925684264,6.28318530717943,0.21723242036480417,-0.5978980591583034
15.68,0.00041148060636030917,0.0006148263166010506,-3.2391270524939717,-0.09753439890417859,0.0008705643640576901,0.000592615073246694,3.3418612813988677e-12,2.339185423566192e-13,3,0.5999999999999855,2.886579864025407e-14,95.37875296298623,6.283185307179436,0.2055104612501369,-0.5744541409289688
15.700000000000001,0.0004137583543974125,0.000614592340677766,-3.2477049756109384,-0.10611232202114529,0.0008692577494798992,0.0005792144639163947,3.3466748355664818e-12,2.466758531636989e-13,3,0.5999999999999861,2.7755575615628914e-14,95.50441666912981,6.2831853071794415,0.19424812672658925,-0.5519294718818736
15.72,0.0004161271321374302,0.0006143252380233101,-3.253744135480393,-0.11215148189059976,0.0008678466784798111,0.0005665602332246206,3.3517113759220746e-12,2.5605906592758976e-13,3,0.5999999999999867,2.6645352591003757e-14,95.6300803752734,6.283185307179447,0.1834273946561641,-0.5302880077410232
15.74,0.0004185545923995848,0.0006140387301328331,-3.2571561333293655,-0.11556347973957237,0.000866502417425352,0.000554817883865387,3.3568976549057156e-12,2.6154786161879563e-13,3,0.5999999999999872,2.55351295663786e-14,95.75574408141698,6.283185307179452,0.17303094955900272,-0.5094951175467005
15.76,0.00042100594878095865,0.0006137490960129036,-3.257888949878672,-0.11629629628887894,0.0008653983052379845,0.000544136009851198,3.362152281429738e-12,2.628492467850186e-13,3,0.5999999999999878,2.4424906541753444e-14,95.88140778756056,6.2831853071794574,0.16304215490492313,-0.48951752823854133
15.780000000000001,0.0004234453666595893,0.0006134734602719189,-3.2559271914293517,-0.1143345378395586,0.0008647000029121694,0.0005346504689041786,3.367390300403719e-12,2.5990021831652314e-13,3,0.5999999999999882,2.353672812205332e-14,96.00707149370415,6.283185307179462,0.15344502649142228,-0.4703232714115396
15.8,0.00042583727985660803,0.0006132279558798482,-3.2512926660722763,-0.10970001248248318,0.0008645558769539244,0.000526488387978459,3.3725278071770087e-12,2.408590903491582e-13,3,0.5999999999999887,2.2648549702353193e-14,96.13273519984773,6.283185307179467,0.14422420686554194,-0.7272484636610166
15.82,0.00042809159288129665,0.0006130260207267244,-3.2440023278465016,-0.10240967425670844,0.0008653443244780751,0.0005201398022291622,3.3772547448262174e-12,2.3101158234125257e-13,3,0.5999999999999891,2.1760371282653068e-14,96.25839890599131,6.283185307179472,0.12996629679766203,-0.6987326435252568
15.84,0.00043023797851114335,0.000612873366104028,-3.234180419428754,-0.09258776583896067,0.0008669135233136508,0.0005153461043543489,3.3817535143696824e-12,2.1822648593208471e-13,3,0.5999999999999895,2.0872192862952943e-14,96.3840626121349,6.283185307179476,0.11626744738005945,-0.6713349446900516
15.860000000000001,0.0004322516488288508,0.0006127732212774524,-3.221972970496535,-0.08038031690674208,0.0008692945690185104,0.000512223225116648,3.3859732613210538e-12,2.0334451977376682e-13,3,0.59999999999999,1.9984014443252818e-14,96.50972631827848,6.2831853071794805,0.10310573753108893,-0.6450115249921106
15.88,0.0004341152015386923,0.0006127232343073941,-3.207567422693899,-0.06597476910410593,0.0008724713747250313,0.0005108764964516007,3.389881896341965e-12,1.8739130130146996e-13,3,0.5999999999999904,1.9095836023552692e-14,96.63539002442207,6.283185307179484,0.09046010570701096,-0.6197202613439546
15.9,0.0004358206825007647,0.000612715844852527,-3.1911915747303943,-0.04959892114060116,0.0008763785420329814,0.0005113941830196309,3.393469332397055e-12,1.7152577242836905e-13,3,0.5999999999999908,1.84297022087776e-14,96.76105373056565,6.2831853071794885,0.07831031619902828,-0.5954206823279893
15.92,0.00043737127754218995,0.0006127395137716753,-3.173111150322093,-0.031518496732299894,0.0008809025566731635,0.0005138394313692396,3.3967494685863603e-12,1.569665329264899e-13,3,0.5999999999999911,1.7763568394002505e-14,96.88671743670923,6.283185307179492,0.06663692675183486,-0.5720739034336024
15.94,0.00043878223056240817,0.00061278072258585,-3.153625788127863,-0.012033134538069756,0.000885886663503566,0.0005182416301723553,3.399760495337525e-12,1.4489906433819601e-13,3,0.5999999999999914,1.709743457922741e-14,97.01238114285282,6.283185307179496,0.05542125745185922,-0.5496425648336511
15.96,0.0004400806184867493,0.0006128264777349128,-3.1330634403381143,0.008529213251678769,0.0008911394061936653,0.0005245883906560405,3.4025632092954803e-12,1.3637221264950698e-13,3,0.5999999999999918,1.6431300764452317e-14,97.1380448489964,6.283185307179499,0.0446453608354177,-0.5280907716007681
15.98,0.00044130376304011036,0.0006128668964431693,-3.111773360713167,0.029819292876626324,0.0008964463785216916,0.0005328193940995266,3.4052372431447622e-12,1.3219684429301103e-13,3,0.5999999999999921,1.5765166949677223e-14,97.26370855513998,6.283185307179503,0.034291993168943435,-0.5073840362678196
16.0,0.000442496304618335,0.0006128973698465277,-3.0901180322679602,0.05147462132183289,0.0009015843074752746,0.0005428231882592935,3.4078754034255447e-12,1.322280625364971e-13,3,0.5999999999999924,1.509903313490213e-14,97.38937226128357,6.283185307179506,0.024344586855333833,0.1572093115766639
16.02,0.0004436929228523849,0.0006129648559545264,-3.0684634813690232,0.07312917222076987,0.0009058572133254917,0.0005534631646839918,3.4105228825716053e-12,1.3384322141575656e-13,3,0.5999999999999928,1.4432899320127035e-14,97.51503596742715,6.28318530717951,0.027426719494032914,0.15104504629926574
16.04,0.00044493403200035025,0.0006130261556026864,-3.0471752447848925,0.09441740880490057,0.0009097106984091458,0.0005655112298353945,3.413254899040606e-12,1.4058717096200265e-13,3,0.5999999999999931,1.3766765505351941e-14,97.64069967357074,6.283185307179513,0.03038799998336167,0.14512248532060823
16.06,0.0004462643909488034,0.0006130927150752761,-3.0266124995812573,0.11498015400853578,0.0009129961660230115,0.000578732723868931,3.4161692945575583e-12,1.5189551848649666e-13,3,0.5999999999999933,1.3322676295501878e-14,97.76636337971432,6.283185307179516,0.03323316700387656,0.13943215127957845
16.080000000000002,0.00044772033096953826,0.0006131803289393997,-3.0071180343418686,0.13447461924792448,0.0009156028232597259,0.0005928658758587129,3.4193491626920944e-12,1.668777072474035e-13,3,0.5999999999999935,1.2878587085651816e-14,97.8920270858579,6.283185307179519,0.03596677342981175,0.13396493842770807
16.1,0.00044932716159413696,0.0006133064504915311,-2.9890105636325672,0.15258208995722589,0.0009174650550597522,0.0006076330300659604,3.4228571890209063e-12,1.8440923593630637e-13,3,0.5999999999999938,1.2434497875801753e-14,98.01769079200149,6.283185307179521,0.03859319361464922,0.12871209805803313
16.12,0.0004510980144268731,0.0006134872808303937,-2.972578459233843,0.16901419435595022,0.0009185662050441178,0.000622752391251712,3.4267320294970694e-12,2.032391053617306e-13,3,0.599999999999994,1.199040866595169e-14,98.14335449814507,6.283185307179524,0.041116630391017546,0.12366522450529648
16.14,0.0004530340584493575,0.0006137351562422463,-2.9580751603409725,0.1835174932488206,0.000918938699958108,0.0006379490181844402,3.430986866412461e-12,2.2209630898905898e-13,3,0.5999999999999942,1.1546319456101628e-14,98.26901820428866,6.283185307179526,0.04354112179612082,0.11881624169508993
16.16,0.000455125784741219,0.0006140566281853514,-2.9457163298058466,0.19587632378394648,0.0009186608228878145,0.0006529639499421405,3.4356099794440898e-12,2.3978212449820604e-13,3,0.5999999999999944,1.1102230246251565e-14,98.39468191043224,6.283185307179528,0.045870547533459614,0.11415739022041234
16.18,0.00045735493516786636,0.0006144514440452475,-2.9356786261746137,0.2059140274151794,0.0009178507145423733,0.0006675606642670136,3.440566953024972e-12,2.5524019375875456e-13,3,0.5999999999999946,1.0658141036401503e-14,98.52034561657582,6.283185307179529,0.04810863518118435,0.10968121492496287
16.2,0.00045969664731957197,0.0006149124516068745,-2.928099788064992,0.21349286552480118,0.0009166583258424166,0.0006815284809197607,3.445804040142785e-12,2.3899383467712597e-13,3,0.5999999999999949,1.021405182655144e-14,98.64600932271941,6.283185307179532,0.05025896615701553,0.7534535297851737
16.22,0.0004619883863794142,0.0006154054020274497,-2.9230652956024645,0.21852735798732859,0.0009155549515991084,0.0006937630056808722,3.4506831194687137e-12,2.4800469980807586e-13,3,0.5999999999999951,9.769962616701378e-15,98.77167302886299,6.283185307179534,0.06503063389478475,0.7239101943096352
16.240000000000002,0.0004643348278281903,0.0006159306762553347,-2.9207183965216164,0.22087425706817676,0.000914559494152613,0.0007050784327922233,3.455704906141862e-12,2.531663001936098e-13,3,0.5999999999999953,9.325873406851315e-15,98.89733673500658,6.283185307179536,0.07922309625590052,0.6955252695874037
16.26,0.0004667028343215986,0.0006164696529095603,-2.9210859044026742,0.22050674918711888,0.000913833209398568,0.0007153259020834411,3.46078908865675e-12,2.542063329150576e-13,3,0.5999999999999955,8.881784197001252e-15,99.02300044115016,6.283185307179537,0.09285906420802736,0.66825333368315
16.28,0.00046905869755795254,0.0006170023532175078,-2.92415572195398,0.21743693163581312,0.0009135276733312494,0.0007243693976856974,3.465852314890191e-12,2.510921730103578e-13,3,0.5999999999999958,8.43769498715119e-15,99.14866414729374,6.283185307179539,0.10596035820905036,0.642050745681104
16.3,0.0004713693217914319,0.0006175093750726639,-2.929877789738994,0.21171486385079907,0.0009137753972579732,0.0007320819058888446,3.4708129466044255e-12,2.4402658377407274e-13,3,0.5999999999999959,8.215650382226158e-15,99.27432785343733,6.283185307179542,0.11854794312446298,0.6168755758502787
16.32,0.00047360344848780604,0.0006179737548314009,-2.9381647559398005,0.20342789764999258,0.0009146810204952627,0.000738342723376029,3.4755957130120585e-12,2.3344173457137614e-13,3,0.599999999999996,7.993605777301127e-15,99.39999155958091,6.283185307179544,0.13064196177562448,0.5926875385479558
16.34,0.0004757330666846349,0.0006183825920801187,-2.9488924908344902,0.19270016275530288,0.0009163134902665678,0.0007430366237484917,3.4801362148065022e-12,2.1998933922143957e-13,3,0.5999999999999961,7.771561172376096e-15,99.5256552657245,6.283185307179545,0.14226176717257172,0.5694479277540613
16.36,0.00047773507719807326,0.000618728262759686,-2.9619007082427657,0.17969194534702737,0.0009186997449374855,0.0007460553259380834,3.484385160297762e-12,2.0452241494796585e-13,3,0.5999999999999962,7.549516567451064e-15,99.65131897186808,6.283185307179546,0.15342595348296378,0.5471195551332771
16.38,0.0004795931625868859,0.0006190090439649134,-2.9769940192079836,0.16459863438180955,0.0009218205006146206,0.0007473013729348206,3.4883121124022846e-12,1.8806330053612261e-13,3,0.5999999999999963,7.327471962526033e-15,99.77698267801166,6.283185307179548,0.16415238578671743,0.5256666905257699
16.4,0.00048129968042623323,0.0006192290016796367,-2.993943724194093,0.14764892939570018,0.0009256087482908269,0.0007466941538963323,3.4919084230191202e-12,1.7906968273925e-13,3,0.5999999999999964,7.105427357601002e-15,99.90264638415525,6.283185307179549,0.17445822866394622,0.24167926025490827
16.42,0.00048289127922022154,0.000619390490277131,-3.012480283898172,0.129112369691621,0.0009296918270867458,0.0007445340720829221,3.495319992405997e-12,1.6256194544692225e-13,3,0.5999999999999965,6.8833827526759706e-15,100.02831009029885,6.283185307179551,0.1791964183338695,0.2322028809150617
16.44,0.0004843403827665515,0.0006195091110950446,-3.0323216913242272,0.10927096226556587,0.0009342033203353576,0.0007404453469045129,3.498423315405259e-12,1.4852915455820208e-13,3,0.5999999999999966,6.661338147750939e-15,100.15397379644244,6.2831853071795525,0.18374882092943245,0.2230980757239358
16.46,0.0004856717351956075,0.0006195989478200231,-3.0531633339815887,0.08842931960820444,0.0009389698975719272,0.0007344445984327811,3.5012788738583053e-12,1.3802528018662607e-13,3,0.5999999999999968,6.439293542825908e-15,100.27963750258604,6.283185307179554,0.18812272126601895,0.21435027505076282
16.48,0.00048692027899090813,0.0006196728192029286,-3.074682506921865,0.06691014666792805,0.0009437957661579064,0.000726592401364218,3.503966216150539e-12,1.3187991637483099e-13,3,0.5999999999999969,6.217248937900877e-15,100.40530120872964,6.283185307179555,0.19232511851731604,0.20594548054816864
16.5,0.0004881286744033803,0.0006197399650801732,-3.096544546223286,0.04504810736650722,0.000948475713566207,0.0007169964716283925,3.506578591509941e-12,1.30615869564844e-13,3,0.599999999999997,5.995204332975845e-15,100.53096491487324,6.283185307179556,0.19636273741548504,0.19787024275183063
16.52,0.0004893437485228725,0.0006198043994920891,-3.1184094753095954,0.02318317828019767,0.0009528091838280442,0.0007058115722740175,3.509216184872339e-12,1.3439463012113802e-13,3,0.5999999999999971,5.773159728050814e-15,100.65662862101684,6.283185307179558,0.20024203901216767,0.19011163955846538
16.54,0.0004906123322925191,0.0006198642695369479,-3.1399388344322197,0.001653819157573455,0.0009566141745266322,0.0006932358672756511,3.511978618239122e-12,1.4299920252992142e-13,3,0.5999999999999972,5.551115123125783e-15,100.78229232716043,6.283185307179559,0.20396923101754708,0.18265725554770657
16.56,0.0004919770866907563,0.000619912350568889,-3.160802351497759,-0.019209697907965673,0.0009597397514658493,0.0006795039298217021,3.5149575143364177e-12,1.5585735518291656e-13,3,0.5999999999999973,5.329070518200751e-15,100.90795603330403,6.2831853071795605,0.20755027773400858,0.17549516211478355
16.580000000000002,0.0004934729209139169,0.0006199375638544758,-3.1806841317904624,-0.03909147820066927,0.0009620761415085072,0.0006648770618703588,3.518229906548679e-12,1.721010799353506e-13,3,0.5999999999999974,5.10702591327572e-15,101.03361973944763,6.283185307179561,0.2109909096002959,0.16861389838220892
16.6,0.0004951244654434493,0.000619927192065859,-3.1992880914114954,-0.05769543782170228,0.0009635616501027155,0.0006496319343476675,3.521853128266622e-12,1.6738368695260401e-13,3,0.5999999999999975,4.884981308350689e-15,101.15928344559123,6.283185307179562,0.2142966323614357,-0.6593750160096805
16.62,0.0004968240676970362,0.0006198517630507198,-3.216328362538587,-0.07473570894879389,0.0009640801380854731,0.000635304868516883,3.5253683347156145e-12,1.844503192908286e-13,3,0.5999999999999976,4.6629367034256575e-15,101.28494715173483,6.283185307179563,0.20136940026809297,-0.633520551822995
16.64,0.0004986850745912286,0.0006197314562300876,-3.2315218187375225,-0.08992916514772942,0.0009640087429103884,0.0006208565852172302,3.529234219968893e-12,2.0213543566143024e-13,3,0.5999999999999978,4.440892098500626e-15,101.41061085787842,6.283185307179564,0.1889490521953383,-0.6086798556774857
16.66,0.0005007022071707177,0.000619560847106446,-3.2446406801801855,-0.10304802659039236,0.0009634215476096348,0.0006065357171071739,3.5334506675192488e-12,2.192111055954886e-13,3,0.5999999999999979,4.218847493575595e-15,101.53627456402202,6.283185307179565,0.1770157129364397,-0.5848131771596885
16.68,0.0005028605523650515,0.0006193394768235072,-3.2554911055267137,-0.11389845193692061,0.0009624283697401658,0.000592572280680975,3.53799400716697e-12,2.345662286464626e-13,3,0.599999999999998,3.9968028886505635e-15,101.66193827016562,6.283185307179565,0.16555028660266813,-0.5618823244921454
16.7,0.0005051374835252799,0.0006190722970066902,-3.263915010124383,-0.1223223565345899,0.0009611679903800695,0.000579174485022095,3.54281994919049e-12,2.4726076782092505e-13,3,0.5999999999999981,3.774758283725532e-15,101.78760197630922,6.283185307179565,0.15453442606580142,-0.539850603418412
16.72,0.0005075046422166771,0.0006187693424273514,-3.269790891553404,-0.12819823796361085,0.0009597999129255652,0.000566528205270628,3.5478673876407088e-12,2.565591891928547e-13,3,0.5999999999999982,3.552713678800501e-15,101.91326568245282,6.283185307179565,0.14395050359880507,-0.5186827584844192
16.740000000000002,0.0005099297595216834,0.0006184447576698371,-3.2730340111237184,-0.13144135753392527,0.0009584951965762479,0.0005547987634336204,3.5530626949487983e-12,2.6194755412554044e-13,3,0.5999999999999983,3.3306690738754696e-15,102.03892938859642,6.283185307179565,0.13378158266770798,-0.4983449166222251
16.76,0.0005123782314591146,0.0006181153492526246,-3.2735963262220564,-0.1320036726322633,0.0009574268133196733,0.0005441343511744685,3.558324239485969e-12,2.631402521868718e-13,3,0.5999999999999984,3.1086244689504383e-15,102.16459309474001,6.283185307179565,0.12401139082953488,-0.4788045329458789
16.78,0.0005148144871293037,0.0006177988437425486,-3.2714665262724694,-0.12987387268267625,0.0009567598770600025,0.0005346702281974621,3.5635669777461377e-12,2.6008192301099357e-13,3,0.5999999999999985,2.886579864025407e-15,102.29025680088361,6.283185307179565,0.11462429369292595,-0.460030338672661
16.8,0.000517203274945139,0.0006175120266980591,-3.266670401682141,-0.12507774809234773,0.0009566420354024331,0.0005265327504686811,3.5687070665372254e-12,2.412014352412687e-13,3,0.5999999999999986,2.6645352591003757e-15,102.41592050702721,6.283185307179565,0.10560526989977509,-0.7115215321689411
16.82,0.0005194561711525984,0.0006172701005507811,-3.259234318532234,-0.117641664942441,0.0009574436728318001,0.0005202020504811199,3.5734398382678903e-12,2.3125512184826105e-13,3,0.5999999999999986,2.6645352591003757e-15,102.54158421317081,6.283185307179565,0.09165569073400381,-0.6836223738373985
16.84,0.000521601708826175,0.0006170784642728317,-3.249279969780095,-0.10768731619030181,0.0009590188763714365,0.0005154273241613125,3.5779425732266123e-12,2.183826596223092e-13,3,0.5999999999999986,2.6645352591003757e-15,102.6672479193144,6.283185307179565,0.0782530823909115,-0.6568171571512139
16.86,0.0005236153170232194,0.0006169410220442757,-3.236955614622722,-0.09536296103292896,0.0009613981440393026,0.0005123232797460606,3.5821646676203874e-12,2.0342635415586184e-13,3,0.5999999999999986,2.6645352591003757e-15,102.792911625458,6.283185307179565,0.06537599783777359,-0.6310629880449381
16.88,0.0005254797194504064,0.0006168560453574043,-3.2224499873493073,-0.0808573337595142,0.0009645649247265404,0.0005109940110471841,3.5860742901501053e-12,1.8741096660492696e-13,3,0.5999999999999986,2.6645352591003757e-15,102.9185753316016,6.283185307179565,0.053003830992047196,-0.6063186543534853
16.9,0.0005271869725802159,0.0006168165052697497,-3.2059911120067186,-0.06439845841692549,0.0009684535823894791,0.0005115266021343771,3.589661571087164e-12,1.7149231627087989e-13,3,0.5999999999999986,2.6645352591003757e-15,103.0442390377452,6.283185307179565,0.04111678374724276,-0.5825445598638764
16.92,0.0005287401468278893,0.0006168112548304294,-3.187843805060022,-0.04625115147022907,0.0009729506673266486,0.0005139831607289892,3.592940545606533e-12,1.5688420038160906e-13,3,0.5999999999999986,2.6645352591003757e-15,103.1699027438888,6.283185307179565,0.02969583429172995,-0.5597026609528508
16.94,0.0005301542528037523,0.0006168269800470901,-3.168305684658202,-0.02671303106840872,0.0009778998344373022,0.0005183922659782471,3.5959494342169605e-12,1.4476658423507351e-13,3,0.5999999999999986,2.6645352591003757e-15,103.2955664500324,6.283185307179565,0.018722706669780764,-0.5377564057089524
16.96,0.000531456045826066,0.0006168506630979601,-3.1477016840908276,-0.006109030501034507,0.0009831103833005126,0.000524741028276044,3.5987489550861797e-12,1.361832880199468e-13,3,0.5999999999999986,2.6645352591003757e-15,103.421230156176,6.283185307179565,0.008179841536141319,-0.5166706754416736
16.98,0.0005326824868914247,0.000616872145155127,-3.1263772482123606,0.01521540537743249,0.0009883689636635395,0.00053296899499977,3.6014185760562343e-12,1.3194184654881513e-13,3,0.5999999999999986,2.6645352591003757e-15,103.54689386231959,6.283185307179565,-0.001949631942666702,-0.4964117284840575
17.0,0.0005338778781710416,0.0006168862938308984,-3.1046905466063266,0.03690210698346652,0.0009934535719510137,0.000542964972402326,3.6040508966378043e-12,1.3194469087188011e-13,3,0.5999999999999986,2.6645352591003757e-15,103.67255756846319,6.283185307179565,-0.011681923085278989,0.17097227410442406
17.02,0.000535077392058961,0.0006169380697664867,-3.0830040836501875,0.058588569939605595,0.0009976709476482804,0.0005535908738292933,3.60669182080414e-12,1.3346912450087578e-13,3,0.5999999999999986,2.6645352591003757e-15,103.79822127460679,6.283185307179565,-0.008329963706760382,0.16426835534738685
17.04,0.0005363205328694587,0.0006169850681148261,-3.0616798601115054,0.07991279347828772,0.001001467021375344,0.0005656213550291527,3.609415399090422e-12,1.4011666977423858e-13,3,0.5999999999999986,2.6645352591003757e-15,103.92388498075039,6.283185307179565,-0.005109436535412126,0.15782730100469033
17.06,0.0005376520319465477,0.0006170377786066973,-3.041072941472356,0.10051971211743727,0.0010046945222248415,0.0005788228926378495,3.612319413790709e-12,1.5132893280452633e-13,3,0.5999999999999986,2.6645352591003757e-15,104.04954868689398,6.283185307179565,-0.002015188040677615,0.1516388040152213
17.080000000000002,0.0005391083568832292,0.0006171110567884427,-3.0215227403537686,0.12006991323602456,0.001007243752258098,0.0005929350159269314,3.6154870394096025e-12,1.6622307859402909e-13,3,0.5999999999999986,2.6645352591003757e-15,104.17521239303758,6.283185307179565,0.0009577332351762696,0.14569296146351354
17.1,0.0005407150912212905,0.000617221523053829,-3.0033455516072904,0.13824710198250267,0.0010090499147032029,0.0006076814071560512,3.6189812040547657e-12,1.8368268898406973e-13,3,0.5999999999999986,2.6645352591003757e-15,104.30087609918118,6.283185307179565,0.0038140846004479367,0.1399802587329702
17.12,0.0005424857283802738,0.0006173847189297009,-2.986828407416189,0.1547642461736043,0.0010100968939744724,0.0006227815297688259,3.622840961053009e-12,2.024638497385428e-13,3,0.5999999999999986,2.6645352591003757e-15,104.42653980532478,6.283185307179565,0.006558436826709271,0.13449155428044754
17.14,0.0005444218251647454,0.0006176125323111212,-2.972224511351784,0.16936814223800933,0.0010104174193980805,0.0006379615291982094,3.6270800131623167e-12,2.2130055941915576e-13,3,0.5999999999999986,2.6645352591003757e-15,104.55220351146838,6.283185307179565,0.009195181463015331,0.12921806500783542
17.16,0.0005465142257172127,0.0006179112853131411,-2.959750329487966,0.1818423241018272,0.0010100899063096558,0.0006529632997898799,3.631687234465352e-12,2.389963888091832e-13,3,0.5999999999999986,2.6645352591003757e-15,104.67786721761198,6.283185307179565,0.011728537863319725,0.12415135220722663
17.18,0.0005487449410353432,0.0006182806985396576,-2.9495842296597,0.1920084239300932,0.001009232539349716,0.0006675509181240332,3.6366288208917523e-12,2.5449441703518253e-13,3,0.5999999999999986,2.6645352591003757e-15,104.80353092375557,6.283185307179565,0.014162559938341132,0.11928330805718382
17.2,0.0005510892624275632,0.0006187137638517085,-2.9418663912507723,0.1997262623390208,0.001007995307313202,0.0006815140499335948,3.641851598716877e-12,2.3825007546310413e-13,3,0.5999999999999986,2.6645352591003757e-15,104.92919462989917,6.283185307179565,0.016501142642685318,0.7659027640707126
17.22,0.0005533839552100808,0.0006191779547448751,-2.9366953668993068,0.20489728669048635,0.0010068543781222082,0.0006937433636462537,3.646716347345143e-12,2.4732053799366517e-13,3,0.5999999999999986,2.6645352591003757e-15,105.05485833604277,6.283185307179565,0.03151688110968459,0.735871287136714
17.240000000000002,0.0005557341751796341,0.0006196726925294926,-2.9342075188691035,0.20738513472068965,0.0010058246931198486,0.0007050577243175958,3.651725186827203e-12,2.525593990903306e-13,3,0.5999999999999986,2.6645352591003757e-15,105.18052204218637,6.283185307179565,0.0459438440498508,0.7070173612563816
17.26,0.0005581066267785084,0.0006201797882108013,-2.934433118901562,0.2071595346882309,0.0010050677925035735,0.0007153079823033214,3.656798097539581e-12,2.536880939293496e-13,3,0.5999999999999986,2.6645352591003757e-15,105.30618574832997,6.283185307179565,0.05980511768180441,0.6792948139924744
17.28,0.0005604673632388266,0.000620679748103512,-2.937363522170035,0.20422913141975796,0.0010047356778229422,0.0007243576800013258,3.661851890814692e-12,2.5066758750451683e-13,3,0.5999999999999986,2.6645352591003757e-15,105.43184945447356,6.283185307179565,0.073122883000586,0.6526592833549112
17.3,0.0005627829993564923,0.0006211536891311941,-2.94295193397082,0.198640719618973,0.0010049614143194795,0.0007320792353311817,3.666804967116266e-12,2.436947277976159e-13,3,0.5999999999999986,2.6645352591003757e-15,105.55751316061716,6.283185307179565,0.08591845127198044,0.6270681468121223
17.32,0.0005650219685160155,0.000621585185905273,-2.9511139105916766,0.1904787429981165,0.0010058502874092073,0.0007383512720757305,3.67158198525866e-12,2.3319681407607647e-13,3,0.5999999999999986,2.6645352591003757e-15,105.68317686676076,6.283185307179565,0.0982122981350888,0.6024804530859056
17.34,0.0005671559663939912,0.0006219618811618005,-2.961727717120209,0.1798649364695839,0.0010074719260620094,0.0007430578084592159,3.676118392022846e-12,2.1982217095479533e-13,3,0.5999999999999986,2.6645352591003757e-15,105.80884057290436,6.283185307179565,0.1100240963677192,0.5788568566206448
17.36,0.0005691616474930099,0.0006222766812135693,-2.974634807412437,0.1669578461773562,0.001009853914298986,0.0007460897519355333,3.680364691187864e-12,2.0442219097547046e-13,3,0.5999999999999986,2.6645352591003757e-15,105.93450427904796,6.283185307179565,0.12137274736702858,0.556159554622026
17.38,0.0005710225238807231,0.000622528356830804,-2.989640759582346,0.15195189400744713,0.0010129774984243619,0.0007473488124024433,3.684290227180437e-12,1.8801943132871955e-13,3,0.5999999999999986,2.6645352591003757e-15,106.06016798519155,6.283185307179565,0.1322764113957905,0.5343522265645022
17.400000000000002,0.0005727308802435925,0.0006227213996338212,-3.0065169856223295,0.13507566796746362,0.0010167760071623584,0.0007467535687967631,3.6878861552247815e-12,1.7894837035888896e-13,3,0.5999999999999986,2.6645352591003757e-15,106.18583169133515,6.283185307179565,0.14275253664269,0.2547975985844745
17.42,0.0005743228741025697,0.000622857728912659,-3.024991146778514,0.1166015068112789,0.0010208800534005588,0.0007445981305758762,3.691296004037642e-12,1.6250985793441334e-13,3,0.5999999999999986,2.6645352591003757e-15,106.31149539747875,6.283185307179565,0.1477479150142592,0.24480684184133605
17.44,0.0005757716585364384,0.000622953992025185,-3.04478234479261,0.096810308797183,0.00102541943315467,0.0007405116686388148,3.694398946619389e-12,1.4854278051364132e-13,3,0.5999999999999986,2.6645352591003757e-15,106.43715910362235,6.283185307179565,0.15254742179823289,0.2352078282733887
17.46,0.0005771022070959247,0.00062302427323333,-3.065583515607135,0.07600913798265818,0.001030220090671012,0.0007345103339044517,3.697255430425189e-12,1.3810453346681948e-13,3,0.5999999999999986,2.6645352591003757e-15,106.56282280976595,6.283185307179565,0.1571587372294147,0.22598519741102507
17.48,0.0005783497420839291,0.0006230811886269641,-3.087068900964976,0.054523752624817234,0.0010350852631190227,0.0007266545003756834,3.6999450295935615e-12,1.3202710979195466e-13,3,0.5999999999999986,2.6645352591003757e-15,106.68848651590955,6.283185307179565,0.16158924039629433,0.21712419107726583
17.5,0.0005795572064566292,0.0006231335725925786,-3.1089003906475243,0.03269226294226879,0.0010398085920212516,0.0007170519796697115,3.702561051677382e-12,1.308340484125513e-13,3,0.5999999999999986,2.6645352591003757e-15,106.81415022205314,6.283185307179565,0.16584602104916318,0.2086106297715281
17.52,0.0005807716633339785,0.0006231848565653222,-3.130734412618688,0.010858240971105104,0.0010441882920015305,0.000705857926265089,3.705203735029452e-12,1.3468558354423794e-13,3,0.5999999999999986,2.6645352591003757e-15,106.93981392819674,6.283185307179565,0.16993589094522754,0.2004308899793994
17.54,0.0005820400914061418,0.0006232324776284284,-3.1522290181113353,-0.010636364521542152,0.0010480411488326777,0.0006932711594753702,3.707972710093092e-12,1.4336154668113017e-13,3,0.5999999999999986,2.6645352591003757e-15,107.06547763434034,6.283185307179565,0.17386539474887316,0.19257188237210815
17.56,0.0005834051862509409,0.0006232684409490751,-3.17305079484968,-0.03145814125988666,0.0010512151277456945,0.0006795271114041805,3.7109595283895696e-12,1.5628506966095856e-13,3,0.5999999999999986,2.6645352591003757e-15,107.19114134048394,6.283185307179565,0.1776408205045248,0.1850210308608049
17.580000000000002,0.00058490177545767,0.0006232809114445972,-3.19288126305748,-0.051288609467686985,0.0010535995379745032,0.0006648880655914874,3.7142410500217045e-12,1.7258278193019257e-13,3,0.5999999999999986,2.6645352591003757e-15,107.31680504662754,6.283185307179565,0.18126820969885854,0.1777662524721374
17.6,0.0005865543103830827,0.000623256498035029,-3.211422461577183,-0.0698298079873898,0.0010551319901930332,0.0006496317073899377,3.717874327070931e-12,1.678462165993985e-13,3,0.5999999999999986,2.6645352591003757e-15,107.44246875277113,6.283185307179565,0.18475336692846966,-0.6488259658064985
17.62,0.0005882544964345033,0.0006231655276589368,-3.2283951891102407,-0.08680253552044759,0.0010556926237484236,0.0006352934128844574,3.721399194690756e-12,1.8494954524093158e-13,3,0.5999999999999986,2.6645352591003757e-15,107.56813245891473,6.283185307179565,0.17203295192256546,-0.6233851357946901
17.64,0.000590116017600895,0.0006230278260939955,-3.243509026898252,-0.10191637330845893,0.0010556614168496113,0.0006208361759211533,3.725275292037689e-12,2.0265230467308138e-13,3,0.5999999999999986,2.6645352591003757e-15,107.69379616505833,6.283185307179565,0.15981131152325795,-0.5989418549960751
17.66,0.0005921333731970322,0.000622837716875441,-3.2565364936083485,-0.1149438400185554,0.0010551122823041796,0.000606509273616393,3.729502095749013e-12,2.1972443922593886e-13,3,0.5999999999999986,2.6645352591003757e-15,107.81945987120193,6.283185307179565,0.14806888849848593,-0.5754570089465311
17.68,0.0005942914683331437,0.0006225946627223629,-3.2672848335847644,-0.1256921799949713,0.0010541549672590583,0.0005925431755519699,3.734055505053629e-12,2.350546442581445e-13,3,0.5999999999999986,2.6645352591003757e-15,107.94512357734553,6.283185307179565,0.13678689246622588,-0.552893016882011
17.7,0.0005965675631511106,0.0006223036919473325,-3.2755977187711474,-0.13400506518135424,0.0010529282134940955,0.0005791463417186334,3.738890815236532e-12,2.47704609648248e-13,3,0.5999999999999986,2.6645352591003757e-15,108.07078728348912,6.283185307179565,0.125947269825872,-0.5312137716013032
17.72,0.0005989332700432663,0.0006219750443506614,-3.2813559310558134,-0.13976327746602024,0.001051591452986379,0.0005665047028030748,3.743946557526886e-12,2.5694220053342166e-13,3,0.5999999999999986,2.6645352591003757e-15,108.19645098963272,6.283185307179565,0.11553267486862362,-0.5103845816868064
17.740000000000002,0.0006013563771774124,0.0006216231691974626,-3.284477389066704,-0.14288473547691094,0.0010503155908493313,0.0005547834581081106,3.749148823125554e-12,2.6225811543193396e-13,3,0.5999999999999986,2.6645352591003757e-15,108.32211469577632,6.283185307179565,0.10552644202065031,-0.49037211599085984
17.76,0.0006038024150391652,0.0006212652512402728,-3.2849169247424865,-0.14332427115269342,0.0010492733289757601,0.0005441305189420806,3.7544158004495255e-12,2.63372099329207e-13,3,0.5999999999999986,2.6645352591003757e-15,108.44777840191992,6.283185307179565,0.0959125591746185,-0.4711443502987962
17.78,0.0006062360075302777,0.0006209194474444985,-3.282666167015202,-0.14107351342540886,0.001048629381435091,0.0005346807264975677,3.759662376253158e-12,2.6023432224614794e-13,3,0.5999999999999986,2.6645352591003757e-15,108.57344210806352,6.283185307179565,0.08667564206690345,-0.4526705160833661
17.8,0.0006086221357767217,0.0006206030091711109,-3.2777537618409913,-0.1361611082511982,0.0010485308731329394,0.0005265598968215881,3.764804745929135e-12,2.4146733082196327e-13,3,0.5999999999999986,2.6645352591003757e-15,108.69910581420712,6.283185307179565,0.07780090965948538,-0.7002462523237636
17.82,0.0006108735946019644,0.0006203323719587458,-3.2702126745919258,-0.12862002100213266,0.0010493424540250246,0.000520241113041433,3.769542092101978e-12,2.3144840259200046e-13,3,0.5999999999999986,2.6645352591003757e-15,108.82476952035071,6.283185307179565,0.06407238551693611,-0.672789204038665
17.84,0.0006130180981356686,0.0006201127386552678,-3.2601628898338326,-0.1185702362440395,0.0010509224236650585,0.0005154791578390511,3.7740480245961405e-12,2.1851137273966746e-13,3,0.5999999999999986,2.6645352591003757e-15,108.95043322649431,6.283185307179565,0.05088216450562705,-0.6464087620160469
17.86,0.000615031239807129,0.000619948495676229,-3.247754245442172,-0.10616159185237883,0.001053300849515018,0.0005123878810930904,3.77827211668657e-12,2.034997311681611e-13,3,0.5999999999999986,2.6645352591003757e-15,109.07609693263791,6.283185307179565,0.03820913945787624,-0.6210627119205453
17.88,0.0006168958421265714,0.0006198383602262731,-3.2331763822083572,-0.09158372861856412,0.0010564608464229887,0.0005110705072223827,3.782182720549456e-12,1.8743769553546515e-13,3,0.5999999999999986,2.6645352591003757e-15,109.20176063878151,6.283185307179565,0.026033030829884396,-0.5967104946645616
17.900000000000002,0.0006186039770604036,0.0006197756836580413,-3.216657469165587,-0.07506481557579381,0.0010603366072895705,0.000511613290785702,3.785770122446972e-12,1.7147894893257334e-13,3,0.5999999999999986,2.6645352591003757e-15,109.3274243449251,6.283185307179565,0.014334354250138348,-0.5733131415050695
17.92,0.0006201586393776698,0.0006197496002016245,-3.1984616631101837,-0.056869009520390534,0.0010648147281197055,0.0005140776085487131,3.7890484576845885e-12,1.5683397903456967e-13,3,0.5999999999999986,2.6645352591003757e-15,109.4530880510687,6.283185307179565,0.0030943893402596845,-0.5508332116853122
17.94,0.0006215746785059273,0.0006197469432458131,-3.1788851341364217,-0.03729248054662859,0.0010697391570363894,0.0005184914683721661,3.792055973809985e-12,1.4467894790917692e-13,3,0.5999999999999986,2.6645352591003757e-15,109.5787517572123,6.283185307179565,-0.0077048502415943965,-0.529234732521604
17.96,0.0006228786239111578,0.0006197546791410863,-3.1582506619963064,-0.016658008406513325,0.0010749197347002387,0.0005248416247093557,3.794853341241722e-12,1.3605421806773806e-13,3,0.5999999999999986,2.6645352591003757e-15,109.7044154633559,6.283185307179565,-0.01808064558271555,-0.5084831418393617
17.98,0.0006241071809110153,0.0006197624534002195,-3.1369009803445724,0.004691673245220684,0.0010801438673603164,0.0005330675255802756,3.797519920782052e-12,1.3176504558557143e-13,3,0.5999999999999986,2.6645352591003757e-15,109.8300791694995,6.283185307179565,-0.028049600169270633,-0.48854523266625155
18.0,0.0006253044098816968,0.0006197647609585419,-3.115191191075194,0.02640146251459896,0.00108519046191912,0.0005430581531229282,3.800148176286174e-12,1.3174771125178416e-13,3,0.5999999999999986,2.6645352591003757e-15,109.9557428756431,6.283185307179565,-0.03762766645542187,0.1808611829692396
18.02,0.0006265058127388233,0.0006198051132577813,-3.093481301539736,0.04811135205005712,0.0010893682429935418,0.0005536742725768053,3.802784528399816e-12,1.3320764636431308e-13,3,0.5999999999999986,2.6645352591003757e-15,110.0814065817867,6.283185307179565,-0.034081832245522775,0.1737695145494414
18.04,0.0006277502627479881,0.000619841699432094,-3.072130802429512,0.06946185116028092,0.0010931233460228088,0.0005656925723970306,3.805502201508734e-12,1.3978719613229632e-13,3,0.5999999999999986,2.6645352591003757e-15,110.20707028793029,6.283185307179565,-0.03067503218366671,0.16695591442572927
18.06,0.000629082463965756,0.0006198843255505546,-3.05149182697005,0.09010082661974295,0.0010963094554097392,0.0005788803247434649,3.8083989452455775e-12,1.5093210183584633e-13,3,0.5999999999999986,2.6645352591003757e-15,110.33273399407389,6.283185307179565,-0.027401814662931914,0.16040947938425967
18.080000000000002,0.0006305389721230551,0.0006199471740604734,-3.0319013726329054,0.10969128095688774,0.001098817664564951,0.0005929779726524993,3.811557998409661e-12,1.657648710110056e-13,3,0.5999999999999986,2.6645352591003757e-15,110.45839770021749,6.283185307179565,-0.024256941836961574,0.154119733732319
18.1,0.0006321455567092573,0.0006200462661857518,-3.013673993076128,0.1279186605136653,0.0011005837705428299,0.0006077101418556154,3.8150424653712555e-12,1.831746936540426e-13,3,0.5999999999999986,2.6645352591003757e-15,110.58406140636109,6.283185307179565,-0.021235381238292148,0.14807661253498014
18.12,0.000633915960366393,0.0006201966667440806,-2.997095742944392,0.14449691064540104,0.0011015920525209116,0.0006227971859659032,3.81889168328227e-12,2.0192258252307144e-13,3,0.5999999999999986,2.6645352591003757e-15,110.70972511250469,6.283185307179565,-0.018332297725331792,0.14227044550905943
18.14,0.0006358520091252831,0.0006204099372713438,-2.9824196317830465,0.15917302180674664,0.0011018754627092112,0.0006379660209006906,3.823119724402521e-12,2.2074602167885292e-13,3,0.5999999999999986,2.6645352591003757e-15,110.83538881864828,6.283185307179565,-0.015543045745102263,0.13669194154860037
18.16,0.0006379447934381796,0.0006206922304798502,-2.969862672373478,0.17172998121631533,0.0011015125153568703,0.0006529591485579861,3.827715883789645e-12,2.384501737199496e-13,3,0.5999999999999986,2.6645352591003757e-15,110.96105252479188,6.283185307179565,-0.012863161899363026,0.1313321738571219
18.18,0.0006401765126476157,0.0006210432436504204,-2.9596044290523777,0.18198822453741537,0.0011006214284762664,0.0006675410710298358,3.8326467899986166e-12,2.5397770276297225e-13,3,0.5999999999999986,2.6645352591003757e-15,111.08671623093548,6.283185307179565,-0.010288357802221856,0.12618256566283956
18.2,0.0006425225657057348,0.0006214560693967572,-2.951786806212157,0.18980584737763628,0.001099352217739892,0.0006815016987451013,3.837859674597313e-12,2.37733511367719e-13,3,0.5999999999999986,2.6645352591003757e-15,111.21237993707908,6.283185307179565,-0.007814513217802466,0.7748524159461501
18.22,0.0006448192202270317,0.0006218994334949785,-2.9465177890530305,0.1950748645367626,0.0010981845653684494,0.0006937280915255594,3.8427144848662424e-12,2.468468952279668e-13,3,0.5999999999999986,2.6645352591003757e-15,111.33804364322268,6.283185307179565,0.007376685683910478,0.7444700181427242
18.240000000000002,0.0006471719724746842,0.0006223720566361826,-2.943928741431901,0.19766391215789225,0.0010971305446105257,0.0007050425116281344,3.847714379328869e-12,2.5214110506769017e-13,3,0.5999999999999986,2.6645352591003757e-15,111.46370734936627,6.283185307179565,0.021972229156738632,0.7152789311970679
18.26,0.0006495474151180533,0.0006228560619544882,-2.9440524134999855,0.19754024008980764,0.0010963518978285417,0.0007152955933894547,3.852779543118896e-12,2.5333310542010603e-13,3,0.5999999999999986,2.6645352591003757e-15,111.58937105550987,6.283185307179565,0.03599547318412055,0.687232443142304
18.28,0.0006519114327307665,0.0006233323072630851,-2.946882643649717,0.19471000994007603,0.0010960009304003557,0.0007243505518746891,3.857826900503715e-12,2.5037927211868287e-13,3,0.5999999999999986,2.6645352591003757e-15,111.71503476165347,6.283185307179565,0.04946885794828498,0.6602856736139752
18.3,0.0006542304352706525,0.0006237822865103426,-2.9523749935409467,0.18921766004884644,0.0010962111043271027,0.0007320793846371135,3.862774875462414e-12,2.4347220932296677e-13,3,0.5999999999999986,2.6645352591003757e-15,111.84069846779707,6.283185307179565,0.06241394373933001,0.6343955020318851
18.32,0.0006564726381794128,0.0006241899658780347,-2.9604471258696674,0.1811455277201257,0.0010970881690254488,0.0007383602181148448,3.867548072008346e-12,2.330357202047358e-13,3,0.5999999999999986,2.6645352591003757e-15,111.96636217394067,6.283185307179565,0.07485144545628686,0.6095204985979714
18.34,0.0006586095299712817,0.0006245433835282731,-2.970979047131118,0.17061360645867518,0.0010987022441752033,0.0007430765125104488,3.8720818222192725e-12,2.197157042642805e-13,3,0.5999999999999986,2.6645352591003757e-15,112.09202588008426,6.283185307179565,0.08680126575537789,0.5856208579997894
18.36,0.0006606175920000947,0.0006248358319977435,-2.983813482915735,0.1577791706740581,0.001101081379481608,0.0007461185762619327,3.8763264791581476e-12,2.0436241514373556e-13,3,0.5999999999999986,2.6645352591003757e-15,112.21768958622786,6.283185307179565,0.09828252689851263,0.5626583357135199
18.38,0.0006624802179217336,0.000625066441560349,-2.9987567251895255,0.1428359284002676,0.0011042072044655405,0.0007473875050230224,3.880251227337264e-12,1.879986236178988e-13,3,0.5999999999999986,2.6645352591003757e-15,112.34335329237146,6.283185307179565,0.1093136013529864,0.5405961868045723
18.400000000000002,0.0006641896444434879,0.0006252400137776865,-3.015580279420213,0.12601237416958,0.0011080132927313753,0.0007468012814072903,3.883847079200922e-12,1.7887072430175052e-13,3,0.5999999999999986,2.6645352591003757e-15,112.46901699851506,6.283185307179565,0.1199121411913478,0.2642252142956244
18.42,0.0006657816698495537,0.0006253581733593987,-3.034009830327156,0.10758282326263702,0.001112132647986671,0.0007446494906370214,3.8872558661101564e-12,1.6248039920529e-13,3,0.5999999999999986,2.6645352591003757e-15,112.59468070465866,6.283185307179565,0.1250923506126623,0.2538647954529954
18.44,0.0006672299885265005,0.0006254383059409039,-3.053765230115401,0.08782742347439232,0.0011166923067521782,0.0007405648422097913,3.890358681007754e-12,1.485592515910979e-13,3,0.5999999999999986,2.6645352591003757e-15,112.72034441080226,6.283185307179565,0.13006944111725866,0.2439106144438027
18.46,0.0006685597438449049,0.0006254944959159047,-3.074537640257101,0.06705501333269215,0.0011215176915873107,0.0007345631476319808,3.893215953212121e-12,1.3816725965080197e-13,3,0.5999999999999986,2.6645352591003757e-15,112.84600811694585,6.283185307179565,0.13485137711178014,0.23434674245475973
18.48,0.0006698063633109933,0.0006255392116800832,-3.0959990872019683,0.04559356638782486,0.001126411341296666,0.000726704639730255,3.895907284134798e-12,1.3213823225575852e-13,3,0.5999999999999986,2.6645352591003757e-15,112.97167182308945,6.283185307179565,0.13944581071401874,0.22515787525028252
18.5,0.0006710129956763404,0.0006255809925723538,-3.1178089574957775,0.02378369609401565,0.0011311660725767413,0.0007170972070119255,3.898526033385604e-12,1.3099627607023738e-13,3,0.5999999999999986,2.6645352591003757e-15,113.09733552923305,6.283185307179565,0.14386009399793614,0.2163293086824477
18.52,0.0006722268742271485,0.000625622846471569,-3.1396210669413978,0.0019715866483953626,0.0011355792157242324,0.0007058962975790636,3.9011724880630275e-12,1.3490070132906756e-13,3,0.5999999999999986,2.6645352591003757e-15,113.22299923537665,6.283185307179565,0.14810129075855064,0.20784691516121873
18.54,0.0006734950819027439,0.0006256616948038516,-3.161090933446978,-0.019498279857184997,0.0011394666858440328,0.0006933012168379047,3.903946293973981e-12,1.4362897642206706e-13,3,0.5999999999999986,2.6645352591003757e-15,113.34866294152025,6.283185307179565,0.15217618781551606,0.19969712104728787
18.56,0.0006748603347210994,0.0006256889840707634,-3.181882868088259,-0.040290214498465815,0.0011426756587333952,0.0006795480304348185,3.906938958584676e-12,1.5660077086473035e-13,3,0.5999999999999986,2.6645352591003757e-15,113.47432664766384,6.283185307179565,0.15609130587348136,0.19186688493135728
18.580000000000002,0.0006763573950991444,0.0006256923314112862,-3.2016765219725922,-0.06008386838279911,0.0011450947868901758,0.0006648997431227063,3.910227221674168e-12,1.729387060497264e-13,3,0.5999999999999986,2.6645352591003757e-15,113.59999035380744,6.283185307179565,0.15985290995660895,0.1843436767651021
18.6,0.0006780105777869047,0.0006256578587428658,-3.22017258328119,-0.07857992969139671,0.0011466611852260745,0.0006496347832638464,3.913867934235266e-12,1.681879200562103e-13,3,0.5999999999999986,2.6645352591003757e-15,113.72565405995104,6.283185307179565,0.1634670194339502,-0.6412537576334872
18.62,0.0006797111079716526,0.0006255557515109933,-3.2370966806127517,-0.09550402702295857,0.001147252330306307,0.0006352879150581927,3.917399943393593e-12,1.8531882774056116e-13,3,0.5999999999999986,2.6645352591003757e-15,113.85131776609464,6.283185307179565,0.15089505969270556,-0.616109838150998
18.64,0.0006815729190057227,0.0006254055750483756,-3.2521531236757237,-0.11056047008593062,0.0011472502334494204,0.0006208237155351367,3.921283600751723e-12,2.0303529184364853e-13,3,0.5999999999999986,2.6645352591003757e-15,113.97698147223824,6.283185307179565,0.13881605354386956,-0.591951825853326
18.66,0.0006835903439471136,0.0006252014725435708,-3.265114662912941,-0.12352200932314794,0.0011467286871719214,0.0006064919331097158,3.9255180861368024e-12,2.2010566150405814e-13,3,0.5999999999999986,2.6645352591003757e-15,114.10264517838183,6.283185307179565,0.12721067200061192,-0.5687410627668107
18.68,0.0006857481521070371,0.000624942851875143,-3.2757893443001076,-0.13419669071031448,0.0011457973890069612,0.0005925233688548259,3.930078983990882e-12,2.354184583535594e-13,3,0.5999999999999986,2.6645352591003757e-15,114.22830888452543,6.283185307179565,0.11606034397651671,-0.5464404067186203
18.7,0.0006880235191413311,0.0006246347981517548,-3.2840221247752077,-0.1424294711854146,0.0011445950521588853,0.0005791266674003968,3.934921285814758e-12,2.4803661820493446e-13,3,0.5999999999999986,2.6645352591003757e-15,114.35397259066903,6.283185307179565,0.10534722656788187,-0.5250141719013506
18.72,0.0006903880352927133,0.0006242876998641925,-3.289695448956495,-0.148102795366702,0.0011432810556084325,0.000566487802955222,3.939983256874306e-12,2.5723047368353325e-13,3,0.5999999999999986,2.6645352591003757e-15,114.47963629681263,6.283185307179565,0.09505417650126657,-0.50442807176812
18.740000000000002,0.0006928095302605915,0.0006239162259361822,-3.2927291625677415,-0.1511365089779484,0.0011420261909385375,0.0005547718903066543,3.945190781646106e-12,2.624940887208561e-13,3,0.5999999999999986,2.6645352591003757e-15,114.60530000295623,6.283185307179565,0.0851647227005965,-0.48464916416677983
18.76,0.0006952536330277981,0.0006235378328888044,-3.293080175542761,-0.15148752195296789,0.0011410029623951119,0.0005441266436450917,3.950461915273068e-12,2.6355108904627465e-13,3,0.5999999999999986,2.6645352591003757e-15,114.73096370909983,6.283185307179565,0.07566303992992787,-0.4656457986254426
18.78,0.0006976851103660018,0.0006231709862607965,-3.290742235467228,-0.1491495818774351,0.0011403757928797854,0.0005346866088852481,3.9557114910292565e-12,2.603556449740422e-13,3,0.5999999999999986,2.6645352591003757e-15,114.85662741524342,6.283185307179565,0.06653392346969389,-0.4473875657049746
18.8,0.0007000691142234192,0.0006228332709208385,-3.2857460404770715,-0.1441533868872784,0.0011402914280132291,0.000526577220900608,3.960855729114295e-12,2.4166936363365694e-13,3,0.5999999999999986,2.6645352591003757e-15,114.98229112138702,6.283185307179565,0.05776276478590947,-0.6921390771209326
18.82,0.0007023193250499396,0.0006225419914590483,-3.2781292215324402,-0.13653656794264712,0.0011411104018922787,0.0005202665222516003,3.965596572434511e-12,2.3159730578487045e-13,3,0.5999999999999986,2.6645352591003757e-15,115.10795482753062,6.283185307179565,0.044193184086656845,-0.6649999157224273
18.84,0.0007044628676127148,0.0006223022242350075,-3.2680105972512585,-0.12641794366146542,0.001142694029217866,0.0005155133074719178,3.97010499276897e-12,2.1861284511846242e-13,3,0.5999999999999986,2.6645352591003757e-15,115.23361853367422,6.283185307179565,0.03115567425708976,-0.6389248960632932
18.86,0.0007064754579045673,0.0006221187011252745,-3.2555411295831016,-0.11394847599330848,0.001145072067095529,0.0005124308190055976,3.974330689177736e-12,2.0356034722716118e-13,3,0.5999999999999986,2.6645352591003757e-15,115.35928223981782,6.283185307179565,0.018629372499997077,-0.6138722925491078
18.88,0.0007083399937269616,0.000621990458746744,-3.2409111001378297,-0.09931844654803657,0.001148227389877886,0.0005111216659167764,3.978242144831536e-12,1.8746367656491285e-13,3,0.5999999999999986,2.6645352591003757e-15,115.48494594596141,6.283185307179565,0.006594234060147253,-0.5898020156694082
18.900000000000002,0.0007100485622071818,0.0006219111211559819,-3.224348773462598,-0.08275611987280485,0.0011520940673881847,0.0005116715152992742,3.98182975814751e-12,1.7147503540558675e-13,3,0.5999999999999986,2.6645352591003757e-15,115.61060965210501,6.283185307179565,-0.004968999851596656,-0.5666755478459203
18.92,0.000711604107418606,0.0006218700244416257,-3.206117827436098,-0.06452517384630507,0.00115655872839306,0.0005141412256345167,3.985107737701693e-12,1.568026036726461e-13,3,0.5999999999999986,2.6645352591003757e-15,115.73627335824861,6.283185307179565,-0.01607883287644818,-0.5444558817962173
18.94,0.000713021366142124,0.00062185410813652,-3.1865133917164683,-0.044920738126675186,0.0011614655315827119,0.0005185583987692417,3.988114353317001e-12,1.446198902553205e-13,3,0.5999999999999986,2.6645352591003757e-15,115.86193706439221,6.283185307179565,-0.02675304311747123,-0.5231074613141712
18.96,0.0007143267080682534,0.0006218503279093595,-3.1658567039447023,-0.024264050354909195,0.0011666247062604137,0.0005249095348080698,3.990910245545476e-12,1.3596484958146222e-13,3,0.5999999999999986,2.6645352591003757e-15,115.9876007705358,6.283185307179565,-0.03700871158833774,-0.5025961243724382
18.98,0.000715556656416416,0.000621848189778444,-3.1444885594022063,-0.0028959058124131687,0.0011718242022818086,0.0005331340084765539,3.993574704101478e-12,1.3164115824105634e-13,3,0.5999999999999986,2.6645352591003757e-15,116.1132644766794,6.283185307179565,-0.046862249546593765,-0.4828890484559261
19.0,0.000716755098293323,0.0006218419222560909,-3.1227618681285123,0.018830785461280808,0.0011768435812785556,0.000543120923301132,3.996200102054613e-12,1.316093954379191e-13,3,0.5999999999999986,2.6645352591003757e-15,116.238928182823,6.283185307179565,-0.05632942475517269,0.18798199135546861
19.02,0.0007179577597928136,0.0006218739871466298,-3.1010348574130306,0.04055779617676247,0.0011809930132257835,0.0005537301721113906,3.998833235047837e-12,1.3302323473335106e-13,3,0.5999999999999986,2.6645352591003757e-15,116.3645918889666,6.283185307179565,-0.052643985100017165,0.18061111204515756
19.04,0.0007192030723007877,0.0006219030125410673,-3.079665227027903,0.0619274265618901,0.0011847187650141976,0.0005657399377210334,4.001546739333634e-12,1.395544800832054e-13,3,0.5999999999999986,2.6645352591003757e-15,116.4902555951102,6.283185307179565,-0.04910305360071056,0.17352924904654435
19.06,0.0007205357164667156,0.0006219383145359208,-3.0590030111074253,0.08258964248236778,0.0011878752101665403,0.0005789180539606353,4.00443834636663e-12,1.5065175888629658e-13,3,0.5999999999999986,2.6645352591003757e-15,116.6159193012538,6.283185307179565,-0.04570096401141496,0.16672506986795316
19.080000000000002,0.0007219923064386775,0.0006219935922063041,-3.039383474442089,0.102209179147704,0.0011903540141260335,0.0005930056109374715,4.007591344536479e-12,1.6544131727178985e-13,3,0.5999999999999986,2.6645352591003757e-15,116.7415830073974,6.283185307179565,-0.042432272262969695,0.16018768637106262
19.1,0.0007235987398761077,0.0006220844354374609,-3.021119916413376,0.12047273717641716,0.0011920914044279962,0.0006077279041258833,4.011068966236717e-12,1.8281627734929373e-13,3,0.5999999999999986,2.6645352591003757e-15,116.867246713541,6.283185307179565,-0.03929174775121913,0.1539066373475615
19.12,0.0007253689331678888,0.0006222255647648521,-3.00449768065799,0.13709497293180295,0.0011930719475905633,0.0006228059204005386,4.014910752122113e-12,2.015411117886525e-13,3,0.5999999999999986,2.6645352591003757e-15,116.99291041968459,6.283185307179565,-0.03627436496693019,0.14787187177898362
19.14,0.0007273049011250974,0.000622428304903225,-2.9897696246113297,0.15182302897846345,0.0011933287590638344,0.000637967124808904,4.019131038153387e-12,2.2035575413570266e-13,3,0.5999999999999986,2.6645352591003757e-15,117.11857412582819,6.283185307179565,-0.03337529545390534,0.14207373275293392
19.16,0.0007293979075298872,0.0006226986844343295,-2.9771531390677533,0.16443951452203986,0.0011929404262796142,0.000652954452836732,4.023719419243093e-12,2.3806648199580435e-13,3,0.5999999999999986,2.6645352591003757e-15,117.24423783197179,6.283185307179565,-0.0305899000824226,0.13650294200996843
19.18,0.0007316302845506437,0.0006230363818637273,-2.9668286333134013,0.17476402027639182,0.001192025192172964,0.000667532710304355,4.028642831827587e-12,2.536156538497047e-13,3,0.5999999999999986,2.6645352591003757e-15,117.36990153811539,6.283185307179565,-0.02791372162563821,0.13115058509639965
19.2,0.0007339775070613113,0.0006234345609511611,-2.9589392384643065,0.1826534151254866,0.0011907330915448616,0.0006814919817110012,4.033848795723502e-12,2.373708785184492e-13,3,0.5999999999999986,2.6645352591003757e-15,117.49556524425898,6.283185307179565,-0.025342477627072812,0.781298615756092
19.22,0.0007362754871684245,0.0006238628562172016,-2.953599748856695,0.18799290473309815,0.00118954634261965,0.0006937166975596003,4.038696637040934e-12,2.465152081915007e-13,3,0.5999999999999986,2.6645352591003757e-15,117.62122895040258,6.283185307179565,-0.010024899170417878,0.7506634588427822
19.240000000000002,0.000738629963823292,0.0006243194784768619,-2.9509379046941606,0.1906547488956325,0.0011884749428265648,0.0007050315871945741,4.043690277148848e-12,2.518491705970529e-13,3,0.5999999999999986,2.6645352591003757e-15,117.74689265654618,6.283185307179565,0.004692068444123343,0.7212295236136997
19.26,0.0007410074502622605,0.0006247867762043706,-2.950988236414941,0.190604417174852,0.0011876807788409787,0.0007152871253439595,4.0487500459633616e-12,2.5308652775838824e-13,3,0.5999999999999986,2.6645352591003757e-15,117.87255636268978,6.283185307179565,0.018831975504521314,0.6929497094929038
19.28,0.0007433737111308257,0.0006252458616419164,-2.9537463707337404,0.18784628285605276,0.0011873163735949635,0.0007243462863665361,4.053792946691714e-12,2.501803616994056e-13,3,0.5999999999999986,2.6645352591003757e-15,117.99822006883338,6.283185307179565,0.032417448878747035,0.6657787627444524
19.3,0.0007456950106926515,0.0006256785021110287,-2.9591695704977745,0.1824230830920186,0.0011875154738720467,0.0007320807590870681,4.058737418020298e-12,2.4332022612475005e-13,3,0.5999999999999986,2.6645352591003757e-15,118.12388377497697,6.283185307179565,0.04547022822258823,0.63967320405677
19.32,0.0007479394094302324,0.000626068948002476,-2.967177022988191,0.17441563060160226,0.0011883841627853451,0.0007383683048236968,4.063508022352909e-12,2.3292741010150395e-13,3,0.5999999999999986,2.6645352591003757e-15,118.24954748112057,6.283185307179565,0.058011200767736415,0.6145912589664736
19.34,0.0007500782487734686,0.0006264055246291621,-2.9776499986227556,0.16394265496703753,0.001189992913499252,0.0007430919742257506,4.068040007106438e-12,2.196460732188413e-13,3,0.5999999999999986,2.6645352591003757e-15,118.37521118726417,6.283185307179565,0.07006043474581403,0.5904927910103184
19.36,0.0007520878875777483,0.00062668180503894,-2.9904321493604473,0.1511605042293458,0.001192370111662839,0.0007461416362839555,4.072283614951977e-12,2.0432566421600299e-13,3,0.5999999999999986,2.6645352591003757e-15,118.50087489340777,6.283185307179565,0.08163721150182635,0.5673392374982937
19.38,0.0007539516365142017,0.0006268971806011312,-3.005330290785271,0.1362623628045223,0.0011954976636453592,0.0007474179363668735,4.076207913819237e-12,1.8798913680757422e-13,3,0.5999999999999986,2.6645352591003757e-15,118.62653859955137,6.283185307179565,0.09276005634842704,0.5450935478050923
19.400000000000002,0.0007556617001296635,0.0006270566779555489,-3.0221160025938936,0.11947665099589955,0.0011993093203158398,0.0007468384204445848,4.079803812654775e-12,1.7881970629769804e-13,3,0.5999999999999986,2.6645352591003757e-15,118.75220230569496,6.283185307179565,0.10344676821037085,0.2710130675628565
19.42,0.000757253614987962,0.000627161719361488,-3.040513565507057,0.10107908808273613,0.0012034398258835637,0.0007446894157135207,4.083211924408708e-12,1.6246326986900873e-13,3,0.5999999999999986,2.6645352591003757e-15,118.87786601183856,6.283185307179565,0.10876005539846531,0.26038649318666757
19.44,0.0007587014739760246,0.0006272302144602708,-3.0602433474919972,0.08134930609779589,0.0012080142109385564,0.0007406061691188061,4.086314721893944e-12,1.4857452486341562e-13,3,0.5999999999999986,2.6645352591003757e-15,119.00352971798216,6.283185307179565,0.11386500561596982,0.25017659275165854
19.46,0.000760030545256963,0.0006272762475161249,-3.0809952261342333,0.06059742745555985,0.0012128575221635573,0.0007346042466060758,4.089172624801124e-12,1.3821537123319513e-13,3,0.5999999999999986,2.6645352591003757e-15,119.12919342412576,6.283185307179565,0.1187697878723465,0.24036702823890518
19.48,0.0007612764061316394,0.0006273121795068316,-3.102439622319939,0.03915303126985403,0.0012177717949692773,0.000726743780912905,4.091865258731e-12,1.3222097227637664e-13,3,0.5999999999999986,2.6645352591003757e-15,119.25485713026936,6.283185307179565,0.12348225086561493,0.23094210225236833
19.5,0.0007624823547778597,0.0006273463354906729,-3.124234106900749,0.01735854668904402,0.0012225492515684638,0.0007171327200837757,4.0944860260293475e-12,1.311158643837815e-13,3,0.5999999999999986,2.6645352591003757e-15,119.38052083641296,6.283185307179565,0.12800993554194337,0.22188673289971145
19.52,0.0007636957471645607,0.0006273814159916983,-3.146030600709559,-0.0044379471197659726,0.0012269865852164333,0.0007059267299661308,4.097135254250523e-12,1.3505868121276943e-13,3,0.5999999999999986,2.6645352591003757e-15,119.50618454255655,6.283185307179565,0.13236008716277153,0.21318642965805512
19.54,0.0007649637401810299,0.0006274139685557879,-3.167482784704585,-0.02589013111479188,0.001230899084364711,0.0006933254737223625,4.099912605068614e-12,1.4382514672108665e-13,3,0.5999999999999986,2.6645352591003757e-15,119.63184824870015,6.283185307179565,0.13653966689877461,0.20482727018604896
19.56,0.0007663290621849047,0.000627435035011294,-3.1882533209537365,-0.046660667363943364,0.001234133357331771,0.000679565481484481,4.102909557906978e-12,1.5683237027000898e-13,3,0.5999999999999986,2.6645352591003757e-15,119.75751195484375,6.283185307179565,0.14055536296922141,0.19679587804515536
19.580000000000002,0.000767826425240434,0.0006274318361823764,-3.2080205094428913,-0.06642785585309818,0.001236577585314369,0.0006649102853305774,4.1062027680874095e-12,1.7320000801267941e-13,3,0.5999999999999986,2.6645352591003757e-15,119.88317566098735,6.283185307179565,0.1444136013445522,0.1890794012944938
19.6,0.0007694800416530225,0.0006273901421703491,-3.226484065566895,-0.08489141197710204,0.0012381685282344304,0.0006496388556793369,4.10984894238645e-12,1.6843876341004663e-13,3,0.5999999999999986,2.6645352591003757e-15,120.00883936713095,6.283185307179565,0.14812055602930224,-0.6358067599670126
19.62,0.0007711807813156173,0.0006272800383843776,-3.2433731146439193,-0.10178046105412619,0.0012387817521672172,0.0006352855510413034,4.113386196251075e-12,1.8559015690132267e-13,3,0.5999999999999986,2.6645352591003757e-15,120.13450307327454,6.283185307179565,0.13565538620477685,-0.6108764203179619
19.64,0.0007730427605792176,0.0006271208993308775,-3.258388156372536,-0.11679550278274275,0.0012388007274239047,0.0006208160622437685,4.117275411376453e-12,2.0331702415943648e-13,3,0.5999999999999986,2.6645352591003757e-15,120.26016677941814,6.283185307179565,0.12367898268013261,-0.5869236132686734
19.66,0.0007750601892701988,0.0006269067389073851,-3.2713021172117744,-0.12970946362198132,0.0012382991610300732,0.0006064804811388329,4.12151555162643e-12,2.2038653159490978e-13,3,0.5999999999999986,2.6645352591003757e-15,120.38583048556174,6.283185307179565,0.1121721806546278,-0.5639100092176638
19.68,0.0007772177363248417,0.0006266369264086547,-3.281923631400509,-0.14033097781071602,0.0012373867153506958,0.0005925098504304683,4.126081972070306e-12,2.356870624531044e-13,3,0.5999999999999986,2.6645352591003757e-15,120.51149419170534,6.283185307179565,0.10111656679010622,-0.5417987814886206
19.7,0.000779492514997599,0.0006263165887547759,-3.2900985925841244,-0.1485059389943313,0.0012362020828794557,0.0005791129498906693,4.130929442667123e-12,2.4828245233714725e-13,3,0.5999999999999986,2.6645352591003757e-15,120.63715789784894,6.283185307179565,0.09049444974572785,-0.5205545473998638
19.72,0.0007818560989933905,0.000625956222172568,-3.2957106530857176,-0.15411799949592453,0.001234904603619259,0.0005664757869492856,4.135996034539495e-12,2.5744482288045456e-13,3,0.5999999999999986,2.6645352591003757e-15,120.76282160399253,6.283185307179565,0.08028883186804925,-0.5001433116445066
19.740000000000002,0.0007842763481665188,0.0006255706540291782,-3.2986810545990544,-0.15708840100926125,0.0012336649860298324,0.0005547634175170027,4.141207480971719e-12,2.62670677231696e-13,3,0.5999999999999986,2.6645352591003757e-15,120.88848531013613,6.283185307179565,0.07048338199115148,-0.4805324118907111
19.76,0.000786718963335888,0.0006251775363763073,-3.298968208853769,-0.15737555526397573,0.0012326555903155849,0.0005441234162446818,4.146481739121654e-12,2.6368645054634046e-13,3,0.5999999999999986,2.6645352591003757e-15,121.01414901627973,6.283185307179565,0.061062409303290655,-0.46169046651498946
19.78,0.0007891488155499485,0.00062479555639511,-3.296567391317222,-0.1549747377274291,0.0012320406278922154,0.0005346901194586946,4.151733602005518e-12,2.60449205243244e-13,3,0.5999999999999986,2.6645352591003757e-15,121.13981272242333,6.283185307179565,0.052010838238251506,-0.44358732438491116
19.8,0.000791531181501382,0.0006244425382607613,-3.2915107769535257,-0.14991812336373256,0.0012319665695794694,0.000526588691332353,4.156879306129344e-12,2.418205702573112e-13,3,0.5999999999999986,2.6645352591003757e-15,121.26547642856693,6.283185307179565,0.04331418435122514,-0.6863008621573805
19.82,0.0007937803839463516,0.0006241364029001158,-3.283839314407213,-0.14224666081742,0.0012327909901902803,0.0005202835598807114,4.161622777568824e-12,2.317097773902821e-13,3,0.5999999999999986,2.6645352591003757e-15,121.39114013471053,6.283185307179565,0.029859063493507643,-0.6593906204419455
19.84,0.0007959231231240845,0.0006238821431666162,-3.273671015227038,-0.13207836163724496,0.0012343773680863791,0.0005155364055915425,4.166133089190056e-12,2.1869063760672926e-13,3,0.5999999999999986,2.6645352591003757e-15,121.51680384085412,6.283185307179565,0.016931525470894493,-0.6335355443967192
19.86,0.0007979352054844636,0.0006236847388920056,-3.2611576448236343,-0.11956499123384123,0.0012367552366022948,0.0005124600386606016,4.170360029785918e-12,2.036081596228368e-13,3,0.5999999999999986,2.6645352591003757e-15,121.64246754699772,6.283185307179565,0.00451088346452766,-0.6086942603839856
19.88,0.00079979958519731,0.0006235434560043619,-3.246489940405793,-0.10489728681600008,0.0012399072968609641,0.0005111566301846234,4.174272176327748e-12,1.8748597342811037e-13,3,0.5999999999999986,2.6645352591003757e-15,121.76813125314132,6.283185307179565,-0.0074227382026813005,-0.5848270170495676
19.900000000000002,0.0008015083623649688,0.0006234521144186667,-3.2298962307184964,-0.08830357712870329,0.0012437675301113051,0.000511711428937543,4.177860007956412e-12,1.7147524427216468e-13,3,0.5999999999999986,2.6645352591003757e-15,121.89379495928492,6.283185307179565,-0.01888843587137501,-0.5618956217121802
19.92,0.0008030644464735362,0.0006234001953049384,-3.211639846439592,-0.07004719284979899,0.0012482225887352444,0.0005141849239956735,4.181137786651469e-12,1.5678252845876388e-13,3,0.5999999999999986,2.6645352591003757e-15,122.01945866542852,6.283185307179565,-0.02990455710396933,-0.5398633792469916
19.94,0.000804482494902646,0.0006233747146384168,-3.192015168544113,-0.05042251495431982,0.0012531167829658507,0.0005186044273032407,4.1841437997454155e-12,1.4457946752803583e-13,3,0.5999999999999986,2.6645352591003757e-15,122.14512237157211,6.283185307179565,-0.04048873004466763,-0.518695033365595
19.96,0.0008057887637025064,0.0006233626207156115,-3.1713423277055175,-0.029749674115724378,0.0012582606217825872,0.0005249562566056672,4.186938668618336e-12,1.359023232303548e-13,3,0.5999999999999986,2.6645352591003757e-15,122.27078607771571,6.283185307179565,-0.05065789162825235,-0.49835671019842553
19.98,0.0008070196459396446,0.0006233533197248573,-3.149960729390028,-0.008368075800234909,0.0012634424463180136,0.0005331797328429277,4.189601634876581e-12,1.3155366605645633e-13,3,0.5999999999999986,2.6645352591003757e-15,122.39644978385931,6.283185307179565,-0.060428314682794054,-0.4788158640893421
20.0,0.0008082189043322452,0.0006233408491782776,-3.128221712807598,0.013370940782194918,0.0012684422896887826,0.0005431640442554316,4.192225009763918e-12,1.3151155304799203e-13,3,0.5999999999999986,2.6645352591003757e-15,122.52211349000291,6.283185307179565,-0.0698156339696481,0.19311503106807587
20.02,0.0008094224196384732,0.0006233669115333953,-3.1064822316463654,0.03511042194342773,0.0012725713718814956,0.0005537684306900346,4.1948558608239804e-12,1.328923415315856e-13,3,0.5999999999999986,2.6645352591003757e-15,122.6477771961465,6.283185307179565,-0.0660295596315002,0.18554288239178007
20.04,0.0008106683114759945,0.0006233904568279566,-3.0850987035251283,0.056493950064664844,0.0012762760462482245,0.0005657721684166916,4.197566403862053e-12,1.393891071062551e-13,3,0.5999999999999986,2.6645352591003757e-15,122.7734409022901,6.283185307179565,-0.06239193939156208,0.17826764191190383
20.06,0.0008120012417206127,0.0006234204493251081,-3.064419656226518,0.0771729973632751,0.0012794111836286805,0.0005789434902566859,4.200454360048693e-12,1.5045250985085394e-13,3,0.5999999999999986,2.6645352591003757e-15,122.8991046084337,6.283185307179565,-0.058896952281382794,0.17127766769154526
20.080000000000002,0.0008134578640264278,0.0006234702405215741,-3.044779109224649,0.09681354436514411,0.0012818688628867454,0.0005930239469808223,4.203603055268092e-12,1.6521143391200292e-13,3,0.5999999999999986,2.6645352591003757e-15,123.0247683145773,6.283185307179565,-0.05553900557594904,0.16456177428067775
20.1,0.0008150641654534025,0.0006235551096100992,-3.0264894578287698,0.11510319576102335,0.0012835856233010586,0.0006077393117199193,4.2070758147921e-12,1.8256177978288068e-13,3,0.5999999999999986,2.6645352591003757e-15,123.1504320207209,6.283185307179565,-0.05231272584413195,0.15810921481704357
20.12,0.0008168341846217606,0.0006236895285878285,-3.009835529714506,0.13175712387528726,0.0012845462400674931,0.0006228110236897733,4.210912325517649e-12,2.0127046747339142e-13,3,0.5999999999999986,2.6645352591003757e-15,123.2760957268645,6.283185307179565,-0.049212950350050896,0.15190966382888146
20.14,0.0008187700697171745,0.0006238846506471759,-2.9950700663951246,0.14652258719466849,0.0012847839476976671,0.0006379669407057978,4.215127112242717e-12,2.200791638552858e-13,3,0.5999999999999986,2.6645352591003757e-15,123.4017594330081,6.283185307179565,-0.04623471879159466,0.145953200711969
20.16,0.000820863207298198,0.0006241464138697704,-2.9824107230724874,0.15918193051730567,0.0012843773873698484,0.0006529503086779878,4.2197099842867325e-12,2.3779493325245796e-13,3,0.5999999999999986,2.6645352591003757e-15,123.5274231391517,6.283185307179565,-0.043373265362879734,0.14023029385453914
20.18,0.0008230960237609066,0.0006244744822510607,-2.972038509406827,0.16955414418296622,0.0012834448204307207,0.0006675261509065872,4.224628098077492e-12,2.5335990984890203e-13,3,0.5999999999999986,2.6645352591003757e-15,123.65308684529529,6.283185307179565,-0.040624011127944226,0.13473178538466812
20.2,0.0008254440478334169,0.0006248620701209245,-2.9640974326000897,0.17749522098970338,0.0012821362953335678,0.0006814846762235116,4.2298291792916944e-12,2.3711434784050943e-13,3,0.5999999999999986,2.6645352591003757e-15,123.77875055143889,6.283185307179565,-0.03798255669347339,0.7859459973457603
20.22,0.0008277429369250474,0.0006252794704571122,-2.9587072027661048,0.18288545082368834,0.0012809358607261214,0.0006937084041135099,4.234672094859601e-12,2.4628100006545744e-13,3,0.5999999999999986,2.6645352591003757e-15,123.90441425758249,6.283185307179565,-0.022573865017516404,0.7551286139938463
20.240000000000002,0.0008300986036191639,0.0006257245238866129,-2.955992936115194,0.18559971747459914,0.0012798520125300568,0.0007050238529268832,4.239661323858657e-12,2.5164355784682094e-13,3,0.5999999999999986,2.6645352591003757e-15,124.03007796372609,6.283185307179565,-0.007769356784102621,0.7255195975270188
20.26,0.0008324775044634477,0.0006261797415580874,-2.9559904437339743,0.18560220985581877,0.001279046740731035,0.0007152813802743585,4.244717299161092e-12,2.5291348405156443e-13,3,0.5999999999999986,2.6645352591003757e-15,124.15574166986968,6.283185307179565,0.006454658378404976,0.6970715672020036
20.28,0.0008348453184897966,0.0006266264197251723,-2.958696641132656,0.18289601245713705,0.0012786727243659316,0.0007243437844673774,4.249757079626779e-12,2.5004149275583267e-13,3,0.5999999999999986,2.6645352591003757e-15,124.28140537601328,6.283185307179565,0.020120941928884806,0.6697390001010439
20.3,0.000837168205941098,0.0006270465236583373,-2.964070019343999,0.1775226342457943,0.0012788639149276932,0.0007320825287260324,4.254699113390435e-12,2.432149423563117e-13,3,0.5999999999999986,2.6645352591003757e-15,124.40706908215688,6.283185307179565,0.033251362836646925,0.6434781582855197
20.32,0.0008394141166996712,0.0006274245096889692,-2.9720308683340058,0.16956178525578736,0.0012797266357428816,0.0007383751076193687,4.259467931762893e-12,2.328533120228683e-13,3,0.5999999999999986,2.6645352591003757e-15,124.53273278830048,6.283185307179565,0.04586693257644964,0.6182470188059143
20.34,0.0008415542873322182,0.0006277489112727957,-2.9824613745022845,0.15913127908750857,0.001281331614736645,0.0007431042726309778,4.263998720088539e-12,2.1959951085596398e-13,3,0.5999999999999986,2.6645352591003757e-15,124.65839649444408,6.283185307179565,0.05798783875134167,0.5940052064561302
20.36,0.0008435649895961941,0.0006280135048063418,-2.9952058628895863,0.14638679070020677,0.00128370747992714,0.0007461595718345908,4.2682416405279796e-12,2.043024154215497e-13,3,0.5999999999999986,2.6645352591003757e-15,124.78406020058767,6.283185307179565,0.06963347739713416,0.5707139291645452
20.38,0.0008454294755861435,0.0006282178709239282,-3.0100715314034554,0.1315211221863377,0.0012868363376154527,0.0007474413219242331,4.272165676262899e-12,1.8798512632450534e-13,3,0.5999999999999986,2.6645352591003757e-15,124.90972390673127,6.283185307179565,0.0808224840201957,0.5483359159184221
20.400000000000002,0.0008471399279454726,0.0006283671994053586,-3.026830016837903,0.11476263675189013,0.0012906520668530576,0.0007468667503982808,4.27576166130714e-12,1.787854515869283e-13,3,0.5999999999999986,2.6645352591003757e-15,125.03538761287487,6.283185307179565,0.09157276341823867,0.2759050201710832
20.42,0.0008487316931165979,0.0006284627717084831,-3.0452045982700318,0.09638805531976136,0.0012947906758995977,0.000744719836112683,4.2791693324464906e-12,1.624530217399016e-13,3,0.5999999999999986,2.6645352591003757e-15,125.16105131901847,6.283185307179565,0.09698195870903756,0.2650866295894854
20.44,0.0008501791556642901,0.0006285228709860419,-3.064916002412916,0.07667665117687728,0.0012993757399389595,0.0007406376493511061,4.2822721556568226e-12,1.4858728516714572e-13,3,0.5999999999999986,2.6645352591003757e-15,125.28671502516207,6.283185307179565,0.10217905641874961,0.2546924341700613
20.46,0.0008515076749807132,0.0006285615812625189,-3.0856531784130055,0.055939475176787656,0.0013042320346141468,0.0007346355784638216,4.285130545478049e-12,1.3825155877818344e-13,3,0.5999999999999986,2.6645352591003757e-15,125.41237873130567,6.283185307179565,0.10717237301248367,0.2447058009825932
20.48,0.000852752937353639,0.0006285911855347491,-3.1070853846848965,0.03450726890489664,0.001309161232250148,0.0007267736848528425,4.287824147308759e-12,1.3228200614175833e-13,3,0.5999999999999986,2.6645352591003757e-15,125.53804243744926,6.283185307179565,0.1119698988620874,0.23511074928338574
20.5,0.0008539583492602313,0.0006286198534926628,-3.128868876727771,0.012723776862022085,0.001313955126321502,0.0007171599616240832,4.290446397019146e-12,1.312034840323107e-13,3,0.5999999999999986,2.6645352591003757e-15,125.66370614359286,6.283185307179565,0.11657931103244694,0.22589192494266666
20.52,0.000855171355125919,0.0006286500629566743,-3.150654202465214,-0.0090615488754211,0.0013184099508348605,0.0007059502348216065,4.293097654095548e-12,1.351741325103199e-13,3,0.5999999999999986,2.6645352591003757e-15,125.78936984973646,6.283185307179565,0.12100798556642858,0.21703457587470337
20.54,0.0008564391645185698,0.0006286780907387778,-3.1720937124305153,-0.030501058840722184,0.0013223405427775275,0.0006933444294444772,4.295877594134254e-12,1.4396839598942543e-13,3,0.5999999999999986,2.6645352591003757e-15,125.91503355588006,6.283185307179565,0.12526300928812098,0.20852452843131858
20.56,0.0008578045134243924,0.0006286946858504122,-3.192848875355588,-0.05125622176579503,0.0013255931020127046,0.0006795794146629897,4.298877678249977e-12,1.5700150391555734e-13,3,0.5999999999999986,2.6645352591003757e-15,126.04069726202366,6.283185307179565,0.12935119114326565,0.20034816472102923
20.580000000000002,0.0008593020758231478,0.0006286867826038302,-3.212597014895777,-0.07100436130598409,0.0013280554709269052,0.0006649191067229832,4.302174502022506e-12,1.733909344045999e-13,3,0.5999999999999986,2.6645352591003757e-15,126.16636096816725,6.283185307179565,0.1332790730950228,0.19249240081751495
20.6,0.0008609559880675318,0.0006286398970444818,-3.231037145388814,-0.08944449179902092,0.0013296641546646877,0.0006496428703186403,4.305824668589394e-12,1.6862204188537575e-13,3,0.5999999999999986,2.6645352591003757e-15,126.29202467431085,6.283185307179565,0.13705294059250805,-0.6318838483810998
20.62,0.0008626568591345413,0.0006285240435677089,-3.247900921808827,-0.10630826821903394,0.0013302933461463834,0.0006352847896398459,4.309365755588462e-12,1.8578852672767585e-13,3,0.5999999999999986,2.6645352591003757e-15,126.41768838045445,6.283185307179565,0.12466468054970242,-0.6071073282954885
20.64,0.0008645189389634791,0.0006283584574221091,-3.262886091029443,-0.12129343743964993,0.001330327564477646,0.0006208113446928175,4.313259035594942e-12,2.0352317088090567e-13,3,0.5999999999999986,2.6645352591003757e-15,126.54335208659805,6.283185307179565,0.11276217113110204,-0.5833023094582878
20.66,0.0008665363467607007,0.0006281370596830485,-3.2757657111768186,-0.13417305758702547,0.0013298404556741858,0.0006064728769237227,4.317503315667905e-12,2.2059227102383107e-13,3,0.5999999999999986,2.6645352591003757e-15,126.66901579274165,6.283185307179565,0.10132636578229975,-0.5604306987606832
20.68,0.000868693677798527,0.0006278591923482854,-3.2863488462007053,-0.14475619261091222,0.0013289416570587279,0.0005925006046791962,4.322073784172709e-12,2.358841040350315e-13,3,0.5999999999999986,2.6645352591003757e-15,126.79467949888524,6.283185307179565,0.09033896477496883,-0.5384558967460213
20.7,0.0008709679995636652,0.0006275300129644293,-3.2944820707228013,-0.1528894171330082,0.0013277698461421307,0.000579103406254292,4.326925049964634e-12,2.484631554782683e-13,3,0.5999999999999986,2.6645352591003757e-15,126.92034320502884,6.283185307179565,0.0797823859233937,-0.5173427390428711
20.72,0.0008733308735460521,0.0006271600957484658,-3.300049912773432,-0.15845725918363884,0.0013264843344278168,0.0005664673140046149,4.331995042894699e-12,2.5760284261561757e-13,3,0.5999999999999986,2.6645352591003757e-15,127.04600691117244,6.283185307179565,0.06963973644922156,-0.4970574400945268
20.740000000000002,0.000875750181459932,0.0006267643823799915,-3.302974624297446,-0.16138197070765292,0.001325255769778089,0.0005547573424594878,4.337209386080287e-12,2.62801434548258e-13,3,0.5999999999999986,2.6645352591003757e-15,127.17167061731604,6.283185307179565,0.05989478594941311,-0.4775675390949099
20.76,0.0008781916763551189,0.0006263606657115962,-3.303215702036441,-0.1616230484466481,0.001324256407724542,0.0005441209669871087,4.342485965017677e-12,2.637873986156038e-13,3,0.5999999999999986,2.6645352591003757e-15,127.29733432345964,6.283185307179565,0.050531940424134975,-0.45884184804435363
20.78,0.0008806203051337819,0.0006259677923306215,-3.300769523591414,-0.15917687000162095,0.0013236503063602113,0.0005346923744877546,4.347739542797569e-12,2.6051988717351914e-13,3,0.5999999999999986,2.6645352591003757e-15,127.42299802960324,6.283185307179565,0.04153621732303317,-0.44085040184215
20.8,0.0008830014352613428,0.0006256037583899797,-3.295669327606178,-0.1540766740163848,0.001323583737631746,0.0005265965360572324,4.352886366857243e-12,2.419325486248008e-13,3,0.5999999999999986,2.6645352591003757e-15,127.54866173574683,6.283185307179565,0.032893221569956,-0.6820931392054512
20.82,0.0008852498546401437,0.0006252869239571097,-3.287958431620204,-0.14636577803041106,0.0013244121462712023,0.0005202952828568636,4.357631790060254e-12,2.3179359266967503e-13,3,0.5999999999999986,2.6645352591003757e-15,127.67432544189043,6.283185307179565,0.01952059430065689,-0.655347884666853
20.84,0.0008873919575454447,0.0006250222256529588,-3.2777542824897368,-0.13616162889994365,0.0013260005658827323,0.0005155523735766654,4.362143517203945e-12,2.1874918708313956e-13,3,0.5999999999999986,2.6645352591003757e-15,127.79998914803403,6.283185307179565,0.006672315246593952,-0.6296513265587271
20.86,0.0008894036167323958,0.0006248148215301814,-3.2652092214623174,-0.12361656787252429,0.001328378368430644,0.0005124803096200499,4.3663714012928e-12,2.0364481058265737e-13,3,0.5999999999999986,2.6645352591003757e-15,127.92565285417763,6.283185307179565,-0.00567217557983174,-0.6049623449058757
20.88,0.0008912678280906813,0.0006246641423617177,-3.250514310990842,-0.10892165740104875,0.001331528130210891,0.0005111809491529135,4.370284086607109e-12,1.8750393464113623e-13,3,0.5999999999999986,2.6645352591003757e-15,128.05131656032123,6.283185307179565,-0.017532631997574266,-0.5812414320703907
20.900000000000002,0.0008929767021305685,0.0006245641488972865,-3.233897923689376,-0.09230527009958278,0.001335383768702753,0.0005117392419414215,4.373872110430513e-12,1.7147699261330823e-13,3,0.5999999999999986,2.6645352591003757e-15,128.17698026646482,6.283185307179565,-0.028928033267267728,-0.5584506295310038
20.92,0.0008945331244074518,0.0006245044266791016,-3.215623138823425,-0.07403048523363198,0.0013398319533483127,0.0005142154128270324,4.377149773555332e-12,1.567693908433114e-13,3,0.5999999999999986,2.6645352591003757e-15,128.30264397260842,6.283185307179565,-0.039876614462092175,-0.5365534671413549
20.94,0.0008959516959791795,0.0006244720467468408,-3.1959837981367363,-0.05439114454694316,0.0013447171035697082,0.0005186365661078359,4.3801553766953466e-12,1.445514478853621e-13,3,0.5999999999999986,2.6645352591003757e-15,128.42830767875202,6.283185307179565,-0.050395895647781186,-0.5155149047699769
20.96,0.0008972585917515447,0.0006244539522340253,-3.1752992364323176,-0.03370658284252448,0.0013498499298179372,0.0005249888885113336,4.38294952863247e-12,1.3585822741302034e-13,3,0.5999999999999986,2.6645352591003757e-15,128.55397138489562,6.283185307179565,-0.06050270991846493,-0.49530127622860937
20.98,0.0008984901115253583,0.0006244394777060653,-3.1539078607819127,-0.012315207192119537,0.001355019055121975,0.000533211661676267,4.385611437915039e-12,1.3149151926462915e-13,3,0.5999999999999986,2.6645352591003757e-15,128.67963509103922,6.283185307179565,-0.07021323033321186,-0.4758802353991155
21.0,0.0008996899286016385,0.0006244225234853244,-3.132159882350268,0.009432771239525017,0.0013600048523884835,0.0005431941334707328,4.388233373088838e-12,1.3144196693718216e-13,3,0.5999999999999986,2.6645352591003757e-15,128.80529879718281,6.283185307179565,-0.07954299579637375,0.19681707655084757
21.02,0.0009008940316359979,0.0006244442431328976,-3.1104113413246193,0.031181312265173844,0.001364119303062079,0.0005537950601329518,4.390862598639006e-12,1.3279900941226751e-13,3,0.5999999999999986,2.6645352591003757e-15,128.9309625033264,6.283185307179565,-0.07568434181839431,0.1890997685948887
21.04,0.0009021403189987261,0.0006244638216320957,-3.0890177352897275,0.052574918300065665,0.0013678088185543932,0.0005657945151180687,4.3935710289581485e-12,1.3927108398496893e-13,3,0.5999999999999986,2.6645352591003757e-15,129.05662620947,6.283185307179565,-0.07197698782700857,0.1816850606121172
21.06,0.0009034734380574637,0.0006244899702648427,-3.068326509273525,0.0732661443162681,0.0013709286286468652,0.0005789610159139645,4.396456379281298e-12,1.5031029182568763e-13,3,0.5999999999999986,2.6645352591003757e-15,129.1822899156136,6.283185307179565,-0.06841500126488592,0.1745610874878719
21.080000000000002,0.0009049300696131425,0.0006245357903614761,-3.048670786651704,0.0929218669380889,0.0013733711108998997,0.0005930364424878721,4.399602003455603e-12,1.6504738985071575e-13,3,0.5999999999999986,2.6645352591003757e-15,129.3079536217572,6.283185307179565,-0.064992682193596,0.16771644934529206
21.1,0.0009065362636435724,0.0006246163372284173,-3.030362310857366,0.11123034273242727,0.0013750730301467294,0.0006077469097546614,4.4030712940539984e-12,1.823802528975549e-13,3,0.5999999999999986,2.6645352591003757e-15,129.4336173279008,6.283185307179565,-0.06170455417249106,0.16114019330308219
21.12,0.0009083061453417097,0.0006247459034854142,-3.013685535758643,0.12790711783115016,0.0013760193128706391,0.0006228141809647709,4.4069040432106934e-12,2.0107754136373126e-13,3,0.5999999999999986,2.6645352591003757e-15,129.5592810340444,6.283185307179565,-0.0585453554952326,0.15482179594856527
21.14,0.0009102419576543256,0.0006249355182492215,-2.998893116065161,0.14269953752463227,0.0013762432801610724,0.0006379663955632876,4.411114911258398e-12,2.1988215501911266e-13,3,0.5999999999999986,2.6645352591003757e-15,129.684944740188,6.283185307179565,-0.055510030769938684,0.14875114649797744
21.16,0.0009123351745349907,0.0006251910538364997,-2.986202893493356,0.1553897600964369,0.00137582361246604,0.0006529470222004422,4.415693861229948e-12,2.3760171643452926e-13,3,0.5999999999999986,2.6645352591003757e-15,129.8106084463316,6.283185307179565,-0.05259372282947837,0.1429185306170568
21.18,0.0009145682895244829,0.0006255121632907534,-2.9757963061533452,0.1657963474364479,0.0013748785846362116,0.0006675212402398457,4.420608207184934e-12,2.5317819579665916e-13,3,0.5999999999999986,2.6645352591003757e-15,129.9362721524752,6.283185307179565,-0.04979176495896803,0.13731461487603613
21.2,0.0009169168697199067,0.0006258920970476535,-2.9678179887666816,0.17377466482311155,0.0013735582548929331,0.0006814793475746279,4.42580582224917e-12,2.369318740773124e-13,3,0.5999999999999986,2.6645352591003757e-15,130.0619358586188,6.283185307179565,-0.04709967342803195,0.7892980061485101
21.22,0.0009192163896837897,0.0006263016246437312,-2.9623912001296695,0.17920145346012362,0.0013723479930597903,0.0006937024774167906,4.430645236260443e-12,2.4611463172858886e-13,3,0.5999999999999986,2.6645352591003757e-15,130.1875995647624,6.283185307179565,-0.031625264679513876,0.7583491886514739
21.240000000000002,0.000921572886536232,0.0006267383184012697,-2.959639158100841,0.18195349548895212,0.001371255209590714,0.0007050184438079049,4.435631334577781e-12,2.5149777911919745e-13,3,0.5999999999999986,2.6645352591003757e-15,130.313263270906,6.283185307179565,-0.016757616176811374,0.7286138916460689
21.26,0.0009239527762456136,0.0006271848068922219,-2.9595985958546307,0.18199405773516242,0.0013704419685844347,0.0007152775188365291,4.440684623583887e-12,2.5279112605332764e-13,3,0.5999999999999986,2.6645352591003757e-15,130.4389269770496,6.283185307179565,-0.0024729365103859924,0.7000445323132182
21.28,0.0009263216765502018,0.0006276225193674258,-2.9622673580807963,0.17932529550899678,0.0013700610612590578,0.0007243423725532282,4.445722201621436e-12,2.499436824265667e-13,3,0.5999999999999986,2.6645352591003757e-15,130.5645906831932,6.283185307179565,0.011251632854789473,0.6725953935828672
21.3,0.0009286456732165828,0.0006280335642886096,-2.967604822427317,0.17398783116247607,0.0013702465864109535,0.0007320843039079671,4.450662523041451e-12,2.431412255121529e-13,3,0.5999999999999986,2.6645352591003757e-15,130.6902543893368,6.283185307179565,0.024438054157763567,0.646222550976919
21.32,0.0009308926369609802,0.000628402547033187,-2.9755320759153165,0.16606057767447657,0.0013711050403983705,0.0007383806132702656,4.4554300961658694e-12,2.328019306361126e-13,3,0.5999999999999986,2.6645352591003757e-15,130.81591809548038,6.283185307179565,0.03710742848587428,0.6208838023206976
21.34,0.0009330337293537348,0.0006287181517318967,-2.9859319679932876,0.15566068559650548,0.0013727073348149335,0.0007431138343429267,4.4599600610392806e-12,2.195678071160834e-13,3,0.5999999999999986,2.6645352591003757e-15,130.94158180162398,6.283185307179565,0.04928002954099059,0.596538600210465
21.36,0.0009350451599883749,0.0006289743019940542,-2.99864931182145,0.14294334176834322,0.0013750822725426479,0.000746173281623657,4.464202521284066e-12,2.0428732308749542e-13,3,0.5999999999999986,2.6645352591003757e-15,131.06724550776758,6.283185307179565,0.06097533608176081,0.5731479871289246
21.38,0.0009369101393802546,0.000629170715464885,-3.0134915835379057,0.12810107005188742,0.0013782121042285253,0.0007474590326597861,4.4681263986044415e-12,1.8798369285042426e-13,3,0.5999999999999986,2.6645352591003757e-15,131.19290921391118,6.283185307179565,0.07221206309378192,0.5506745331048823
21.400000000000002,0.0009386208350546145,0.0006293127000123062,-3.030230462979322,0.11136219061047115,0.0013820308015490097,0.0007468880833480301,4.471722472812976e-12,1.7876204880202047e-13,3,0.5999999999999986,2.6645352591003757e-15,131.31857292005478,6.283185307179565,0.0830081917375694,0.2794323789667458
21.42,0.0009402124556214052,0.0006294014382546075,-3.048588512398466,0.09300414119132716,0.001386175289152254,0.000744742719106043,4.475129849948731e-12,1.6244671321819038e-13,3,0.5999999999999986,2.6645352591003757e-15,131.44423662619838,6.283185307179565,0.08848654188671273,0.2684756786684591
21.44,0.0009416595982627338,0.0006294554804371064,-3.0682867103723765,0.07330594321741657,0.001390768087796104,0.0007406613221413578,4.478232711432574e-12,1.4859738921292378e-13,3,0.5999999999999986,2.6645352591003757e-15,131.56990033234197,6.283185307179565,0.0937500828539882,0.2579485967339082
21.46,0.00094298768881588,0.0006294889103239503,-3.08901333499537,0.052579318594423,0.0013956337776080093,0.0007346591524230731,4.48109146902172e-12,1.382784318829646e-13,3,0.5999999999999986,2.6645352591003757e-15,131.69556403848557,6.283185307179565,0.09880723742789208,0.24783428758610043
21.48,0.0009442324926769559,0.0006295139543874742,-3.1104368037443644,0.03115584984542874,0.0014005737689576222,0.0007267962203268284,4.4837857836188114e-12,1.3232673848885912e-13,3,0.5999999999999986,2.6645352591003757e-15,131.82122774462917,6.283185307179565,0.1036660981346598,0.238116566172565
21.5,0.000945437494712975,0.000629538669809462,-3.1322124202040103,0.009380233385782866,0.0014053795460284126,0.0007171805525632145,4.486409116680979e-12,1.312674022916469e-13,3,0.5999999999999986,2.6645352591003757e-15,131.94689145077277,6.283185307179565,0.10833444018803441,0.22877988206581576
21.52,0.0009466502031348974,0.0006295653732264115,-3.153989738668627,-0.012397085078833747,0.0014098470116247932,0.0007059680923769154,4.489061852158397e-12,1.3525820428228232e-13,3,0.5999999999999986,2.6645352591003757e-15,132.07255515691637,6.283185307179565,0.11281973393126742,0.21980929457934975
21.54,0.0009479178651589562,0.0006295901455987792,-3.1754201470300174,-0.03382749344022429,0.001413790677303572,0.0006933589556341695,4.4918436769745335e-12,1.4407265463888754e-13,3,0.5999999999999986,2.6645352591003757e-15,132.19821886305996,6.283185307179565,0.11712915679126167,0.21119044885936125
21.56,0.0009492832216037288,0.0006296035242274745,-3.196164251083999,-0.054571597494205815,0.0014170564486996886,0.000679590258181415,4.494846040027409e-12,1.5712460923352405e-13,3,0.5999999999999986,2.6645352591003757e-15,132.32388256920356,6.283185307179565,0.12126960476398575,0.20290955291391308
21.580000000000002,0.000950780918049568,0.0006295922364108132,-3.2158986692293485,-0.07430601563955541,0.001419531924361077,0.0006649261953946043,4.498145494402689e-12,1.7352995448763773e-13,3,0.5999999999999986,2.6645352591003757e-15,132.44954627534716,6.283185307179565,0.1252477034495387,0.19495335554280718
21.6,0.0009524350349817079,0.0006295416147840995,-3.2343219103858565,-0.09272925679606336,0.0014211534262922008,0.0006496464181183576,4.501798568663329e-12,1.687554913766176e-13,3,0.5999999999999986,2.6645352591003757e-15,132.57520998149076,6.283185307179565,0.12906981865452372,-0.6290566644933009
21.62,0.000954135990755722,0.0006294216231476269,-3.251167458389444,-0.10957480479965076,0.0014217941593182306,0.0006352848221028622,4.505342447224907e-12,1.8593302821766077e-13,3,0.5999999999999986,2.6645352591003757e-15,132.70087368763436,6.283185307179565,0.11673698634464813,-0.6043909998735497
21.64,0.0009559981324840333,0.0006292513954335553,-3.2661310717644882,-0.12453841817469513,0.0014218393973171968,0.0006208084493769824,4.509238689084141e-12,2.0367342548319756e-13,3,0.5999999999999986,2.6645352591003757e-15,132.82653739377795,6.283185307179565,0.1048877313064831,-0.5806924897972197
21.66,0.0009580155131011878,0.0006290247859981374,-3.278985906102811,-0.13739325251301793,0.0014213627426349698,0.0006064678224202718,4.513485987636538e-12,2.2074234387291704e-13,3,0.5999999999999986,2.6645352591003757e-15,132.95220109992155,6.283185307179565,0.09350309220399167,-0.5579232115922368
21.68,0.0009601726740857643,0.0006287411174373048,-3.289541338186259,-0.1479486845964657,0.001420473814700968,0.0005924942869934137,4.518059410326667e-12,2.3602798023014644e-13,3,0.5999999999999986,2.6645352591003757e-15,133.07786480606515,6.283185307179565,0.08256485118575735,-0.5360467295557682
21.7,0.000962446649518242,0.0006284055696434517,-3.2976444366908106,-0.15605178310101753,0.001419311280198451,0.0005790967930110053,4.522913449105829e-12,2.4859528957922417e-13,3,0.5999999999999986,2.6645352591003757e-15,133.20352851220875,6.283185307179565,0.07205550473253503,-0.5150280366493235
21.72,0.0009648089919310104,0.000628028773245494,-3.30318036378729,-0.16158771019749674,0.0014180344298756933,0.0005664613913138818,4.527985931265721e-12,2.577186266213918e-13,3,0.5999999999999986,2.6645352591003757e-15,133.32919221835235,6.283185307179565,0.061958235647886106,-0.49483349848002567
21.740000000000002,0.0009672275988656252,0.0006276257524024252,-3.3060721019615147,-0.16447944837172157,0.001416813867551866,0.0005547530671482113,4.5332023998687205e-12,2.6289753784471203e-13,3,0.5999999999999986,2.6645352591003757e-15,133.45485592449594,6.283185307179565,0.05225688614707619,-0.47543079947840583
21.76,0.0009696682612651894,0.0006272144014152451,-3.306279931604096,-0.16468727801430294,0.0014158217728498996,0.0005441192249764753,4.5384806882000536e-12,2.6386195958873417e-13,3,0.5999999999999986,2.6645352591003757e-15,133.58051963063954,6.283185307179565,0.04293593200117235,-0.45678889118659816
21.78,0.0009720959810798936,0.0006268136816198655,-3.3038010254304537,-0.16220837184066061,0.0014152220928577474,0.0005346939448195001,4.5437355372981005e-12,2.605725538743553e-13,3,0.5999999999999986,2.6645352591003757e-15,133.70618333678314,6.283185307179565,0.03398045769496488,-0.4388779425741832
21.8,0.0009744761916643035,0.0006264417128967216,-3.2986693886083622,-0.1570767350185691,0.0014151609557192632,0.0005266020596260249,4.5488832020509626e-12,2.4201486022326784e-13,3,0.5999999999999986,2.6645352591003757e-15,133.83184704292674,6.283185307179565,0.025376132558960762,-0.679059205192198
21.82,0.0009767240174135246,0.0006261171692680122,-3.2909300350642137,-0.14933738147442055,0.0014159922718339263,0.0005203035324964529,4.553630062730078e-12,2.318554700174851e-13,3,0.5999999999999986,2.6645352591003757e-15,133.95751074907034,6.283185307179565,0.012062986416778887,-0.6524329129078342
21.84,0.0009788656320140062,0.0006258449488676943,-3.2807000133377877,-0.1391073597479946,0.0014175821939683174,0.0005155636196122261,4.558142838003287e-12,2.1879270542829518e-13,3,0.5999999999999986,2.6645352591003757e-15,134.08317445521394,6.283185307179565,-0.0007281437985209305,-0.6268506524772346
21.86,0.0009808769565957485,0.0006256303379784802,-3.2681320781565977,-0.12653942456680456,0.0014199599777019714,0.0005124946011649866,4.562371426927453e-12,2.0367238742958925e-13,3,0.5999999999999986,2.6645352591003757e-15,134.20883816135753,6.283185307179565,-0.013017726624203196,-0.6022714868258701
21.88,0.0009827410176900995,0.0006254728859910482,-3.253417524844225,-0.11182487125443208,0.0014231081093546304,0.0005111981111130682,4.566284522155065e-12,1.8751787868662742e-13,3,0.5999999999999986,2.6645352591003757e-15,134.33450186750113,6.283185307179565,-0.024825428014706497,-0.5786560840448635
21.900000000000002,0.0009844499338561381,0.0006253666550143415,-3.2367847563923493,-0.09519210280255619,0.0014269604604745787,0.0005117588849269715,4.569872702868667e-12,1.714790929855893e-13,3,0.5999999999999986,2.6645352591003757e-15,134.46016557364473,6.283185307179565,-0.03617014281136627,-0.5559666544515439
21.92,0.0009860065739120696,0.0006253013057313912,-3.218496670186407,-0.07690401659661372,0.0014314037128364157,0.0005142369579710261,4.5731502980112675e-12,1.5676061813705786e-13,3,0.5999999999999986,2.6645352591003757e-15,134.58582927978833,6.283185307179565,-0.04707002497819207,-0.5341668901178923
21.94,0.0009874254987795466,0.0006252639488584929,-3.198846719375171,-0.05725406578537795,0.0014362823645821864,0.0005186592854956154,4.5761556183405386e-12,1.4453183078138803e-13,3,0.5999999999999986,2.6645352591003757e-15,134.71149298593193,6.283185307179565,-0.05754251665208304,-0.5132219067701104
21.96,0.0009887328252580912,0.0006252415238785801,-3.178153665954958,-0.036561012365164736,0.0014414072713834073,0.0005250119599711571,4.57894926419058e-12,1.3582694222170348e-13,3,0.5999999999999986,2.6645352591003757e-15,134.83715669207552,6.283185307179565,-0.0676043760539681,-0.49309818796634025
21.98,0.0009899647861903874,0.0006252233138847091,-3.1567551988635767,-0.015162545273783579,0.0014465672594705496,0.0005332342344140139,4.581610421117057e-12,1.3144718810397854e-13,3,0.5999999999999986,2.6645352591003757e-15,134.96282039821912,6.283185307179565,-0.07727170430553479,-0.4737635314632069
22.0,0.0009911649905362079,0.0006252031205313919,-3.1350007180762525,0.006591935513540648,0.0014515429467361206,0.0005432153989354325,4.5842313278520235e-12,1.3139228207164446e-13,3,0.5999999999999986,2.6645352591003757e-15,135.08848410436272,6.283185307179565,-0.08655997119445896,0.19948768444308052
22.02,0.0009923695028733349,0.0006252217008313732,-3.1132456074436576,0.02834704614613548,0.0014556468660788637,0.0005538138542694152,4.586859391396078e-12,1.3273224122320126e-13,3,0.5999999999999986,2.6645352591003757e-15,135.21414781050632,6.283185307179565,-0.08264895919985019,0.19166566045386296
22.04,0.0009936160638753016,0.0006252384106400176,-3.0918447033156244,0.04974795027416867,0.0014593254685644156,0.0005658102534470579,4.58956630965283e-12,1.3918659557269868e-13,3,0.5999999999999986,2.6645352591003757e-15,135.33981151664992,6.283185307179565,-0.07889130017903201,0.1841503424122266
22.06,0.0009949493099477471,0.0006252617791628647,-3.071144671583528,0.0704479820062649,0.001462434243039367,0.0005789733176912163,4.592449794351615e-12,1.5020847289110808e-13,3,0.5999999999999986,2.6645352591003757e-15,135.46547522279351,6.283185307179565,-0.07528098107589444,0.17692970420595147
22.080000000000002,0.0009964059407784063,0.0006253047275552432,-3.0514779903021405,0.09011466328765261,0.0014648657828053302,0.0005930451628504734,4.595593219995364e-12,1.6492996550301698e-13,3,0.5999999999999986,2.6645352591003757e-15,135.5911389289371,6.283185307179565,-0.07181222460962998,0.16999219127342255
22.1,0.0009980120509207509,0.0006253821497392247,-3.0331559327760176,0.10843672081377553,0.0014665570157726274,0.000607752148972048,4.599060027873836e-12,1.8225035706492213e-13,3,0.5999999999999986,2.6645352591003757e-15,135.7168026350807,6.283185307179565,-0.06847948002985176,0.1633267021138661
22.12,0.0009997818271914377,0.0006255082088910316,-3.0164626823724157,0.12512997121737746,0.0014674929779621496,0.0006228162718981552,4.602890085915675e-12,2.0093955049325313e-13,3,0.5999999999999986,2.6645352591003757e-15,135.8424663412243,6.283185307179565,-0.06527741423420869,0.15692257052257996
22.14,0.0010017175801439156,0.0006256938444470814,-3.0016508295423123,0.1399418240474808,0.001467707053282508,0.000637965873367556,4.607098151881441e-12,2.197413258688611e-13,3,0.5999999999999986,2.6645352591003757e-15,135.9681300473679,6.283185307179565,-0.06220090323428394,0.15076954852273047
22.16,0.0010038108461678974,0.0006259448810384021,-2.988938348385198,0.152654305204595,0.0014672779507703968,0.0006529445821038681,4.611674299206624e-12,2.374637036092233e-13,3,0.5999999999999986,2.6645352591003757e-15,136.0937937535115,6.283185307179565,-0.0592450239561203,0.1448577899664032
22.18,0.0010060441668093933,0.0006262609635624123,-2.9785069837139244,0.1630856698758687,0.0014663239551326154,0.0006675176896335259,4.616585955121594e-12,2.530485343766755e-13,3,0.5999999999999986,2.6645352591003757e-15,136.2194574596551,6.283185307179565,-0.05640504636225148,0.13917783477866555
22.2,0.0010083931365928351,0.0006266353683127415,-2.9705018206577534,0.17109083293203975,0.0014649951315936268,0.0006814755577749828,4.621781098581427e-12,2.3680156378213485e-13,3,0.5999999999999986,2.6645352591003757e-15,136.3451211657987,6.283185307179565,-0.053676425882633105,0.7917161834934252
22.22,0.0010106930986282126,0.0006270392094406812,-2.965048679524468,0.17654397406532496,0.0014637778035302019,0.000693698315588181,4.626618013173371e-12,2.45995942045932e-13,3,0.5999999999999986,2.6645352591003757e-15,136.4707848719423,6.283185307179565,-0.038154608089153386,0.7606725479064658
22.240000000000002,0.001013050179512575,0.0006274698650526278,-2.962269405780517,0.17932324780927633,0.0014626785970739895,0.0007050147145981783,4.631601879445662e-12,2.5139392390375334e-13,3,0.5999999999999986,2.6645352591003757e-15,136.5964485780859,6.283185307179565,-0.02324140947673148,0.730846150681622
22.26,0.0010154307661032302,0.0006279100484708008,-2.962201396925507,0.17939125666428613,0.0014618596295732414,0.0007152749646571894,4.6366532564202155e-12,2.527041294272421e-13,3,0.5999999999999986,2.6645352591003757e-15,136.7221122842295,6.283185307179565,-0.00891296574593542,0.7021892632200298
22.28,0.001017800432163888,0.0006283412850250859,-2.964843167719275,0.17674948587051809,0.0014614737729503843,0.0007243416426277079,4.641689270579963e-12,2.498743411380554e-13,3,0.5999999999999986,2.6645352591003757e-15,136.8477759903731,6.283185307179565,0.004853651670101766,0.6746560283879555
22.3,0.0010201252100275027,0.0006287457866823443,-2.970154735773382,0.17143791781641093,0.001461655232075429,0.0007320859281576403,4.646628380450048e-12,2.430891969484304e-13,3,0.5999999999999986,2.6645352591003757e-15,136.9734396965167,6.283185307179565,0.018080472296280736,0.6482023871355975
22.32,0.0010223729136237052,0.0006291082665948876,-2.9780577639666914,0.1635348896231017,0.0014625106280019373,0.0007383849805917505,4.651395077477969e-12,2.327659324727544e-13,3,0.5999999999999986,2.6645352591003757e-15,137.0991034026603,6.283185307179565,0.030788661867475586,0.6227860079932078
22.34,0.0010245146507611971,0.0006294175178639852,-2.9884355812813976,0.15315707230839548,0.0014641110047666779,0.0007431211754917186,4.6559244687573e-12,2.195459090833572e-13,3,0.5999999999999986,2.6645352591003757e-15,137.2247671088039,6.283185307179565,0.04299855619822529,0.5983662193317084
22.36,0.0010265265865384272,0.000629667570569318,-3.0011333543644962,0.14045929922529687,0.001466485291412566,0.0007461836577625486,4.660166615441031e-12,2.0427730249808678e-13,3,0.5999999999999986,2.6645352591003757e-15,137.3504308149475,6.283185307179565,0.05472969372437542,0.5749039442794082
22.38,0.0010283919018309027,0.0006298582414442797,-3.015958761345804,0.12563389224398902,0.001469615842780065,0.0007474723313511903,4.66409039470444e-12,1.8798341304721203e-13,3,0.5999999999999986,2.6645352591003757e-15,137.47609452109108,6.283185307179565,0.06600084676874396,0.5523616381906711
22.400000000000002,0.0010301027536159682,0.0006299949237534443,-3.032683514079889,0.10890913950990422,0.0014734366974446132,0.0007469040240918241,4.667686547181891e-12,1.7874584022654627e-13,3,0.5999999999999986,2.6645352591003757e-15,137.60175822723468,6.283185307179565,0.07683005158084283,0.2819764548779312
22.42,0.0010316942507194074,0.0006300787302367762,-3.0510296606726177,0.0905629929171754,0.001477585443525598,0.0007447597999418523,4.671093724522848e-12,1.6244272186945765e-13,3,0.5999999999999986,2.6645352591003757e-15,137.72742193337828,6.283185307179565,0.0823582790516445,0.27091999993632787
22.44,0.0010331411448579872,0.0006301284025888774,-3.0707183577858688,0.07087429580392435,0.001482183838710039,0.0007406789858646199,4.674196623802355e-12,1.486051432532057e-13,3,0.5999999999999986,2.6645352591003757e-15,137.85308563952188,6.283185307179565,0.08766974162282248,0.2602970747939719
22.46,0.0010344689101343038,0.0006301580243363487,-3.091437398707828,0.05015525488196504,0.0014870563220675485,0.0007346767490653617,4.677055655255516e-12,1.382982167808478e-13,3,0.5999999999999986,2.6645352591003757e-15,137.97874934566548,6.283185307179565,0.09277293876766315,0.25009068050429056
22.48,0.0010357133692675841,0.0006301797810290169,-3.1128545929938487,0.028738060595944415,0.0014920041149567795,0.0007268130633291237,4.679750491605808e-12,1.323593753101445e-13,3,0.5999999999999986,2.6645352591003757e-15,138.10441305180908,6.283185307179565,0.09767603669033835,0.24028448465894017
22.5,0.0010369180638127038,0.0006302016484570934,-3.1346245558832386,0.006968097706554488,0.0014968184784135273,0.000717195980179853,4.682374613498992e-12,1.3131388548079716e-13,3,0.5999999999999986,2.6645352591003757e-15,138.23007675795267,6.283185307179565,0.10238688139357437,0.23086279525246814
22.52,0.0010381305479807961,0.00063022582669828,-3.1563961231303677,-0.014803469540574543,0.0015012950763392196,0.0007059815282676111,4.685028423276422e-12,1.3531926764770707e-13,3,0.5999999999999986,2.6645352591003757e-15,138.35574046409627,6.283185307179565,0.1069130112339302,0.22181053557175648
22.54,0.0010393980959613578,0.0006302482551357406,-3.177819986623276,-0.0362273330334828,0.0015052481856345128,0.0006933699621908836,4.687811616699535e-12,1.441483521396551e-13,3,0.5999999999999986,2.6645352591003757e-15,138.48140417023987,6.283185307179565,0.11126166898477627,0.21311322007006434
22.56,0.0010407634517067255,0.0006302593180909774,-3.198556128512824,-0.05696347492303078,0.0015085234998823945,0.0006795985768525231,4.690815634365777e-12,1.5721399478256804e-13,3,0.5999999999999986,2.6645352591003757e-15,138.60706787638347,6.283185307179565,0.11543981342627707,0.20475693118706273
22.580000000000002,0.0010422612398246335,0.000630245593350016,-3.218280657905586,-0.07668800431579292,0.00151100844201138,0.0006649317700452491,4.694116999014606e-12,1.7363092301239446e-13,3,0.5999999999999986,2.6645352591003757e-15,138.73273158252707,6.283185307179565,0.11945413048092401,0.19672829707776884
22.6,0.0010439154999342688,0.0006301922811647164,-3.236691719261971,-0.09509906567217774,0.0015126392022393005,0.0006496493999532254,4.697772185503247e-12,1.688524135460667e-13,3,0.5999999999999986,2.6645352591003757e-15,138.85839528867066,6.283185307179565,0.12331104391243786,-0.6270183505135867
22.62,0.0010456165116287316,0.0006300693091790178,-3.2535241179332437,-0.11193146434345058,0.0015132882738218235,0.0006352852312726489,4.701318091822649e-12,1.8603801014810564e-13,3,0.5999999999999986,2.6645352591003757e-15,138.98405899481426,6.283185307179565,0.11101817331972641,-0.6024326093281638
22.64,0.0010474786925332342,0.0006298957377797997,-3.2684721766687996,-0.12687952307900652,0.001513341474223474,0.0006208067077431514,4.70521648591918e-12,2.0378263257832357e-13,3,0.5999999999999986,2.6645352591003757e-15,139.10972270095786,6.283185307179565,0.09920731307738306,-0.5788108888434771
22.66,0.0010494960473046667,0.0006296653733217034,-3.2813091226796707,-0.13971646908987756,0.001512872374463925,0.0006064644829582536,4.709465978899932e-12,2.2085147829933834e-13,3,0.5999999999999986,2.6645352591003757e-15,139.23538640710146,6.283185307179565,0.08785956328923555,-0.5561153892671821
22.68,0.0010516530782747916,0.0006293775245591089,-3.2918445599272026,-0.15025190633740948,0.0015119905811544487,0.0005924899949680219,4.7140415506258284e-12,2.3613268473526746e-13,3,0.5999999999999986,2.6645352591003757e-15,139.36105011324506,6.283185307179565,0.07695676513464039,-0.5343097929579917
22.7,0.0010539267952226446,0.0006290373876397888,-3.299925914985098,-0.1583332613953048,0.0015108347531584516,0.000579092245640519,4.7188976083511365e-12,2.4869154593495756e-13,3,0.5999999999999986,2.6645352591003757e-15,139.48671381938865,6.283185307179565,0.0664814718104959,-0.5133592063097028
22.72,0.0010562887441437476,0.00062865563397015,-3.3054388087788698,-0.16384615518907664,0.0015095641661504702,0.0005664572994156718,4.72397190503958e-12,2.5780309437409484e-13,3,0.5999999999999986,2.6645352591003757e-15,139.61237752553225,6.283185307179565,0.05641692061263506,-0.4932301039139811
22.740000000000002,0.0010587068340284307,0.0006282473472209811,-3.3083067517502704,-0.16671409816047733,0.0015083493920062365,0.0005547501207112641,4.729189925695503e-12,2.629677998964308e-13,3,0.5999999999999986,2.6645352591003757e-15,139.73804123167585,6.283185307179565,0.04674700611192251,-0.473890274912556
22.76,0.001061146883268142,0.0006278304948162581,-3.308490590128673,-0.16689793653887985,0.0015073625553801298,0.0005441180632102837,4.734469465668448e-12,2.6391666019191153e-13,3,0.5999999999999986,2.6645352591003757e-15,139.86370493781945,6.283185307179565,0.03745625438213196,-0.4553087714529749
22.78,0.0010635739336953911,0.0006274241207459352,-3.3059880702769955,-0.16439541668720237,0.0015067675230715247,0.0005346951303052017,4.739725249845001e-12,2.6061142744284373e-13,3,0.5999999999999986,2.6645352591003757e-15,139.98936864396305,6.283185307179565,0.028529798238363047,-0.43745585916543706
22.8,0.001065953466408254,0.0006270464339746605,-3.3008337499410785,-0.15924109635128536,0.0015067103193066853,0.0005266060558741968,4.744873538261223e-12,2.4207504526917337e-13,3,0.5999999999999986,2.6645352591003757e-15,140.11503235010665,6.283185307179565,0.0199533534463735,-0.6768710922978884
22.82,0.0010682008490396225,0.0006267163335394762,-3.293073860383758,-0.15148120679396504,0.0015075437487489642,0.000520309458057633,4.749621451441514e-12,2.3190085140199484e-13,3,0.5999999999999986,2.6645352591003757e-15,140.24069605625024,6.283185307179565,0.006683105871083561,-0.6503305971473086
22.84,0.0010703420962047561,0.0006264386908892087,-3.282825167484134,-0.14123251389434088,0.0015091347701343915,0.0005155716725197995,4.754134997013363e-12,2.1882477253704532e-13,3,0.5999999999999986,2.6645352591003757e-15,140.36635976239384,6.283185307179565,-0.006066807854191725,-0.624830769696758
22.86,0.0010723531642122983,0.0006262188846370192,-3.2702407232670327,-0.12864806967723963,0.0015115125550952879,0.0005125048206661869,4.7583641071162436e-12,2.0369287823628488e-13,3,0.5999999999999986,2.6645352591003757e-15,140.49202346853744,6.283185307179565,-0.018316790311539488,-0.6003308047820625
22.88,0.0010742171019806391,0.0006260565495885418,-3.2555119901422347,-0.11391933655244157,0.0015146595250807608,0.0005112103755010853,4.762277509203476e-12,1.8752845556338082e-13,3,0.5999999999999986,2.6645352591003757e-15,140.61768717468104,6.283185307179565,-0.03008644408636041,-0.5767914972324206
22.900000000000002,0.0010759260341548795,0.0006259458208492054,-3.238867392355895,-0.09727473876610171,0.0015185095185440904,0.000511772918621988,4.76586581266101e-12,1.7148104786083512e-13,3,0.5999999999999986,2.6645352591003757e-15,140.74335088082464,6.283185307179565,-0.04139460313568766,-0.5541751791337661
22.92,0.0010774828177511288,0.0006258764132283362,-3.2205696958100463,-0.07897704222025315,0.001522949226174591,0.0005142523492860319,4.769143366819207e-12,1.5675465817655073e-13,3,0.5999999999999986,2.6645352591003757e-15,140.86901458696823,6.283185307179565,-0.052259362926536046,-0.5324456595520694
22.94,0.001078901984992183,0.0006258354660390579,-3.200912073513203,-0.05931941992340972,0.0015278232028854814,0.0005186755155990761,4.7721484898849596e-12,1.4451799012477444e-13,3,0.5999999999999986,2.6645352591003757e-15,140.99467829311183,6.283185307179565,-0.06269810939250997,-0.5115681666201215
22.96,0.0010802096109824625,0.0006258099161667128,-3.1802128749042535,-0.03862022131446041,0.0015329424090587888,0.0005250284421614945,4.7749417764311384e-12,1.3580464628726792e-13,3,0.5999999999999986,2.6645352591003757e-15,141.12034199925543,6.283185307179565,-0.07272754675500634,-0.49150929189512876
22.98,0.0010814418804282687,0.0006257890096708242,-3.158809271919339,-0.017216618329545685,0.0015380958174460745,0.0005332503611967406,4.77760239587093e-12,1.3141546717137474e-13,3,0.5999999999999986,2.6645352591003757e-15,141.24600570539903,6.283185307179565,-0.08236372425353258,-0.4722369368980763
23.0,0.0010826423559584994,0.000625766477179066,-3.1370500806439487,0.00454257294584437,0.001543064222616104,0.000543230592888747,4.780222565942478e-12,1.3135670527551603e-13,3,0.5999999999999986,2.6645352591003757e-15,141.37166941154263,6.283185307179565,-0.09162206182791385,0.20141441543920519
23.02,0.001083847155924437,0.0006257827893327404,-3.1152902127989877,0.02630244079080546,0.0015471605564281905,0.0005538272780208543,4.782849796698933e-12,1.3268436364962509e-13,3,0.5999999999999986,2.6645352591003757e-15,141.49733311768622,6.283185307179565,-0.08767327573182475,0.19351684324702698
23.04,0.0010850939082328011,0.0006257974259676377,-3.0938840289757623,0.0477086246140308,0.0015508312973992252,0.0005658214901188828,4.785555630347893e-12,1.3912598113741845e-13,3,0.5999999999999986,2.6645352591003757e-15,141.62299682382982,6.283185307179565,-0.0838793237532308,0.18592893928983908
23.06,0.0010864272411254506,0.0006258187851559651,-3.0731776339830135,0.06841501960677965,0.0015539321213439209,0.0005789820965451416,4.788437776495243e-12,1.50135419395183e-13,3,0.5999999999999986,2.6645352591003757e-15,141.74866052997342,6.283185307179565,-0.08023413475954667,0.17863856130247083
23.080000000000002,0.0010878838675550803,0.0006258596582253479,-3.053503040900525,0.08808961268926829,0.0015563557773463305,0.0005930513824908318,4.791579624799448e-12,1.6484572605419305e-13,3,0.5999999999999986,2.6645352591003757e-15,141.87432423611702,6.283185307179565,-0.07673187567070068,0.17163404312477884
23.1,0.0010894899138115378,0.0006259348227398912,-3.0351711839372797,0.10642146965251342,0.0015580393111563695,0.0006077558841078365,4.79504465178506e-12,1.82157193096061e-13,3,0.5999999999999986,2.6645352591003757e-15,141.99998794226062,6.283185307179565,-0.07336694212496221,0.1649041760333019
23.12,0.001091259610737273,0.0006260583484740182,-3.0184660508816146,0.12312660270817855,0.0015589678380273744,0.0006228177644323509,4.7988727799995355e-12,2.0084061306214423e-13,3,0.5999999999999986,2.6645352591003757e-15,142.12565164840422,6.283185307179565,-0.07013394951076732,0.15843819080491212
23.14,0.0010931953172664518,0.0006262411100802825,-3.0036401849806262,0.13795246860916688,0.00155917478737615,0.000637965510690681,4.803078837312929e-12,2.196403963642307e-13,3,0.5999999999999986,2.6645352591003757e-15,142.2513153545478,6.283185307179565,-0.0670277243501914,0.15222574048376028
23.16,0.001095288614513291,0.0006264888976649174,-2.9909116547189862,0.15068099887080688,0.0015587388889988115,0.0006529428667709714,4.80765297655774e-12,2.3736484787892537e-13,3,0.5999999999999986,2.6645352591003757e-15,142.3769790606914,6.283185307179565,-0.06404329602028083,0.14625688382393914
23.18,0.0010975220784295871,0.0006268013501235211,-2.9804624249438656,0.16113022864592752,0.0015577784347715383,0.0006675152048986567,4.812562706327353e-12,2.5295573138115006e-13,3,0.5999999999999986,2.6645352591003757e-15,142.502642766835,6.283185307179565,-0.06117588879899574,0.14052206938136896
23.2,0.0010998713231942688,0.0006271717623080661,-2.9724379045411196,0.16915474904867356,0.0015564434949476157,0.0006814729328420912,4.8177560816452e-12,2.3670823990802157e-13,3,0.5999999999999986,2.6645352591003757e-15,142.6283064729786,6.283185307179565,-0.058420914223035914,0.7934608246407661
23.22,0.0011021715973185031,0.0006275714974139827,-2.9669657625682393,0.17462689102155382,0.0015552210810737472,0.000693695453088748,4.822591206840694e-12,2.4591100290144054e-13,3,0.5999999999999986,2.6645352591003757e-15,142.7539701791222,6.283185307179565,-0.04286489225062362,0.7623487806959415
23.240000000000002,0.0011045290917634674,0.0006279977930914737,-2.9641668528780745,0.17742580071171865,0.001554117252778147,0.0007050121949561826,4.8275734765207515e-12,2.513196771540163e-13,3,0.5999999999999986,2.6645352591003757e-15,142.8796338852658,6.283185307179565,-0.02791883062430839,0.732456657443311
23.26,0.0011069101724697525,0.0006284334238252685,-2.9640790517860016,0.1775136018037915,0.0015532941657114573,0.0007152733231165406,4.832623487479901e-12,2.5264202587026053e-13,3,0.5999999999999986,2.6645352591003757e-15,143.0052975914094,6.283185307179565,-0.013558812456824942,0.7037366211083441
23.28,0.0011092803816035433,0.000628859984328974,-2.966701357338259,0.1748912962515341,0.0015529047499012482,0.000724341346860224,4.837658386324578e-12,2.498249471559328e-13,3,0.5999999999999986,2.6645352591003757e-15,143.130961297553,6.283185307179565,0.00023814134452865288,0.6761427135056369
23.3,0.0011116057131032298,0.0006292597613477141,-2.9719942490242657,0.16959840456552744,0.001553083286641583,0.0007320873593521208,4.842596634430312e-12,2.430522576092304e-13,3,0.5999999999999986,2.6645352591003757e-15,143.2566250036966,6.283185307179565,0.013494108849341713,0.6496307784960108
23.32,0.0011138539401010798,0.0006296175459161251,-2.979879805614185,0.16171284797560803,0.0015539364868761877,0.0007383884177135777,4.847362710920362e-12,2.3274051536574983e-13,3,0.5999999999999986,2.6645352591003757e-15,143.3822887098402,6.283185307179565,0.026230302433712438,0.6241583913272694
23.34,0.001115996131799723,0.0006299222098908082,-2.9902417026715087,0.15135095091828443,0.0015555354901602148,0.0007431267828793488,4.851891698975519e-12,2.1953061495046758e-13,3,0.5999999999999986,2.6645352591003757e-15,143.5079524159838,6.283185307179565,0.03846710272457543,0.5996847907455434
23.36,0.0011180084213815264,0.0006301678603016085,-3.002925362567012,0.1386672910227813,0.001557909316558805,0.0007461914768355899,4.856133628985639e-12,2.0427052227509598e-13,3,0.5999999999999986,2.6645352591003757e-15,143.6336161221274,6.283185307179565,0.05022409121305266,0.5761708137685889
23.38,0.0011198739685255624,0.0006303543854945035,-3.017738609818657,0.12385404377113618,0.0015610403961115308,0.0007474822777240931,4.860057345908585e-12,1.8798360181564986e-13,3,0.5999999999999986,2.6645352591003757e-15,143.759279828271,6.283185307179565,0.061520081589017006,0.5535788330166602
23.400000000000002,0.001121584922787464,0.0006304872404480188,-3.034453179883273,0.10713947370652033,0.0015648628156961345,0.0007469158916178031,4.8636535620742865e-12,1.78734495638442e-13,3,0.5999999999999986,2.6645352591003757e-15,143.8849435344146,6.283185307179565,0.07237314984700982,0.28381159513206167
23.42,0.0011231763208255669,0.0006305674882334717,-3.0527907514937147,0.08880190209607841,0.0015690146433244797,0.0007447725013443794,4.867060601640765e-12,1.624401319909184e-13,3,0.5999999999999986,2.6645352591003757e-15,144.0106072405582,6.283185307179565,0.07793735575711078,0.27268318331185976
23.44,0.0011246230264413608,0.0006306140080157376,-3.0724726079039426,0.0691200456858505,0.0015736170849207896,0.0007406921145975155,4.870163533459667e-12,1.486109780642287e-13,3,0.5999999999999986,2.6645352591003757e-15,144.13627094670179,6.283185307179565,0.08328338603280472,0.2619911227604719
23.46,0.0011259505487300097,0.0006306408831225502,-3.093186192274127,0.04840646131566606,0.0015784944777807032,0.0007346898315794902,4.873022766920575e-12,1.383126969499588e-13,3,0.5999999999999986,2.6645352591003757e-15,144.26193465284538,6.283185307179565,0.08841979546308004,0.2517183038999212
23.48,0.0011271947518970463,0.0006306602695039893,-3.11459887491969,0.026993778670103108,0.0015834479068815284,0.000726825599790629,4.8757179836058564e-12,1.3238311118047253e-13,3,0.5999999999999986,2.6645352591003757e-15,144.38759835898898,6.283185307179565,0.09335480339885098,0.24184828802837935
23.5,0.0011283992184640853,0.0006306800841125736,-3.1363647736292655,0.005227879960527648,0.0015882684722563919,0.0007172074889525164,4.87834267838428e-12,1.3134761391235041e-13,3,0.5999999999999986,2.6645352591003757e-15,144.51326206513258,6.283185307179565,0.0980963069056726,0.2323652810147361
23.52,0.0011296115358191347,0.0006307024427909723,-3.1581322048707103,-0.01653955128091722,0.0015927516654647778,0.0007059915897754528,4.8809972672513395e-12,1.3536353662341141e-13,3,0.5999999999999986,2.6645352591003757e-15,144.63892577127618,6.283185307179565,0.10265189340073051,0.22325410802462028
23.54,0.001130878997512628,0.0006307231826341523,-3.1795513575996615,-0.03795870400986834,0.001596711594173057,0.0006933782574860787,4.8837814526905944e-12,1.442032160990498e-13,3,0.5999999999999986,2.6645352591003757e-15,144.76458947741978,6.283185307179565,0.10702885279432711,0.21450018923742709
23.56,0.0011322443495730404,0.0006307325774704073,-3.2002817634629697,-0.05868910987317655,0.0015999937990874681,0.0006796049167398418,4.886786669576955e-12,1.5727878192823988e-13,3,0.5999999999999986,2.6645352591003757e-15,144.89025318356337,6.283185307179565,0.11123418915529328,0.20608951651549476
23.580000000000002,0.001133742201224332,0.0006307170971355805,-3.2199991638768566,-0.07840651028706347,0.0016024855765864963,0.0006649361119078264,4.890089418916862e-12,1.7370411982520286e-13,3,0.5999999999999986,2.6645352591003757e-15,145.01591688970697,6.283185307179565,0.11527463191899283,0.19800863098809565
23.6,0.0011353965623101168,0.0006306618463416286,-3.2384014404487655,-0.09680878685897243,0.0016041230219843276,0.0006496518512299597,4.8937461368694315e-12,1.6892267687857456e-13,3,0.5999999999999986,2.6645352591003757e-15,145.14158059585057,6.283185307179565,0.11915664665585479,-0.6255484407475993
23.62,0.001137097611669469,0.0006305367268323814,-3.2552243530519034,-0.11363169946211027,0.0016047781158310933,0.0006352858073897835,4.8972935133548015e-12,1.861141333920337e-13,3,0.5999999999999986,2.6645352591003757e-15,145.26724430199417,6.283185307179565,0.10689259405630325,-0.6010203355484962
23.64,0.001138959818008317,0.0006303607456977547,-3.270161187903761,-0.12856853431396775,0.0016048370672829347,0.0006208057120040709,4.901193468272451e-12,2.0386184304462787e-13,3,0.5999999999999986,2.6645352591003757e-15,145.39290800813777,6.283185307179565,0.09510942183744553,-0.5774539911107808
23.66,0.001140977150910994,0.0006301276747323802,-3.2829852245686086,-0.14139257097881552,0.001604373424852462,0.0006064623135247232,4.90544455321133e-12,2.2093066680905758e-13,3,0.5999999999999986,2.6645352591003757e-15,145.51857171428136,6.283185307179565,0.08378827440985398,-0.5548116962555977
23.68,0.0011431340842914103,0.0006298368127873579,-3.293506231687913,-0.15191357809812,0.0016034967859509396,0.000592487116776158,4.910021684663241e-12,2.3620869838268794e-13,3,0.5999999999999986,2.6645352591003757e-15,145.64423542042496,6.283185307179565,0.07291103552233752,-0.5330572184805648
23.7,0.0011454076102923418,0.0006294933678090506,-3.301571894810497,-0.15997924122070373,0.0016023458037962928,0.0005790891612567221,4.914879208590316e-12,2.4876147659434225e-13,3,0.5999999999999986,2.6645352591003757e-15,145.76989912656856,6.283185307179565,0.06246029927207475,-0.5121557459800392
23.72,0.0011477692701549517,0.0006291080406651127,-3.30706816649223,-0.16547551290243678,0.0016010797431365335,0.0005664545213547471,4.919954824155739e-12,2.578645236777463e-13,3,0.5999999999999986,2.6645352591003757e-15,145.89556283271216,6.283185307179565,0.05241934225145592,-0.49207383193880155
23.740000000000002,0.0011501869811452832,0.0006286959579656777,-3.3099189385497962,-0.16832628496000313,0.001599869152714362,0.0005547481466166652,4.9251739743194165e-12,2.6301897657750743e-13,3,0.5999999999999986,2.6645352591003757e-15,146.02122653885576,6.283185307179565,0.04277209678706298,-0.4727793410100157
23.76,0.0011526265815148561,0.0006282751398551005,-3.3100854656928416,-0.16849281210304845,0.0015988861174208299,0.0005441173542859553,4.930454426921902e-12,2.6395659951114335e-13,3,0.5999999999999986,2.6645352591003757e-15,146.14689024499935,6.283185307179565,0.03350312522796409,-0.4542413978918179
23.78,0.0011550531419565226,0.0006278646898862197,-3.3075659081566786,-0.1659732545668855,0.001598294446024725,0.0005346960927209457,4.93571089507052e-12,2.606399316979157e-13,3,0.5999999999999986,2.6645352591003757e-15,146.27255395114295,6.283185307179565,0.024597595242178638,-0.436430337920247
23.8,0.001157432178120665,0.000627482881200622,-3.3023952221279287,-0.16080256853813557,0.0015982400876914382,0.0005266090246346203,4.940859642396669e-12,2.421188857343122e-13,3,0.5999999999999986,2.6645352591003757e-15,146.39821765728655,6.283185307179565,0.01604125608178164,-0.6752927863161056
23.82,0.001159679233371151,0.0006271487743986367,-3.2946205137447655,-0.15302786015497238,0.0015990750499624833,0.0005203137992500796,4.945608322990984e-12,2.319339794551969e-13,3,0.5999999999999986,2.6645352591003757e-15,146.52388136343015,6.283185307179565,0.002801951637859179,-0.6488141774282606
23.84,0.0011618202075973875,0.0006268672222391107,-3.2843583474019087,-0.14276569381211557,0.0016006668723007936,0.0005155775305903796,4.95012243169345e-12,2.1884825863540638e-13,3,0.5999999999999986,2.6645352591003757e-15,146.64954506957375,6.283185307179565,-0.009918232253583903,-0.6233738096453745
23.86,0.0011638310826319331,0.0006266436698525607,-3.271761989088683,-0.13016933549888998,0.001603044665784687,0.0005125122259218608,4.954351924437222e-12,2.0370797305403758e-13,3,0.5999999999999986,2.6645352591003757e-15,146.77520877571735,6.283185307179565,-0.022139650600557947,-0.5989309729514264
23.88,0.001165694923689623,0.0006264778135827114,-3.2570230212834503,-0.11543036769365722,0.0016061908050849808,0.0005112192425417183,4.9582655537322e-12,1.8753635674287016e-13,3,0.5999999999999986,2.6645352591003757e-15,146.90087248186094,6.283185307179565,-0.033881860279793063,-0.5754465535929562
23.900000000000002,0.0011674038599509401,0.0006263638411306427,-3.2403698832222654,-0.09877722963247226,0.0016100391048013629,0.000511783051412303,4.961853950741975e-12,1.7148268807681967e-13,3,0.5999999999999986,2.6645352591003757e-15,147.02653618800454,6.283185307179565,-0.0451636513319143,-0.5528829714887137
23.92,0.0011689607400588193,0.000626291506310738,-3.222065245807636,-0.08047259221784309,0.0016144762620654827,0.0005142634539001886,4.965131479546119e-12,1.567505512253405e-13,3,0.5999999999999986,2.6645352591003757e-15,147.15219989414814,6.283185307179565,-0.05600307702951557,-0.5312041200935111
23.94,0.0011703800756647474,0.0006262479690520166,-3.2024020800459607,-0.0608094264561676,0.0016193468727396499,0.0005186872210094548,4.968136463831488e-12,1.4450816763472967e-13,3,0.5999999999999986,2.6645352591003757e-15,147.27786360029174,6.283185307179565,-0.0664174827662472,-0.5103753086200479
23.96,0.0011716879119093445,0.0006262201643836526,-3.1816984380901308,-0.04010578450033764,0.0016244619727221162,0.0005250403284417731,4.970929494187988e-12,1.3578870395770532e-13,3,0.5999999999999986,2.6645352591003757e-15,147.40352730643534,6.283185307179565,-0.07642353381314632,-0.49036320652624965
23.98,0.001172920398859576,0.0006261973116989388,-3.160291119446186,-0.018698465856392676,0.001629610640435265,0.0005332619933436555,4.973589728614582e-12,1.3139271806473318e-13,3,0.5999999999999986,2.6645352591003757e-15,147.52919101257893,6.283185307179565,-0.08603724198662602,-0.47113579017929025
24.0,0.001174121065764922,0.0006261730904638973,-3.1385285196403916,0.0030641339494015263,0.001634573797879606,0.0005432415573848047,4.976209369971379e-12,1.3180700395109893e-13,3,0.5999999999999986,2.6645352591003757e-15,147.65485471872253,6.283185307179565,-0.09527399127079769,-0.4526622916109469
