time_s,x_m,y_m,orientation_rad,axis_heading_rad,head_x_m,head_y_m,dissipation_J,power_W,action,amplitude_rad,amplitude_rate_rad_s,phase_rad,phase_rate_rad_s,bias_rad,bias_rate_rad_s
0.0,0.0,0.0,0.0,-3.141592653589793,-0.0005000000000000001,0.0,0.0,3.5163879160073895e-15,0,0.0,1.2,0.0,0.0,0.0,4.0
0.02,-1.724783456302208e-11,-8.814240437183355e-12,-1.3449815425517019e-05,3.141579203774368,-0.0004999493145365784,2.79707248865369e-06,6.757746917935443e-17,3.24801956497486e-15,0,0.023526336508606138,1.1529473269827877,0.002480096241394649,0.24636721980439416,0.07842112169535365,3.8431577566092927
0.04,-4.5373138444686847e-10,-8.192629308714887e-11,-0.00012930425553658403,3.1414633493342565,-0.0004998029565937477,5.533807461984831e-06,1.3008070800097423e-16,3.0124731210782964e-15,0,0.04613019216801861,1.1077396156639627,0.009790290914295882,0.48307424274577493,0.1537673072267285,3.692465385546543
0.06,-2.348329980141224e-09,-2.685232024265585e-10,-0.00043746629029717575,3.1411551872994963,-0.0004995659031295846,8.258706672850944e-06,1.8833584732605583e-16,2.829275021871134e-15,0,0.06784773796970556,1.0643045240605888,0.021741193150254835,0.7104998505610404,0.22615912656568504,3.54768174686863
0.08,-7.225676706437636e-09,-6.024413947324182e-10,-0.0010160403720305398,3.140576613217762,-0.0004992388597376873,1.1016228522742004e-05,2.4364789330982687e-16,2.725510315557138e-15,0,0.08871372662027333,1.0225725467594533,0.038150838202993975,0.9290079727427458,0.29571242206757753,3.408575155864845
0.1,-1.6961606450564148e-08,-1.1007087416747156e-09,-0.0019323686132624743,3.1396602849765305,-0.000498818638729746,1.3847704232452135e-05,2.979054006508153e-16,2.7316100645580093e-15,0,0.10876154815321104,0.9824769036935779,0.058844396265991784,1.1389482689039339,0.3625384938440366,3.274923012311927
0.12,-3.368434679178824e-08,-1.7599953858590409e-09,-0.0032438039831290738,3.138348849606664,-0.0004982983523940428,1.6791925849691858e-05,3.5361772389258767e-16,2.8787566652792407e-15,0,0.12802328336006813,0.9439534332798637,0.08365389270749338,1.340656688308114,0.4267442778668935,3.146511444266213
0.14,-5.971162703007218e-08,-2.55114803286063e-09,-0.004998251982629409,3.136594401607164,-0.0004976675087558122,1.988543650259196e-05,4.1391462677730496e-16,3.197650099174552e-15,0,0.1465297551265649,0.9069404897468701,0.11241793927526313,1.5344560074597582,0.4884325170885495,3.023134965822901
0.16,-9.752254024807637e-08,-3.412139368043276e-09,-0.007234521981596099,3.134358131608197,-0.0004969120770361087,2.3162559362695407e-05,4.825328697581503e-16,3.718371739327095e-15,0,0.16431057775578567,0.8713788444884286,0.14498147584094984,1.720656346615568,0.5477019258526186,2.904596148294763
0.18,-1.4976124158635087e-07,-4.2398176778781746e-09,-0.009982533763990116,3.131610119825803,-0.0004960145750790548,2.6655204900185108e-05,5.638089697869635e-16,4.471065347261202e-15,0,0.18139420435738157,0.8372115912852368,0.1811955222708,1.8995556660430515,0.6046473478579384,2.7907053042841232
0.2,-2.1926764074096872e-07,-4.880842451991597e-09,-0.013263424944456561,3.1283292286453364,-0.0004949542199429585,3.0392497722561824e-05,6.626915368464867e-16,5.4871374801664346e-15,0,0.19780797237861664,0.8043840552427667,0.2209169400256598,2.071440242820516,0.659359907928722,2.681280184142556
0.22,-3.0912832304717414e-07,-5.122194098853543e-09,-0.017089601798320055,3.124503051791473,-0.000493707174364948,3.4400265510000924e-05,7.847805009012269e-16,6.8006681591633085e-15,0,0.21357814735011543,0.7728437052997691,0.2640082031087746,2.2365851289414698,0.7119271578337178,2.5761456843325643
0.24,-4.227391608170064e-07,-4.6817069743628706e-09,-0.021464770575718342,3.1201278830140744,-0.0004922469147778967,3.8700433761298796e-05,9.36394321573998e-16,8.449721989765447e-15,0,0.22872996491631575,0.7425400701673684,0.31033717799485355,2.395254591456495,0.7624332163877188,2.4751335672245625
0.26,-5.638696035799383e-07,-3.199247085313388e-09,-0.026383979319928683,3.115208674269864,-0.0004905447400172547,4.331037134928052e-05,1.1246601743468547e-15,1.0477263721138776e-14,0,0.24328767121788364,0.7134246575642327,0.3597769121882393,2.5477025353569074,0.8109589040596119,2.378082191880776
0.28,-7.367176233070968e-07,-2.2947458787833923e-10,-0.03183369225780311,3.1097589613319894,-0.0004885704330494502,4.824223307628176e-05,1.3576164527985413e-15,1.2931413516840974e-14,0,0.25727456169071133,0.6854508766185773,0.4122054310718302,2.6941729098769094,0.8575818723023709,2.284836255395258
0.3,-9.459439114089049e-07,4.762399331679292e-09,-0.037791910582371774,3.1038007430074215,-0.00048629308048315486,5.35023461271083e-05,1.6443120898835968e-15,1.586482806156523e-14,0,0.2707130183435844,0.6585739633128311,0.4675055427216704,2.8349000988644124,0.9023767278119479,2.1952465443761042
0.32,-1.196674349409873e-06,1.2399871886917878e-08,-0.04422834545518317,3.09736430813461,-0.00048368204608328604,5.9090687005376014e-05,1.9948835840255327e-15,1.933306459524686e-14,0,0.28362454557417116,0.6327509088516576,0.5255646503748691,2.9701092958451984,0.9454151519139036,2.109169696172193
0.34,-1.4944611466313433e-06,2.338683780482053e-08,-0.05110464182383837,3.090488011765954,-0.0004807080851012571,6.500049361647447e-05,2.4205886096869e-15,2.339187434873469e-14,0,0.29602980458064654,0.6079403908387069,0.5862745722507581,3.100016864380604,0.9867660152688216,2.026467969462357
0.36,-1.8451954301121974e-06,3.848864922015048e-08,-0.058374645634767706,3.0832180079550255,-0.00047734457637202404,7.121805306518417e-05,2.9337750272151327e-15,2.8093475042214578e-14,0,0.3079486464240173,0.5841027071519653,0.6495313684369627,3.224830684295379,1.0264954880800574,1.9470090238398852
0.38,-2.254967448112077e-06,5.849931755091004e-08,-0.06598470261523584,3.0756079509745575,-0.00047356883947139035,7.772269903180888e-05,3.547766188789267e-15,3.3481961247606203e-14,0,0.31940014379405474,0.5611997124118905,0.7152351745633669,3.3447504843297535,1.0646671459801822,1.8706657080396356
0.4,-2.7298747266132382e-06,8.41919438468535e-08,-0.07387397430507082,3.067718679284722,-0.000469363495605442,8.448704305160001e-05,4.276647683773284e-15,3.958811573063512e-14,0,0.3304026215296673,0.5391947569406653,0.7832900419978157,3.459968161748039,1.1013420717655573,1.7973158564688854
0.42,-3.275783155389913e-06,1.162504126972779e-07,-0.08197475662059736,3.059617896969195,-0.00046471782419727446,9.14774516984839e-05,5.134946858047821e-15,4.642397183875228e-14,0,0.34097368594255245,0.518052628114895,0.8536037843078333,3.570668089415187,1.136578953141841,1.7268420937163178
0.44,-3.898050592132247e-06,1.5518203641793147e-07,-0.09021278796702419,3.051379865622769,-0.00045962906314060356,9.865476692869393e-05,6.137204104233695e-15,5.3977534323977017e-14,0,0.35113025299105144,0.4977394940178971,0.926087829742664,3.6770274108327095,1.1704341766368378,1.6591316467263244
0.46,-4.601226593685822e-06,2.0121314617370816e-07,-0.09850753766185029,3.0430851159279424,-0.0004541035999895854,0.00010597525035172625,7.297443356172236e-15,6.220808430727895e-14,0,0.36088857534929175,0.47822284930141645,1.0006570794995744,3.779216323606072,1.2029619178309723,1.5940761643380554
0.48,-5.388744760728944e-06,2.5417241936840813e-07,-0.10677247093632189,3.034820182653471,-0.00044815800421377835,0.00011339171492998816,8.628557595979089e-15,7.104246950380707e-14,0,0.37026426841493304,0.4594714631701339,1.0772297715476138,3.877398351797177,1.2342142280497765,1.531571543900447
0.5,-6.2626254935636174e-06,3.133697141400472e-07,-0.1149152937114527,3.02667735987834,-0.0004418198569376526,0.00012085479075763014,1.0141632651768234e-14,8.03727167241591e-14,0,0.3792723352971349,0.4414553294057302,1.1557273497909208,3.9717306075977454,1.264241117657116,1.471517764685768
0.52,-7.223206516243284e-06,3.774809830582989e-07,-0.12283818837636881,3.0187544652134246,-0.0004351283437475255,0.00012831425647394557,1.1845238430455033e-14,9.00552110569422e-14,0,0.38792719082473215,0.42414561835053566,1.2360743383622115,4.062364042742348,1.2930906360824403,1.4138187278351193
0.54,-8.268916454135404e-06,4.444520807016773e-07,-0.13043806072038,3.0111545928694134,-0.00042813458720272215,0.00013572035591714014,1.3744720582190525e-14,9.991158217305833e-14,0,0.39624268461303674,0.40751463077392647,1.3181982208452878,4.149443690063379,1.3208089487101224,1.3583821025797551
0.56,-9.396103480668597e-06,5.114356472970364e-07,-0.13760682798086205,3.0039858256089307,-0.0004209017072699602,0.0001430250121476047,1.5841527402815042e-14,1.0973134302996328e-13,0,0.4042321232261765,0.3915357535476469,1.4020293242333017,4.233108895574534,1.3474404107539217,1.3051191784921565
0.58,-1.0598927270816432e-05,5.747755437041096e-07,-0.14423178890569943,2.9973608646840937,-0.00041350460836029804,0.000150182849114842,1.8132606922884345e-14,1.1927625892476337e-13,0,0.41190829147043706,0.37618341705912584,1.48750070743708,4.313493541454162,1.3730276382347901,1.2539447235304197
0.6,-1.1869319035937643e-05,6.300524683247118e-07,-0.15019612923025205,2.9913965243595406,-0.0004060294991967987,0.00015715193587348544,2.0609908317918702e-14,1.2828639901054564e-13,0,0.419283472852679,0.361433054294642,1.5745480541650994,4.390726260285306,1.3976115761755965,1.204776847648807
0.62,-1.3197012075946167e-05,6.722024482309692e-07,-0.15537963051686368,2.9862130230729296,-0.0003985731546637006,0.00016389417987924243,2.3260020907796053e-14,1.3648784279601864e-13,0,0.4263694692365698,0.3472610615268603,1.6631095700036989,4.4649306408952905,1.4212315641218995,1.157536871756201
0.64,-1.456964471020065e-05,6.95716943645709e-07,-0.15965966714533858,2.9819329864444546,-0.000391241925727475,0.00017037531464901665,2.6063983982914718e-14,1.4360207418898329e-13,0,0.4331776197280837,0.3336447605438325,1.7531258835328343,4.536225426124203,1.4439253990936125,1.112149201812775
0.66,-1.5972938972960402e-05,6.949293487851318e-07,-0.16291259497859323,2.9786800586112,-0.00038415049381797283,0.00017656445275836193,2.8997302133290314e-14,1.4935717601694532e-13,0,0.43971881882048997,0.32056236235902,1.8445399513191398,4.604724702838776,1.4657293960683,1.0685412078634
0.68,-1.739096200263468e-05,6.643875578683589e-07,-0.16501565429900653,2.9765769992907867,-0.00037742035012802315,0.00018243320734776146,3.2030203778611796e-14,1.535010061162403e-13,0,0.4460035338278666,0.3079929323442667,1.9372969666342648,4.67053808449571,1.486678446092889,1.026643107814222
0.7000000000000001,-1.8806482027725917e-05,5.993056103584236e-07,-0.16584952568703765,2.9757431279027555,-0.0003711779599954236,0.0001879544234382388,3.5128184533462103e-14,1.558165463626928e-13,0,0.45204182163503626,0.29591635672992744,2.031344271752415,4.733770886546592,1.5068060721167877,0.9863878557664245
0.72,-2.0201436069577886e-05,4.960786506494656e-07,-0.16530168486235924,2.976290968727434,-0.00036555255151792833,0.00019310060365829434,3.825288018697282e-14,1.561395110724862e-13,0,0.4578433447907271,0.2843133104185458,2.126631273686758,4.79452429496509,1.526144482635757,0.9477110347284858
0.74,-2.1557530074256394e-05,3.528339144118426e-07,-0.1632706924964555,2.9783219610933376,-0.00036067345147057484,0.00019784216027161496,4.136331348929888e-14,1.5437801664849642e-13,0,0.46341738696971246,0.27316522606057503,2.2231093632298493,4.852895528166091,1.544724623232375,0.91055075353525
0.76,-2.285699156928809e-05,1.6997588295930103e-07,-0.15967151604799829,2.9819211375417947,-0.000356666888088673,0.00020214567448685185,4.4417550393273075e-14,1.5053359018687303e-13,0,0.4687728678286712,0.2624542643426575,2.3207318371685317,4.908977992575909,1.562576226095571,0.8748475478088582
0.78,-2.4083486945049725e-05,-4.93332935404461e-08,-0.1544418991688152,2.987150754420978,-0.0003536521985112797,0.00020597239085236863,4.737477967046807e-14,1.447219981919648e-13,0,0.47391835727954124,0.2521632854409175,2.4194538235488285,4.962861432102499,1.579727857598471,0.840544284803058
0.8,-2.5223196806705534e-05,-2.988343260184304e-07,-0.14754965727702823,2.994042996312765,-0.0003517374280508306,0.00020927721205408911,5.0197789558519167e-14,1.3719133968340478e-13,0,0.47886208920320683,0.2422758215935863,2.519232209871245,5.01463207174485,1.5962069640106897,0.8075860719786205
0.8200000000000001,-2.6266011194110027e-05,-5.690616159138003e-07,-0.13900057856490294,3.0025920750248902,-0.00035101439611261376,0.0002120084768492831,5.2855752612374554e-14,1.2833371790194875e-13,0,0.4836119746254649,0.23277605074907015,2.620025574101571,5.064372755571381,1.6120399154182168,0.7759201691635664
0.84,-2.7206762170861434e-05,-8.475556796418392e-07,-0.12884635511078563,3.0127462984790077,-0.00035155343047827884,0.00021410878690139676,5.5327146004556415e-14,1.1868588995648791e-13,0,0.48817561437635404,0.22364877124729188,2.72179411838679,5.112163079288127,1.6272520479211807,0.7454959041576386
0.86,-2.8046359568103948e-05,-1.1194707092488212e-06,-0.11719168956404695,3.0244009640257463,-0.000353398127516209,0.00021551708154744455,5.760253784714293e-14,1.0891407042160619e-13,0,0.49256031125310407,0.21487937749379182,2.824499605370022,5.158079517608847,1.6418677041770142,0.7162645916459716
0.88,-2.8792648410713947e-05,-1.3686060061754399e-06,-0.10419948025192095,3.037393173337872,-0.0003565606547077114,0.00021617203189639792,5.968688010906181e-14,9.977909162784018e-14,0,0.4967730817061697,0.2064538365876606,2.9281052970025954,5.202195546630884,1.6559102723538996,0.6881794552922007
0.9,-2.9460781985535264e-05,-1.5788165782163733e-06,-0.09009287074018049,3.0514997828496124,-0.0003610182311491914,0.0002160166382812811,6.16008953139955e-14,9.208082141672812e-14,0,0.5008206670670481,0.19835866586590378,3.0325758957553317,5.2445817614125945,1.6694022235568275,0.6611955528863449
0.92,-3.0072923043413953e-05,-1.7356653188616472e-06,-0.07515305681351712,3.0664395967762754,-0.0003667114489780402,0.00021500368964073182,6.338116200090385e-14,8.658506273788005e-14,0,0.5047095443358476,0.1905809113283048,3.1378774881349685,5.285305988940504,1.6823651477861592,0.6352697044276816
0.9400000000000001,-3.0657161213840354e-05,-1.828089388120606e-06,-0.05971214286631721,3.081880510723476,-0.0003735449879748077,0.00021310152542650785,6.507861945448598e-14,8.394129970055764e-14,0,0.5084459365458697,0.18310812690826062,3.2439774904153342,5.324433396666955,1.6948197884862328,0.6103604230275343
0.96,-3.124566426266599e-05,-1.8497985916180032e-06,-0.044141022349307744,3.097451631240485,-0.00038139101030884505,0.0002102993922422127,6.675542753834572e-14,8.460402549876363e-14,0,0.5120358227217899,0.17592835455642009,3.350844596496435,5.362026596791937,1.7067860757393003,0.5864278485213994
0.98,-3.187223768238526e-05,-1.8001333232311896e-06,-0.02883310641117713,3.112759547178616,-0.0003900951347906114,0.0002066116672696266,6.848039808474501e-14,8.877210159351479e-14,0,0.515484947447373,0.16903010510525385,3.4584487278080154,5.398145746455959,1.7182831581579106,0.5634336836841789
1.0,-3.2569605343198215e-05,-1.684195567909936e-06,-0.014185528795083292,3.1274071247947095,-0.0003994844634652478,0.00020208035701908242,7.032349141954977e-14,9.635836194507584e-14,0,0.5187988300580324,0.16240233988393515,3.56676098517743,5.432848644004315,1.7293294335267753,0.5413411329464495
1.02,-3.3366795322583404e-05,-1.512211310609152e-06,-0.0005799732811504268,3.141012680308643,-0.0004093767792884387,0.00019677555153759709,7.235006351963212e-14,1.0699565038046056e-13,0,0.5219827734729445,0.1560344530541109,3.675753602584799,5.46619082147676,1.7399425782431488,0.5201148435137024
1.04,-3.4286991584049865e-05,-1.2982434150382704e-06,0.011634666390950016,-3.1299579871988428,-0.00041958984935217637,0.00019079385107984695,7.461559470180431e-14,1.200774749777685e-13,0,0.5250418726808506,0.14991625463829883,3.7853999027314575,5.498225633470627,1.7501395756028357,0.49972084879432854
1.06,-3.534610099966183e-05,-1.0584995494371743e-06,0.022155995305055007,-3.119436658284738,-0.0004299497973374362,0.00018425509192016145,7.716151656092163e-14,1.348242060445781e-13,0,0.527981022893126,0.144037954213748,3.8956742543505802,5.529004342519565,1.7599367429770871,0.48012651404582574
1.08,-3.65521256641858e-05,-8.095339705058635e-07,0.030737143978026217,-3.110855509611767,-0.0004402977262699967,0.00017729790245853288,8.001252105601328e-14,1.5036157757004143e-13,0,0.5308049273771624,0.13839014524567506,4.006552031191691,5.558576201124526,1.7693497579238755,0.461300484152249
1.1,-3.790527510242566e-05,-5.666183724308502e-07,0.03719091505252273,-3.1044017385372698,-0.0004504941008396775,0.0001700746845856108,8.31754594391754e-14,1.657980936004946e-13,0,0.5335181049825997,0.13296379003480063,4.118009572613406,5.586988530568278,1.7783936832753326,0.4432126334493347
1.12,-3.939864439805536e-05,-3.42476921525152e-07,0.04138958406689243,-3.100203069522901,-0.0004604207447506447,0.0001627465509242538,8.663969585228098e-14,1.8029109239984508e-13,0,0.5361248973724483,0.1277502052551034,4.2300241457213605,5.614286796639552,1.7870829912414947,0.42583401751701055
1.1400000000000001,-4.101924074290036e-05,-1.4647900910544568e-07,0.0432613554605489,-3.098331298129244,-0.00046998059973029,0.00015547860097196768,9.037862154007108e-14,1.930959989715723e-13,0,0.5386294759706775,0.12274104805864505,4.342573908990727,5.640514682388003,1.7954315865689254,0.40913682686214914
1.16,-4.274915615708875e-05,1.570796187674063e-08,0.04278464372406641,-3.098808009865727,-0.00047909559318800546,0.00014843574193916978,9.435197490649848e-14,2.035979511595241e-13,0,0.541035848637383,0.11792830272523402,4.455637877315116,5.665714158026407,1.8034528287912772,0.39309434241744556
1.18,-4.4566737158613265e-05,1.4206589870649522e-07,0.03998127261751588,-3.101611380972278,-0.000487703070691281,0.0001417790968731643,9.850863411183236e-14,2.1132835828969636e-13,0,0.5433478660822185,0.11330426783556291,4.56919588842593,5.6899255480919635,1.8111595536073957,0.37768089278520867
1.2,-4.644766911839538e-05,2.3386387073376893e-07,0.03490945665506533,-3.1066831969347284,-0.000495751288744691,0.00013566291951605153,1.0278962126111614e-13,2.1597065530508768e-13,0,0.5455692280263524,0.10886154394729508,4.68322857062843,5.713187595974147,1.8185640934211753,0.3628718131576494
1.22,-4.8365955333788384e-05,2.950819704191736e-07,0.02765714286028933,-3.1139355107295037,-0.0005031944604332143,0.0001302318622361458,1.0713114793191945e-13,2.1735974202213905e-13,0,0.5477034891228112,0.10459302175437757,4.797717311802892,5.735537525912404,1.8256782970760377,0.34864340584792464
1.24,-5.029481783057399e-05,3.3170755209591035e-07,0.01833601818264382,-3.1232566354071487,-0.0005099878241255519,0.00012561841982076922,1.1146761560009339e-13,2.1547880832837712e-13,0,0.5497540646446823,0.10049187071063526,4.9126442296212485,5.757011102562876,1.8325135488156084,0.3349729023687833
1.26,-5.220757456658762e-05,3.5097716228077153e-07,0.007076270764283726,-3.1345163828255096,-0.0005160831763351564,0.00012194039226664049,1.1573454609534476e-13,2.1045591962306756e-13,0,0.5517242359502804,0.09655152809943912,5.02799214293154,5.777642688229477,1.8390807865009353,0.32183842699812937
1.28,-5.407855592338902e-05,3.606272585682494e-07,-0.00597795128364041,3.135614702306153,-0.0005214252759607174,0.0001192982660056944,1.1987144979741047e-13,2.0256123741987595e-13,0,0.55361715573402,0.09276568853195988,5.143744544264413,5.7974652978509145,1.8453905191134008,0.3092189617731984
1.3,-5.588411336667748e-05,3.6821203857527134e-07,-0.020672511145692442,3.120920142444101,-0.0005259494818653001,0.00011777249560342487,1.2382464201992613e-13,1.9220430836313371e-13,0,0.5554358530713995,0.08912829385720089,5.259885573417646,5.8165106518316305,1.8514528435713324,0.2970943128573351
1.32,-5.760374627482767e-05,3.8054612220084746e-07,-0.03684681925898703,3.1047458343308065,-0.0005295809177748405,0.00011742076487584933,1.2754999360709563e-13,1.7992960830366418e-13,0,0.5571832382661682,0.08563352346766351,5.376399992076443,5.8348092268012195,1.857277460887228,0.285445078225544
1.34,-5.922133082724213e-05,4.0332919755600915e-07,-0.05433702658747741,3.0872556270023157,-0.0005322353566031158,0.00011827540274138733,1.310155551613898e-13,1.6640758465717937e-13,0,0.5588621075074331,0.08227578498513366,5.493273159428876,5.852390304383539,1.8628736916914443,0.2742526166171113
1.36,-6.07263808731682e-05,4.4100301244666145e-07,-0.07297889540537467,3.0686137581844184,-0.000533821874900855,0.00012034120785659049,1.3420393284406317e-13,1.5241793870579022e-13,0,0.5604751473441582,0.07904970531168365,5.610491008737463,5.869282018053548,1.8682504911471942,0.26349901770561157
1.3800000000000001,-6.211521195995996e-05,4.968721972740769e-07,-0.09261028605692434,3.0489823675328687,-0.000534247152064855,0.00012359398015152217,1.3711422802979522e-13,1.3882203010836554e-13,0,0.5620249389842155,0.07595012203156903,5.728040024829389,5.885511398156878,1.8734164632807186,0.2531670734385627
1.4000000000000001,-6.339182856346287e-05,5.734856480097707e-07,-0.11307312888149237,3.028519524708301,-0.000533421096659775,0.00012798005376177585,1.3976329845195752e-13,1.265223031265144e-13,0,0.5635139624248691,0.07297207515026183,5.8459072224693465,5.901104415164147,1.8783798747495641,0.24324025050087172
1.42,-6.456832827728835e-05,6.732260006904629e-07,-0.13421471332285956,3.0073779402669336,-0.0005312633047936262,0.00013341707011636013,1.4218607434932372e-13,1.1640868472769181e-13,0,0.5649446004212993,0.07011079915740126,5.964080125580385,5.916086021229252,1.8831486680709983,0.2337026638580033
1.44,-6.566463358499534e-05,7.989996558800984e-07,-0.15588813531657064,2.9857045182732227,-0.0005277097304532737,0.00013979612954466056,1.444346900348778e-13,1.0929488220419393e-13,0,0.5663191422995196,0.0673617154009607,6.08254674727953,5.930480190118146,1.8877304743317325,0.22453905133653507
1.46,-6.670743378646158e-05,9.548742917317875e-07,-0.17795180436313257,2.9636408492266604,-0.0005227189077412279,0.000146985333768467,1.4657628356287463e-13,1.05850866576092e-13,0,0.5676397876197863,0.06472042476042739,6.201295570696209,5.9443099555719705,1.8921326253992878,0.21573474920142433
1.48,-6.772834340448403e-05,1.1464932106199215e-06,-0.20026801626616428,2.9413246373236284,-0.0005162771251026405,0.00015483460536532475,1.4868947334529579e-13,1.0654056949234301e-13,0,0.5689086496963645,0.062182700607271046,6.320315530542807,5.957597448165959,1.8963621656545482,0.20727566869090364
1.5,-6.87614351071627e-05,1.3811202067378451e-06,-0.22270072671589092,2.9188919268739024,-0.000508402100816065,0.00016318156606748974,1.5085971644975538e-13,1.1157477530864423e-13,0,0.5701277589792816,0.059744482041436786,6.4395959954078394,5.970363930723078,1.9004258632642719,0.19914827347145625
1.52,-6.984044373368242e-05,1.6672366457921737e-06,-0.2451127854478208,2.896479868141972,-0.0004991449117440992,0.0001718581840917799,1.5317394346192415e-13,1.208875566747951e-13,0,0.5712990663034809,0.0574018673930381,6.55912675074343,5.98262983233908,1.904330221011603,0.1913395579767938
1.54,-7.099601868058488e-05,2.013709554651882e-06,-0.26736297888127575,2.874229674708517,-0.0004885901368073809,0.00018069785725234922,1.557149958046655e-13,1.341404844120936e-13,0,0.5724244460105734,0.05515110797885314,6.678897982519854,5.994414781073416,1.9080814867019114,0.1838370265961773
1.56,-7.225339530050691e-05,2.428648360887412e-06,-0.2893032566015203,2.8522893969882723,-0.0004768543534845659,0.00018954256993394415,1.5855642274204238e-13,1.5075338893857005e-13,0,0.5735056989481843,0.05298860210363143,6.798900261520995,6.005737635358318,1.911685663160614,0.17662867367877189
1.58,-7.363076219244026e-05,2.9181387655658197e-06,-0.3107764754732907,2.8308161781165024,-0.0004640832517357516,0.00019824973689726666,1.617581172170168e-13,1.6995541675062936e-13,0,0.5745445553516931,0.05091088929661369,6.9191245282555895,6.016616514176312,1.915148517838977,0.1697029643220458
1.6,-7.513845062537822e-05,3.4850652706542066e-06,-0.33161489569858915,2.809977757891204,-0.00045044770917139325,0.00020669832597996685,1.6536310767734222e-13,1.908470694649992e-13,0,0.5755426776129803,0.048914644774039395,7.039562078460108,6.0270688260544585,1.9184755920432675,0.1630488159134651
1.62,-7.677891179847176e-05,4.128206749973587e-06,-0.3516395329515011,2.789953120638292,-0.00043613921887927657,0.00021479384855736295,1.693956261782214e-13,2.1246351553542273e-13,0,0.5765016629406078,0.04699667411878439,7.160204549170075,6.037111296921709,1.9216722098020258,0.1566555803959484
1.6400000000000001,-7.854732097988656e-05,4.841726334662804e-06,-0.370660344665654,2.770932308924139,-0.0004213650875963138,0.00022247183926392473,1.7386039325786222e-13,2.3383137167806196e-13,0,0.5774230459156943,0.04515390816861142,7.281043905337542,6.0467599968739565,1.9247434863856476,0.15051302722870474
1.6600000000000001,-8.043258005178542e-05,5.615100748799327e-06,-0.3884771394210918,2.7531155141687016,-0.00040634382443383943,0.00022969952568459596,1.7874293420782544e-13,2.540143445258538e-13,0,0.5783083009475721,0.0433833981048557,7.402072426973299,6.056030365889627,1.9276943364919072,0.1446113270161855
1.68,-8.24184840274454e-05,6.433467145030432e-06,-0.4048810694222546,2.736711584167539,-0.0003913011058767424,0.00023647550972350623,1.8401068365283581e-13,2.7214649997571354e-13,0,0.5791588446331568,0.041682310733686334,7.52328269679324,6.064937238536928,1.930529482110523,0.138941035778954
1.7,-8.448485805473176e-05,7.27832172118922e-06,-0.4196566070909874,2.721936046498806,-0.00037646661678247356,0.00024282742517964885,1.8961464070502176e-13,2.874547238487645e-13,0,0.5799760380238043,0.04004792395239143,7.644667588349131,6.073494867712328,1.933253460079348,0.13349307984130387
1.72,-8.660853794113716e-05,8.128488231139288e-06,-0.43258401388301937,2.7090086397067736,-0.0003620719237624492,0.0002488076736630823,1.9549138958724434e-13,2.99273841535025e-13,0,0.5807611888032834,0.03847762239343311,7.76622025462477,6.0817169474482355,1.9358706293442787,0.12825874131144266
1.74,-8.876414035838943e-05,8.961281864297503e-06,-0.44344246703407875,2.698150186555715,-0.0003483493440671785,0.00025448745065968987,2.0156538226905443e-13,3.070588892729123e-13,0,0.5815155533803492,0.036968893239301526,7.887934117079298,6.089616634826363,1.938385177934498,0.1232296441310039
1.76,-9.092463666134085e-05,9.753815667496627e-06,-0.4520141937750329,2.6895784598147596,-0.0003355315489787056,0.00025994934637489116,2.0775147396782131e-13,3.103993003673049e-13,0,0.5822403388992646,0.03551932220147069,8.009802855120135,6.097206571031874,1.9408011296642163,0.1183977406715675
1.78,-9.306180190528166e-05,1.0484421340200366e-05,-0.4580901410122358,2.683502512577557,-0.0003238514115676126,0.00026527885086564837,2.139577951744821e-13,3.090393464356753e-13,0,0.5829367051714891,0.034126589657021755,8.13182039598868,6.104498901581968,1.9431223505716313,0.11375529885673741
1.8,-9.514665767309043e-05,1.113417204694723e-05,-0.4614778406211455,2.6801148129686476,-0.0003135414034725435,0.0002705551344254858,2.2008912075104754e-13,3.02907957294838e-13,0,0.5836057665316243,0.032788466936751304,8.253980905042603,6.111505295761305,1.9453525551054152,0.10929488978916968
1.82,-9.715006326190987e-05,1.1688490499322085e-05,-0.4620121604583399,2.6795804931314535,-0.0003048316969816049,0.00027584154487918895,2.2605093941332227e-13,2.9215876211766457e-13,0,0.5842485936205871,0.031502812758825716,8.376278776419172,6.118236965295352,1.9474953120686243,0.1050093758627515
1.84,-9.90436297660563e-05,1.2138791126247147e-05,-0.4595694819744516,2.6820231716153415,-0.0002979460790849789,0.00028117639276285523,2.3175441071436603e-13,2.7721749447288363e-13,0,0.5848662150988636,0.030267569802272742,8.498708624064676,6.124704682291527,1.9495540503295457,0.1008918993409087
1.86,-0.00010080112292913313,1.2484035242227711e-05,-0.4540854205257032,2.68750723306409,-0.00029309489012669814,0.0002865647945649912,2.3712229030367564e-13,2.5882859279154593e-13,0,0.5854596192925853,0.029080761414829404,8.621265273115592,6.1309187964768785,1.9515320643086178,0.09693587138276438
1.8800000000000001,-0.00010240046231873391,1.273197774544739e-05,-0.4455754117265846,2.696017241863208,-0.0002904645311777152,0.00029197258832815013,2.4209567756461374e-13,2.3808634146335755e-13,0,0.5860297557750618,0.0279404884498764,8.743943751617698,6.13688925175985,1.953432519250206,0.093134961499588
1.9000000000000001,-0.00010382629302916887,1.2899777269646313e-05,-0.4341562982581816,2.7074363553316116,-0.00029020370375848833,0.0002973235457363526,2.4664108224913746e-13,2.1642993194657617e-13,0,0.5865775368863007,0.026844926227398647,8.866739282569885,6.142625602142661,1.955258456287669,0.08948308742466216
1.92,-0.00010507289201062697,1.301357928717412e-05,-0.4200656019457094,2.7215270516440837,-0.0002924074585153045,0.00030250114014929364,2.5075685850552164e-13,1.9557976765707755e-13,0,0.5871038391929461,0.025792321614107827,8.989647276279936,6.148137027009743,1.9570127973098204,0.08597440538035928
1.94,-0.00010614690342066294,1.3106734648192787e-05,-0.40367385737973854,2.737918796210055,-0.0002971012110135972,0.00030735581611820095,2.5447763836021214e-13,1.7739871490963235e-13,0,0.5876095048909725,0.02478099021805491,9.11266332302004,6.153432345816717,1.958698349636575,0.08260330072684985
1.96,-0.00010706916580614402,1.3216546426503326e-05,-0.3854848931928268,2.756107760396967,-0.00030422781971267926,0.00031171791463501517,2.5787522120616265e-13,1.6368005734756164e-13,0,0.5880953431533779,0.02380931369324424,9.23578318597029,6.158520032203402,1.9603178105112595,0.07936437897748094
1.98,-0.00010787483937079,1.337984341939787e-05,-0.3661200171151554,2.775472636474637,-0.00031364114618266534,0.00031541518554226405,2.610546725817413e-13,1.558915954143954e-13,0,0.588562131425033,0.02287573714993396,9.359002794438858,6.163408227553448,1.9618737714167769,0.07625245716644624
2.0,-0.00010861129065255971,1.3628143014354827e-05,-0.34628503157101437,2.795307622018779,-0.0003251088039849028,0.0003182924831622693,2.641452656444026e-13,1.5493244817391633e-13,0,0.5890106166667595,0.02197876666648102,9.48231823734803,6.168104754022285,1.9633687222225318,0.07326255555493644
2.02,-0.00010933375047122431,1.3983472924929796e-05,-0.32672331823251155,2.8148693353572813,-0.00033832497614440666,0.0003202303341902552,2.672871986164353e-13,1.6097002490607348e-13,0,0.5894415165506259,0.02111696689874809,9.605725756975643,6.172617127054243,1.9648050551687533,0.07038988966249349
2.04,-0.00011009944587094623,1.4455865284079137e-05,-0.30816235115763774,2.8334303024321557,-0.0003529317366055316,0.0003211590886184848,2.7061627749327154e-13,1.7340799522777002e-13,0,0.5898555206083768,0.020288958783246436,9.729221742941924,6.176952567408865,1.9661850686945894,0.06762986261082116
2.06,-0.00011096140796962356,1.50430777654447e-05,-0.2912630966539088,2.8503295569358844,-0.0003685451781544789,0.0003210664319975549,2.7424940464319846e-13,1.9099538627499883e-13,0,0.59025329133483,0.019493417330340046,9.852802726432119,6.18111801271566,1.9675109711161003,0.06497805776779941
2.08,-0.0001119632255055331,1.5732423908172648e-05,-0.2765808080604078,2.865011845529385,-0.0003847816941487024,0.00031999774181109696,2.78273441708605e-13,2.1204127099089943e-13,0,0.5906354652480101,0.01872906950397968,9.976465374645642,6.185120128575796,1.9687848841600344,0.062430231679931225
2.1,-0.00011313563026002447,1.650401933844007e-05,-0.26454219876809365,2.877050454821699,-0.0004012802700065739,0.0003180504003242065,2.827389577705614e-13,2.346713641965337e-13,0,0.5910026539077132,0.017994692184573502,10.100206485462893,6.188965319228478,1.9700088463590446,0.059982307281910785
2.12,-0.0001144951827434683,1.733450364946782e-05,-0.2554395238714114,2.886153129718382,-0.0004177181986936203,0.0003153641454382486,2.876590305217948e-13,2.5706286638176646e-13,0,0.5913554448941325,0.01728911021173496,10.224022982321173,6.192659737799103,1.9711848163137753,0.05763036737244942
2.14,-0.00011604476706195492,1.820040667399491e-05,-0.24943848523767273,2.8921541683521204,-0.00043381946929334155,0.000312109682053045,2.930121783022853e-13,2.7761598199088234e-13,0,0.5916944027481122,0.01661119450377546,10.347911909291533,6.196209296145566,1.972314675827041,0.055370648345918205
2.16,-0.00011777529328602897,1.9080650145091074e-05,-0.24659506390865446,2.8949975896811386,-0.0004493565341414159,0.0003084773096280772,2.98747961126937e-13,2.950494732838715e-13,0,0.5920200698745337,0.015959860250932545,10.471870426348655,6.199619674318504,1.9734002329151124,0.0531995341697753
2.18,-0.00011966796797641626,1.9958026150985292e-05,-0.24687634187844595,2.8947163117113472,-0.00046414696194476736,0.00030466661707913176,3.0479378883094256e-13,3.084302613127669e-13,0,0.5923329674102785,0.015334065179442913,10.59589580482621,6.202896329650578,1.9744432247009285,0.05111355059814304
2.2,-0.00012169663799362006,2.081974911660335e-05,-0.25018145421650195,2.891411199373291,-0.0004780466987976028,0.00030087765169827744,3.110618148418443e-13,3.1715816546252215e-13,0,0.5926335960581589,0.014732807883682142,10.719985423050401,6.206044505489377,1.975445320193863,0.049109359612273806
2.22,-0.00012382992229888022,2.165730441030241e-05,-0.2563602719645446,2.885232381625249,-0.000490941511654433,0.0002973035258927177,3.174552461915512e-13,3.209278849767397e-13,0,0.592922436888149,0.014155126223701853,10.844136762144737,6.2090692395878895,1.9764081229604968,0.047183754079006324
2.24,-0.00012603303659405388,2.2465840949100984e-05,-0.2652287398238725,2.876363913765921,-0.000502737900070414,0.0002941241990917543,3.238738038790283e-13,3.196855904777495e-13,0,0.5931999521071996,0.013600095785600841,10.968347401999281,6.211975372165984,1.9773331736906652,0.04533365261866962
2.2600000000000002,-0.00012826934822196561,2.3243324093216654e-05,-0.2765807499993274,2.8650119035904655,-0.0005133544721389672,0.00029150111670083,3.302183505005942e-13,3.135909634018818e-13,0,0.5934665857988674,0.013066828402265251,11.092615017397968,6.214767553655794,1.978221952662891,0.04355609467421795
2.2800000000000002,-0.00013050176922860897,2.3989618276404544e-05,-0.2901969996057865,2.8513956539840066,-0.0005227145462242375,0.0002895724471146129,3.3639485600579004e-13,3.0298954189930616e-13,0,0.5937227646339439,0.012554470732112133,11.216937374297757,6.2174502521434,1.9790758821131462,0.041848235773707554
2.3000000000000003,-0.0001326941145008832,2.4705629131730688e-05,-0.30585152650096575,2.835741127088827,-0.0005307405612771238,0.0002884487845543961,3.423179202060182e-13,2.8839567273613025e-13,0,0.5939688985532199,0.012062202893560192,11.341312326253687,6.220027760518722,1.9798963285107327,0.040207342978534566
2.32,-0.00013481253224014591,2.539260960237281e-05,-0.32331664205352767,2.8182760115362653,-0.0005373507274096302,0.0002882093430644213,3.4791404207612187e-13,2.704832319527986e-13,0,0.5942053814234773,0.011589237153045273,11.46573781098411,6.222504203345057,1.9806846047449242,0.0386307905101515
2.34,-0.00013682706525663832,2.6051719814165825e-05,-0.34236686118015175,2.7992257924096418,-0.0005424581904609314,0.00028889882299477806,3.5312474651257587e-13,2.500792488623994e-13,0,0.5944325916677612,0.011134816664477576,11.590211847070599,6.224883543459265,1.9814419722258703,0.037116055548259475
2.36,-0.00013871333022671687,2.6683915928012e-05,-0.3627822325715521,2.7788104210182407,-0.0005459727921678309,0.0002905252537736938,3.5790956803939434e-13,2.2815436741425653e-13,0,0.5946508928709363,0.010698214258127337,11.714732530787249,6.227169588313148,1.9821696429031206,0.035660714193758825
2.38,-0.0001404542152424683,2.7290215996333376e-05,-0.384351244321957,2.757241409267836,-0.0005478052705185954,0.00029305917539490447,3.6224876319085347e-13,2.058036373773073e-13,0,0.5948606343615012,0.010278731276997632,11.839298033054321,6.229365996066187,1.9828687812050036,0.0342624375899927
2.4,-0.00014204140596561137,2.787234043227433e-05,-0.40687326445884525,2.734719389130948,-0.0005478734749400613,0.00029643449327101105,3.661454955133622e-13,1.8421165136525014e-13,0,0.595062151770588,0.009875696458824024,11.963906596511316,6.231476281439379,1.9835405059019597,0.03291898819608052
2.42,-0.000143476478218358,2.8433648196527195e-05,-0.4301603104789537,2.7114323431108396,-0.0005461099043342812,0.0003005512210683788,3.6962713245957905e-13,1.645979468734207e-13,0,0.595255767569044,0.009488464861912016,12.088556532704828,6.233503821339539,1.984185891896813,0.03162821620637413
2.44,-0.00014477126819230742,2.8980197399823765e-05,-0.4540378589217389,2.6875547946680545,-0.0005424696670163728,0.0003052801321842874,3.727452437839039e-13,1.481422459233952e-13,0,0.5954417915834535,0.009116416833093055,12.213246219386653,6.235451860263074,1.9848059719448448,0.03038805611031048
2.46,-0.00014594727870298165,2.9521676007249596e-05,-0.4783444250036067,2.663248228586186,-0.0005369378678654762,0.00031046911609511736,3.755739321216357e-13,1.3589439930558292e-13,0,0.5956205214919268,0.008758957016146374,12.337974097917849,6.237323515487864,1.9854017383064226,0.029196523387154727
2.48,-0.00014703401455681698,3.0071910046678424e-05,-0.5029297640404757,2.638662889549318,-0.000529535488621392,0.00031595083928127567,3.782062834634364e-13,1.2867981503781648e-13,0,0.5957922433004487,0.008415513399102625,12.462738670774584,6.239121782061575,1.9859741443348289,0.028051711330342233
2.5,-0.00014806634572752596,3.064869474357627e-05,-0.5276517473027642,2.613940906287029,-0.0005203230428188537,0.00032155119407383464,3.8074899267819223e-13,1.270156965729099e-13,0,0.5959572318005486,0.008085536398902748,12.587538499151774,6.240849537594379,1.9865241060018288,0.026951787996342347
2.52,-0.00014908122161906852,3.1272817806526025e-05,-0.5523721976926093,2.589220455897184,-0.0005094016122512166,0.000327098004733599,3.8331554628169535e-13,1.3105431626409328e-13,0,0.5961157510090263,0.007768497981947453,12.71237220066069,6.242509546863733,1.987052503363421,0.02589499327315803
2.54,-0.00015011422875648394,3.196632843993549e-05,-0.576952172928475,2.5646404806613177,-0.0004969112301814717,0.0003324295279026663,3.860186411257849e-13,1.4056548780700346e-13,0,0.5962680545904343,0.007463890819131347,12.837238447116837,6.244104466238623,1.9875601819681146,0.02487963606377086
2.56,-0.00015119653202557754,3.275029452853295e-05,-0.6012472966128694,2.540345356976924,-0.0004830268900687971,0.0003374023815202635,3.8896268594593087e-13,1.549621188046877e-13,0,0.5964143862629963,0.007171227474007447,12.962135962414582,6.245636847930317,1.9880479542099878,0.023904091580024378
2.58,-0.0001523526425454116,3.36424195203732e-05,-0.6251037258164783,2.516488927773315,-0.00046795268023074277,0.000341898607948868,3.922372123458519e-13,1.733630242973057e-13,0,0.5965549801886073,0.006890039622785338,13.087063520485108,6.247109144076447,1.9885166006286914,0.0229667987426172
2.6,-0.00015359924654163938,3.465491719006329e-05,-0.648355211079326,2.493237442510467,-0.00045191467034785913,0.0003458315994356333,3.959118203764143e-13,1.8553630003703566e-13,0,0.5966900613475433,0.006619877304913313,13.212019943334447,6.248523710664953,1.9889668711584783,-0.2881692794546744
2.62,-0.0001549187606380332,3.576158941880558e-05,-0.6706442631139921,2.470948390475801,-0.0004356481318935246,0.00034904388193023235,3.9983744968333415e-13,2.07349680487699e-13,0,0.5968198458984776,0.006360308203044784,13.337004099158431,6.249882811304167,1.9833172316252339,-0.27687000038818566
2.64,-0.0001563368367123719,3.6989861116972834e-05,-0.6919033490436762,2.4496893045461174,-0.0004189166845618814,0.0003517121621867677,4.0420916379574306e-13,2.2983715551944097e-13,0,0.5969445415243804,0.00611091695123922,13.462014900531571,6.2511886208450695,1.9778891176266753,-0.2660137723910685
2.66,-0.00015784996691646982,3.8330067773815674e-05,-0.7119218269218747,2.429670826667918,-0.0004019645277487001,0.00035386023066095307,4.090282886272088e-13,2.518011913000115e-13,0,0.5970643477648562,0.005871304470287608,13.587051302666941,6.252443228861513,1.9726738430223452,-0.2555832231824082
2.68,-0.00015944992229242487,3.9765356446510853e-05,-0.7304780284373229,2.4111146251524698,-0.0003850312615727054,0.00035554823629121545,4.142730359747649e-13,2.721381204405671e-13,0,0.5971794563354499,0.005641087329100181,13.712112301744295,6.253648642993989,1.9676630622602256,-0.24556166165816906
2.7,-0.00016112501040094654,4.127275374949133e-05,-0.7473422323727358,2.3942504212170572,-0.00036834863316885985,0.0003568698815425924,4.1990074434736923e-13,2.8987030258178854e-13,0,0.5972900514344323,0.005419897131135443,13.837196933303742,6.254806792162275,1.9628487570220734,-0.2359330511818647
2.72,-0.00016286105503152563,4.282453391322936e-05,-0.7622800285299797,2.3793126250598133,-0.00035213923449749365,0.0003579477484879478,4.2585060870063313e-13,3.041642763777135e-13,0,0.5973963100375566,0.005207379924886846,13.962304270702408,6.255919529652128,1.958223223392401,-0.22668198392252004
2.74,-0.00016464202320645775,4.4389741105902325e-05,-0.7750560984988979,2.366536555090895,-0.000336617123898227,0.00035892698823748547,4.320466787653069e-13,3.1434111231372693e-13,0,0.5974984021812574,0.005003195637485192,14.0874334236316,6.256988636080928,1.953779059530568,-0.21779365619885382
2.7600000000000002,-0.0001664503090894161,4.5935777505730676e-05,-0.7854386788513885,2.3561539747384046,-0.0003219900543287971,0.00035996763278275826,4.384010360511792e-13,3.198855446683029e-13,0,0.5975964912347456,0.004807017530508828,14.212583536692131,6.2580158222470486,1.9495091538262563,-0.20925384479023057
2.7800000000000002,-0.00016826674866410036,4.7430030752159464e-05,-0.7932052128846963,2.348387440705097,-0.0003084627030050831,0.00036123575978176637,4.448171880150005e-13,3.2045994565183297e-13,0,0.5976907341614335,0.004618531677132998,14.337753788025497,6.259002731867501,1.9454066735193776,-0.20104888417647304
2.8000000000000003,-0.00017007048841941662,4.8841565960765614e-05,-0.7981498919023684,2.3434427616874247,-0.0002962400385492148,0.0003628936944509991,4.511938279680471e-13,2.8374061980806726e-13,0,0.59778128177011,0.004437436459779898,14.462943387998724,6.259950944208229,1.941465053766198,-0.7923443679622832
2.82,-0.00017173750984625068,5.007988447739531e-05,-0.7993251095921259,2.342267543997667,-0.0002866817468927222,0.00036555561333087593,4.567966692947127e-13,2.754346839392947e-13,0,0.5978682789562669,0.004263442087466096,14.588151577940794,6.260861976611274,1.9259309202400483,-0.761276100909984
2.84,-0.00017335045628502461,5.119799793536909e-05,-0.7973190704933938,2.344273583096399,-0.0002788703822403737,0.0003689194783785827,4.621902833237953e-13,2.6296320419154086e-13,0,0.5979518649339625,0.0040962701320750305,14.7133776289286,6.261737286922846,1.9110058888017418,-0.731426038033371
2.86,-0.00017488454927142016,5.2182312823839304e-05,-0.7920821796788752,2.349510473910918,-0.00027301984415009514,0.00037303733634441207,4.672980266763823e-13,2.4708010719364577e-13,0,0.5980321734585936,0.00393565308281274,14.838620840620521,6.2625782758261845,1.8966660762168006,-0.7027464128634886
2.88,-0.000176315182723343,5.30288264839624e-05,-0.7836481183745924,2.357944535215201,-0.0002693330653166476,0.0003779124637842175,4.720618700011384e-13,2.288954531590833e-13,0,0.5981093330409331,0.0037813339181338446,14.963880540135726,6.263386289082956,1.8828885357257654,-0.6751913318814182
2.9,-0.00017762012925043116,5.3744983491053366e-05,-0.7721534498352356,2.369439203754558,-0.00026798871053732167,0.00038349219277766344,4.764495188500637e-13,2.0986327837647987e-13,0,0.5981834671527743,0.0036330656944514317,15.089156080977416,6.264162619686759,1.8696512203244853,-0.6487167010788579
2.92,-0.0001787825834189669,5.4350714754921644e-05,-0.7578545115464459,2.383738142043347,-0.000269124221989086,0.0003896649958504658,4.804607562144556e-13,1.9171072616339887e-13,0,0.5982546944245122,0.0034906111509755977,15.214446841998296,6.264908509932183,1.856932947484207,-0.6232801553983012
2.94,-0.0001797947094698053,5.487807851521565e-05,-0.7411372477257693,2.400455405864024,-0.0002728172069178334,0.00039626345589268943,4.841316487804102e-13,1.7629325691220174e-13,0,0.5983231288349776,0.0033537423300447067,15.339752226406603,6.265625153402753,1.8447133652550096,-0.5988409909399066
2.96,-0.0001806610043241853,5.536903598399507e-05,-0.7225153300102993,2.4190773235794936,-0.00027906829866450344,0.0004030741454005215,4.875351115419858e-13,1.6537929452628954e-13,0,0.5983888798938275,0.0032222402123449623,15.465071660811114,6.266313696880914,1.8329729196983435,-0.5753600998265744
2.98,-0.0001814005234327231,5.587127191010812e-05,-0.7026130886198194,2.4389795649699737,-0.000287789229163151,0.0004098542414359106,4.907766541018034e-13,1.60395093659597e-13,0,0.5984520528167835,0.003095894366432983,15.5904045943036,6.266975242183128,1.821692823596556,-0.5527999076229992
3.0,-0.00018204703599567434,5.6432555822510425e-05,-0.682132655492873,2.4594599980969196,-0.0002987994577442856,0.0004163531383063065,4.939850285049277e-13,1.6068689903026121e-13,0,0.598512748694,0.0029745026120000517,15.715750497577247,6.267610847923017,1.810855026389335,-0.06705536757057606
3.02,-0.0001826788229418505,5.703756540317451e-05,-0.6617518419071934,2.4798408116825996,-0.00031090169406505525,0.0004220516928836234,4.972278309026271e-13,1.6539194078133327e-13,0,0.5985710646518296,0.002857870696340692,15.841108862079665,6.2682215312053655,1.8095403871041904,-0.06442608900028679
3.04,-0.00018329981860977122,5.776618311350786e-05,-0.6421588654559721,2.499433788133821,-0.0003247405632674788,0.0004271504266145982,5.006350048073974e-13,1.7691106193683334e-13,0,0.5986270940082464,0.002745811983507096,15.966479199199082,6.2688082692537135,1.8082772955627286,-0.061899905917363274
3.06,-0.00018396554554760608,5.863805758691636e-05,-0.6240330029307394,2.517559650659054,-0.00033994636706480107,0.00043150698811934043,5.043326045813396e-13,1.9406412072781357e-13,0,0.5986809264221742,0.0026381471556515823,16.091861039482474,6.269372000974116,1.8070637305490096,-0.05947277588992517
3.08,-0.0001847270113558204,5.965823605741918e-05,-0.6079575754590679,2.5336350781307253,-0.00035612670121304657,0.00043503721095563863,5.084173677961497e-13,2.1516156762935496e-13,0,0.5987326480369601,0.0025347039260796844,16.217253931884326,6.2699136284575925,1.8058977501001034,-0.057140814992112876
3.1,-0.0001856254242244344,6.0818915588382556e-05,-0.5943939084876185,2.5471987451021745,-0.0003728911226187783,0.0004377180391091777,5.129491086335076e-13,2.382683359920668e-13,0,0.5987823416182223,0.0024353167635553508,16.342657443044878,6.270434018423672,1.8047774883985364,-0.05490029158897869
3.12,-0.0001866888730417332,6.210275071980232e-05,-0.5836718271067161,2.557920826483077,-0.0003898712932775216,0.0004395840242036139,5.179484496148547e-13,2.614581955886494e-13,0,0.5988300866862927,0.0023398266274146096,16.468071156596643,6.270934003607322,1.8037011527865838,-0.05274762036507363
3.14,-0.0001879311416694578,6.34866929714373e-05,-0.5759944259190195,2.5655982276707734,-0.00040673470897491,0.00044071923423239905,5.233991389150812e-13,2.8300919577138325e-13,0,0.5988759596434663,0.0022480807130673686,16.593494672498142,6.271414384091506,1.8026670208976363,-0.05067935658717859
3.16,-0.0001893522993128703,6.49454992213801e-05,-0.5714526769933506,2.570139976596442,-0.000423191732993031,0.00044124658291141896,5.292535023188508e-13,3.0152039188989096e-13,0,0.5989200338962614,0.002159932207477233,16.718927606393745,6.271875928587484,1.801673437900045,-0.04869219059199592
3.18,-0.00019094045457614033,6.64543963740035e-05,-0.5700450150396553,2.571547638550138,-0.00043899680408492135,0.00044131624968595786,5.354394630579738e-13,3.159557779040504e-13,0,0.5989623799728855,0.0020752400542289884,16.844369588998617,6.272319375664919,1.800718813849038,-0.04678294248998194
3.2,-0.0001926740641176672,6.799074486554994e-05,-0.5716978576513803,2.5698947959384126,-0.0004539452623818223,0.00044109431449456565,5.418678564791299e-13,3.014800456292023e-13,0,0.5990030656360954,0.001993868727809156,16.9698202655078,6.272745434933742,1.7998016211424697,0.396790634289125
3.22,-0.0001944560622920593,6.947097064905802e-05,-0.5758370557385946,2.565755597851199,-0.00046722589293622435,0.00044090412207532505,5.479686143666965e-13,3.073551770957381e-13,0,0.5990421559916325,0.0019156880167350288,17.095279295028423,6.2731547881796805,1.8075808127972608,0.3812322509795427
3.24,-0.000196319593409389,7.09462425878976e-05,-0.5828424314309834,2.5587502221588103,-0.00047938780566099035,0.0004408333808607762,5.541369693159127e-13,3.082272939992113e-13,0,0.5990797135924052,0.0018405728151895673,17.220746350034226,6.27354809045526,1.815054977984326,0.3662839206054125
3.2600000000000002,-0.00019822952185755987,7.240240579554242e-05,-0.5925225230907863,2.5490701304990067,-0.0004903007882740747,0.00044102236713330575,5.602729717737954e-13,3.0416610854908225e-13,0,0.5991157985385874,0.0017684029228250964,17.34622111584143,6.2739259711280315,1.8222360769625379,0.3519217226489886
3.2800000000000002,-0.00020014948420436088,7.382739674960914e-05,-0.6046649582242873,2.536927695365506,-0.0004998470005512504,0.00044159022799031424,5.662803281889407e-13,2.954598208384845e-13,0,0.5991504685737917,0.0016990628524164997,17.471703290105193,6.2742890348876905,1.8291356010223117,0.338122674529441
3.3000000000000003,-0.00020204360190069064,7.521073079661582e-05,-0.6190444592548109,2.5225481943349823,-0.0005079159599186228,0.0004426286010568578,5.720704903034224e-13,2.825896683386221e-13,0,0.5991837791774711,0.001632441645057714,17.597192582335776,6.27463786271371,1.8357645908741196,0.32486469482582514
3.3200000000000003,-0.0002038781440354323,7.65431576188226e-05,-0.6354289757079001,2.5061636778818928,-0.0005144016544191303,0.0004441963710702208,5.775663329907737e-13,2.66213429292563e-13,0,0.599215783653698,0.0015684326926039827,17.72268871343371,6.274973012805031,1.8421336543159845,0.31212656794209526
3.34,-0.000205623191374172,7.781660769115852e-05,-0.6535845580094523,2.4880080955803408,-0.0005192020904401604,0.00044631580506926687,5.82705561494803e-13,2.471535142560865e-13,0,0.5992465332164624,0.0015069335670752082,17.848191415243164,6.275295021473303,1.8482529832082195,0.2998879101576253
3.36,-0.0002072542880543589,7.902450898057605e-05,-0.673279433949493,2.4683132196403,-0.0005222213266414246,0.00044897039989935986,5.874438825927433e-13,2.2638363810662504e-13,0,0.599276077071625,0.001447845856749952,17.97370043012286,6.275604404001095,1.8541323697825787,0.28812913700890697
3.38,-0.00020875398885211583,8.016249676184628e-05,-0.6942875362338249,2.4473051173559686,-0.0005233737664751976,0.00045210479506939335,5.917578450868009e-13,2.0500741115227443e-13,0,0.599304462495657,0.0013910750086858492,18.09921551053377,6.275901655466456,1.8597812223119168,0.27683143195023074
3.4,-0.000210113134222646,8.122946251974102e-05,-0.7163915111001987,2.4252011424895947,-0.0005225901947135612,0.000455627023015299,5.956471229115733e-13,2.0121290715730159e-13,0,0.5993317349112929,0.0013365301774141969,18.224736418643015,6.276187251535148,1.865208580165434,-0.3127978975520769
3.42,-0.00021138954686043387,8.225861331049353e-05,-0.7395908302207526,2.402001823369041,-0.0005205919944049173,0.0004589862369470436,5.994378322367701e-13,1.784999904418054e-13,0,0.599357937960216,0.0012841240795680164,18.350262925943277,6.276461649221809,1.8590760896679384,-0.3005329165570858
3.44,-0.0002125233853943337,8.322074724305311e-05,-0.7633956542654677,2.3781969993243255,-0.0005166008947407262,0.00046251336184168585,6.028029874944103e-13,1.5895216979367743e-13,0,0.5993831135728949,0.0012337728542102244,18.47579481288713,6.276725287621281,1.8531840575622427,-0.2887488523456945
3.46,-0.0002135322941330261,8.413104585068742e-05,-0.787636609267633,2.3539560443221603,-0.0005106424367237767,0.00046606776998316086,6.058172999060847e-13,1.4366649010274816e-13,0,0.5994073020356809,0.0011853959286380888,18.601331868535738,6.276978588611249,1.8475230553399438,-0.2774268479010966
3.48,-0.00021444087532990506,8.501141001469878e-05,-0.8121520358357985,2.3294406177539946,-0.0005027797014798343,0.0004694992710221474,6.08575424213107e-13,1.3351668420434881e-13,0,0.5994305420552751,0.0011389158894496987,18.726873890221285,6.277221957527337,1.8420840241897412,-0.2665487856006914
3.5,-0.00021527814604816172,8.588963139589735e-05,-0.8367853644055578,2.304807289184235,-0.0004931151581191979,0.00047265740796703973,6.111865851876134e-13,1.2906707981792933e-13,0,0.599452870820667,0.001094258358665945,18.85242068322268,6.277455783811733,1.836858260501406,-0.2560972582240213
3.52,-0.0002160745859325831,8.679756026445166e-05,-0.8613817333262883,2.280210920263505,-0.0004817899392178379,0.00047540058920258994,6.137677082671438e-13,1.3051292861869429e-13,0,0.5994743240626448,0.0010513518747103934,18.97797206045395,6.277680441636376,1.831837401938148,-0.24605554109750516
3.54,-0.0002168592411011658,8.776844602419073e-05,-0.8857842674912779,2.255808386098515,-0.0004689805529147117,0.000477604536648134,6.164357227269901e-13,1.3765958068100352e-13,0,0.5994949361109726,0.001010127778054759,19.103527842164873,6.277896290501716,1.8270134140550922,-0.2364075653313935
3.56,-0.0002176573419945769,8.883383036616418e-05,-0.9098305177387535,2.2317621358510396,-0.00045489334253500735,0.0004791696731231418,6.192998817521096e-13,1.499448962299528e-13,0,0.5995147399493252,0.0009705201013494591,19.22908785565333,6.278103675811988,1.8223785774424532,-0.22713789210611557
3.58,-0.00021848876344355257,9.002048088205077e-05,-0.9333495405569409,2.208243113032852,-0.0004397572305503077,0.000480027189775972,6.22454935770055e-13,1.6649976044359397e-13,0,0.5995337672680692,0.0009324654638616092,19.354651934988947,6.278302929427933,1.8179254753728333,-0.21823168796687575
3.6,-0.00021936744677816553,9.134783069605393e-05,-0.956159980769776,2.185432672820017,-0.00042381542651677136,0.00048014360271205067,6.259758078927745e-13,1.6115709995239557e-13,0,0.5995520485149737,0.0008959029700525978,19.480219920747583,6.278494370197846,1.813646981932875,-1.1687485797652681
3.62,-0.00022025091070112737,9.271086217629838e-05,-0.9775896228393782,2.164003030750415,-0.0004088563104266626,0.00047953766850968135,6.293717244991745e-13,1.789315081158477e-13,0,0.5995696129439341,0.0008607741121318124,19.605791659756196,6.278678304467801,1.7907333382816142,-1.1229212924627463
3.64,-0.00022118752646821605,9.421806826582839e-05,-0.9977789886164457,2.1438136649733472,-0.00039355913810365224,0.00047848376043865457,6.331397645024589e-13,1.9804742133781132e-13,0,0.599586488661784,0.0008270226764319766,19.73136700484775,6.278855026571873,1.768718151448983,-1.0788909187974838
3.66,-0.00022217923968804895,9.586347561582565e-05,-1.0165082143632898,2.1250844392265034,-0.0003781571404966774,0.0004770525395187874,6.372940061615442e-13,2.172461403945222e-13,0,0.5996027026732723,0.0007945946534553272,19.856945814625714,6.279024819303129,1.7475661924392256,-1.0365870007779692
3.68,-0.00022322520484397372,9.763236735533348e-05,-1.0335516315932112,2.1080410219965824,-0.000362872873040175,0.0004753446167177298,6.418241452721571e-13,2.353602009709311e-13,0,0.5996182809242766,0.0007634381514467492,19.98252795323779,6.279187954366165,1.727243613605268,-0.995941843110054
3.7,-0.0002243227245002786,9.950248556044038e-05,-1.0486823335325801,2.0929103200572126,-0.0003479160393918265,0.00047348759386762074,6.466977601023412e-13,2.5135333388093476e-13,0,0.599633248343322,0.0007335033133559765,20.10811329015852,6.279344692811885,1.707717894485261,-0.9568904048700397
3.72,-0.00022546784151133102,0.00010144550367834459,-1.0616769457142732,2.0799157078755197,-0.0003334833780945648,0.0004716314953760694,6.518632238896795e-13,2.6434644525667914e-13,0,0.5996476288814722,0.0007047422370556333,20.233701699980433,6.279495285455242,1.6889577897629036,-0.919370195425325
3.74,-0.00022665553412027666,0.00010342861468718123,-1.0723206097597044,2.0692720438300887,-0.0003197604820572169,0.0004699427745354651,6.572530357072175e-13,2.736348918612755e-13,0,0.5996614455506561,0.0006771088986876617,20.35929306221335,6.279639973276594,1.670933279268271,-0.8833211744360598
3.7600000000000002,-0.00022787953487828682,0.00010541615531191933,-1.0804123955964622,2.061180257993331,-0.0003069251282605197,0.00046859707815316695,6.627874527575778e-13,2.7870275037266727e-13,0,0.5996747204604924,0.0006505590790151228,20.48488726109158,6.2797789878073225,1.6536155199391378,-0.8486856557777935
3.7800000000000002,-0.00022913184948265434,0.00010737126270267534,-1.0857715407832014,2.0558211128065915,-0.00029515142256728347,0.00046777091735174025,6.683784181376077e-13,2.7923924488056566e-13,0,0.5996874748536688,0.0006250502926623547,20.610484185388664,6.279912551500336,1.636976799665925,-0.815408215231368
3.8000000000000003,-0.00023040209855585423,0.00010925762202788393,-1.0882450241677342,2.053347629422059,-0.0002846138431722529,0.0004676323634088213,6.739338687566874e-13,2.4946056167470983e-13,0,0.5996997291399354,0.000600541720129133,20.736083728239404,6.280040878086037,1.6209904929464125,-1.3117757753841754
3.8200000000000003,-0.00023160386134595331,0.0001109578478422654,-1.0871734253560663,2.0544192282337264,-0.0002763716948246366,0.0004688975151680441,6.788592444015619e-13,2.421046466822471e-13,0,0.5997115029287647,0.0005769941424704772,20.861685786968845,6.280164172914342,1.5952727610168078,-1.260340311524966
3.84,-0.00023279252389596215,0.00011253737054763005,-1.0830056424975463,2.0585870110922464,-0.00026973648796669637,0.0004711512818971229,6.836000049597105e-13,2.311585945431492e-13,0,0.5997228150607308,0.0005543698785384077,20.987290262927967,6.280282633283278,1.570563435779893,-1.2109216610511364
3.86,-0.00023394808219369693,0.00011397545525467497,-1.0757596794489352,2.065832974140858,-0.0002648984079412181,0.0004744457183511686,6.880915258387411e-13,2.1741988362081286e-13,0,0.599733683637658,0.0005326327246839568,21.112897061335843,6.2803964487547095,1.5468229770436852,-1.1634407435787208
3.88,-0.00023504814460864783,0.00011526107093706545,-1.065533045407835,2.076059608181958,-0.0002620391928194886,0.00047878143481307623,6.922882984101067e-13,2.0199828890940193e-13,0,0.5997441260515883,0.0005117478968232891,21.238506091127952,6.280505801457674,1.5240133950093053,-1.117821579509961
3.9,-0.00023606979639731682,0.00011639529045053725,-1.052514469841195,2.0890781837485983,-0.00026132048848621697,0.00048410079702941274,6.96169899248749e-13,1.862770187634406e-13,0,0.5997541590126119,0.0004916819747762258,21.364117264810467,6.280610866379825,1.5020981894791947,-1.0739911684497399
3.92,-0.00023699246650221137,0.00011739293882683481,-1.0369917988283766,2.104600854761417,-0.0002628692502760534,0.000490285208327317,6.997457029975038e-13,1.7182338024217658e-13,0,0.5997637985756067,0.00047240284878657945,21.489730498320245,6.2807118116474525,1.4810422914490116,-1.0318793723893736
3.94,-0.00023780153127868158,0.00011828286380163916,-1.0193533122892242,2.1222393413005687,-0.000266761965872534,0.0004971578471647597,7.030572547882024e-13,1.6024473617726097e-13,0,0.5997730601659301,0.0004538796681397006,21.615345710890303,6.280808798794522,1.4608120069897435,-0.9914188034708373
3.96,-0.00023849203985477376,0.00011910630063164162,-1.0000800771532363,2.141512576436557,-0.00027301019423617106,0.0005044926450574458,7.061772785787752e-13,1.5300137768055028e-13,0,0.5997819586041027,0.00043608279179463416,21.740962824920576,6.280901983021159,1.4413749633302313,-0.952544716151813
3.98,-0.00023907167193473652,0.00011991315156449891,-0.9797281981731254,2.1618644554166675,-0.0002815501821299963,0.0005120292962737554,7.092047158101638e-13,1.5120624911845947e-13,0,0.5997905081295238,0.0004189837409522834,21.866581765853745,6.280991513442008,1.4227000570538295,-0.9151949035990095
4.0,-0.00023956200259827483,0.0001207565448050698,-0.9589018036253183,2.182690849964475,-0.00029223891339731146,0.0005194929015168847,7.122559416414563e-13,1.5277239227716429e-13,0,0.5997987224232583,0.0004025551534834193,21.992202462055918,6.281077533324844,1.4047574043263031,-0.3619367159742932
4.0200000000000005,-0.00024005202465885597,0.00012163439771571168,-0.9381791769277673,2.2034134766620257,-0.00030392394878628077,0.0005261690154892616,7.153586674531538e-13,1.5908362815575978e-13,0,0.5998066146299283,0.00038677074014326074,22.117824844702017,6.281160180319827,1.397661533513944,-0.34774497434957485
4.04,-0.00024051393356213288,0.00012262699979823766,-0.9181334093015147,2.2234592442882786,-0.0003172833205625842,0.0005324043554122285,7.186493654097208e-13,1.7137359564234293e-13,0,0.5998141973787486,0.0003716052425026817,22.24344884766563,6.281239586679787,1.39084389577584,-0.33410969887336694
4.0600000000000005,-0.00024099555207873614,0.0001237666180698024,-0.8993365087496389,2.2422561448401543,-0.000331998429120069,0.0005380113109513466,7.222383827419372e-13,1.8859122206476084e-13,0,0.5998214828037348,0.0003570343925303199,22.369074407413194,6.281315879471837,1.3842935814371033,-0.32100907019589364
4.08,-0.00024154414264920736,0.0001250705258482733,-0.8822896469022279,2.2593030066875652,-0.0003477211390222331,0.0005428546748892838,7.262103617083763e-13,2.0926481114007585e-13,0,0.5998284825631214,0.00034303487375719754,22.494701462902345,6.281389180780722,1.3780001085973173,-0.30842212451632145
4.1,-0.0002422009196069356,0.00012654117346183586,-0.8674046770724532,2.2741879765173394,-0.0003640937506509522,0.0005468585429679322,7.306178153303261e-13,2.317057551296017e-13,0,0.5998352078580166,0.0003295842839667884,22.62032995548421,6.281459607904175,1.3719534063572587,-0.29632872003620436
4.12,-0.00024299688122237335,0.0001281683335218415,-0.8549960527243979,2.286596600865395,-0.0003807670250560959,0.0005500072183693043,7.354788577240447e-13,2.542094812232412e-13,0,0.599841669450327,0.00031666109934591624,22.74595982880958,6.281527273540618,1.3661437987033118,-0.2847095047283106
4.14,-0.00024395044578866802,0.00012993239269511238,-0.8452820336175755,2.2963106199722176,-0.0003974143731293962,0.0005523410219313472,7.407786371351142e-13,2.7521800127895746e-13,0,0.599847877679979,0.0003042446400418619,22.871591028738727,6.281592285969506,1.3605619890237812,-0.2735458853692494
4.16,-0.0002450668811345081,0.00013180791958987564,-0.838392757538648,2.3031998960511455,-0.0004137412841109498,0.0005539483737824357,7.464734816137398e-13,2.934266637279658e-13,0,0.5998538424814646,0.00029231503707083384,22.997223503254773,6.281654749224596,1.35519904523233,-0.2628199977863468
4.18,-0.000246339169974555,0.00013376683462429495,-0.8343823216437727,2.3072103319460204,-0.0004294899439630549,0.0005549555870024447,7.524966048237486e-13,3.0783524541835227e-13,0,0.5998595733997384,0.00028085320052317897,23.12285720238045,6.28171476326042,1.350046385474736,-0.2525146782711589
4.2,-0.00024774981201688116,0.0001357808050622211,-0.83324228338861,2.3083503702011834,-0.00044443963206613053,0.0005555156173529577,7.587643566797056e-13,2.9140221004066104e-13,0,0.5998650796054926,0.0002698407890147081,23.24849207809813,6.281772424112242,1.3450957643960946,0.2600246448329582
4.22,-0.00024921360633463097,0.00013773150694579737,-0.8345592265115515,2.3070334270782418,-0.000457673432589363,0.0005559346839177274,7.646676908185294e-13,2.9774726925804466e-13,0,0.599870369909831,0.0002592601803379502,23.374128084272982,6.281827824049725,1.3501936204751537,0.24982893267483997
4.24,-0.00025075627723281546,0.00013969136089257242,-0.8386827655843329,2.302909888005461,-0.0004698165808535605,0.0005563452662691556,7.706501429272227e-13,2.992871833886259e-13,0,0.5998754527783693,0.0002490944432613773,23.499765176579142,6.281881051724588,1.355091586758232,0.24003300010868323
4.26,-0.00025234478239150206,0.00014163745525591425,-0.8454856176358443,2.2961070359539484,-0.000480727840458498,0.0005568952301329815,7.766151481118475e-13,2.9603500511673824e-13,0,0.5998803363447814,0.00023932731043707633,23.625403312428794,6.281932192312468,1.3597975010363381,0.23062117155247108
4.28,-0.0002539445276099636,0.00014354891606729097,-0.8548135223779502,2.2867791312118424,-0.0004902816558166063,0.0005577162795453553,7.824687031829759e-13,2.882273589319154e-13,0,0.5998850284238156,0.00022994315236868346,23.751042450904013,6.281981327649214,1.3643188937762984,0.22157838607255043
4.3,-0.0002555214007193561,0.00014540680365090987,-0.866491618271885,2.275101035317908,-0.0004983634149119437,0.0005589160083164139,7.881235964366968e-13,2.7630203685929647e-13,0,0.5998895365237994,0.0002209269524011681,23.876682552691285,6.282028536361849,1.3686630001711124,0.21289017328292248
4.32,-0.00025704366466817227,0.00014719412576366192,-0.8803293611037651,2.261263292486028,-0.0005048663877648212,0.0005605711669318235,7.935032558623139e-13,2.6088166278485734e-13,0,0.5998938678586544,0.00021226428269116582,24.002323580018608,6.282073893994385,1.3728367717178036,0.2045426301895401
4.34,-0.0002584837118328979,0.00014889612265249358,-0.89612441832605,2.2454682352637434,-0.0005096908032423029,0.0005627224066979573,7.985453070678187e-13,2.427598173046365e-13,0,0.5998980293594405,0.00020394128111900223,24.12796549659504,6.28211747312871,1.3768468873412991,0.19652239894254908
4.36,-0.0002598196356928585,0.00015050091068571393,-0.9136659180608172,2.2279267355289765,-0.0005127452542272087,0.0005653708406593225,8.032048391499254e-13,2.22884233798376e-13,0,0.5999020276854468,0.00019594462910643706,24.253608267552618,6.282159343500737,1.3806997640821332,0.18881664546088084
4.38,-0.00026103651940832275,0.00015200048697006704,-0.9327373047809762,2.208855348808817,-0.0005139503208689543,0.0005684767896745585,8.074572604084919e-13,2.0233113464662352e-13,0,0.5999058692348479,0.00018826153030415682,24.379251859390582,6.2821995721119945,1.3844015673650822,0.18141303889498284
4.4,-0.00026212729478510016,0.00015339199865605895,-0.9531189012084306,2.1884737523813627,-0.000513243992245966,0.0005719610264935048,8.113005112859037e-13,1.9614912287002722e-13,0,0.5999095601549426,0.0001808796901148213,24.50489623992175,6.282238223336842,1.387958220865159,-0.30520673938445375
4.42,-0.0002631294151484755,0.00015471939631857807,-0.9747077849376304,2.166884868652163,-0.0005112261365316196,0.0005753495225975919,8.150039629379211e-13,1.747836910872758e-13,0,0.5999131063519902,0.00017378729601946752,24.630541378221018,6.282275359025485,1.3819745571522815,-0.2932394119586985
4.44,-0.0002640069720268418,0.0001559444633545029,-0.9971109284914674,2.1444817250983252,-0.0005072534655935528,0.0005789005021549934,8.18306514947772e-13,1.563416088502887e-13,0,0.5999165135006628,0.0001669729986744084,24.756187244575877,6.28231103860295,1.3762255162495096,-0.28174133015315483
4.46,-0.00026477570308798434,0.00015708627436314924,-1.020119052501737,2.1214736010880557,-0.0005013579800221747,0.0005824711988551475,8.212775609435591e-13,1.4187273259843217e-13,0,0.599919787053125,0.0001604258937499825,24.881833810438856,6.282345319164172,1.3707018984648718,-0.27069409458387916
4.48,-0.0002654562208376413,0.0001581718792801813,-1.0435225691740624,2.098070084415731,-0.0004936096249711561,0.0005859059049874936,8.240055568606246e-13,1.322118400391273e-13,0,0.5999229322477592,0.00015413550448162283,25.00748104838185,6.282378255565361,1.3653948648314778,-0.2600800273170911
4.5,-0.0002660716195324803,0.0001592350320375989,-1.0671113563862544,2.0744812972035387,-0.00048411816391386313,0.0005890463772219704,8.265928908395332e-13,1.2790019581659376e-13,0,0.5999259541175478,0.00014809176490437892,25.13312893205223,6.282409900511788,1.3602959229632867,-0.24988214358070904
4.5200000000000005,-0.0002666449903024838,0.00016031390270107183,-1.0906742354159011,2.050918418173892,-0.0004730324389174775,0.0005917424024342174,8.291493950174409e-13,1.2913134354832416e-13,0,0.5999288574981272,0.00014228500374557917,25.258777436130657,6.282440304642118,1.355396913465477,-0.24008412458508976
4.54,-0.00026719724191128804,0.0001614480113343905,-1.113998345699188,2.027594307890605,-0.00046053694412271566,0.0005938617943126524,8.317850995537038e-13,1.3573140764320987e-13,0,0.5999316470355257,0.00013670592894854394,25.384426536290587,6.282469516609446,1.3506899968776747,-0.23067029140948492
4.5600000000000005,-0.00026774556219183286,0.00016267480215329335,-1.1368686456719297,2.004724007917863,-0.0004468459737240764,0.0005952991912169301,8.346029758572263e-13,1.4717770063612392e-13,0,0.5999343271935983,0.00013134561280336854,25.510076209159326,6.2824975831591505,1.3461676411291432,-0.22162557991242204
4.58,-0.00026830270748671856,0.00016402635690729146,-1.1590677579915625,1.9825248955982309,-0.0004321958840597925,0.0005959831608847384,8.376924152183698e-13,1.6265178617437215e-13,0,0.5999369022611697,0.00012619547766057337,25.63572643228064,6.282524549203701,1.3418226094858643,-0.21293551662586419
4.6000000000000005,-0.00026887711962737164,0.00016552670319779967,-1.1803763231698594,1.9612163304199335,-0.000416836207152555,0.0005958812617361945,8.411240425982633e-13,1.5791192219801305e-13,0,0.5999393763588975,0.0001212472822049726,25.761377184078825,6.282550457894519,1.3376479489702193,-1.113615883440291
4.62,-0.00026943987463006293,0.0001670733468400039,-1.2002550274489217,1.9413376261408715,-0.0004024357346228953,0.0005950287307258909,8.444454207582514e-13,1.74691613004588e-13,0,0.5999417534458658,0.00011649310826844506,25.887028443824157,6.28257535069104,1.3158151972909318,-1.0699503800817158
4.64,-0.00027002498533861056,0.00016877603440585738,-1.2187016822418353,1.9228909713479574,-0.00038778652654576553,0.0005936866946397348,8.481178768939295e-13,1.9270672343601252e-13,0,0.5999440373259208,0.00011192534815829269,26.012680191599745,6.282599267427049,1.2948385200498373,-1.027997025599527
4.66,-0.0002706345285751976,0.00017063108600681053,-1.2354905137695218,1.9061021398202715,-0.00037312101610709474,0.0005919348323516916,8.521537002143794e-13,2.107293472421863e-13,0,0.599946231653758,0.00010753669248386721,26.138332408269648,6.282622246374425,1.274684350088087,-0.9876886856760261
4.68,-0.00027126985894105905,0.00017262521975995671,-1.2504017085816495,1.8911909450081437,-0.0003586586065173102,0.0005898836366400527,8.565413295241032e-13,2.2761602799207996e-13,0,0.59994833994077,0.00010332011845992639,26.263985075448257,6.282644324304386,1.255320436433956,-0.9489608583677644
4.7,-0.00027193237153889786,0.00017473681450790428,-1.2632256301452895,1.878367023444504,-0.0003446033449652591,0.0005876702910516177,8.612475483883273e-13,2.4235441264854187e-13,0,0.5999503655606658,9.926887866829048e-05,26.389638175470875,6.2826655365463315,1.2367157926944097,-0.9117515708886716
4.72,-0.00027262382543375194,0.0001769374502717269,-1.27376701861117,1.8678256349786233,-0.00033114374944429286,0.0005854530156113976,8.662204615544106e-13,2.54095525413247e-13,0,0.5999523117548695,9.537649026092332e-05,26.515291691365444,6.282685917044374,1.218840647470262,-0.8760012804403763
4.74,-0.00027334620204659955,0.0001791935557304675,-1.2818492123296785,1.8597434412601146,-0.0003184546000050486,0.0005834041473912469,8.713930015824539e-13,2.621756907900238e-13,0,0.599954181637707,9.163672458600836e-05,26.640945606825394,6.282705498411657,1.201666396715587,-0.8416527789310262
4.76,-0.00027410114087260087,0.00018146807413060745,-1.2873185826598283,1.8542740709299643,-0.0003067002087999077,0.0005817021968346348,8.766868072244835e-13,2.6613303667262853e-13,0,0.5999559782013896,8.804359722081045e-05,26.76659990618354,6.282724311982546,1.1851655579651412,-0.8086511014301347
4.78,-0.0002748890476219278,0.00018372214533314042,-1.2900494862330896,1.851543167356704,-0.0002960384307747881,0.000580523076074361,8.820164136350886e-13,2.657231893907168e-13,0,0.5999577043208026,8.459135839467002e-05,26.89225457438702,6.28274238786277,1.1693117263565576,-0.7769434382129674
4.8,-0.0002757080143381155,0.00018591687228166555,-1.2899500652012732,1.8516425883885201,-0.0002866245013485776,0.0005800306734964639,8.872937741042721e-13,2.4070733317160727e-13,0,0.5999593627581054,8.127448378925095e-05,27.0179095969732,6.282759754977593,1.1540795323769313,-1.1847740183793682
4.82,-0.0002765083502198126,0.0001879323993130196,-1.2866598090390706,1.8549328445507225,-0.0002792788741689491,0.0005808387225957794,8.920384089048409e-13,2.3284697256333365e-13,0,0.5999609561671514,7.808766569716852e-05,27.143564960046536,6.282776441118103,1.1308517055077258,-1.1383183646409574
4.84,-0.00027732138915680386,0.00018982714532118496,-1.2804640427325151,1.8611286108572784,-0.0002734948658158504,0.0005826113919061456,8.965909754012632e-13,2.216689135182241e-13,0,0.599962487097735,7.502580452989349e-05,27.269220650256337,6.282792472985685,1.1085346547573347,-1.093684263140175
4.86,-0.00027813310604606555,0.00019157632202078644,-1.2714330369564577,1.8701596166333356,-0.0002694336755987725,0.0005853946779385698,9.008925631205595e-13,2.0798720616412605e-13,0,0.5999639579996718,7.208400065628062e-05,27.3948766547754,6.282807876234748,1.0870926680833324,-1.0508002897921704
4.88,-0.00027892568881799225,0.00019316452043320167,-1.2597045265897373,1.8818881270000558,-0.00026724708330494744,0.0005891840785090989,9.049032717672048e-13,1.9288091240513384e-13,0,0.5999653712267188,6.925754656239569e-05,27.520532961279475,6.282822675513776,1.0664914337325062,-1.009597821090518
4.9,-0.0002796790016340396,0.00019458819048518252,-1.2454892883772741,1.896103365212519,-0.00026706794980269115,0.0005939194843617209,9.086071087066575e-13,1.7764470147584132e-13,0,0.5999667290403407,6.654191931865228e-05,27.646189557927567,6.282836894504774,1.0466979853347302,-0.9700109242949662
4.92,-0.0002803730453403857,0.00019585743848614363,-1.2290734270804362,1.9125192265093567,-0.0002689985014462655,0.0005994838954880737,9.120155185132991e-13,1.6370050262294588e-13,0,0.5999680336133288,6.393277334226788e-05,27.771846433342965,6.28285055596116,1.0276806491497408,-0.9319762519249872
4.94,-0.00028099119598277696,0.00019699657888270407,-1.2108159493482977,1.9307767042414952,-0.00027309781654161116,0.0006057068974084865,9.15168750285345e-13,1.5247117406779047e-13,0,0.5999692870332785,6.142593344304892e-05,27.897503576595046,6.282863681744178,1.0094089933823935,-0.8954329403902928
4.96,-0.00028152371005290015,0.00019804296607999085,-1.1911406448719737,1.9504520087178197,-0.00027937036072732825,0.0006123733190649748,9.181343944955989e-13,1.452282978577842e-13,0,0.5999704913059289,5.901738814206858e-05,28.023160977181785,6.282876292857884,0.9918537794852997,-0.8603225125961051
4.98,-0.0002819707560775617,0.00019904391970412144,-1.170522105368997,1.971070548220796,-0.0002877575303412111,0.000619236751584145,9.210027790773324e-13,1.4293719931420524e-13,0,0.5999716483583734,5.670328325324547e-05,28.148818625012947,6.282888409482747,0.9749869153709119,-0.8265887843673294
5.0,-0.0002823441818719952,0.00020005199465921914,-1.1494667449992972,1.9921259085904959,-0.00029813386912344456,0.0006260367887222717,9.238794569721915e-13,1.4399177863626393e-13,0,0.5999727600421425,5.447991571494448e-05,28.274476510393935,6.282900051007954,0.9587814104581907,-0.23224449373398404
5.0200000000000005,-0.00028272974917971903,0.0002010786385448998,-1.128463660007027,2.0131289935827663,-0.0003093670178138969,0.0006320289251444994,9.26792074660961e-13,1.4872883337587654e-13,0,0.5999738281361676,5.234372766471651e-05,28.40013462401029,6.2829112360624295,0.9542281920316436,-0.22313805688088983
5.04,-0.0002830826993740958,0.00020219421399687005,-1.1079989740723186,2.033593679517475,-0.0003221681007797867,0.0006376217954915995,9.298565801840296e-13,1.5902824393035468e-13,0,0.5999748543496269,5.0291300746074796e-05,28.52579295691277,6.282921982544645,0.9498535078532633,-0.2143886885241293
5.0600000000000005,-0.00028344031607687185,0.00020343842863872454,-1.0885608362757422,2.053031817314051,-0.00033625670770208677,0.0006426330715418464,9.33176927839209e-13,1.7404805865318613e-13,0,0.599975840324681,4.8319350637981984e-05,28.65145150050305,6.282932307651266,0.9456503574950488,-0.20598238780770028
5.08,-0.00028384196835688373,0.00020483763258936013,-1.0705911029561626,2.07100155063363,-0.0003513219502753477,0.0006469265591382982,9.368360497434595e-13,1.9256288430720624e-13,0,0.5999767876391001,4.642472179972046e-05,28.777110246519943,6.282942227904666,0.9416120150197069,-0.19790570285701659
5.1000000000000005,-0.00028432420862074787,0.00020640372632462379,-1.0544709166712438,2.087121736918549,-0.00036703857299983663,0.0006504201308436368,9.408896619432514e-13,2.131173445541488e-13,0,0.5999776978087896,4.4604382420709854e-05,28.902769187026184,6.282951759179366,0.9377320182177182,-0.1901457092530392
5.12,-0.0002849165586489736,0.00020813504180233367,-1.0405123078549177,2.101080345734875,-0.0003830825933949728,0.0006530885675388863,9.453632981388644e-13,2.341876410454163e-13,0,0.5999785722902151,4.285541956972061e-05,29.02842831439574,6.28296091672744,0.9340041582664228,-0.18268998935044833
5.14,-0.0002856385936845236,0.0002100186538748487,-1.028955651514004,2.1126370020757896,-0.00039914474287949103,0.0006549616482422152,9.50252438978952e-13,2.543237680701508e-13,0,0.5999794124827335,4.1175034533047494e-05,29.154087621301592,6.282969715202917,0.9304224697945792,-0.17552661240676115
5.16,-0.0002864985553030246,0.00021203340617366028,-1.0199719893146908,2.1216206642751025,-0.0004149405203411562,0.000656118338512997,9.555251474556287e-13,2.722550999022403e-13,0,0.5999802197308319,3.9560538336091966e-05,29.279747100704025,6.282978168685236,0.9269812213364983,-0.16864411549059932
5.18,-0.0002874933848242398,0.00021415298089549323,-1.0136687685131214,2.1279238850766715,-0.000430216309327218,0.0006566781815566558,9.61126395585003e-13,2.869539835397871e-13,0,0.5999809953262797,3.800934744058182e-05,29.405406745839347,6.282986290701773,0.9236749061604749,-0.16203148513855248
5.2,-0.0002886098563159611,0.00021634853121542822,-1.0100974550211084,2.1314951985686843,-0.0004447516116391899,0.0006567910083278922,9.66983267209735e-13,2.7028082011895125e-13,0,0.599981740510195,3.65189796098786e-05,29.531066550209083,6.282994094249486,0.9204982334568426,0.4017990201814676
5.22,-0.0002897761025359894,0.00021848154206374025,-1.0090069345229904,2.132585719066803,-0.0004575580670708144,0.0006568054372489288,9.724729066687154e-13,2.775977202971032e-13,0,0.5999824564750311,3.5087049937709835e-05,29.65672650756956,6.283001591815717,0.9283756159215237,0.3860442552521053
5.24,-0.00029101176494999455,0.00022063910347303435,-1.0106955824386399,2.1308970711511535,-0.0004693310472493688,0.0006568328276583084,9.780647867729861e-13,2.8045270317165803e-13,0,0.5999831443664844,3.371126703122229e-05,29.782386611921925,6.283008795398171,0.9359441218017531,0.3709072434916465
5.26,-0.0002922877649078641,0.00022279368487378913,-1.0150917716165508,2.126500881973242,-0.00047992609572363696,0.0006570261111999926,9.836682054243606e-13,2.7876039092130614e-13,0,0.5999838052853279,3.2389429344137355e-05,29.908046857502544,6.283015716524116,0.9432158623216398,0.3563637624518732
5.28,-0.00029357321079882175,0.00022491925943283374,-1.0220906118473285,2.1195020417424644,-0.0004892144638463153,0.0006575246800611478,9.891931402800086e-13,2.7266906930929815e-13,0,0.599984440289173,3.111942165401338e-05,30.03370723877378,6.283022366268831,0.9502024738174029,0.34239053946034703
5.3,-0.00029483755313832344,0.0002269916114562982,-1.0315589626065673,2.110033690983226,-0.0004970786215815206,0.000658445686688729,9.945547277740257e-13,2.625421319050183e-13,0,0.5999850503941612,2.9899211677619775e-05,30.15936775041512,6.283028755273326,0.9569151363579923,0.32896521437916815
5.32,-0.00029605258010629383,0.0002289886997451996,-1.0433394390050847,2.098253214584709,-0.0005034091833510558,0.0006598764269138194,9.996774045627882e-13,2.4894255311555145e-13,0,0.5999856365765905,2.872684681887172e-05,30.28502838731469,6.283034893761372,0.963364591635584,0.3160663038239848
5.34,-0.0002971942030804652,0.0002308912474813569,-1.057253684634588,2.0843389689552048,-0.0005081038248603289,0.0006618681146616359,1.0044987515857994e-12,2.326176885563669e-13,0,0.5999861997744781,2.76004510437744e-05,30.410689144561037,6.28304079155586,0.9695611601545793,0.3036731667859942
5.36,-0.0002982439542611612,0.00023268365133786068,-1.073105213114426,2.0684874404753675,-0.000511068487648246,0.0006644314336217375,1.0089730035289908e-12,2.144796908317038e-13,0,0.5999867408890607,2.6518221878601977e-05,30.5363500174353,6.283046458094517,0.9755147577466138,0.2917659716019252
5.38,-0.00029919008260756306,0.000234355203247332,-1.0906820636932857,2.0509105898965077,-0.0005122208506808581,0.0006675342927450016,1.0130740823640022e-12,1.9557620253368084e-13,0,0.599987260786237,2.5478427525982283e-05,30.66201100140364,6.283051902445015,0.9812349114380032,0.2803256642191463
5.4,-0.0003000281128635161,0.00023590150648248695,-1.109759411443883,2.03183324214591,-0.0005114957154305633,0.0006711021761278269,1.0167979115794644e-12,1.8827320754609831e-13,0,0.5999877602979534,2.4479404093114e-05,30.78767209211,6.283057133319477,0.9867307746950184,-0.1293138879859821
5.42,-0.00030078044563942847,0.0002373673828218331,-1.1301642352145367,2.0114284183752567,-0.0005093780528749978,0.000674693477373645,1.0203642255906557e-12,1.6889652279300332e-13,0,0.5999882402235353,2.3519552929451848e-05,30.91333328536912,6.283062159088418,0.9841955396583564,-0.12424341791265814
5.44,-0.00030143014199197844,0.00023871461497858689,-1.151557959964029,1.9900346936257645,-0.0005053341051007136,0.000678526679250719,1.0235673819495021e-12,1.5223392333146406e-13,0,0.5999887013309658,2.259733806830866e-05,31.03899457715985,6.2830669877941405,0.9817597126093626,-0.11937176381467052
5.46,-0.0003019918647719496,0.00023996399994345006,-1.1736981507363746,1.9678945028534187,-0.0004993922860282888,0.0006824490137463101,1.0264723532126495e-12,1.3931211231710955e-13,0,0.5999891443581155,2.1711283769043632e-05,31.164655963618713,6.283071627163603,0.9794193957050877,-0.11469113000612086
5.48,-0.00030248340501996433,0.00024114503410885247,-1.196336746048266,1.9452559075415277,-0.0004916201856313304,0.00068629157683731,1.0291627339318241e-12,1.309456105673966e-13,0,0.5999895700139221,2.0859972155840012e-05,31.290317441033714,6.283076084620787,0.9771708439391908,-0.11019402647432708
5.5,-0.0003029233569870801,0.00024229434361981055,-1.219221761337426,1.922370892252367,-0.00048212686791152475,0.0006898806524077942,1.031735694457555e-12,1.2766095716383016e-13,0,0.5999899789795258,2.0042040948409223e-05,31.415979005838413,6.2830803672985756,0.9750104591491298,-0.1058732568942049
5.5200000000000005,-0.0003033289248099483,0.00024345309355307412,-1.2420989204433501,1.8994937331464428,-0.00047106240389163483,0.0006930494854872034,1.0342956277906677e-12,1.296446912454402e-13,0,0.5999903719093589,1.9256181282178986e-05,31.54164065460621,6.283084482050165,0.9729347842583338,-0.10172190711261297
5.54,-0.00030371422699256907,0.000244663658797457,-1.264713268833218,1.8768793847565748,-0.0004586144891646593,0.0006956496145078125,1.0369470701352447e-12,1.3672443677647905e-13,0,0.5999907494321928,1.850113561441269e-05,31.667302384044863,6.283088435460037,0.9709404977441434,-0.09773333408423213
5.5600000000000005,-0.00030408936425638656,0.0002459660062628449,-1.2868108402447915,1.8547818133450011,-0.0004450023701437864,0.0006975609395217352,1.0397876089676451e-12,1.4838658828697525e-13,0,0.5999911121521446,1.7775695710708916e-05,31.792964190991228,6.283092233854491,0.9690244083226653,-0.09390115524127607
5.58,-0.00030446034891200475,0.0002473943007811174,-1.3081404443996127,1.8334522091901801,-0.00043046863438689034,0.0006986998468369538,1.0429014939578067e-12,1.6382725343160496e-13,0,0.5999914606496438,1.70787007123252e-05,31.91862607240618,6.283095883311768,0.9671834498420377,-0.09021923828002087
5.6000000000000005,-0.00030482980824872013,0.0002489741878279988,-1.328455618173006,1.813137035416787,-0.0004152696693778416,0.0006990249030407426,1.0463545360802546e-12,1.5929492031191075e-13,0,0.5999917954823606,1.640903527877491e-05,32.04428802536977,6.283099389671778,0.9654146763759328,-0.9614665182643036
5.62,-0.00030517172890580266,0.0002506048950452461,-1.347305567279235,1.7942870863105584,-0.00040100791814236963,0.0006985254115819765,1.049702589097738e-12,1.7592895626000563e-13,0,0.5999921171860987,1.576562780258861e-05,32.169950047076526,6.2831027585454455,0.9465648556672296,-0.9237668768468972
5.64,-0.000305514234475207,0.00025239566107508414,-1.3645904262028095,1.7770022273869834,-0.0003865499712755106,0.0006974979501852727,1.0533969636350192e-12,1.9361820265010042e-13,0,0.5999924262756529,1.5147448694241561e-05,32.295612134830996,6.283105995323688,0.9284541470003927,-0.8875454595132235
5.66,-0.0003058577738596424,0.00025434354643228004,-1.3800815629616914,1.761511090628102,-0.0003721315981468714,0.0006960215683431345,1.0574465078611775e-12,2.1115114552295342e-13,0,0.5999927232456322,1.45535087354709e-05,32.42127428604341,6.28310910518604,0.9110535693777315,-0.852744304267901
5.68,-0.00030620375300885027,0.0002564357175909471,-1.3935653570805124,1.7480272965092807,-0.00035797394069224213,0.0006942078295173802,1.0618365612360297e-12,2.274031530096387e-13,0,0.5999930085712522,1.3982857495653533e-05,32.546936498225556,6.283112093108945,0.8943352781627283,-0.8193077218378946
5.7,-0.00030655522648581965,0.0002586508222634718,-1.4048469136999968,1.7367457398897965,-0.0003442808770201067,0.0006921957843514487,1.0665312385317869e-12,2.4138692485382373e-13,0,0.5999932827090945,1.3434581811022639e-05,32.67259876898676,6.283114963873717,0.8782725205226802,-0.7871822065577985
5.72,-0.0003069170519827781,0.0002609606236781635,-1.4137534863118424,1.727839167277951,-0.0003312386645685909,0.0006901454231292845,1.0714765600514069e-12,2.5228729708281296e-13,0,0.5999935460978383,1.2907804323392114e-05,32.79826109603011,6.283117722074192,0.8628395926184587,-0.7563163507493553
5.74,-0.0003072955130469114,0.00026333170304430447,-1.4201377002903852,1.721454953299408,-0.0003190176330333136,0.0006882299612933228,1.0766041461425782e-12,2.594839807286816e-13,0,0.5999937991589617,1.240168207661263e-05,32.92392347714876,6.283120372124079,0.8480117984728834,-0.7266607624582049
5.76,-0.00030769748266592785,0.00026572713258457705,-1.423880793561551,1.717711860028242,-0.0003077753940662263,0.0006866272679247667,1.0818352814518424e-12,2.625670405071075e-13,0,0.5999940422974165,1.1915405166984527e-05,33.04958591022238,6.2831229182640245,0.8337654104518901,-0.6981679864162182
5.78,-0.0003081292473072604,0.00026810811877007513,-1.4248961586389228,1.7166964949508703,-0.0002976607961481313,0.0006855106897322206,1.0870852519878538e-12,2.613497036152695e-13,0,0.5999942759022762,1.144819544762754e-05,33.17524839321379,6.283125364568394,0.8200776312952536,-0.6707924281029451
5.8,-0.00030859514661937576,0.0002704356932611249,-1.4231334480829787,1.7184592055068144,-0.0002888177088192388,0.000685039495044083,1.092267936888665e-12,2.3886372484173495e-13,0,0.5999945003473582,1.0999305283476701e-05,33.300910924165684,6.283127714951798,0.8069265576361079,-1.0232016004245443
5.82,-0.0003090702588847154,0.0002725963701790432,-1.418395506489445,1.7231971471003487,-0.00028193332752684397,0.0006857412110050557,1.0969696560566935e-12,2.304329209724172e-13,0,0.5999947159918227,1.0568016354461918e-05,33.4265735011975,6.28312997317535,0.7868664033296644,-0.9830812918116574
5.84,-0.00030957316910685715,0.00027463941632519185,-1.4108879672675292,1.7307046863222642,-0.0002766000312382585,0.0006873490357545541,1.1014693216332474e-12,2.1883201883615675e-13,0,0.5999949231807469,1.0153638506205098e-05,33.55223612250242,6.28313214285269,0.7675928189242676,-0.9445341230008637
5.86,-0.0003100953636142396,0.00027653874065270925,-1.4007114234789229,1.7408812301108707,-0.0002729605797223676,0.000689903973653052,1.10571111971106e-12,2.048825496921229e-13,0,0.5999951222456771,9.755508645792332e-06,33.67789878634448,6.283134227455764,0.7490749625729514,-0.9074984102982313
5.88,-0.0003106238040332155,0.0002782770821820321,-1.3880246678362673,1.7535679857535253,-0.0002711476922233992,0.0006933976213507494,1.1096581009118752e-12,1.8964017204161203e-13,0,0.5999953135051598,9.372989680400678e-06,33.80356149105576,6.283136230320383,0.7312832017548669,-0.8719148886620625
5.9,-0.0003111420302378518,0.0002798484104833065,-1.3730471825317465,1.7685454710580464,-0.00027127584220788185,0.0006977682143635849,1.1132964185894666e-12,1.7434256546298946e-13,0,0.5999954972652509,9.005469498113428e-06,33.929224235033765,6.283138154651557,0.7141890658569274,-0.8377266168661834
5.92,-0.00031163222198892236,0.00028125973269769306,-1.3560589999262769,1.7855336536635162,-0.00027343115967649916,0.00070290031631111,1.116638210288789e-12,1.6032552006342097e-13,0,0.5999956738200057,8.65235998848135e-06,34.054887016738824,6.283140003528626,0.6977652006147524,-0.8048788863818335
5.94,-0.00031207804237168545,0.0002825318026056985,-1.3373971283960782,1.8041955251937152,-0.00027766065910231927,0.0007086288355297886,1.1197224914637871e-12,1.4890972793221538e-13,0,0.5999958434519497,8.313096100609485e-06,34.18054983469163,6.283141779910188,0.6819853243400098,-0.7733191338323482
5.96,-0.00031246783784012153,0.0002836983007125059,-1.3174480993825597,1.8241445542072334,-0.00028396232801268864,0.0007147475969596084,1.1226135637667593e-12,1.4126926672634122e-13,0,0.5999960064325299,7.987134940101726e-06,34.306212687470904,6.283143486638833,0.6668241858641069,-0.7429968568805423
5.98,-0.0003127975705809497,0.00028480329116979545,-1.2966367238701255,1.8449559297196672,-0.0002922776817945557,0.0007210220900962612,1.1253967428047953e-12,1.38300475354094e-13,0,0.5999961630225502,7.673954899534152e-06,34.43187557371107,6.283145126445691,0.6522575241309333,-0.7138635334141952
6.0,-0.0003130727982748041,0.00028589712296627824,-1.275411745611445,1.8661809079783485,-0.00030248816322561646,0.0007272053759864116,1.1281716368030129e-12,1.3893613603098706e-13,0,0.599996313472588,7.373054824011405e-06,34.5575384921001,6.283146701954802,0.6382620293739958,-0.09498573401418575
6.0200000000000005,-0.00031336976686130197,0.0002870008427703344,-1.2542118156212656,1.8873808379685277,-0.00031346642075767754,0.0007325618919643106,1.1309713879033133e-12,1.4243390206272393e-13,0,0.5999964580233954,7.083953209141569e-06,34.683201441377435,6.2831482156873175,0.6363998074223836,-0.09126129011096129
6.04,-0.0003136392878535352,0.00028817434798028243,-1.2334742051162888,1.9081184484735045,-0.00032594420470690073,0.0007375216046019133,1.1338959150001299e-12,1.5128742918112772e-13,0,0.5999965969062846,6.806187430763444e-06,34.80886442033192,6.283149670065532,0.6346106042379169,-0.08768288374202804
6.0600000000000005,-0.00031390988344509103,0.00028946052196868904,-1.2136371195265574,1.9279555340632353,-0.00033966093613924293,0.0007419129851588097,1.137046184573621e-12,1.6477795424770145e-13,0,0.5999967303434978,6.5393130044277825e-06,34.9345274277999,6.283151067416761,0.6328915567137836,-0.0842447886937614
6.08,-0.0003142134027029045,0.00029089058751868824,-1.1951055896474059,1.9464870639423868,-0.00035432634020495586,0.0007456071413425873,1.1405048896048857e-12,1.8182495210488537e-13,0,0.599996858548563,6.282902873966378e-06,35.06019046266334,6.283152409977065,0.6312399140071954,-0.08094150328058491
6.1000000000000005,-0.0003145808062343632,0.0002924823117850974,-1.1782395606778033,1.9633530929119898,-0.00036963447057194077,0.0007485257721424228,1.144330414732369e-12,2.0111241422637627e-13,0,0.5999969817266357,6.036546728482861e-06,35.18585352384805,6.283153699894826,0.6296530331374525,-0.07776774154109911
6.12,-0.0003150382493643447,0.000294240044924309,-1.163345868507513,1.9782467850822805,-0.0003852778232435163,0.0007506446245963472,1.1485535142570954e-12,2.2122771840878146e-13,0,0.5999971000748271,5.799850345766799e-06,35.311516610321966,6.283154939234188,0.6281283747566107,-0.07471842477941548
6.140000000000001,-0.00031560408136666046,0.0002961562459188632,-1.150674248177082,1.9909184054127111,-0.0004009599712550755,0.0007519925722953109,1.1531767168030578e-12,2.4079037030507803e-13,0,0.5999972137825196,5.572434960798844e-06,35.43717972109347,6.283156129978359,0.6266634990859827,-0.07178867343815964
6.16,-0.00031628709527771573,0.0002982139279120402,-1.1404169705584448,2.0011756830313487,-0.0004164055021273946,0.0007526469119987411,1.1581760710715308e-12,2.5855438334786503e-13,0,0.5999973230316696,5.353936660679182e-06,35.56284285520985,6.283157274032782,0.6252560620119723,-0.0689737992901387
6.18,-0.00031708606672988226,0.00030038941734605715,-1.1327113150141122,2.008881338575681,-0.00043136653975947434,0.0007527257678390722,1.1635046090835125e-12,2.7347693389007653e-13,0,0.5999974279970992,5.144005801538398e-06,35.68850601175574,6.283158373228191,0.6239038113349915,-0.0662692979361772
6.2,-0.0003179903964147292,0.0003026549311356757,-1.1276438967970173,2.013948756792776,-0.0004456256730985831,0.0007523785839425117,1.1690968439371594e-12,2.5696045631907923e-13,0,0.5999975288467755,4.942306448985079e-06,35.81416918985166,6.283159429323532,0.6226045831654619,0.5274005536605944
6.22,-0.0003189396109404144,0.0003048619468786109,-1.1250793370094803,2.016513316580313,-0.0004581541939449891,0.0007519942527985207,1.1743257327945343e-12,2.649114551495674e-13,0,0.5999976257420794,4.74851584120195e-06,35.939832388652626,6.283160444008781,0.6329444189156654,0.5067208821601872
6.24,-0.00031994791847450463,0.0003071050491629334,-1.1252684279653005,2.0163242256244924,-0.00046969014994732185,0.0007516558758165685,1.1796721081450944e-12,2.6863948035115463e-13,0,0.5999977188380641,4.562323871803997e-06,36.06549560734678,6.283161418907652,0.6428788239070307,0.48685207217745674
6.26,-0.0003209896093446363,0.0003093543774256008,-1.1281755195413554,2.0134171340484377,-0.00048008793394242874,0.0007515194304740336,1.185049349262594e-12,2.6798983814568e-13,0,0.599997808283703,4.383432594012859e-06,36.191158845154106,6.283162355580192,0.6524236953069965,0.46776232937752504
6.28,-0.000322037122877055,0.00031158093813444187,-1.1337285386411957,2.007864114948598,-0.0004892169490459189,0.0007517287740678732,1.1903701609731758e-12,2.630460295006388e-13,0,0.5999978942221282,4.211555743482975e-06,36.31682210132516,6.2831632555252765,0.6615943069461507,0.4494211060992166
6.3,-0.0003230631931803844,0.00031375722447828086,-1.1418227895565516,1.999769864033242,-0.0004969573256806356,0.0007524066177927584,1.195551190150892e-12,2.541153156966541e-13,0,0.5999979767908596,4.046418280667652e-06,36.44248537513988,6.2831641201830095,0.6704053337596175,0.431799052472283
6.32,-0.00032404285441326987,0.00031585786538639997,-1.1523240591282624,1.9892685944615307,-0.0005031969248152926,0.0007536464358937072,1.2005173657033905e-12,2.4171529359118785e-13,0,0.5999980561220247,3.887755950504612e-06,36.56814866590646,6.283164950937028,0.6788708752700844,0.4148679694513493
6.34,-0.00032495521392175556,0.0003178604738037466,-1.165071218413048,1.9765214351767453,-0.0005078302614771516,0.0007555056554778212,1.20520596636064e-12,2.2655920538985592e-13,0,0.5999981323425704,3.7353148591989793e-06,36.69381197296021,6.283165749116716,0.6870044781500465,0.39860076369142505
6.36,-0.00032578488432039086,0.00031974678513792677,-1.1798785847762314,1.9617140688135617,-0.0005107597054963606,0.0007580005548291689,1.2095703505872517e-12,2.0953558125696882e-13,0,0.5999982055744657,3.5888510685477826e-06,36.8194752956625,6.28316651599933,0.694819157899373,0.3829714041927721
6.38,-0.00032652294347191603,0.00032150407040196536,-1.196538294044567,1.9450543595452263,-0.0005118989911947466,0.0007611033503839024,1.213583184092428e-12,1.9167711884770927e-13,0,0.5999982759348973,3.4481302053634977e-06,36.945138633399736,6.2831672528120475,0.7023274196728835,0.3679548806457511
6.4,-0.00032716728729256176,0.00032312668882403196,-1.2148228560683325,1.9267697975214606,-0.0005111787202279737,0.0007647419288265677,1.2172389034118817e-12,1.838058171011196e-13,0,0.5999983435364569,3.3129270862186644e-06,37.07080198558239,6.283167960733924,0.7095412782912635,0.00481132632372927
6.42,-0.00032773173384905487,0.0003246578129710138,-1.234520364569157,1.9070722890206362,-0.0005090138257035678,0.0007684956590371752,1.2207283414575172e-12,1.6564828372055655e-13,0,0.5999984084873214,3.1830253570674927e-06,37.19646535164405,6.283168640897787,0.7096356056930507,0.00462267152015472
6.44,-0.00032821142498627,0.00032606125340151526,-1.255318222273678,1.8862744313161155,-0.0005049331519179198,0.000772555993139058,1.2238778770196625e-12,1.5009138222429576e-13,0,0.5999984708914262,3.058217147522413e-06,37.322128731040515,6.283169294392044,0.7097262344645107,0.004441413977234854
6.46,-0.00032862061640195054,0.00032735885781117233,-1.276952399178539,1.8646402544112544,-0.0004989612216582963,0.0007767626828443784,1.2267501854897668e-12,1.3815879554049317e-13,0,0.599998530848631,2.938302738009213e-06,37.44779212324892,6.283169922262425,0.7098133096310127,0.00426726364423069
6.48,-0.00032897535998829467,0.00032858169345037795,-1.2991494632021008,1.8424431903876926,-0.0004911629783054627,0.0007809371574833745,1.2294264931480792e-12,1.3066077945628483e-13,0,0.5999985884548801,2.823090239800763e-06,37.573455527766896,6.283170525513655,0.7098969705314003,0.0040999418434555235
6.5,-0.0003292911930735223,0.00032976822838298633,-1.321629656072875,1.8199629975169183,-0.0004816464169847876,0.0007848944428340532,1.232001501091651e-12,1.2811804998114781e-13,0,0.5999986438023559,2.71239528815137e-06,37.69911894411178,6.283171105111066,0.7099773510409627,0.003939180824330757
6.5200000000000005,-0.00032958112190026827,0.0003309614789009398,-1.3441100513832354,1.797482602206558,-0.0004705623100312692,0.0007884557292520478,1.2345770026306002e-12,1.3071004621674594e-13,0,0.5999986969796262,2.60604074764359e-06,37.824782371819836,6.283171661982138,0.7100545797856639,0.003784723334928408
6.54,-0.0003298542535091399,0.000332205449785465,-1.36630774831269,1.7752849052771031,-0.0004581008261401062,0.0007914605927507332,1.2372547836986086e-12,1.382566004768633e-13,0,0.5999987480717858,2.5038564284152187e-06,37.95044581044551,6.283172197017983,0.7101287803479718,0.003636322210312626
6.5600000000000005,-0.0003301152992901521,0.0003335413532484713,-1.3879430631644831,1.7536495904253098,-0.00044448524796445837,0.0007937779186883698,1.240129523980986e-12,1.5023633850289874e-13,0,0.5999987971605932,2.405678813488521e-06,38.0761092595607,6.283172711074772,0.7102000714646164,0.0034937399770234023
6.58,-0.0003303649858314269,0.00033500414004020076,-1.4087426810414634,1.7328499725483297,-0.00042996336279554854,0.0007953147254618805,1.2432824163507591e-12,1.6583847580725056e-13,0,0.5999988443246009,2.3113507980898618e-06,38.20177271875413,6.283173204975106,0.7102685672165939,0.0033567484730683272
6.6000000000000005,-0.00033060121770892925,0.0003366197988101168,-1.4284427216840971,1.7131499319056962,-0.0004147973863459634,0.0007960223076640426,1.2467760938334182e-12,1.6132110391282266e-13,0,0.5999988896392815,2.220721436962947e-06,38.32743618763061,6.28317367950933,0.7103343772117208,-0.851254333980243
6.62,-0.00033079764460879047,0.00033828713427501656,-1.4466487993118085,1.6949438542779847,-0.00040055767710992754,0.000795852496676789,1.2501655177979738e-12,1.7800481265798122e-13,0,0.599998933177148,2.1336457038945156e-06,38.45309966581046,6.283174135436803,0.6936452972820303,-0.817876174120862
6.640000000000001,-0.0003309795874927771,0.0003401157890678174,-1.4631981651035435,1.6783944884862496,-0.0003861512685093555,0.0007951305753187733,1.2539008532131898e-12,1.9560345494101937e-13,0,0.5999989750078704,2.0499842592336392e-06,38.57876315292891,6.283174573487103,0.6776106055364146,-0.7858067906296307
6.66,-0.0003311457629332536,0.00034210268760810283,-1.4778612864646226,1.6637313671251706,-0.00037181752757307874,0.0007939339496036361,1.2579881561327265e-12,2.1290808904856322e-13,0,0.5999990151983866,1.9696032267368935e-06,38.70442664863545,6.283174994361206,0.6622046430471642,-0.7549948656511298
6.68,-0.0003312971063800668,0.0003442348072337488,-1.4904298960517326,1.65116275753806,-0.00035778000129032227,0.0007923737584443997,1.2624100815507017e-12,2.288029084637796e-13,0,0.5999990538130102,1.8923739795173589e-06,38.83009015259334,6.283175398732598,0.6474027569875156,-0.7253910935318326
6.7,-0.00033143741295039173,0.0003464906907015891,-1.5007202382912512,1.640872415298542,-0.0003442435513181295,0.0007905892465326447,1.2671283148151088e-12,2.423176070278765e-13,0,0.5999990909135328,1.8181729344313169e-06,38.955753664479055,6.283175787248362,0.6331812611818692,-0.6969481019205399
6.72,-0.0003315733624393598,0.00034884217877049085,-1.5085757970714506,1.633016856518342,-0.00033139388267198664,0.0007887406207684906,1.2720868742948088e-12,2.5266273845897104e-13,0,0.599999126559323,1.7468813540144623e-06,39.08141718398173,6.283176160530204,0.6195173982028551,-0.6696203759625117
6.74,-0.00033171396537122775,0.0003512561574861042,-1.513869657629946,1.6277229959598474,-0.00031939920310326635,0.0007870008090663157,1.2772159755311721e-12,2.592516494732743e-13,0,0.5999991608074218,1.6783851564117214e-06,39.20708071080269,6.2831765191754565,0.6063893029545939,-0.6433641854659893
6.76,-0.00033186953131882606,0.0003536962198282333,-1.5165067600716144,1.625085893518179,-0.00030841344258455364,0.0007855464816929041,1.2824362366454374e-12,2.6171396674799474e-13,0,0.5999991937126334,1.612574733078631e-06,39.332744244655,6.283176863758027,0.5937759676838787,-0.6181375149245589
6.78,-0.0003320502994803018,0.0003561242478068683,-1.5164263383054921,1.625166315284301,-0.0002985802338390665,0.0007845486259233389,1.2876631062995848e-12,2.599054075885827e-13,0,0.5999992253276133,1.5493447733661014e-06,39.45840778526294,6.283177194829322,0.5816572083632882,-0.5938999962833778
6.8,-0.00033226489662669707,0.00035850200368126413,-1.5136047842277651,1.6279878693620278,-0.00029003673140790063,0.0007841629284442022,1.292811477157583e-12,2.3882210614450286e-13,0,0.5999992557029521,1.4885940957665156e-06,39.58407133236163,6.283177512919125,0.570013632392436,-0.9112610945163471
6.82,-0.0003325036792432691,0.00036072299688587106,-1.5079341807170112,1.6336584728727814,-0.0002833927372713196,0.0007848608023523353,1.2975076087424941e-12,2.299361920163282e-13,0,0.5999992848872567,1.430225486487302e-06,39.70973488569656,6.2831778185364495,0.5521481030951091,-0.8755300359216933
6.84,-0.00033277895600349126,0.0003628295696436233,-1.499581946629075,1.6420107069607184,-0.0002782982187324812,0.0007864197222350938,1.3019934464798523e-12,2.1796992615596207e-13,0,0.5999993129272284,1.374145543131533e-06,39.8353984450232,6.283178112170347,0.534983091221371,-0.8412000121742171
6.86,-0.00033308633968684226,0.00036479553701411575,-1.4886665672411825,1.6529260863486108,-0.0002748850526038811,0.0007888772334528232,1.3062150709505872e-12,2.0375032910570156e-13,0,0.5999993398677371,1.3202645257059942e-06,39.96106201010662,6.283178394290695,0.5184911290901593,-0.8082160879117937
6.88,-0.0003334164977692305,0.00036660306790257024,-1.475358563181683,1.6662340904081105,-0.0002732747869933804,0.0007922222613408435,1.3101373512979286e-12,1.8831944102125297e-13,0,0.5999993657518934,1.26849621318037e-06,40.08672558072109,6.283178665348946,0.5026458260435909,-0.7765254818186569
6.9,-0.0003337559931229778,0.000368244987300129,-1.4598814046292516,1.681711248960541,-0.00027357116592546636,0.0007963918643418338,1.313747787960451e-12,1.7288176464993851e-13,0,0.5999993906211174,1.2187577651534554e-06,40.21238915664973,6.28317892577885,0.4874218262162799,-0.7460774821640349
6.92,-0.00033408905003045854,0.0003697265593248294,-1.4425102650702046,1.6990823885195887,-0.00027585090698259315,0.0008012715121995444,1.3170590278105433e-12,1.5872396303299865e-13,0,0.5999994145152051,1.1709695897366146e-06,40.338052737684166,6.2831791759971525,0.4727947679605427,-0.7168233656525606
6.94,-0.0003344001000971331,0.0003710662857496384,-1.4235680944388374,1.7180245591509555,-0.00028015384786142663,0.0008066994363716241,1.3201095091188046e-12,1.4710975607119603e-13,0,0.5999994374723923,1.1250552154340454e-06,40.463716323624205,6.283179416404255,0.4587412448625646,-0.6887163194566044
6.96,-0.000334676741727543,0.0003722953145508608,-1.4034187873591455,1.7381738662306478,-0.0002864738471007734,0.0008124751779152659,1.3229618230481257e-12,1.3916006023227046e-13,0,0.5999994595294152,1.080941169462335e-06,40.589379914277494,6.28317964738486,0.44523876828714404,-0.6617113663057632
6.98,-0.00033491256475635814,0.0003734552563973829,-1.3824576057995754,1.7591350477902177,-0.00029475187993073754,0.0008183719227174069,1.3256986464453243e-12,1.3573461674903933e-13,0,0.5999994807215699,1.0385568600668194e-06,40.71504350945922,6.283179869308586,0.43226573139107827,-0.6357652925136317
7.0,-0.00033510922385120785,0.00037459452212774687,-1.3610994133823338,1.7804932402074591,-0.0003048725745083202,0.0008241516674950313,1.3284164664740015e-12,1.361230834711028e-13,0,0.5999995010827684,9.978344630567904e-07,40.84070710899183,6.283180082530557,0.41980137454760486,-0.0008150954449593906
7.0200000000000005,-0.0003353338575210004,0.0003757399721271415,-1.3397538956489479,1.8018387579408452,-0.00031570823742064244,0.0008290911262674393,1.3311527468386149e-12,1.3886660996432848e-13,0,0.5999995206455929,9.587088141138622e-07,40.96637071270471,6.283180287391976,0.41978539437283424,-0.0007831350954181637
7.04,-0.0003355375043911088,0.00037694403105199495,-1.318829973780233,1.8227626798095606,-0.00032800421713627284,0.0008336284803169212,1.3339975101556774e-12,1.468590188580279e-13,0,0.5999995394413481,9.211173037648734e-07,41.09203432043396,6.283180484220663,0.41977004078967883,-0.0007524279291073466
7.0600000000000005,-0.00033574252588375444,0.00037825082104041963,-1.298735549433588,1.842857104156205,-0.00034151071790810964,0.0008376004051416081,1.337050203225562e-12,1.5944852647017026e-13,0,0.5999995575001111,8.849997776838592e-07,41.21769793202209,6.283180673331588,0.41975528922912997,-0.0007229248080096173
7.08,-0.0003359751563000009,0.0003796940150705734,-1.279852398235447,1.8617402553543458,-0.000355949091791103,0.0008408842550163574,1.3403935120582184e-12,1.7563531754703674e-13,0,0.5999995748507799,8.502984401026481e-07,41.34336154731779,6.283180855027367,0.4197411160855436,-0.0006945785208368749
7.1000000000000005,-0.00033626181977715775,0.00038129467624483705,-1.2625258555614391,1.8790667980283544,-0.00037102470926275987,0.0008434058687565073,1.344087455586783e-12,1.9418318500678879e-13,0,0.5999995915211193,8.169577614403067e-07,41.46902516617569,6.283181029598753,0.4197274986788662,-0.0006673437074821154
7.12,-0.0003366255255741277,0.00038306079891294796,-1.2470573046851703,1.8945353489046228,-0.00038644014566359533,0.0008451432330466249,1.3481659073908187e-12,2.1374541339808893e-13,0,0.5999996075378052,7.849243894852975e-07,41.59468878845611,6.283181197325097,0.41971441521834196,-0.000641176786433606
7.140000000000001,-0.00033708293642927564,0.00038498832156556655,-1.233699705178872,1.9078929484109208,-0.00040190722637062793,0.000846126031292252,1.3526356232768774e-12,2.3298490620262416e-13,0,0.599999622926468,7.541470639083059e-07,41.72035241402485,6.2831813584747955,0.41970184476764266,-0.0006160358850350045
7.16,-0.0003376424839315926,0.0003870631456693418,-1.2226560016757198,1.9189366519140734,-0.00041715673389696665,0.0008464315463551741,1.3574774912042836e-12,2.506733360607038e-13,0,0.5999996377117327,7.245765345498256e-07,41.84601604275298,6.283181513305725,0.4196897672113654,-0.0005918807724805131
7.18,-0.00033830364675205553,0.00038926361546525476,-1.2140799320890248,1.9275127215007686,-0.0004319450021693322,0.0008461776812915947,1.3626494850452716e-12,2.657613546199706e-13,0,0.5999996519172589,6.96165482150235e-07,41.97167967451661,6.283181662065647,0.41967816322284346,-0.0005686727954365978
7.2,-0.0003390572909173166,0.0003915629763109012,-1.2080785513642682,1.9335141022255247,-0.0004460571173779648,0.0008455139837368147,1.3680907205331448e-12,2.4937669249120095e-13,0,0.5999996655657784,6.688684430766756e-07,42.09734330919672,6.2831818049926085,0.4196670142332195,0.6115370732560734
7.22,-0.0003398515899370541,0.0003938071645892852,-1.2045949598064787,1.9369976937833142,-0.0004584384814797573,0.0008448584526922871,1.3731714453036858e-12,2.5772125468755337e-13,0,0.5999996786791318,6.426417362703774e-07,42.22300694667895,6.2831819423153235,0.4316563700439782,0.587558361634556
7.24,-0.0003406963849614024,0.00039609485609238393,-1.2038438678645194,1.9377487857252742,-0.0004698542010602726,0.0008442721656977898,1.3783791180730625e-12,2.619909283472219e-13,0,0.5999996912783033,6.17443393302608e-07,42.34867058685344,6.283182074253538,0.44317561648919473,0.564519868744123
7.26,-0.00034156841423411516,0.0003983948850494453,-1.20581269727973,1.9357799563100633,-0.0004801578192513825,0.0008439130523778923,1.3836296379862475e-12,2.6198669948753994e-13,0,0.5999997033834542,5.93233091539247e-07,42.474334229614605,6.283182201018381,0.4542431868207517,0.542384728081009
7.28,-0.00034244264973614356,0.0004006764479148323,-1.2104510259165848,1.9311416276732079,-0.0004892172179346785,0.0008439278051547395,1.3888373486538282e-12,2.577492784838197e-13,0,0.5999997150139553,5.699720893037608e-07,42.59999787486104,6.283182322812704,0.46487679151238726,0.5211175186977379
7.3,-0.00034329439411519383,0.0004029099339109707,-1.217673441800897,1.9239192117888964,-0.0004969104879722418,0.0008444426933941081,1.3939197219270285e-12,2.495480200570663e-13,0,0.599999726188418,5.476231639267581e-07,42.72566152249528,6.2831824398314025,0.4750934466002313,0.5006842085220499
7.32,-0.0003441012593048289,0.00040506777939930595,-1.2273618861952278,1.9142307673945655,-0.0005031230209704537,0.0008455551947087452,1.3988018200544021e-12,2.378696719273786e-13,0,0.5999997369247237,5.261505524600807e-07,42.85132517242371,6.283182552261733,0.4849095009120936,0.4810520998983252
7.34,-0.00034484490744765626,0.00040712551006631014,-1.2393676402450782,1.9022250133447152,-0.0005077464873453078,0.0008473268138440033,1.403420518425743e-12,2.2340481906234494e-13,0,0.5999997472400529,5.055198941672501e-07,42.97698882455636,6.2831826602836065,0.4943406622290766,0.4621897772643593
7.36,-0.00034551242201327374,0.00040906305655948776,-1.2535132068591899,1.888079446730603,-0.0005106800920197934,0.000849777548148219,1.4077284034295352e-12,2.0702770213538082e-13,0,0.5999997571509121,4.856981756784506e-07,43.10265247880681,6.283182764069882,0.5034020224213758,0.4440670568797609
7.38,-0.00034609716318091444,0.0004108663190088536,-1.2695943518712627,1.8719983017185307,-0.0005118341699714453,0.0008528825201193926,1.4116971620906305e-12,1.8976434784602346e-13,0,0.5999997666731611,4.6665367769982424e-07,43.22831613509202,6.28318286378664,0.5121080815984921,0.42665493852552827
7.4,-0.00034659896927279624,0.00041252883097575485,-1.287382510888644,1.8542101427011488,-0.000511135826898876,0.000856571283180084,1.415320183956551e-12,1.8152374927247295e-13,0,0.5999997758220373,4.4835592527547874e-07,43.35397979333221,6.283182959593447,0.5204727713125006,0.09270972100000785
7.42,-0.00034702678041780596,0.00041409189203433247,-1.3066430406719027,1.8349496129178906,-0.0005089569858648799,0.0008604387032340719,1.418771069035914e-12,1.6405965314879435e-13,0,0.599999784612181,4.307756380494965e-07,43.47964345345071,6.283183051643617,0.5222903713907215,0.08907452084356593
7.44,-0.0003473834681920737,0.000415521598563185,-1.3270768062872227,1.8145158473025704,-0.0005048633941403202,0.0008646568931540552,1.4218953186803692e-12,1.4913742174974753e-13,0,0.5999997930576582,4.138846836365673e-07,43.60530711537389,6.283183140084447,0.5240367023504787,0.08558185892405157
7.46,-0.0003476831586353592,0.0004168406380820463,-1.3484054430507655,1.7931872105390276,-0.0004988767664203254,0.0008690607406667845,1.4247544862470568e-12,1.3778566030192646e-13,0,0.5999998011719835,3.976560329910228e-07,43.730970779030976,6.283183225057463,0.5257145586938782,0.08222614623725266
7.48,-0.00034794077239097223,0.0004180812786326066,-1.3703383844172805,1.7712542691725126,-0.0004910602950109834,0.0008734653394111027,1.4274287533385672e-12,1.308170101950834e-13,0,0.5999998089681415,3.820637168860941e-07,43.85663444435398,6.283183306698639,0.5273266253490311,0.07900201292694686
7.5,-0.00034816971388642156,0.0004192833459768747,-1.3925769364112073,1.7490157171785858,-0.00048152149575579194,0.0008776783022479075,1.430011787867946e-12,1.2875072988420495e-13,0,0.5999998164586079,3.6708278416952567e-07,43.98229811127758,6.283183385138619,0.5288754819665116,0.07590429969198587
7.5200000000000005,-0.00034837997598229304,0.00042049115479649647,-1.414818558425356,1.726774095164437,-0.0004704120345415893,0.0008815128595897879,1.4326042779528012e-12,1.3176051421751372e-13,0,0.5999998236553689,3.5268926223963604e-07,44.10796177973902,6.283183460502923,0.5303636070473481,0.07292804953031284
7.54,-0.0003485770085423217,0.0004217497593584782,-1.436761222580859,1.7048314310089339,-0.00045792430380863,0.0008848006733438234,1.4353067486586226e-12,1.3965657481460148e-13,0,0.5999998305699408,3.388601184095563e-07,44.233625449678,6.283183532912151,0.5317933819091535,0.07006849980670204
7.5600000000000005,-0.00034876154446780765,0.0004231010431088169,-1.4581077261927666,1.6834849273970267,-0.000444284946771302,0.0008874033295562746,1.438212395494393e-12,1.5190519888284085e-13,0,0.5999998372133885,3.255732230478259e-07,44.35928912103658,6.283183602482173,0.5331670944967415,0.06732107463152603
7.58,-0.0003489303717407049,0.0004245802011725457,-1.478569836321366,1.663022817268427,-0.00042974592412985607,0.0008892216242215338,1.4414006657110197e-12,1.6768228981862902e-13,0,0.5999998435963428,3.128073142733001e-07,44.484952793759106,6.283183669324314,0.5344869430433267,0.06468137753835568
7.6000000000000005,-0.0003490778430220717,0.00042621307495299893,-1.497872151222577,1.6437205023672163,-0.00041457402789064484,0.0008902019992558688,1.44493218633984e-12,1.631243880192182e-13,0,0.599999849729018,3.005419639823259e-07,44.610616467792084,6.283183733545537,0.5357550395881663,-0.7798133768870534
7.62,-0.0003491767060712297,0.00042789711343607986,-1.5156581539111427,1.6259344996786504,-0.00040032354321206887,0.0008902711578846143,1.4483588153087673e-12,1.7989768588837062e-13,0,0.5999998556212275,2.8875754498614015e-07,44.73628014308414,6.283183795248611,0.5204665796560353,-0.7492364570227914
7.640000000000001,-0.00034925055699647645,0.00042974280893791225,-1.5317228610591027,1.6098697925306906,-0.00038592401057993146,0.0008897735637228002,1.452132156649193e-12,1.9748540325595346e-13,0,0.5999998612824001,2.7743519970258035e-07,44.861943819585896,6.283183854532273,0.5057775888123404,-0.7198584753354016
7.66,-0.0003492967228099891,0.00043174662550209825,-1.5458367476940258,1.5957559058957678,-0.00037161773350803185,0.0008887853811315918,1.4562562119409535e-12,2.1467560392680977e-13,0,0.599999866721595,2.6655680995801845e-07,44.98760749724993,6.283183911491388,0.49166456153791305,-0.691632420786547
7.68,-0.00034931567437180465,0.0004338951204330466,-1.5577959138113837,1.5837967397784096,-0.00035763029434292466,0.0008874172819356279,1.4607115834276148e-12,2.303560385823065e-13,0,0.599999871947516,2.5610496789951753e-07,45.113271176030665,6.283183966217106,0.47810491397817456,-0.66451312566707
7.7,-0.00034931161837677713,0.0004361665810882048,-1.5674249238845381,1.5741677297052554,-0.0003441675483474772,0.0008858084147569517,1.465458049138384e-12,2.4356748030035415e-13,0,0.5999998769685257,2.4606294846130083e-07,45.23893485588431,6.283184018796997,0.46507694780415026,-0.6384571933190214
7.72,-0.0003492924170535866,0.0004385328393030567,-1.5745789610857546,1.5670136925040383,-0.00033141510076946986,0.0008841188660801575,1.4704380168277155e-12,2.5353888882451146e-13,0,0.5999998817926588,2.3641468227530993e-07,45.3645985367688,6.2831840693152,0.45255981549051405,-0.613422928691749
7.74,-0.0003492688996187323,0.0004409610495018266,-1.5791455052235703,1.562447148366223,-0.0003195399758931578,0.0008825210768736624,1.475580524890882e-12,2.5970814671346537e-13,0,0.599999886427635,2.2714472991403056e-07,45.490262218643714,6.2831841178525565,0.4405334869551001,-0.589370271620921
7.76,-0.0003492536896517597,0.0004434153316231552,-1.5810458316451739,1.5605468219446195,-0.0003086938779440319,0.0008811906083024776,1.480805552457744e-12,2.6173359783630004e-13,0,0.5999998908808711,2.1823825768763072e-07,45.61592590147021,6.283184164486736,0.42897871750649813,-0.5662607327237171
7.78,-0.00034925970310572277,0.00044585829300716794,-1.5802366405844153,1.561356013005378,-0.00029901722326622777,0.000880296570936506,1.4860285072550449e-12,2.5950136998010465e-13,0,0.5999998951594934,2.0968101321905408e-07,45.74158958521099,6.283184209292363,0.41787701704844143,-0.5440573318076037
7.8,-0.0003492984874293131,0.0004482525285243733,-1.5767120497492675,1.5648806038405256,-0.00029064301435644565,0.0008799919884499385,1.4911648448317013e-12,2.3926297257450236e-13,0,0.5999998992703485,2.014593030175149e-07,45.867253269830194,6.283184252341137,0.4072106204917081,-0.8380841328008999
7.82,-0.0003493699576844603,0.00045049731738723656,-1.5704167713799397,1.5711758822098538,-0.00028413270898085583,0.0008807115774791238,1.4958662293956075e-12,2.3003361114880784e-13,0,0.5999999032200146,1.935599707181268e-07,45.99291695529338,6.283184293701944,0.390779746049377,-0.8052223839162377
7.84,-0.0003494832061386792,0.000452630150214826,-1.5614982280278449,1.5800944255619482,-0.00027917266748800227,0.0008822611674729901,1.5003510028549357e-12,2.1778161948988939e-13,0,0.5999999070148121,1.859703757656206e-07,46.11858064156746,6.283184333440971,0.37499313540914747,-0.7736491626357787
7.86,-0.000349636765664419,0.00045462514761927266,-1.5500860969518655,1.5915065566379276,-0.0002758881232063404,0.0008846758762789608,1.504566474375837e-12,2.0333852868691608e-13,0,0.5999999106608135,1.7867837298624067e-07,46.24424432862064,6.283184371621808,0.35982552662600525,-0.7433139450694942
7.88,-0.00034982396454474,0.0004564644253055298,-1.5363579606131808,1.6052346929766124,-0.00027439384698129397,0.0008879427473593732,1.5084787123136048e-12,1.8773870652204236e-13,0,0.5999999141638531,1.7167229371395365e-07,46.36990801642236,6.283184408305553,0.3452526482899682,-0.7141681883974201
7.9,-0.00035003358542427685,0.00045814031255370693,-1.5205393470870796,1.6210533065027137,-0.0002747871018772188,0.0008919979514416762,1.5120761393204086e-12,1.721669456188156e-13,0,0.5999999175295366,1.6494092669461224e-07,46.49557170494327,6.283184443550908,0.3312511806866521,-0.6861652531907879
7.92,-0.0003502514244806453,0.0004596571068541386,-1.5029019218911444,1.6386907316986488,-0.00027713892530743496,0.0008967274352608768,1.5153718257999758e-12,1.578807150147627e-13,0,0.5999999207632497,1.5847350054443154e-07,46.621235394155185,6.283184477414273,0.31779871848075264,-0.659260328778989
7.94,-0.00035046262765144363,0.00046103192465845954,-1.4837594585009826,1.657833195088811,-0.0002814847991250431,0.0009019714835115779,1.5184039900268467e-12,1.4611012588244068e-13,0,0.5999999238701671,1.52259665764376e-07,46.74689908403099,6.2831845099498365,0.3048737348627287,-0.6334103615429411
7.96,-0.00035065447718522644,0.00046229425807809907,-1.4634614666318404,1.6781311869579527,-0.000287816013426197,0.0009075332599119779,1.5212343374384654e-12,1.3794499745864897e-13,0,0.5999999268552605,1.4628947897499245e-07,46.87256277454467,6.283184541209661,0.29245554710131444,-0.6085739860201126
7.98,-0.0003508191298336715,0.0004634840290244539,-1.4423846576412676,1.6992079959485258,-0.0002960730780528607,0.0009131908992354649,1.52394411836358e-12,1.3422383733708768e-13,0,0.5999999297233067,1.405533864851094e-07,46.9982264656712,6.283184571243772,0.280524283446737,-0.5847114587109578
8.0,-0.0003509557349686219,0.0004646482185801748,-1.420922719876743,1.72066993371305,-0.0003061423554322764,0.0009187122271986879,1.526628115034972e-12,1.3446396765653648e-13,0,0.5999999324788953,1.3504220941484846e-07,47.12389015738657,6.283184600100228,0.26906085133167706,0.06137272500925961
8.02,-0.0003511241960357789,0.00046581714559827133,-1.3994675076232976,1.7421251459664955,-0.00031689415219543504,0.0009233838092450528,1.5293267568415725e-12,1.3674381041113728e-13,0,0.5999999351264357,1.297471285965912e-07,47.24955384966767,6.2831846278252055,0.27026408081585873,0.058966266040896276
8.040000000000001,-0.00035127702875982893,0.0004670383018597759,-1.3784103241479004,1.763182329441893,-0.0003290834011089254,0.0009276475679760314,1.5321239537257527e-12,1.4421495167033835e-13,0,0.5999999376701646,1.2465967080821372e-07,47.37521754249233,6.283184654463072,0.2714201309971372,0.05665416567833936
8.06,-0.0003514323650869504,0.0004683562742399109,-1.3581396537322274,1.7834529998575661,-0.00034246668432086824,0.000931345847744772,1.535118350863295e-12,1.562638233259266e-13,0,0.5999999401141524,1.1977169522836562e-07,47.50088123583923,6.283184680056452,0.27253085180243963,0.05443272406773447
8.08,-0.00035161246024875703,0.0004698060110652442,-1.3390219689226968,1.8025706846670966,-0.0003567723783938982,0.0009343604891493371,1.5383927060661212e-12,1.7193771517511297e-13,0,0.59999994246231,1.1507537989174921e-07,47.626544929687896,6.283184704646302,0.273598020622021,0.052298386428571764
8.1,-0.0003518403893721198,0.00047141046286879154,-1.3213924611354482,1.8202001924543447,-0.0003717128368463954,0.00093662048835942,1.5420080780796925e-12,1.9004799703728375e-13,0,0.5999999447183951,1.1056320969871081e-07,47.75220862401866,6.28318472827197,0.2746233451536674,0.05024773736527899
8.120000000000001,-0.00035213669347075724,0.0004731798254591625,-1.305547968049852,1.8360446855399406,-0.00038699699209738246,0.0009381057365232209,1.5460002758641459e-12,2.0928820772280913e-13,0,0.5999999468860179,1.0622796420278746e-07,47.8778723188126,6.283184750971262,0.27560846613537704,0.04827749540185966
8.14,-0.0003525165446787078,0.0004751122250227963,-1.291742361355631,1.8498502922341622,-0.00040234199373992343,0.0009388468232038071,1.5503786772413464e-12,2.283486363932021e-13,0,0.599999948968647,1.020627060643875e-07,48.00353601405157,6.283184772780503,0.2765549599708911,0.04638450773083158
8.16,-0.00035298781914703305,0.0004771954460033564,-1.2801843483036393,1.8614083052861536,-0.0004174827127906766,0.0009389213010008026,1.5551271883394353e-12,2.4601293358782163e-13,0,0.5999999509696149,9.806077017060488e-08,48.129199709718115,6.28318479373459,0.2774643412522757,0.04456574516806233
8.18,-0.00035355023564343955,0.0004794092022276699,-1.2710373680693028,1.8705552855204903,-0.00043217831788790835,0.0009384470989895721,1.5602068860373388e-12,2.6122864464579396e-13,0,0.5999999528921238,9.421575231094437e-08,48.254863405795476,6.283184813867056,0.2783380651835929,0.042818297305427966
8.2,-0.00035419551115027805,0.00048172748621411855,-1.264421066450061,1.877171587139732,-0.00044621559178425866,0.0009375739067017283,1.5655597923915387e-12,2.449184046858137e-13,0,0.59999995473925,9.052149985144808e-08,48.380527102267536,6.283184833210117,0.2791775299095371,0.6671459815602679
8.22,-0.0003548782258264989,0.0004839928137411675,-1.2603326691304317,1.8812599844593612,-0.00045852172046199045,0.0009367400143638054,1.570553668690595e-12,2.5352138834503695e-13,0,0.5999999565139494,8.697210107655451e-08,48.506190799118826,6.283184851794726,0.2922571139616631,0.6409868134560159
8.24,-0.0003556048531892615,0.00048630632654344977,-1.258960539680094,1.8826321139096986,-0.0004698802400602918,0.0009359906877597049,1.5756806603184975e-12,2.5814231965418936e-13,0,0.5999999582190618,8.356187630731426e-08,48.63185449633447,6.283184869650621,0.3048238401874509,0.6158533610044403
8.26,-0.0003563538736166446,0.0004886360546825503,-1.2603074449792195,1.8812852086105734,-0.0004801439366080106,0.0009354851608593868,1.5808582362186086e-12,2.58553215458535e-13,0,0.5999999598573158,8.028536835347211e-08,48.75751819390018,6.283184886806377,0.31689781802990635,0.5917054053195294
8.28,-0.0003571021185653966,0.0004909500295621141,-1.2643376774563428,1.8772549761334503,-0.0004891794040606996,0.0009353720261899623,1.5860017269323623e-12,2.5476618293491965e-13,0,0.5999999614313329,7.713733407577195e-08,48.88318189180224,6.283184903289446,0.3284983684294967,0.5685043045203487
8.3,-0.0003578268156802117,0.0004932172548544663,-1.270979207241292,1.870613446348501,-0.000496863024070542,0.0009357799604958689,1.591029042515241e-12,2.4702484720679375e-13,0,0.599999962943632,7.411273594826184e-08,49.00884559002745,6.283184919126206,0.3396440547417774,0.5462129318957873
8.32,-0.00035850753301428623,0.0004954087038978568,-1.2801254294874893,1.861467224102304,-0.0005030781331594543,0.0009368091798813165,1.5958652120700757e-12,2.35794923557657e-13,0,0.599999964396633,7.120673406468825e-08,49.134509288563144,6.283184934341996,0.35035271244272126,0.5247956164938996
8.34,-0.0003591278846901007,0.0004974985012303275,-1.2916366445557521,1.8499560090340408,-0.0005077140599817989,0.0009385240109518068,1.600446713719074e-12,2.217518256460098e-13,0,0.5999999657926609,6.841467814489022e-08,49.26017298739715,6.283184948961168,0.36064147766928534,0.5042180860407715
8.36,-0.000359676849530382,0.0004994653683165009,-1.3053415217721793,1.8362511318176136,-0.0005106674451409754,0.0009409470588504674,1.6047254963064655e-12,2.057609707538332e-13,0,0.5999999671339499,6.573210020732745e-08,49.38583668651777,6.283184963007113,0.37052681464088577,0.4844474120975706
8.38,-0.0003601495453995912,0.0005012943009683516,-1.3210388283224617,1.8205538252673312,-0.0005118459245928706,0.0009440555221042952,1.6086724954400605e-12,1.8884566482541884e-13,0,0.5999999684226461,6.315470768569753e-08,49.51150038591376,6.283184976502309,0.3800245420056615,0.46545195736801914
8.4,-0.0003605473176418809,0.0005029783175319193,-1.3384996606857653,1.8030929929040278,-0.0005111738940803891,0.0009477801971619288,1.6122803492378618e-12,1.8033631379786005e-13,0,0.5999999696608119,6.067837610146398e-08,49.637164085574334,6.28318498946835,0.38914985815368597,0.15088694812915304
8.42,-0.00036087622896309695,0.0005045571203072762,-1.3574751670125018,1.7841174865772915,-0.0005089952891694453,0.0009517275947509098,1.6157116651995792e-12,1.6328130332570205e-13,0,0.5999999708504286,5.829914284660731e-08,49.76282778548911,6.283185001925986,0.39210803908405517,0.14497058626841464
8.44,-0.00036114423116581895,0.0005059988639863056,-1.377673806785133,1.7639188468046605,-0.0005048991981024429,0.0009560557515446346,1.6188241922413257e-12,1.4873657641501222e-13,0,0.5999999719933996,5.601320074433147e-08,49.88849148564812,6.283185013895151,0.39495022808105573,0.13928620827441351
8.46,-0.000361365414254463,0.0005073269258379048,-1.3988073141971067,1.742785339392686,-0.0004989053946489405,0.0009605963458763237,1.6216789268310432e-12,1.3773779872313052e-13,0,0.5999999730915541,5.381689183181493e-08,50.01415518604178,6.283185025394999,0.39768097325344876,0.13382471792962747
8.48,-0.00036155391613758363,0.0005085745089953684,-1.4205731194311604,1.721019534158633,-0.0004910759796663397,0.0009651602477467126,1.624355613422302e-12,1.3110206763171113e-13,0,0.5999999741466493,5.1706701365006325e-08,50.13981888666091,6.28318503644393,0.4003046443761002,0.1285773756843246
8.5,-0.0003617216098760514,0.000509782459082182,-1.4426591627510896,1.6989334908387033,-0.0004815183646339748,0.0009695501053963635,1.6269475338034603e-12,1.2934901412560497e-13,0,0.5999999751603736,4.9679252711598565e-08,50.265482587496656,6.283185047059627,0.4028254398825526,0.12353578467141979
8.52,-0.00036187629703209474,0.0005109960255216,-1.4647490167776844,1.6768436368121087,-0.000470385146089502,0.0009735738110345615,1.629554950586389e-12,1.3264797650291128e-13,0,0.5999999761343493,4.7731301355824485e-08,50.391146288540526,6.283185057259076,0.4052473935834147,0.11869187726969554
8.540000000000001,-0.00036202075203309027,0.0005122609647622224,-1.4865271223290877,1.6550655312607052,-0.00045787062250613505,0.0009770577238238257,1.63227782988594e-12,1.4080036371303096e-13,0,0.5999999770701349,4.5859730235520146e-08,50.516809989784356,6.2831850670586,0.40757438112131894,0.1140379021938871
8.56,-0.0003621527889093653,0.0005136195328160131,-1.5076839407301907,1.6339087128596024,-0.0004442041507637019,0.00097985855195469,1.6352085953966509e-12,1.5326036088610515e-13,0,0.5999999779692278,4.406154441305432e-08,50.64247369122031,6.283185076473878,0.40981012617277635,0.10956641209097229
8.58,-0.000362266302941688,0.0005151069380633027,-1.527920834203224,1.6136718193865693,-0.0004296409559378445,0.0009818729505038822,1.6384256604746259e-12,1.6919027842227116e-13,0,0.5999999788330667,4.233386663443639e-08,50.76813739284085,6.283185085519978,0.4119582064068537,0.10527025162281756
8.6,-0.00036235303779468095,0.000516748715547916,-1.5469545044141866,1.5946381491756068,-0.00041445133456006035,0.0009830441495367768,1.6419883475671972e-12,1.645835289919526e-13,0,0.599999979663034,4.067393200024583e-08,50.89380109463874,6.283185094211376,0.41402205921020707,-0.7326768288975734
8.620000000000001,-0.00036238493364329266,0.0005184407895666528,-1.5644548982267465,1.5771377553630463,-0.00040018105690707974,0.0009832820813032298,1.6454452295875066e-12,1.8144673771917427e-13,0,0.5999999804604578,3.907908441291852e-08,51.01946479660703,6.283185102561979,0.39965772451962145,-0.7039481595164021
8.64,-0.00036238436338816596,0.0005202945440532024,-1.580187615879523,1.5614050377102702,-0.0003857729521963653,0.0009829439977134995,1.6492499176079544e-12,1.9905216879384457e-13,0,0.5999999812266141,3.754677169176546e-08,51.14512849873904,6.28318511058515,0.38585662344845745,-0.6763459573740741
8.66,-0.0003623476246127839,0.000522305924977598,-1.593923498661828,1.5476691549279646,-0.0003714715784752646,0.0009821052294683302,1.6534049116603489e-12,2.1618341108134018e-13,0,0.5999999819627291,3.6074541798214455e-08,51.27079220102834,6.283185118293728,0.37259667129060925,-0.6498260530583777
8.68,-0.0003622748322623635,0.0005244610420600913,-1.6054621109713159,1.5361305426184773,-0.0003575040936079628,0.0009808761108602326,1.657889277461102e-12,2.3172943940189855e-13,0,0.5999999826699806,3.4660038839007257e-08,51.39645590346878,6.283185125700049,0.35985664929368366,-0.6243460090645265
8.700000000000001,-0.00036217046525999116,0.0005267379056946856,-1.6146342405348613,1.526958413054932,-0.00034407716593532676,0.000979395669373868,1.662661342897652e-12,2.4473844183365515e-13,0,0.5999999833495003,3.330099929144126e-08,51.52211960605441,6.283185132815964,0.34761617070446926,-0.5998650518860977
8.72,-0.000362043201666506,0.0005291083034380733,-1.6213035954282289,1.5202890581615645,-0.0003313764343122572,0.0009778238172748024,1.6676622735709604e-12,2.5445255226941585e-13,0,0.5999999840023758,3.199524845065582e-08,51.64778330877955,6.2831851396528595,0.33585564814578195,-0.5763440067687231
8.74,-0.00036190512818720834,0.0005315395976062829,-1.6253679538670978,1.5162246997226951,-0.0003195682040495196,0.0009763325401375878,1.6728201788520475e-12,2.6032743267844403e-13,0,0.5999999846296515,3.0740696876918605e-08,51.77344701163874,6.283185146221676,0.3245562622724825,-0.5537452350221242
8.76,-0.0003617704655148808,0.0005339963483444526,-1.626760097397424,1.5148325561923688,-0.000308802755723299,0.0009750964979408423,1.678054498656541e-12,2.6204217621074236e-13,0,0.5999999852323316,2.9535336842911875e-08,51.8991107146267,6.283185152532926,0.31369993165650945,-0.5320325737901781
8.78,-0.0003616539744105996,0.0005364417840249978,-1.625448851555794,1.5161438020339988,-0.0002992184298656767,0.0009742833677067944,1.6832805319862414e-12,2.5950470184470596e-13,0,0.5999999858113801,2.8377239669197252e-08,52.0247744177384,6.283185158596709,0.3032692838527365,-0.5111712781826322
8.8,-0.00036156921565167285,0.0005388392271527637,-1.6214404645849017,1.5201521890048912,-0.00029094555236934343,0.0009740442078708287,1.6884140562447168e-12,2.3980853336929057e-13,0,0.5999999863677239,2.7264552171502032e-08,52.150438120968985,6.283185164422726,0.2932476275993541,-0.7890718063587294
8.82,-0.00036152227452972206,0.000541092384656756,-1.614712770125097,1.5268798834646962,-0.00028451371284697634,0.0009747889200137578,1.6931236953428325e-12,2.3032201960654833e-13,0,0.5999999869022531,2.6195493774139322e-08,52.27610182431379,6.283185170020302,0.2777776535611465,-0.7581318582823142
8.84,-0.0003615205071263919,0.0005432353495805136,-1.6054018517172182,1.536190801872575,-0.00027963359077520864,0.0009763421720416702,1.6976119441534113e-12,2.1785113307005498e-13,0,0.599999987415823,2.516835384547278e-08,52.40176552776833,6.283185175398395,0.262914265881276,-0.7284050829225732
8.86,-0.00036156449563605497,0.0005452426289570657,-1.593644727271882,1.547947926317911,-0.0002764261748732771,0.0009787373520687356,1.7018269330003851e-12,2.0323106192564862e-13,0,0.5999999879092557,2.4181488589292144e-08,52.52742923132832,6.28318518056561,0.24863367996842967,-0.6998439110968806
8.88,-0.0003616494485555045,0.0005470964638651144,-1.579623480437606,1.5619691731521872,-0.00027500192327429673,0.0009819601578412124,1.7057355450570607e-12,1.8749178497537347e-13,0,0.5999999883833406,2.323331882436719e-08,52.65309293498961,6.283185185530215,0.23491304383845946,-0.6724026388369402
8.9,-0.0003617657338791382,0.000548788982942313,-1.5635647806695836,1.5780278729202095,-0.0002754539855614086,0.0009859460961308443,1.7093268498663303e-12,1.718059396601612e-13,0,0.5999999888388363,2.232232731991246e-08,52.77875663874823,6.283185190300155,0.22173040154633228,-0.6460373542526858
8.92,-0.00036190029409188633,0.0005503239320858492,-1.545737764586343,1.5958548890034496,-0.00027784979500206016,0.0009905813757526733,1.7126142553531409e-12,1.5741285709305844e-13,0,0.5999999892764718,2.1447056353096627e-08,52.90442034260037,6.283185194883063,0.20906465805193375,-0.6207058672638888
8.94,-0.00036203883549254176,0.0005517175569807565,-1.5264499894275247,1.6151426641622688,-0.0002822220592828758,0.000995707609303094,1.7156359177532888e-12,1.4552181701676398e-13,0,0.5999999896969473,2.0606105266551822e-08,53.030084046542356,6.283185199286272,0.1968955454635034,-0.5963676420870281
8.96,-0.00036216849223239705,0.0005529982578708914,-1.5060413921215372,1.6355512614682564,-0.0002885604093103802,0.0010011303525378457,1.7184530687750371e-12,1.372034580987737e-13,0,0.5999999901009359,1.9798128247927593e-08,53.15574775057067,6.28318520351683,0.18520359060468394,-0.5729837323693892
8.98,-0.0003622804998663586,0.0005542048032132962,-1.4848764377161843,1.656716215873609,-0.0002968050092508786,0.0010066310419016185,1.721146152423276e-12,1.3328327397671822e-13,0,0.5999999904890837,1.9021832553534068e-08,53.28141145468192,6.2831852075815045,0.1739700838532845,-0.5505167188665903
9.0,-0.000362372336652307,0.0005553831565366423,-1.463334874606966,1.678257778982827,-0.000306843258622696,0.0010119814273257502,1.723808974887582e-12,1.334289239128757e-13,0,0.5999999908620121,1.827597584380669e-08,53.407075158872864,6.283185211486801,0.16317704920189358,0.1034917103479347
9.02,-0.00036249845791183085,0.0005565657307663845,-1.4417969476216825,1.6997957059681106,-0.0003175430895223439,0.0010164754193865526,1.7264840236654507e-12,1.3540937007321833e-13,0,0.5999999912203177,1.755936462899399e-08,53.532738863140374,6.2831852152389684,0.16520603320480748,0.09943374234210689
9.040000000000001,-0.0003626129751762128,0.0005577967823643215,-1.4206424145270693,1.7209502390627236,-0.00032966648002877687,0.001020556858331106,1.729251272792233e-12,1.4254912336283057e-13,0,0.599999991564574,1.6870852048711527e-08,53.658402567481446,6.283185218844012,0.16715545960701617,0.09553488953768952
9.06,-0.0003627310921340349,0.0005591210543605591,-1.4002467666809078,1.741345886908885,-0.00034297403126523407,0.0010240720271065267,1.7322089384462291e-12,1.5425776001982855e-13,0,0.5999999918953317,1.620933653967427e-08,53.784066271893195,6.283185222307699,0.169028447906663,0.09178891293839586
9.08,-0.00036287225787064,0.0005605741943637746,-1.3809660613601993,1.7606265922295936,-0.00035719860789450457,0.0010269059426764589,1.7354398832109464e-12,1.6961158181343594e-13,0,0.5999999922131203,1.5573759393205933e-08,53.90972997637285,6.283185225635574,0.17082799528461953,0.08818981818248278
9.1,-0.0003630571308327333,0.0005621802809846728,-1.3631283555308968,1.7784642980588963,-0.00037205708416628496,0.0010289898980003782,1.7390058711731094e-12,1.8745169039677198e-13,0,0.5999999925184482,1.4963103645015963e-08,54.03539368091775,6.28318522883296,0.17255698140061443,0.08473184595049299
9.120000000000001,-0.00036330441262750346,0.000563950881172102,-1.34702697082971,1.7945656827600835,-0.00038726256169194174,0.001030305230244576,1.7429439804687127e-12,2.064971681412196e-13,0,0.599999992811804,1.4376391854753479e-08,54.16105738552533,6.283185231904975,0.17421817300130332,0.0814094627491152
9.14,-0.0003636281009202636,0.0005658855217444548,-1.3329158579449962,1.8086767956447964,-0.00040253572572858485,0.0010308832755961204,1.7472652975720433e-12,2.2545600713595469e-13,0,0.5999999930936573,1.3812685439873462e-08,54.28672109019315,6.283185234856535,0.17581422834765376,0.07821735205641434
9.16,-0.0003640355547617247,0.000567973219781519,-1.3210070722121783,1.8205855813776148,-0.0004176141919877895,0.0010308018648179469,1.7519556966064858e-12,2.4311985948632344e-13,0,0.5999999933644589,1.3271082233146103e-08,54.41238479491882,6.283185237692362,0.17734770146872986,0.07515040581426213
9.18,-0.00036452655473690366,0.000570194604690654,-1.3114701332277872,1.8301225203620062,-0.0004322590438157134,0.001030178998034851,1.7569782829546244e-12,2.5843450126000465e-13,0,0.5999999936246422,1.2750715594478379e-08,54.538048499700096,6.283185240416995,0.17882104624868372,0.0722037162543544
9.200000000000001,-0.00036509334227252893,0.0005725241819707821,-1.3044328525916007,1.837159800998192,-0.0004462582003638551,0.001029164476985986,1.7622769826746152e-12,2.421619073751854e-13,0,0.5999999938746235,1.2250752856601821e-08,54.66371220453479,6.283185243034794,0.18023662035349364,0.7049806561061962
9.22,-0.00036569521570630295,0.000574802214638122,-1.299930551105257,1.8416621024845359,-0.0004585255620046817,0.0010282108617670443,1.7672173307346924e-12,2.5094244204111684e-13,0,0.599999994114803,1.1770393992804884e-08,54.789375909420805,6.283185245549947,0.1940579638098372,0.6773379691935091
9.24,-0.0003663361057559731,0.0005771314363951822,-1.2981324236468126,1.8434602299429805,-0.0004698577465250219,0.0010273521162665596,1.7722949944990298e-12,2.558011362951172e-13,0,0.5999999943455648,1.1308870284665318e-08,54.91503961435613,6.28318524796648,0.20733736463758917,0.6507791675380051
9.26,-0.00036699573756088645,0.0005794793521765968,-1.2990517655022515,1.8425408880875418,-0.00048010689521042104,0.0010267483664372049,1.7774284541261136e-12,2.5649043509112303e-13,0,0.5999999945672784,1.0865443211827142e-08,55.04070331933883,6.283185250288259,0.22009607271116388,0.6252617513908557
9.28,-0.0003676522986434614,0.0005818132163103493,-1.3026631216533264,1.8389295319364667,-0.0004891385554537314,0.001026549513254546,1.7825336544616139e-12,2.5300283322497813e-13,0,0.5999999947802984,1.0439403119733015e-08,55.166367024367055,6.283185252519,0.23235450468548197,0.6007448874422195
9.3,-0.0003682844397218829,0.0005841010981432088,-1.308903926408284,1.8326887271815089,-0.0004968277380502372,0.0010268859056636204,1.7875287414345242e-12,2.4556413219523654e-13,0,0.5999999949849658,1.0030068331445818e-08,55.29203072943901,6.283185254662272,0.2441322766669739,0.5771893434792357
9.32,-0.0003688731871602869,0.0005863129790097659,-1.3176758002311004,1.8239168533586927,-0.0005030561430662895,0.001027859678658554,1.7923386526265889e-12,2.346254357008183e-13,0,0.5999999951816081,9.636783815381023e-09,55.417694434552985,6.283185256721506,0.2554482356035355,0.5545574256061124
9.34,-0.0003694036172071002,0.0005884220328962905,-1.3288456335641514,1.8127470200256415,-0.0005077112483420658,0.0010295371535628186,1.7968995225869658e-12,2.2085175810181093e-13,0,0.5999999953705399,9.258920075083665e-09,55.54335813970733,6.283185258699996,0.26632048944366526,0.532812917925853
9.36,-0.0003698661321096129,0.0005904061660860565,-1.34224671142625,1.7993459421635434,-0.0005106876869448527,0.0010319427967616507,1.8011627953320138e-12,2.0510285722232727e-13,0,0.5999999955520636,8.89587270513914e-09,55.66902184490046,6.283185260600908,0.2767664361130452,0.5119210245870931
9.38,-0.00037025717254353087,0.0005922497769227194,-1.3576801768618978,1.7839124767278953,-0.0005118910068722357,0.001035055308154763,1.8050988364099526e-12,1.8840109307233792e-13,0,0.5999999957264697,8.54706061481636e-09,55.794685550130865,6.283185262427285,0.2868027913549338,0.49184831410331586
9.4,-0.0003705792218695798,0.0005939455658755819,-1.3749170973908535,1.7666755561989396,-0.0005112435378275395,0.0010388064092940095,1.8086997380414026e-12,1.7969061098674303e-13,0,0.5999999958940372,8.211925583978541e-09,55.92034925539708,6.283185264182047,0.29644561547892145,0.19062568665832913
9.42,-0.00037083658328570374,0.0005955319786132286,-1.3936993133096793,1.7478933402801138,-0.0005090701620784733,0.0010428113228931287,1.8121207328415021e-12,1.628895168578758e-13,0,0.5999999960550343,7.88993137490479e-09,56.04601296069769,6.2831852658680045,0.30018288552184474,0.18315114657248255
9.44,-0.00037104062333584453,0.0005969788717656676,-1.4137398331830442,1.7278528204067491,-0.000504975528834971,0.0010472177662675607,1.815227821075157e-12,1.4858097368424094e-13,0,0.5999999962097186,7.580562844111682e-09,56.17167666603135,6.2831852674878546,0.3037736151103458,0.17596968739548047
9.46,-0.0003712054245480171,0.0005983101739895453,-1.4347433745305354,1.7068492790592575,-0.0004989780508355896,0.0010518552267785029,1.8180817167362824e-12,1.3780750892082372e-13,0,0.5999999963583376,7.2833248321302335e-09,56.29734037139678,6.28318526904419,0.3072235501778294,0.1690698172605133
9.48,-0.00037134456431679996,0.0005995598063518368,-1.45639877310333,1.6851938804864632,-0.0004911391318255918,0.0010565316695550183,1.8207620004399332e-12,1.3139081443277563e-13,0,0.5999999965011292,6.99774149737209e-09,56.423004076792715,6.283185270539501,0.31053821135642884,0.16244049490331436
9.5,-0.00037146880096847494,0.0006007693759088244,-1.4783843479736034,1.6632083056161893,-0.0004815662409740233,0.0010610463187326405,1.823361848470543e-12,1.29851503383655e-13,0,0.5999999966383219,6.72335609408492e-09,56.54866778221797,6.283185271976179,0.3137229028111954,0.1560711119937812
9.52,-0.0003715843334290425,0.0006019848073242876,-1.5003736566575228,1.6412189969322704,-0.0004704128083689379,0.0010652033844923661,1.8259813956799518e-12,1.3335565003662542e-13,0,0.5999999967701352,6.459729640084788e-09,56.67433148767139,6.2831852733565245,0.3167827207278938,0.1499514761603844
9.540000000000001,-0.00037169197685584074,0.0006032523347078316,-1.522041391791722,1.6195512617980707,-0.0004578746822065697,0.0010688255754927323,1.828720373128044e-12,1.4169735244719115e-13,0,0.59999999689678,6.206440028577731e-09,56.79999519315187,6.283185274682746,0.31972256146798667,0.1440717946801987
9.56,-0.00037178740878990204,0.0006046144230803023,-1.5430691645702883,1.598523489019505,-0.00044418334713725103,0.0010717662541970077,1.831670789330654e-12,1.543204291095464e-13,0,0.599999997018459,5.963082028159761e-09,56.925658898658355,6.283185275956966,0.32254712940385766,0.13842265880845672
9.58,-0.0003718624109372509,0.0006061062036198728,-1.5631509327983781,1.5784417207914148,-0.00042959653400570605,0.0010739192506248013,1.834910415977423e-12,1.7037535973625099e-13,0,0.5999999971353669,5.729266172593839e-09,57.05132260418982,6.283185277181222,0.32526094444681075,0.13299502872255053
9.6,-0.00037190682598621164,0.0006077528849872992,-1.581997860843657,1.559594792746136,-0.0004143871891107052,0.0010752256194047388,1.838497696692644e-12,1.6572516405615574e-13,0,0.5999999972476907,5.504618538765271e-09,57.17698630974529,6.283185278357475,0.3278683492798928,-0.7005428347548278
9.620000000000001,-0.00037189198351242266,0.0006094490129339022,-1.5992987960379645,1.5422938575518286,-0.00040009633763818457,0.0010755838375194056,1.841978320311247e-12,1.8266701485423916e-13,0,0.5999999973556103,5.28877941441408e-09,57.30265001532381,6.283185279487607,0.3141340105556137,-0.6730741573062696
9.64,-0.00037183934714210445,0.0006113067462947334,-1.6147984219726688,1.5267942316171244,-0.0003856750913297365,0.0010753598917574664,1.84580781456764e-12,2.0029866718652166e-13,0,0.5999999974592983,5.081403298135001e-09,57.42831372092449,6.283185280573425,0.30093820295558554,-0.6466825421062133
9.66,-0.00037174447145700177,0.0006133215608787992,-1.6282680460597454,1.5133246075300475,-0.00037136970702253045,0.001074628554430785,1.849987577014329e-12,2.1739936424855515e-13,0,0.5999999975589206,4.882158677332882e-09,57.55397742654646,6.283185281616668,0.28825981037239257,-0.6213257569398274
9.68,-0.0003716072178089704,0.0006154791695059922,-1.6395099267373778,1.5020827268524153,-0.0003574085330307021,0.0010734999291361351,1.8544955284987184e-12,2.328583466021906e-13,0,0.5999999976546367,4.690726473910445e-09,57.679641132188884,6.283185282619005,0.2760785446730336,-0.5969632255411095
9.700000000000001,-0.0003714322616354566,0.0006177573355800972,-1.6483595004222655,1.4932331531675276,-0.00034399887001350604,0.001072112942252961,1.859288906241274e-12,2.457289218111402e-13,0,0.5999999977465997,4.5068004883574986e-09,57.80530483785096,6.283185283582039,0.2643749132335811,-0.5735559626622044
9.72,-0.00037122886136420943,0.0006201277948893847,-1.6546867223827506,1.4869059312070423,-0.00033132643008366037,0.0010706273465813008,1.864307933371033e-12,2.55262733128983e-13,0,0.5999999978349568,4.330086289527912e-09,57.93096854353192,6.283185284507312,0.253130187746824,-0.5510665116886903
9.74,-0.0003710099914474661,0.0006225580650290378,-1.658396815012794,1.4831958385769992,-0.00031955706290827987,0.0010692147538263112,1.869480003995673e-12,2.6092836090992747e-13,0,0.5999999979198494,4.160301214639617e-09,58.056632249231015,6.283185285396305,0.24232637425298081,-0.5294588847010039
9.76,-0.0003707909937704977,0.0006250130504150264,-1.6594307804675976,1.4821618731221955,-0.00030884010826637184,0.0010680491263955249,1.8747241257776547e-12,2.624199320804521e-13,0,0.5999999980014132,3.9971734810961834e-09,58.18229595494754,6.28318528625044,0.2319461843455249,-0.508698504886092
9.78,-0.00037058791931245957,0.0006274564713278228,-1.65776601352036,1.4838266400694327,-0.00029931252576467,0.001067297066666055,1.879955476514588e-12,2.59661061464038e-13,0,0.599999998079779,3.8404419644422205e-09,58.30795966068081,6.283185287071083,0.2219730075060457,-0.48875215120713367
9.8,-0.00037041573437507125,0.000629852232196241,-1.6534172445060313,1.4881754090837616,-0.00029110286211295677,0.0010671081891135163,1.8850900215396115e-12,2.4032746947891217e-13,0,0.599999998155072,3.6898559763187677e-09,58.43362336643017,6.283185287859548,0.21239088452387556,-0.7552654398922911
9.82,-0.00037028461856501265,0.0006321073500757583,-1.646384097355696,1.4952085562340969,-0.0002847189689675214,0.0010678751799246768,1.8898080616403147e-12,2.306488868858381e-13,0,0.5999999982274127,3.5451745983294813e-09,58.559287072194984,6.283185288617098,0.1975836937803535,-0.725651058405247
9.84,-0.0003702009484358676,0.0006342535155479222,-1.6367958284289406,1.5047968251608523,-0.0002798883210585677,0.001069435609446255,1.894301115114161e-12,2.180118138308365e-13,0,0.5999999982969169,3.4061662379514246e-09,58.684950777974656,6.283185289344943,0.1833571012904635,-0.697197873425467
9.86,-0.0003701667495271691,0.0006362655913290582,-1.6247944264305771,1.5167982271592155,-0.0002767290947659031,0.0010718216252348827,1.898517872115853e-12,2.0325432623565773e-13,0,0.5999999983636957,3.2726086285350675e-09,58.810614483768596,6.2831852900442495,0.16968834147105344,-0.6698603537866469
9.88,-0.0003701785592867288,0.0006381259858097595,-1.6105649554650605,1.531027698124733,-0.0002753488967753601,0.0010750179589808883,1.9024257792496893e-12,1.87403833070271e-13,0,0.5999999984278561,3.1442877190812624e-09,58.93627818957624,6.283185290716136,0.15655554139025463,-0.6435947536250493
9.9,-0.0003702278725361999,0.0006398267579211774,-1.5943347487726014,1.547257904817192,-0.0002758381595330088,0.0010789596298195073,1.90601436442175e-12,1.7162522155898605e-13,0,0.5999999984895008,3.0209983403750584e-09,59.06194189539706,6.2831852913616775,0.14393768576612437,-0.6183590423767887
9.92,-0.0003703024552877454,0.0006413713269450967,-1.5763711076056388,1.565221545984154,-0.00027826193362772664,0.0010835330037782735,1.909297295251394e-12,1.5714614551672532e-13,0,0.5999999985487283,2.9025433168072823e-09,59.18760560123054,6.283185291981907,0.13181458333771123,-0.5941128375199625
9.94,-0.0003703884305908765,0.0006427753751747953,-1.5569772667162936,1.5846153868734998,-0.0002826510855278429,0.001088580590801911,1.912312730347111e-12,1.4516248097152196e-13,0,0.5999999986056335,2.788733022285328e-09,59.313269307076176,6.283185292577816,0.12016683455473004,-0.5708173399540001
9.96,-0.0003704728556762042,0.0006440665690805983,-1.5364865910899905,1.6051060624998028,-0.00028899413158171074,0.001093909584019191,1.915121639330337e-12,1.3673257313343833e-13,0,0.5999999986603074,2.679385158188552e-09,59.4389330129335,6.28318529315036,0.10897580053414235,-0.5484352719128247
9.98,-0.00037054634824457746,0.000645282882041038,-1.51525518711803,1.626337466471763,-0.0002972309796218338,0.0010993036942383305,1.9178039915763037e-12,1.3267363474422377e-13,0,0.5999999987128375,2.5743249754128783e-09,59.56459671880204,6.283185293700454,0.09822357323396735,-0.5269308173124747
10.0,-0.00037060524069197024,0.0006464695569637259,-1.4936533084092565,1.6479393451805366,-0.0003072496815565438,0.0011045373897480561,1.9204530115377592e-12,1.3275610940391778e-13,0,0.5999999987633079,2.473384164147774e-09,59.69026042468138,6.2831852942289785,0.08789294679659393,0.13278617994937247
10.02,-0.0003706999658855708,0.0006476603068018286,-1.4720533573424401,1.6695392962473532,-0.00031791592503284047,0.0011089099934987454,1.9231126487253036e-12,1.345351005222988e-13,0,0.5999999988117993,2.376401297965458e-09,59.81592413057107,6.2831852947367794,0.09049625709091165,0.12757955936073703
10.040000000000001,-0.0003707860164997262,0.0006488972416054419,-1.4508272586903674,1.690765394899426,-0.0003299969531308844,0.0011128664014345914,1.9258602454715357e-12,1.414551818030268e-13,0,0.5999999988583894,2.2832211676870884e-09,59.94158783647072,6.283185295224668,0.09299749012852865,0.12257709328550304
10.06,-0.0003708765454893326,0.0006502251379674435,-1.4303415612470636,1.7112510923427298,-0.0003432560089296984,0.0011162556770074402,1.9287937870080493e-12,1.529406313706066e-13,0,0.5999999989031526,2.19369478138276e-09,60.06725154237993,6.2831852956934275,0.09540064841592993,0.11777077671070046
10.08,-0.0003709890143591264,0.0006516800460587975,-1.4109450747170555,1.7306475788727376,-0.0003574289370081261,0.0011189651046204126,1.931996246204815e-12,1.6808639783407218e-13,0,0.5999999989461606,2.1076786982376916e-09,60.192915248298334,6.283185296143806,0.09770957751907647,0.1131529185044074
10.1,-0.00037114234587591496,0.0006532867467064339,-1.3929607870116634,1.7486318665781297,-0.0003722356406180247,0.0011209276423470762,1.9355298853399906e-12,1.8575287774728056e-13,0,0.5999999989874822,2.0250354726414344e-09,60.318578954225565,6.283185296576525,0.09992797221713111,0.10871612910829812
10.120000000000001,-0.00037135389537309635,0.0006550576887260633,-1.3766793794976588,1.7649132740921338,-0.00038739203900272636,0.0011221257002314146,1.9394326483816594e-12,2.0467588898125232e-13,0,0.5999999990271836,1.945632766009453e-09,60.44424266016128,6.283185296992277,0.10205938241489351,0.10445330871277331
10.14,-0.0003716367741535909,0.0006569933180094915,-1.3623546065626722,1.7792380470271212,-0.0004026212258950367,0.001122591190839184,1.9437167770023626e-12,2.2357514090402123e-13,0,0.5999999990653283,1.8693433467831255e-09,60.569906366105144,6.283185297391727,0.1041072188234052,0.10035763589574992
10.16,-0.00037199791953966213,0.0006590834725615442,-1.3502005839544886,1.7913920696353047,-0.00041766269849899466,0.0011224021786762827,1.9483694731624322e-12,2.4124764931453835e-13,0,0.5999999991019773,1.796045312474348e-09,60.69557007205684,6.283185297775514,0.10607475841781486,0.09642255670693062
10.18,-0.00037243710877004564,0.0006613093990980119,-1.3403908143130647,1.8012018392767288,-0.0004322788555389955,0.0011216767341624258,1.953355211207193e-12,2.5663802839975713e-13,0,0.5999999991371893,1.7256214235317202e-09,60.82123377801606,6.283185298144253,0.10796514968123769,0.09264177418008496
10.200000000000001,-0.00037294692268847,0.0006636459530229051,-1.333058597582901,1.8085340560068923,-0.0004462583888561491,0.0011205647402807647,1.9586192024960602e-12,2.403831747790607e-13,0,0.5999999991710205,1.65795888129594e-09,60.94689748398251,6.283185298498533,0.1097814176430002,0.7313880815619827
10.22,-0.0003734901219593338,0.0006659318597159201,-1.3282664164645472,1.8133262371252457,-0.0004585054157789476,0.0011195289099985664,1.9635251103094394e-12,2.4928881117511264e-13,0,0.5999999992035253,1.5929493279998042e-09,61.072561189955906,6.283185298838922,0.12412048608067605,0.702709944686631
10.24,-0.00037406874206675654,0.0006682709246088281,-1.3261695104533189,1.8154231431364742,-0.0004698260099158278,0.0011185950770922575,1.968571270858998e-12,2.5431285682865776e-13,0,0.5999999992347556,1.5304888467682076e-09,61.19822489593598,6.2831852991659645,0.13789731160287744,0.6751562936422282
10.26,-0.00037466340208604037,0.0006706302979274783,-1.3267885440382754,1.8148041095515177,-0.00048007179192211544,0.0011179239865657486,1.973676836091447e-12,2.5519421256848585e-13,0,0.5999999992647612,1.4704775175289342e-09,61.32388860192246,6.2831852994801825,0.1511339400696527,0.6486830367086777
10.28,-0.00037525327656556297,0.000672976703658914,-1.3301053166330783,1.8114873369567146,-0.0004891074888205008,0.0011176664541493772,1.978758146552065e-12,2.5191166863541376e-13,0,0.5999999992935904,1.4128191949680513e-09,61.449552307915106,6.2831852997820805,0.1638515529105134,0.6232478110269563
10.3,-0.00037581806127859156,0.0006752775700715693,-1.3360640298442072,1.8055286237455856,-0.0004968070461111993,0.0011179540063426517,1.983733478408728e-12,2.4467848617524335e-13,0,0.5999999993212891,1.357421730574515e-09,61.57521601391367,6.283185300072141,0.17607050101924032,0.5988099148095024
10.32,-0.00037633985942909414,0.0006775021964432886,-1.3445722491141245,1.7970204044756688,-0.0005030508976717351,0.0011188901385137738,1.9885276687169765e-12,2.3393546894717703e-13,0,0.5999999993479017,1.3041965285509605e-09,61.700879719917914,6.283185300350828,0.1878103373196554,0.5753302422086722
10.34,-0.00037680483021199985,0.0006796231042211467,-1.3555016856734776,1.7860909679163157,-0.0005077250951370161,0.001120542595165677,1.9930765742827018e-12,2.2034037150100108e-13,0,0.5999999993734708,1.2530583237690962e-09,61.826543425927625,6.283185300618587,0.19908984805447127,0.5527712207390405
10.36,-0.00037720443178679687,0.0006816176441373714,-1.3686890565773615,1.7729035970124318,-0.000510722732545042,0.00112293717945197,1.997331250576423e-12,2.0474920122295597e-13,0,0.5999999993980374,1.203925181769705e-09,61.952207131942586,6.283185300875847,0.20992708284728767,0.5310967511534077
10.38,-0.00037753608709346627,0.0006834698155292523,-1.3839373348593071,1.7576553187304862,-0.0005119477678670579,0.0011260536787047006,2.0012616357027417e-12,1.8818413557183187e-13,0,0.5999999994216407,1.1567184987626433e-09,62.07787083796259,6.28318530112302,0.22033938358583977,0.5102721496763035
10.4,-0.00037780312577763696,0.0006851721213279708,-1.401017675756581,1.7405749778332122,-0.0005113209709108695,0.0011298244958737095,2.004859423920897e-12,1.7932304922630929e-13,0,0.5999999994443185,1.1113630016268417e-09,62.203534543987445,6.2831853013605015,0.23034341217271853,0.21842777980782568
10.42,-0.00037800874173054053,0.0006867620522694312,-1.4196656326500046,1.7219270209397886,-0.000509153895966783,0.0011338713256544577,2.008274745824527e-12,1.6268640391534493e-13,0,0.599999999466107,1.0677858597318846e-09,62.32919825001695,6.283185301588671,0.23462575004820738,0.209863104056848
10.44,-0.0003781666358102152,0.0006882108092280549,-1.4395970561574434,1.70199559743235,-0.0005050619082747708,0.001138334309762335,2.0113793308254993e-12,1.4853196305071677e-13,0,0.5999999994870413,1.0259173510718256e-09,62.454861956050934,6.283185301807894,0.23874017505385908,0.20163425404554458
10.46,-0.000378290890461955,0.0006895427496559389,-1.4605116259186592,1.6810810276711337,-0.0004990624507404341,0.0011430414018174856,2.0142337474428912e-12,1.379081127332822e-13,0,0.5999999995071547,9.856906402205823e-10,62.580525662089215,6.283185302018521,0.24269327114747347,0.19372806185831581
10.48,-0.0003783946757127624,0.0006907923372001506,-1.4820919619009985,1.6595006916887947,-0.0004912164661358454,0.001147798524190018,2.0169175329497898e-12,1.3164056470145053e-13,0,0.5999999995264794,9.470411121981215e-10,62.706189368131625,6.283185302220889,0.24649136412617245,0.18613187590091784
10.5,-0.0003784879349133382,0.0006920017426215541,-1.504009399279587,1.637583254310206,-0.000481631533292355,0.0011524024898185918,2.019523873287565e-12,1.3025099561555163e-13,0,0.5999999995450465,9.09907038604274e-10,62.831853074178,6.283185302415322,0.25014053174902506,0.17883354065521262
10.52,-0.0003785756940767233,0.0006932173781292414,-1.5259302175976908,1.6156624359921024,-0.0004704617707295937,0.0011566549175844867,2.022152899741522e-12,1.3390304150023903e-13,0,0.5999999995628854,8.742291335295249e-10,62.95751678022819,6.283185302602131,0.2536466134627584,0.17182137722774593
10.540000000000001,-0.0003786573352278417,0.0006944858064096058,-1.54752203331607,1.5940706202737234,-0.000457904241494295,0.0011603759524091294,2.0249042562262523e-12,1.4238500408954786e-13,0,0.5999999995800249,8.399501094658035e-10,63.08318048628204,6.283185302781615,0.2570152197461185,0.1650841646610257
10.56,-0.0003787269756288591,0.0006958496106002331,-1.5684600555132053,1.5731325980765876,-0.00044419206190044196,0.0011634166151950462,2.0278697199156816e-12,1.5513235243521938e-13,0,0.5999999995964924,8.070151213956933e-10,63.208844192339406,6.283185302954063,0.26025174108783306,0.15861112197759664
10.58,-0.0003787748572910924,0.0006973438193162034,-1.5884329205449648,1.5531597330448284,-0.00042958485805469235,0.001165668768466576,2.031126647974836e-12,1.7128596675754646e-13,0,0.5999999996123142,7.753715447478271e-10,63.334507898400155,6.2831853031197475,0.26336135661254345,0.15239189092817584
10.6,-0.00037878944275668595,0.0006989933494883585,-1.6071478600252576,1.5344447935645356,-0.00041435755996161393,0.0011670719617204648,2.0347328765173847e-12,1.6660069383471943e-13,0,0.5999999996275156,7.44968753352282e-10,63.46017160446415,6.283185303278936,0.2663490423685093,-0.6781042176584626
10.620000000000001,-0.00037874162344631225,0.0007006916095812056,-1.6243073554616354,1.517285298128158,-0.0004000484308815124,0.0011675166907610217,2.0382317439600585e-12,1.8360700840729454e-13,0,0.5999999996421209,7.157581194405793e-10,63.585835310531266,6.283185303431882,0.2530546190247276,-0.6515153709708992
10.64,-0.0003786521812491391,0.0007025513798482671,-1.6396410667396168,1.5019515868501765,-0.0003856139641376437,0.0011673750301197103,2.0420804018321985e-12,2.0126484774363089e-13,0,0.5999999996561536,6.8769279160108e-10,63.71149901660138,6.283185303578832,0.240281477476402,-0.625969087874248
10.66,-0.0003785161390717913,0.0007045677464655389,-1.6529207509885189,1.4886719026012738,-0.00037130168375758526,0.001166721371927209,2.0462794369218413e-12,2.1834976865411462e-13,0,0.599999999669636,6.607279168235891e-10,63.83716272267438,6.283185303720019,0.228009177971973,-0.60142448886539
10.68,-0.00037833318173985815,0.0007067260976899716,-1.6639507271425364,1.477641926447257,-0.00035734082737426696,0.001165665661956996,2.0508059204785887e-12,2.3375091849844845e-13,0,0.5999999996825898,6.348204184547512e-10,63.96282642875014,6.283185303855671,0.21621808221400335,-0.5778422973494507
10.700000000000001,-0.00037810813107341644,0.0007090039946432544,-1.6725698887684537,1.4690227648213394,-0.0003439391768449705,0.0011643467492038497,2.0556162757624815e-12,2.4652521717631133e-13,0,0.5999999996950356,6.099287741534454e-10,64.08849013482856,6.283185303986003,0.20488932193371234,-0.5551847767888687
10.72,-0.0003778506639571738,0.0007113731256802782,-1.6786527725656164,1.4629398810241767,-0.00033128252284892487,0.0011629242565263694,2.0606500186595703e-12,2.559312086982519e-13,0,0.5999999997069935,5.86013015890785e-10,64.21415384090955,6.2831853041112256,0.19400476869772043,-0.5334156703168849
10.74,-0.0003775743885383207,0.0007138011228554978,-1.6821100050621793,1.4594826485276133,-0.00031953641846597643,0.0011615695044055754,2.0658340013624765e-12,2.614468762085555e-13,0,0.5999999997184824,5.63035174039328e-10,64.33981754699298,6.283185304231537,0.18354700489868814,-0.5125001427188203
10.76,-0.0003772954420795523,0.0007162531517718167,-1.682888504582475,1.4587041490073176,-0.00030884956800717605,0.001160455928407638,2.071086895402793e-12,2.6277725903782166e-13,0,0.5999999997295209,5.409581671500518e-10,64.46548125307876,6.283185304347132,0.17349929588342847,-0.49240472468830093
10.78,-0.00037703078712902774,0.0007186933085463041,-1.6809717833457878,1.4606208702440053,-0.0002993579926615367,0.0011597493344273808,2.076323767740697e-12,2.598573141220251e-13,0,0.5999999997401265,5.197469121753784e-10,64.59114495916683,6.283185304458194,0.16384556317389137,-0.47309725926922674
10.8,-0.00037679638076293034,0.00072108594448128,-1.676380579274134,1.4652120743156587,-0.00029118903005766704,0.0011595982801291549,2.081460695738643e-12,2.407725418674857e-13,0,0.5999999997503163,4.993674362907541e-10,64.71680866525706,6.283185304564902,0.15457035873816882,-0.7314777273932873
10.82,-0.00037660517804366403,0.0007233405205019089,-1.669129275584285,1.472463378005508,-0.0002848353911529012,0.001160383319079231,2.086186169979408e-12,2.309511130414792e-13,0,0.5999999997601065,4.7978687689465e-10,64.84247237134939,6.283185304667424,0.14022953276883138,-0.7027960754546124
10.84,-0.00037646298184396316,0.0007254870151504324,-1.6593428333867373,1.482249820203056,-0.0002800363687088899,0.0011619510340320422,2.090683968389656e-12,2.181889806821202e-13,0,0.5999999997695129,4.6097414774237677e-10,64.96813607744373,6.283185304765928,0.12645101862877062,-0.6752390471744909
10.86,-0.00037637283968964977,0.000727500584678792,-1.6471666777486529,1.49442597584114,-0.00027690822706426797,0.0011643326804756423,2.0949031684078896e-12,2.0332644950601187e-13,0,0.5999999997785505,4.4289905076766445e-10,65.09379978354,6.283185304860568,0.11321276775578926,-0.6487625454285282
10.88,-0.00037633223184644623,0.0007293637953032558,-1.632787897359099,1.5088047562306937,-0.0002755566359966331,0.0011675122958982834,2.098811610953885e-12,1.8738938607244868e-13,0,0.5999999997872336,4.255327201718728e-10,65.21946348963813,6.283185304951498,0.10049359612417974,-0.6233242021653091
10.9,-0.0003763334550658474,0.0007310686922307287,-1.616434225840375,1.5251584277494183,-0.0002760701821993918,0.0011714245454887996,2.1023991506617662e-12,1.7153759926040837e-13,0,0.5999999997955763,4.0884740037938627e-10,65.34512719573804,6.283185305038863,0.0882731503457635,-0.5988833106084767
10.92,-0.00037636486489464426,0.0007326184942676706,-1.598371628256066,1.543221025333727,-0.00027851229532521173,0.00117595589735567,2.1056796507772765e-12,1.569910158207032e-13,0,0.5999999998035919,3.9281622399300886e-10,65.47079090183966,6.283185305122802,0.0765318751001276,-0.5754007601172049
10.94,-0.00037641288818722116,0.0007340285096695642,-1.5789002865295825,1.5626923670602109,-0.0002829125842271367,0.0011809494858229087,2.1086912951483716e-12,1.4493664105312167e-13,0,0.5999999998112931,3.774136558831742e-10,65.59645460794293,6.28318530520345,0.06525098184194,-0.5528389736008297
10.96,-0.00037646453839236635,0.0007353259030624665,-1.5583489673185766,1.5832436862712163,-0.0002892587956969369,0.0011862136510262806,2.1114949038436433e-12,1.3642471124207403e-13,0,0.5999999998186925,3.6261504909873565e-10,65.72211831404778,6.283185305280935,0.05441241873526875,-0.5311618473874872
10.98,-0.000376510007578225,0.0007365480938810553,-1.5370679536064753,1.604524699983318,-0.00029749064615485334,0.0011915337026398311,2.1141701568966e-12,1.3226701798089603e-13,0,0.5999999998258017,3.483966448669662e-10,65.84778202015414,6.283185305355382,0.04399884176679303,-0.5103346934505357
11.0,-0.0003765448283166885,0.000737739813554628,-1.5154208946788135,1.6261717589109796,-0.00030749661133437417,0.0011966860264337061,2.1168099199736335e-12,1.3230591387203814e-13,0,0.5999999998326321,3.347357946381635e-10,65.97344572626197,6.28318530542691,0.033993586991681674,0.153514554480969
11.02,-0.0003766164903891878,0.0007389356028751676,-1.4937747713374057,1.6478178822523875,-0.00031814045650429044,0.0012009739214534783,2.1194591959105506e-12,1.3394562223518558e-13,0,0.5999999998391947,3.2161051599643997e-10,66.09910943237121,6.283185305495634,0.037003282881421684,0.147495162701489
11.040000000000001,-0.0003766815881646846,0.0007401761262791579,-1.4724960776854779,1.669096575904315,-0.0003301933653731714,0.001204842893350503,2.122193520273374e-12,1.4071580273659044e-13,0,0.5999999998455,3.0899993674893267e-10,66.22477313848178,6.283185305561663,0.03989496690734405,0.14171179464964426
11.06,-0.0003767518255085678,0.0007415061479255038,-1.4519451001278174,1.6896475534619757,-0.0003434203673410552,0.0012081439903338606,2.125110753434388e-12,1.5205040452502606e-13,0,0.599999999851558,2.968838508365934e-10,66.35043684459364,6.283185305625102,0.04267326638081573,0.1361551957027009
11.08,-0.00037684324928022696,0.0007429619597774964,-1.432465535966889,1.709127117622904,-0.0003575593369706621,0.0012107661268964448,2.1282939688695697e-12,1.6705674227878356e-13,0,0.5999999998573785,2.852429403787937e-10,66.47610055070676,6.283185305686054,0.04534262717372978,0.1308164741168728
11.1,-0.0003769735359441522,0.0007445687948332421,-1.4143767482175749,1.7272159053722183,-0.00037233225458242086,0.0012126434699968771,2.1318057875647e-12,1.8460809113307276e-13,0,0.5999999998629708,2.7405833158411497e-10,66.60176425682107,6.283185305744616,0.04790732083284886,0.12568708679863463
11.120000000000001,-0.00037715906268731184,0.0007463396846825835,-1.397967463821163,1.74362518976863,-0.0003874569833074374,0.0012137592198403877,2.1356847583267853e-12,2.0345150642254518e-13,0,0.5999999998683438,2.6331226088416315e-10,66.72742796293653,6.283185305800882,0.050371451415191414,0.12075882563394953
11.14,-0.00037741228485184815,0.000748275691698291,-1.3834911782256958,1.7581014753640973,-0.0004026582875269864,0.0012141457234887015,2.1399439225263904e-12,2.223146089702789e-13,0,0.5999999998735062,2.5298763084435905e-10,66.85309166905309,6.283185305854942,0.0527389620553984,0.11602380435353556
11.16,-0.0003777398140799251,0.0007503672102559558,-1.3711633302404305,1.7704293233493624,-0.00041767697493956193,0.0012138812296195838,2.14457139864147e-12,2.3999804664397384e-13,0,0.5999999998784661,2.4306778811933327e-10,66.9787553751707,6.283185305906882,0.05501364127559003,0.1114744459131523
11.18,-0.0003781414037634034,0.0007525959086808245,-1.3611601109537,1.7804325426360936,-0.0004322763613159536,0.0012130838676635127,2.1495326051625743e-12,2.5544561007763084e-13,0,0.5999999998832315,2.3353696754213615e-10,67.10441908128935,6.283185305956786,0.05719912904780939,0.10710347036871358
11.200000000000001,-0.0003786098622358144,0.0007549368825921255,-1.3536185961127694,1.7879740574770242,-0.0004462456725238251,0.001211903578303712,2.1547736394323353e-12,2.3919836088217835e-13,0,0.59999999988781,2.2437984803502786e-10,67.23008278740897,6.283185306004732,0.0592989226187543,0.7501130774910002
11.22,-0.0003791104826521827,0.0007572277863812969,-1.3486207691820657,1.7929718844077271,-0.0004584818226321929,0.001210810352282876,2.1596566636313086e-12,2.481932600787236e-13,0,0.5999999998922091,2.1558177465408335e-10,67.35574649352954,6.2831853060507985,0.07400509985255377,0.7207007230234013
11.24,-0.0003796439003424493,0.0007595731653390936,-1.3463117112707346,1.7952809423190583,-0.0004697977635330426,0.0012098241488123715,2.1646820237121618e-12,2.533340826923949e-13,0,0.5999999998964356,2.0712875858919233e-10,67.481410199651,6.283185306095058,0.08813463962909063,0.6924416434703276
11.26,-0.0003801913783311772,0.0007619399250876449,-1.3467173063817242,1.7948753472080687,-0.0004800447105110039,0.0012091061469654478,2.1697693284896686e-12,2.543502138222365e-13,0,0.5999999999004965,1.9900703307484946e-10,67.60707390577332,6.283185306137582,0.10171015222646995,0.6652906182755689
11.28,-0.00038073280853478323,0.0007642944220187896,-1.3498245316420325,1.7917681219477606,-0.0004890867634782648,0.0012088078080664346,2.1748351807426664e-12,2.5121075282572064e-13,0,0.599999999904398,1.91203941568574e-10,67.73273761189648,6.28318530617844,0.1147533613611113,0.6392042000062862
11.3,-0.0003812486507486288,0.000766603638872366,-1.3555824546162796,1.7860101989735133,-0.0004967970579271268,0.0012090614945010018,2.179797930665324e-12,2.4412005174647696e-13,0,0.5999999999081466,1.8370682752788525e-10,67.85840131802044,6.283185306217695,0.12728513895032983,0.6141406448278491
11.32,-0.00038172179827905523,0.0007688364006615984,-1.3639029478928864,1.7776897056969068,-0.0005030550672858253,0.0012099716722179076,2.1845823251919617e-12,2.335115873817463e-13,0,0.5999999999117482,1.765034784995123e-10,67.98406502414518,6.283185306255412,0.13932553851185675,0.5900598457047953
11.34,-0.00038213920644608,0.00077096477607259,-1.3746612449083602,1.7669314086814332,-0.0005077457636559814,0.0012116071058110023,2.189124005172034e-12,2.2003798561769883e-13,0,0.5999999999152087,1.69582570208604e-10,68.10972873027066,6.283185306291649,0.15089382725374606,0.5669232682210167
11.36,-0.0003824931103494164,0.0007729657330045916,-1.3876965985210574,1.7538960550687355,-0.0005107610793515203,0.0012139945609493568,2.1933737327508077e-12,2.0455270743260286e-13,0,0.5999999999185334,1.6293322246951902e-10,68.23539243639685,6.283185306326466,0.16200851690601803,0.5446938889164727
11.38,-0.00038278165599294373,0.0007748230008317265,-1.4028133655075088,1.7387792880822843,-0.0005120037766435557,0.0012171146121571943,2.197301128654621e-12,1.8807804864955296e-13,0,0.5999999999217277,1.5654455509661602e-10,68.36105614252372,6.2831853063599175,0.17268739334337657,0.5233361360417557
11.4,-0.00038300879633880556,0.0007765289578499525,-1.419782820057421,1.7218098335323724,-0.0005113934582554341,0.001220900160474849,2.200897597142137e-12,1.7910488487959164e-13,0,0.5999999999247968,1.5040635403806846e-10,68.48671984865125,6.283185306392058,0.18294754504640326,0.23815893685709677
11.42,-0.0003831770073611483,0.000778120382451464,-1.4383361834464974,1.7032564701432955,-0.0005092322160725008,0.0012249776772888343,2.204309676759256e-12,1.6257814021401383e-13,0,0.5999999999277456,1.4450884933125963e-10,68.6123835547794,6.283185306422938,0.18761671778892985,0.22882059137204358
11.44,-0.00038330160627167225,0.0007795695075304744,-1.4581911386608604,1.6834015149289332,-0.0005051429353507317,0.001229481751675025,2.207413142375142e-12,1.4852735664069515e-13,0,0.5999999999305787,1.3884249305817775e-10,68.73804726090816,6.283185306452606,0.1921028096495273,0.21984840765084868
11.46,-0.0003833966765610624,0.0007809010170293512,-1.4790437274840285,1.6625489261057647,-0.0004991423614491363,0.001234239247690434,2.2102684868553395e-12,1.3800561875552632e-13,0,0.5999999999333008,1.3339840343462583e-10,68.8637109670375,6.283185306481111,0.19641299933225653,0.21122802828539022
11.48,-0.00038347509080731553,0.0007821497795082834,-1.5005720583894386,1.641020595200354,-0.0004912911237730865,0.0012390546327327627,2.21295525407912e-12,1.3184190236615987e-13,0,0.5999999999359161,1.2816769867640687e-10,68.9893746731674,6.283185306508499,0.20055418406016606,0.20294565882957116
11.5,-0.0003835461966152242,0.000783358380125788,-1.5224423847955837,1.6191502687942094,-0.00048169691482499786,0.0012437230014155961,2.2155666804108922e-12,1.3055882893134502e-13,0,0.5999999999384289,1.2314216313313864e-10,69.11503837929784,6.283185306534812,0.20453299061232044,0.1949880457252624
11.52,-0.0003836141629715835,0.00078457358283603,-1.544315686997525,1.5972769665922684,-0.0004705143960241863,0.0012480441274204863,2.21820293930285e-12,1.343182202008319e-13,0,0.5999999999408432,1.183135811544389e-10,69.2407020854288,6.283185306560094,0.20835578592806042,0.18734245509378245
11.540000000000001,-0.00038367732593365606,0.0007858421784541536,-1.5658544341775866,1.575738219412207,-0.0004579415596783247,0.0012518363335242266,2.2209636530520625e-12,1.4290390940225898e-13,0,0.5999999999431628,1.1367440322374023e-10,69.36636579156024,6.283185306584385,0.21202868729546437,0.17999665235897455
11.56,-0.0003837286660021536,0.0007872068174967969,-1.5867291911918262,1.5548634623979671,-0.0004442127530084822,0.0012549489812215618,2.2239404654537107e-12,1.5574487324767552e-13,0,0.5999999999453914,1.0921707982447515e-10,69.49202949769216,6.283185306607723,0.21555757214031424,0.17293888266927482
11.58,-0.0003837573061215226,0.0007887024292884656,-1.6066247536632439,1.5349678999265493,-0.0004295890189688195,0.0012572725443089582,2.2272104575500495e-12,1.719744999246041e-13,0,0.5999999999475326,1.04934727573891e-10,69.61769320382454,6.283185306630146,0.21894808743123068,0.16615785208744194
11.6,-0.000383750708863493,0.0007903536902167646,-1.6252455407961102,1.5163471127936834,-0.0004143467601819721,0.0012587455155960818,2.2308310385120146e-12,1.6726212575874073e-13,0,0.5999999999495899,1.0082024104463017e-10,69.74335690995737,6.283185306651689,0.22220565871602765,-0.6622081734369097
11.620000000000001,-0.00038367945662694903,0.0007920531147049797,-1.6423039069811731,1.4992887466086202,-0.0004000225700851089,0.001259252757504544,2.2343437069504126e-12,1.8431924056978542e-13,0,0.5999999999515665,9.686695889854491e-11,69.86902061609061,6.283185306672388,0.20922288177683923,-0.6362426195585329
11.64,-0.00038356382202192835,0.0007939139612816035,-1.657518673505045,1.484073980084748,-0.0003855765457296249,0.0012591706430718447,2.2382069125104406e-12,2.0199990194817967e-13,0,0.5999999999534656,9.306866388669732e-11,69.99468432222426,6.283185306692276,0.19674916680279664,-0.6112951896104477
11.66,-0.00038339844828354745,0.000795931008569911,-1.6706619850937559,1.4709306684960373,-0.0003712571491316408,0.0012585733015448683,2.2424206466351056e-12,2.1907673060204408e-13,0,0.5999999999552903,8.941936080475443e-11,70.1203480283583,6.283185306711384,0.18476455318874035,-0.5873259623823351
11.68,-0.00038318289796539207,0.0007980893908528804,-1.6815397149467934,1.460052938643,-0.00035729427685403695,0.001257570569628009,2.2469613531746626e-12,2.344386731562299e-13,0,0.5999999999570433,8.591327649298819e-11,70.24601173449271,6.2831853067297425,0.1732498629960339,-0.5642965819969222
11.700000000000001,-0.00038292210255564166,0.0008003665109799092,-1.689993313337945,1.451599340251848,-0.0003438960718535167,0.0012563012388372504,2.2517848522202678e-12,2.4714523048555166e-13,0,0.5999999999587277,8.254463779167054e-11,70.37167544062748,6.283185306747382,0.1621866702637707,-0.5421701965323958
11.72,-0.00038262604218438246,0.0008027340180094018,-1.6959006708372066,1.445691982752587,-0.0003312483953441463,0.001254924831254397,2.2568301337264217e-12,2.5645996351463065e-13,0,0.5999999999603459,7.930811563028328e-11,70.4973391467626,6.283185306764328,0.1515572715233055,-0.5209113990514654
11.74,-0.000382308779900721,0.0008051596278500676,-1.699176340705471,1.4424163128843226,-0.00031951660323158637,0.0012536124466284134,2.2620236443049255e-12,2.6186769870384394e-13,0,0.5999999999619008,7.619838093830822e-11,70.62300285289805,6.283185306780611,0.14134465746892755,-0.5004861709427095
11.76,-0.0003819870207643754,0.000807608700970792,-1.6997715126072035,1.44182114098259,-0.00030884896355036116,0.0012525371284067232,2.267283799524394e-12,2.630813979179884e-13,0,0.5999999999633947,7.3210548734437e-11,70.74866655903382,6.283185306796255,0.1315324857393426,-0.4808618274835396
11.78,-0.0003816783757130488,0.0008100456150245443,-1.697674089189754,1.4439185644000396,-0.0002993808497403276,0.0012518640966739118,2.2725255736749383e-12,2.6004422452014966e-13,0,0.59999999996483,7.033995608196619e-11,70.8743302651699,6.283185306811285,0.1221050547664084,-0.46200696553767123
11.8,-0.00038139950504743637,0.0008124350570087026,-1.6929090949337158,1.448683558656077,-0.0002912387644405939,0.0012517411382190163,2.277665112426753e-12,2.4113305566712635e-13,0,0.599999999966209,6.758194004419238e-11,70.99999397130627,6.283185306825727,0.11304727864927572,-0.7145456298538283
11.82,-0.0003811652758259152,0.0008146882791018533,-1.6855011045828212,1.4560915490069721,-0.0002849047381628538,0.0012525401771945285,2.2823967135047867e-12,2.312059652781591e-13,0,0.599999999967534,6.493205972901706e-11,71.12565767744292,6.283185306839602,0.09903841120036316,-0.6865278949560032
11.84,-0.0003809811435893691,0.0008168340338029963,-1.67557228635339,1.4660203672364034,-0.0002801264672364794,0.0012541141672592617,2.286898641810692e-12,2.183505450842539e-13,0,0.5999999999688069,6.238609628894665e-11,71.25132138357985,6.283185306852933,0.08557883930096322,-0.6596087511572033
11.86,-0.00038085088290509735,0.0008188477073202932,-1.6632704731460142,1.4783221804437794,-0.00027701889272739285,0.0012564937216337708,2.2911202456672907e-12,2.034087896710664e-13,0,0.5999999999700301,5.993983087648758e-11,71.37698508971704,6.283185306865741,0.0726470247645084,-0.6337451220842937
11.88,-0.00038077264550444637,0.0008207119980527638,-1.648784153193897,1.4928085003958964,-0.0002756863442511608,0.0012596623786588497,2.2950296443363016e-12,1.8740561609175675e-13,0,0.5999999999712052,5.758948873335612e-11,71.50264879585448,6.283185306878048,0.060222273928806136,-0.6088956204128891
11.9,-0.00038073930031303323,0.0008224189594335341,-1.6323413092859882,1.509251344303805,-0.00027621613078270045,0.0012635545480973575,2.2986169262691136e-12,1.7149743137892515e-13,0,0.5999999999723343,5.533129510126855e-11,71.62831250199217,6.283185306889871,0.04828470454176437,-0.5850204816388056
11.92,-0.0003807396249351969,0.000823971683178666,-1.6142069335181328,1.5273857200716598,-0.00027867055806882484,0.001268056767924809,2.3018961001458066e-12,1.5689893966914995e-13,0,0.5999999999734191,5.316169726654607e-11,71.75397620813008,6.283185306901231,0.0368152139455466,-0.5620815004463701
11.94,-0.00038076026593826426,0.0008253852240027343,-1.5946790325350544,1.5469136210547383,-0.0002830783597771915,0.0012730126143008908,2.3049053800019106e-12,1.447911481573046e-13,0,0.5999999999744614,5.107714251550988e-11,71.87963991426822,6.283185306912146,0.025795448508243668,-0.5400419695717642
11.96,-0.00038078820995721157,0.0008266863984874601,-1.5740831188253201,1.567509534764473,-0.00028942674220834585,0.001278231241564947,2.3077054980288127e-12,1.3621882536451493e-13,0,0.5999999999754628,4.9074300179086094e-11,72.00530362040658,6.283185306922633,0.01520777425414721,-0.5188666210635713
11.98,-0.0003808133509634032,0.0008279122366437126,-1.5527653672693398,1.5888272863204538,-0.0002976552788995539,0.0012834990964820066,2.31037595237291e-12,1.319901331024647e-13,0,0.599999999976425,4.715006163280577e-11,72.13096732654513,6.283185306932708,0.005035248645626406,-0.4985215698465297
12.0,-0.0003808306569167433,0.0008291071056141425,-1.5310847738452005,1.6105078797445929,-0.00030765272756979483,0.0012885939313229651,2.3130093807592593e-12,1.3199841231712145e-13,0,0.5999999999773493,4.530131825219996e-11,72.25663103268388,6.283185306942388,-0.004738406528546957,0.16832302485587913
12.02,-0.00038088547481649886,0.0008303060859878995,-1.5094045167121757,1.6321881368776179,-0.0003182812968118814,0.0012928219581723023,2.315651549527813e-12,1.3354022222125428e-13,0,0.5999999999782375,4.352496141279971e-11,72.38229473882282,6.2831853069516885,-0.001438386424458718,0.16172298464770266
12.040000000000001,-0.00038093524391398563,0.0008315488544446307,-1.4880872735004649,1.653505380089328,-0.0003303151060496691,0.0012966290483747056,2.3183767323919677e-12,1.4020616423847714e-13,0,0.5999999999790908,4.181832657934592e-11,72.50795844496194,6.2831853069606245,0.0017322380405396104,0.155381735717706
12.06,-0.0003809906376521581,0.000832880148585505,-1.4674888984613965,1.6741037551283968,-0.000343520415781376,0.0012998676754610611,2.321282721836275e-12,1.5143671171141001e-13,0,0.5999999999799107,4.0178527171974565e-11,72.63362215110124,6.2831853069692105,0.00477854054202799,0.14928913071472924
12.08,-0.00038106669217539144,0.000834336411000289,-1.447949452824179,1.6936432007656137,-0.0003576365075446258,0.0013024279301245992,2.3244526760245122e-12,1.6634756896577913e-13,0,0.5999999999806984,3.860312070003147e-11,72.7592858572407,6.283185306977459,0.007705395813921323,0.14343542017094257
12.1,-0.00038118018834038415,0.0008359431738553228,-1.4297856976216266,1.7118069559681661,-0.00037238680826447526,0.0013042448573249961,2.327949476134179e-12,1.83820786769521e-13,0,0.5999999999814553,3.708944262825753e-11,72.88494956338033,6.283185306985385,0.010517487449083734,0.13781123690061775
12.120000000000001,-0.000381346795029436,0.000837713862261588,-1.4132849248515162,1.7283077287382769,-0.0003874905408524253,0.0013053022365861833,2.3318120992150483e-12,2.026111073808739e-13,0,0.5999999999821825,3.5635050465998575e-11,73.01061326952012,6.2831853069929995,0.013219315394076378,0.13240758101063246
12.14,-0.00038157848700898087,0.0008396499595379654,-1.3987003865914767,1.7428922669983162,-0.0004026736428310813,0.0013056327382920548,2.336054148395913e-12,2.2145157956620024e-13,0,0.5999999999828811,3.423772376720535e-11,73.13627697566005,6.283185307000315,0.01581520315003193,0.12721580549872136
12.16,-0.00038188163114489604,0.0008417422427717077,-1.3862483981396454,1.7553442554501473,-0.0004176778447638031,0.0013053147518257016,2.34066438410028e-12,2.3914533950176575e-13,0,0.5999999999835524,3.289524208582861e-11,73.26194068180013,6.2831853070073445,0.01830930469117885,0.12222760241642752
12.18,-0.00038225595372246766,0.00084397267176887,-1.376107002268657,1.7654856513211357,-0.00043226710853858194,0.0013044664531392132,2.345608885384397e-12,2.5463557585298193e-13,0,0.5999999999841973,3.1605384975819106e-11,73.38760438794034,6.283185307014098,0.02070561111208634,0.11743498957461254
12.200000000000001,-0.00038269441922065894,0.0008463165085877247,-1.368415912099108,1.7731767414906852,-0.000446231033769528,0.0013032378237739098,2.3508343689885223e-12,2.383910074606374e-13,0,0.5999999999848169,3.0366154035732507e-11,73.51326809408069,6.283185307020587,0.023007957014267166,0.7635057447546201
12.22,-0.0003831641676844966,0.0008486106526313995,-1.3632711585838602,1.7783214950059332,-0.0004584612470255792,0.0013021040918800278,2.355701831224187e-12,2.474499843582779e-13,0,0.5999999999854122,2.917555086412449e-11,73.63893180022116,6.283185307026821,0.037976701245393096,0.7335682562923682
12.24,-0.0003836648065782749,0.0008509601678190267,-1.3608104359993578,1.7807822175904349,-0.00046977570905679344,0.0013010809641149294,2.3607131180649534e-12,2.5267399248890293e-13,0,0.5999999999859842,2.8031577059550727e-11,73.76459550636176,6.283185307032811,0.05235851262003116,0.7048046335430921
12.26,-0.0003841780634779455,0.0008533317888138433,-1.3610633511166286,1.7805293024731643,-0.00048002532695863505,0.0013003299261997493,2.3657881543186937e-12,2.537856689643765e-13,0,0.5999999999865337,2.6932456265171822e-11,73.89025921250247,6.283185307038566,0.06617640510466416,0.6771688485738261
12.280000000000001,-0.00038468435093168366,0.0008556916144253682,-1.3640205941116263,1.7775720594781665,-0.0004890737294225025,0.0013000028979913494,2.370843720416889e-12,2.5074721077775016e-13,0,0.5999999999870618,2.5876412124148374e-11,74.0159229186433,6.2831853070440955,0.07945249027524182,0.6506166782326708
12.3,-0.000385164685417238,0.0008580063147894132,-1.369634740414377,1.7719579131754166,-0.0004967934452975545,0.001300232838235746,2.3757982099130813e-12,2.4375660394742187e-13,0,0.599999999987569,2.4861890324245906e-11,74.14158662478424,6.283185307049409,0.09220801270041956,0.6251056333823153
12.32,-0.0003856025373058634,0.0008602443821832196,-1.3778207843154062,1.763771869274387,-0.0005030632296535965,0.0013011249079812831,2.38057629570662e-12,2.3324208495957215e-13,0,0.5999999999880564,2.3887114508625018e-11,74.26725033092528,6.283185307054513,0.10446338393740096,0.6005948909083525
12.34,-0.00038598544410769754,0.0008623775683176746,-1.3884565272490006,1.7531361263407925,-0.0005077672480552622,0.0013027486048293973,2.3851134547288794e-12,2.1985262966074835e-13,0,0.5999999999885247,2.2950530365051236e-11,74.39291403706642,6.283185307059417,0.11623821519478383,0.5770452283935867
12.36,-0.00038630620937165114,0.0008643825746457578,-1.4013830853787956,1.7402095682109975,-0.0005107965661799714,0.0013051313882669684,2.389360230609491e-12,2.0443993979290235e-13,0,0.5999999999889747,2.2050583581290084e-11,74.51857774320766,6.283185307064128,0.127551348714678,0.5544189613537984
12.38,-0.00038656350821296914,0.0008662429455547392,-1.4164058482537198,1.7251868053360733,-0.000512053056268846,0.001308254402230048,2.393286010208374e-12,1.8802652336063233e-13,0,0.599999999989407,2.1185941889712012e-11,74.64424144934898,6.283185307068655,0.13842088792431245,0.5326798829345295
12.4,-0.0003867617497808246,0.0008679509792201569,-1.433296204721225,1.708296448868568,-0.000511455455009356,0.0013120509101336151,2.3968819867992125e-12,1.7897052106761593e-13,0,0.5999999999898223,2.035527302268747e-11,74.7699051554904,6.283185307073005,0.14886422640538133,0.25227203548392274
12.42,-0.00038690293487845883,0.0008695429285140883,-1.4517823506139742,1.6898103029758191,-0.0005092990836904022,0.0013161508897449193,2.40029214479903e-12,1.6251887808949549e-13,0,0.5999999999902215,1.9557022667981983e-11,74.89556886163192,6.283185307077184,0.15381009040413615,0.2423803074864131
12.44,-0.0003870035111184809,0.0008709918039352307,-1.4715831799938188,1.6700094735959743,-0.0005052121624356158,0.0013206848710021798,2.4033951422006914e-12,1.485393128289375e-13,0,0.5999999999906049,1.8790080602570924e-11,75.0212325677735,6.283185307081199,0.15856202430162347,0.23287643969143845
12.46,-0.0003870775626798257,0.0008723225342405476,-1.492392102396023,1.6492005511937702,-0.0004992109327674533,0.001325478937839315,2.4062514322547667e-12,1.3808854591140392e-13,0,0.5999999999909733,1.805333660342967e-11,75.14689627391516,6.2831853070850565,0.16312763220587922,0.22374522388292695
12.48,-0.0003871377449250267,0.0008735702873374938,-1.5138839500626975,1.6277087035270954,-0.0004913558069404181,0.0013303365143513858,2.4089405830404496e-12,1.319980968799536e-13,0,0.5999999999913272,1.734545840292867e-11,75.2725599800569,6.283185307088764,0.1675142200635985,0.21497204816748838
12.5,-0.00038719297076447934,0.0008747779514149271,-1.5357212796313082,1.6058713739584851,-0.00048175457712541043,0.001335051462846648,2.4115558896065066e-12,1.30791358398247e-13,0,0.5999999999916673,1.66653357780433e-11,75.3982236861987,6.2831853070923245,0.17172880735120902,0.20654287359226736
12.52,-0.0003872467844204327,0.0008759925440727087,-1.5575612148605356,1.5840314387292578,-0.00047056232088910587,0.001339422234745559,2.414197578718639e-12,1.3462880915980407e-13,0,0.599999999991994,1.6011858505748933e-11,75.52388739234058,6.283185307095747,0.17577813830753083,0.19844421167962373
12.540000000000001,-0.0003872967603660956,0.0008772610157888333,-1.5790624819956989,1.5625301715940942,-0.00045797772946974777,0.0013432658491051728,2.4169652780246873e-12,1.4329090193239148e-13,0,0.599999999992308,1.5383916363020944e-11,75.64955109848253,6.283185307099035,0.1796686927259974,0.1906631028426906
12.56,-0.00038733505271850896,0.0008786260560282869,-1.599892275866367,1.5417003777234264,-0.0004442360675556522,0.00134643048286426,2.419950551858352e-12,1.5620167758376977e-13,0,0.5999999999926097,1.4780621171439634e-11,75.77521480462454,6.283185307102193,0.18340669632370749,0.18318709564727043
12.58,-0.0003873499725653347,0.0008801225089072703,-1.6197326158502738,1.5218600377395193,-0.00042959942771348954,0.001348805621590276,2.4232302931535013e-12,1.7248881739293296e-13,0,0.5999999999928994,1.4201084752585302e-11,75.90087851076662,6.283185307105228,0.18699813070390073,0.17600422688688394
12.6,-0.0003873282589177568,0.0008817748612577168,-1.6382859024441654,1.5033067511456277,-0.0004143452982240293,0.001350329009282416,2.4268616080151133e-12,1.6775599969680584e-13,0,0.5999999999931779,1.3644196883433324e-11,76.02654221690875,6.283185307108144,0.19044874292779895,-0.6508557884526732
12.620000000000001,-0.0003872402770633647,0.0008834749444770979,-1.6552716459128631,1.4863210076769295,-0.0004000092286610444,0.001350881500345749,2.430384590695469e-12,1.8485211209532104e-13,0,0.5999999999934453,1.3109291430168923e-11,76.15220592305094,6.283185307110945,0.17768853267970586,-0.625335367956487
12.64,-0.00038710592165064063,0.0008853363767425752,-1.6704008354427042,1.4711918181470889,-0.0003855537815979815,0.0013508425270961117,2.4342586942108745e-12,2.0255134636792266e-13,0,0.5999999999937023,1.2595258169767476e-11,76.27786962919319,6.283185307113636,0.16542865743197477,-0.6008156174610249
12.66,-0.0003869195646492603,0.0008873537009304055,-1.6834459300825264,1.4581467235072667,-0.00037122810904226115,0.0013502860348621895,2.438483474085623e-12,2.196240646240551e-13,0,0.5999999999939493,1.2101430968414206e-11,76.4035333353355,6.283185307116222,0.15364949876862977,-0.5772573001343348
12.68,-0.00038668068369669716,0.0008895118578060769,-1.6942139624693868,1.4473786911204058,-0.0003572625925993764,0.0013493217842265371,2.4430349131204238e-12,2.34959004991754e-13,0,0.5999999999941865,1.1626921647689414e-11,76.52919704147784,6.283185307118707,0.1423322075227883,-0.5546227176426519
12.700000000000001,-0.00038639429213438426,0.0008917881297045607,-1.702548263503998,1.4390443900857957,-0.0003438656434078057,0.001348088524580394,2.447868387198058e-12,2.476175242903319e-13,0,0.5999999999944144,1.1171064073778325e-11,76.65486074762025,6.283185307121094,0.13145867361397273,-0.5328756498250208
12.72,-0.0003860705901195515,0.0008941541347857468,-1.708329172607598,1.4332634809821947,-0.0003312231810089037,0.0013467457018650761,2.4529224980599535e-12,2.5686683011837404e-13,0,0.5999999999946335,1.0732970068261238e-11,76.7805244537627,6.2831853071233885,0.12101149706811809,-0.5119812967333115
12.74,-0.0003857239681653185,0.000896577650162537,-1.7114740945787332,1.4301185590110599,-0.00031950042787459016,0.0013454642512168852,2.4581233916340903e-12,2.621967240201551e-13,0,0.5999999999948439,1.0312195541928304e-11,76.90618815990518,6.283185307125592,0.1109739601739011,-0.4919062229448775
12.76,-0.0003853715382017215,0.0008990241801942427,-1.711937306349343,1.42965534724045,-0.0003088453487510023,0.001344416926982426,2.463389291480685e-12,2.633259157967865e-13,0,0.599999999995046,9.907852316359822e-12,77.03185186604772,6.2831853071277095,0.10133000073083559,-0.4726183040587465
12.780000000000001,-0.00038503137441161015,0.0009014583109101433,-1.7097098700902058,1.4318827834995869,-0.00029939286472888165,0.0013437685207015825,2.468635098202104e-12,2.6020350736053117e-13,0,0.5999999999952403,9.519274257741017e-12,77.15751557219029,6.283185307129744,0.09206418634632493,-0.4540866752897252
12.8,-0.00038472063861894913,0.0009038449781737185,-1.7048198819304574,1.436772771659336,-0.0002912688949595207,0.0013436662583851747,2.4737770001262128e-12,2.414147709584702e-13,0,0.599999999995427,9.14601727686204e-12,77.28317927833291,6.283185307131699,0.08316168974054139,-0.7024176000233253
12.82,-0.0003844555310689834,0.0009060967409182439,-1.6972990462761146,1.4442936073136785,-0.00028494787664932786,0.001344475893471166,2.4785134394013587e-12,2.314099420978015e-13,0,0.5999999999956063,8.787415239908114e-12,77.40884298447556,6.283185307133577,0.06939059571744455,-0.6748754119771316
12.84,-0.00038424129055640317,0.0009082414710637899,-1.687267668857985,1.4543249847318078,-0.0002801835172130263,0.0013460549159625712,2.483018732580212e-12,2.184854726299483e-13,0,0.5999999999957786,8.442802013064465e-12,77.53450669061824,6.283185307135381,0.056159474014479405,-0.6484131685712013
12.86,-0.00038408221077481806,0.0009102547298282673,-1.6748752848941904,1.466717368695603,-0.0002770898306160784,0.0013484334763461346,2.487242419025765e-12,2.0348462135330157e-13,0,0.5999999999959441,8.111733507121244e-12,77.66017039676098,6.283185307137114,0.04344715201413141,-0.6229885245705054
12.88,-0.00038397692321414924,0.0009121193201552901,-1.6603113619681795,1.4812812916216131,-0.0002757702074851401,0.0013515947538491721,2.4911528156930246e-12,1.8743170590520085e-13,0,0.5999999999961031,7.793765632868599e-12,77.78583410290373,6.28318530713878,0.031233287289093303,-0.5985607951204291
12.9,-0.0003839187060701187,0.000913827310519491,-1.6438040422850075,1.4977886113047854,-0.0002763110610025151,0.0013554729743338392,2.494740178801026e-12,1.7148081389752963e-13,0,0.5999999999962559,7.488232256491756e-12,77.91149780904652,6.283185307140379,0.019498335050041615,-0.5750908906423258
12.92,-0.00038389663945234725,0.000915381709793408,-1.6256176102622153,1.515975043327578,-0.00027877390778648797,0.0013599547250232702,2.498018624210209e-12,1.5684306140352218e-13,0,0.5999999999964026,7.1946892887808644e-12,78.03716151518934,6.283185307141917,0.008223516869803826,-0.5525412542818502
12.94,-0.00038389752833736194,0.0009167973980397734,-1.6060485147775772,1.5355441388122157,-0.0002831868651176694,0.0013648838976106606,2.5010263939049183e-12,1.446953327676191e-13,0,0.5999999999965437,6.91247059592115e-12,78.1628252213322,6.283185307143393,-0.0026092093661312377,-0.5308758018099801
12.96,-0.0003839083420316565,0.000918100947895303,-1.5854199495324262,1.5561727040573672,-0.0002895367557948291,0.001370070228609942,2.5038241669395435e-12,1.360786466476008e-13,0,0.5999999999966793,6.6413541333076864e-12,78.28848892747509,6.283185307144811,-0.01301717833084598,-0.5100598638805506
12.98,-0.0003839187635784726,0.0009193291137041798,-1.5640751689378045,1.5775174846519882,-0.0002977630472008558,0.0013753009786267424,2.506491323994578e-12,1.317986906076168e-13,0,0.5999999999968095,6.380895811730625e-12,78.414152633618,6.283185307146176,-0.023017044995169017,-0.4900601305519045
13.0,-0.00038392335949393553,0.0009205260023409833,-1.5423698639427539,1.5992227896470395,-0.00030775468823421206,0.0013803548792138058,2.5091203542049923e-12,1.317852319298305e-13,0,0.5999999999969347,6.1306515419801144e-12,78.53981633976093,6.283185307147486,-0.03262481127918196,0.1789554739669355
13.02,-0.0003839659213070629,0.0009217270538511541,-1.5206645208651581,1.620928132724635,-0.00031837267108631134,0.0013845402704190605,2.511757578281956e-12,1.3325755258550497e-13,0,0.5999999999970549,5.8901772348463055e-12,78.66548004590389,6.283185307148744,-0.029116339028679272,0.17193852946593013
13.040000000000001,-0.0003840045222425267,0.0009229712615632532,-1.4993191120640943,1.6422735415256984,-0.00033039328867069293,0.0013883032502279744,2.5144763789708566e-12,1.3985012317657728e-13,0,0.5999999999971704,5.659250845724273e-12,78.79114375204688,6.283185307149954,-0.025745435942837305,0.1651967232942462
13.06,-0.0003840490998433928,0.0009243033352693107,-1.4786863343263197,1.6629063192634739,-0.00034358366123461633,0.0013914973187839502,2.5173745115324923e-12,1.5100789955850106e-13,0,0.5999999999972813,5.437428285404167e-12,78.9168074581899,6.283185307151117,-0.022506707857554376,0.15871926712368034
13.08,-0.0003841139661235837,0.0009257598143508111,-1.4591036497788799,1.6824890038109128,-0.00035768405708103417,0.0013940134167124117,2.5205352019660392e-12,1.6585237325723547e-13,0,0.5999999999973878,5.224265464676137e-12,79.04247116433292,6.283185307152233,-0.019394972116928505,0.1524957956424286
13.1,-0.00038421525777759536,0.0009273664331803015,-1.440885947719335,1.7007067058704584,-0.0003724189213207761,0.0013957872262626864,2.524021520537936e-12,1.8327166675803096e-13,0,0.5999999999974903,5.019318294330333e-12,79.16813487047598,6.283185307153306,-0.016405249279902334,0.14651634996837626
13.120000000000001,-0.0003843681316337994,0.0009291368870844476,-1.424319472092309,1.7172731814974842,-0.0003875084369790651,0.001396802950145024,2.5278727498135784e-12,2.020258542636392e-13,0,0.5999999999975887,4.822586774366755e-12,79.29379857661905,6.283185307154336,-0.013532755152095066,0.14077136171276172
13.14,-0.00038458421236241594,0.0009310729508427543,-1.4096572714067745,1.7319353821830186,-0.00040267937219317285,0.0013970934972686601,2.532102891141091e-12,2.2085175561437316e-13,0,0.5999999999976833,4.633404770970628e-12,79.41946228276215,6.283185307155326,-0.01077289313007078,0.13525163766871315
13.16,-0.0003848696856004473,0.0009331656679397484,-1.3971162550585987,1.7444763985311944,-0.00041767411225810845,0.0013967373625727812,2.5367011588594292e-12,2.385542304879584e-13,0,0.5999999999977741,4.451772284141953e-12,79.54512598890527,6.283185307156277,-0.008121246845792268,0.12994834510015613
13.18,-0.0003852242533772059,0.0009353972017663312,-1.3868757588856218,1.7547168947041714,-0.0004322570775933148,0.0013958527575247892,2.5416340986039937e-12,2.540760237867238e-13,0,0.5999999999978614,4.277245224670878e-12,79.6707896950484,6.283185307157191,-0.005573573099489977,0.12485299760755154
13.200000000000001,-0.0003856409890678047,0.0009377429307253284,-1.379077356769048,1.7625152968207454,-0.0004462181317353834,0.0013945896926439122,2.5468488642837826e-12,2.378318897135526e-13,0,0.5999999999979452,4.1096015479524795e-12,79.79645340119156,6.283185307158069,-0.003125795069637116,0.7731274702426695
13.22,-0.0003860883762161926,0.0009400392179901406,-1.373827213884173,1.7677654397056202,-0.00045844503382955367,0.001393427172176803,2.5517055662980007e-12,2.469369967617973e-13,0,0.5999999999980258,3.948397164776907e-12,79.92211710733473,6.283185307158912,0.012031585787843191,0.7428127085277089
13.24,-0.0003865652712199462,0.0009423914945206033,-1.37125766047948,1.7703349931103132,-0.0004697593888174208,0.0013923778234460294,2.5567071611527137e-12,2.522205525334781e-13,0,0.5999999999981032,3.79363207514416e-12,80.04778081347791,6.283185307159723,0.02659463724091987,0.7136866056215555
13.26,-0.00038705373698295285,0.0009447663743961747,-1.3714009695969607,1.7701916839928327,-0.00048001187317857905,0.0013916033500068533,2.561773794853526e-12,2.5340038107570847e-13,0,0.5999999999981775,3.644862189844389e-12,80.17344451962111,6.283185307160502,0.04058666327886784,0.6857025535456596
13.280000000000001,-0.00038753456340679467,0.0009471297745067518,-1.3742505010170385,1.7673421525727546,-0.0004890657656928661,0.001391255998831892,2.5668223702016775e-12,2.504337413349468e-13,0,0.599999999998249,3.5018654642726688e-12,80.29910822576433,6.283185307161251,0.05403005412847256,0.6588157718464501
13.3,-0.0003879891715372567,0.0009494481440644666,-1.3797613617067255,1.7618312918830679,-0.0004967931456873958,0.0013914691555674233,2.571771306924211e-12,2.4351405469856824e-13,0,0.5999999999983177,3.3646418984289994e-12,80.42477193190756,6.28318530716197,0.06694632208316975,0.6329832359370557
13.32,-0.0003884014518042988,0.000951689740270254,-1.3878508074177374,1.7537418461720558,-0.0005030722363298268,0.001392348480253726,2.576545219866634e-12,2.3306579771718597e-13,0,0.5999999999983836,3.232747403103531e-12,80.5504356380508,6.283185307162661,0.0793561359273044,0.6081636082487865
13.34,-0.00038875936585400467,0.0009538260913062163,-1.3983985077756345,1.7431941458141589,-0.0005077866063382602,0.0013939639979767989,2.5810794634733386e-12,2.1973533648049592e-13,0,0.599999999998447,3.105959933691338e-12,80.67609934419406,6.283185307163325,0.09127935401059528,0.5843171720822047
13.36,-0.00038905613148196945,0.0009558337116269497,-1.4112469419398967,1.7303457116498961,-0.0005108266806126619,0.0013963436686109242,2.5853244200893137e-12,2.0437314221647135e-13,0,0.5999999999985078,2.9842794901924208e-12,80.80176305033733,6.283185307163962,0.10273505602573113,0.561405768051933
13.38,-0.00038929080939257904,0.000957696017426964,-1.4262022630950457,1.715390390494747,-0.0005120936741862476,0.0013994690477035303,2.589249305227197e-12,1.880019408697249e-13,0,0.5999999999985663,2.8672619833969293e-12,80.92742675648061,6.283185307164574,0.11374157353994968,0.5393927330234959
13.4,-0.0003894681411712025,0.0009594052543636797,-1.4430359578259404,1.6985566957638527,-0.0005115056855046592,0.0014032736615428288,2.5928451589354257e-12,1.7888507130822007e-13,0,0.5999999999986225,2.7549074133048634e-12,81.05309046262391,6.283185307165163,0.12431651932945592,0.26240843721691276
13.42,-0.0003895898070932795,0.0009609972903437946,-1.461474089374723,1.6801185642150704,-0.000509353171720053,0.001407390050681885,2.5962541392089906e-12,1.6248556152731859e-13,0,0.5999999999986765,2.6469937353112982e-12,81.17875416876723,6.283185307165729,0.1294611103266747,0.2521192552224752
13.44,-0.00038967305144967215,0.0009624457143330308,-1.4812363683921503,1.6603562851976426,-0.0005052681617104296,0.001411945785833664,2.5993569693135447e-12,1.4855564681871008e-13,0,0.5999999999987283,2.5432989048113086e-12,81.30441787491054,6.283185307166272,0.13440397902556062,0.24223351782470337
13.46,-0.00038973195863393416,0.0009637756366578392,-1.502014299102939,1.6395783544868543,-0.0004992665325378686,0.0014167663901228356,2.602214081632416e-12,1.3815479981145608e-13,0,0.5999999999987782,2.4436008771999695e-12,81.43008158105387,6.283185307166794,0.13915303507056678,0.23273540573469104
13.48,-0.000389779025638458,0.0009650224450196926,-1.5234803361998357,1.6181123173899579,-0.0004914085440382608,0.0014216545370068915,2.6049050717497857e-12,1.3211647351619114e-13,0,0.5999999999988261,2.347677607872356e-12,81.55574528719721,6.283185307167296,0.1437158779645512,0.22360971994672219
13.5,-0.00038982284889418965,0.0009662292483501811,-1.545294350315536,1.5962983032742573,-0.00048180206937569256,0.001426403202211574,2.6075232885834075e-12,1.309646625387393e-13,0,0.5999999999988722,2.255529096828468e-12,81.68140899334057,6.283185307167778,0.14809980922960267,0.21484185741661926
13.52,-0.0003898665182081699,0.000967443247118218,-1.5671106624390778,1.5744819911507157,-0.00047060249927080187,0.0014308098864949498,2.6101690091644473e-12,1.3485885658207244e-13,0,0.5999999999989164,2.1671553440683056e-12,81.80707269948392,6.283185307168241,0.1523118440910338,0.20641778769375702
13.540000000000001,-0.0003899070547124517,0.000968711504308804,-1.5885852803160023,1.5530073732737906,-0.0004580090444771431,0.0014346906727225788,2.612941875734889e-12,1.4357698482410276e-13,0,0.5999999999989589,2.0821122603820186e-12,81.9327364056273,6.283185307168686,0.15635872270323825,0.1983240304693481
13.56,-0.0003899360128827763,0.0009700767322964952,-1.6093829550032708,1.532209698586522,-0.00044425764750142963,0.001437892888712319,2.615933403788303e-12,1.565393924585866e-13,0,0.5999999999989998,2.000399845769607e-12,82.05840011177068,6.283185307169114,0.16024692093537568,0.19054763400507324
13.58,-0.00038994111567011567,0.0009715737064865096,-1.6291836984944443,1.5124089550953492,-0.0004296111730965141,0.0014403053133309428,2.6192203560175487e-12,1.7286948326320923e-13,0,0.599999999999039,1.922018100231071e-12,82.18406381791407,6.283185307169524,0.16398266073414408,0.18307615440753644
13.6,-0.0003899085789991512,0.0009732267684675307,-1.647688459311391,1.493904194278402,-0.0004143479055441629,0.0014418651567860694,2.6228596220958603e-12,1.6812146566224353e-13,0,0.5999999999990766,1.8467449791614854e-12,82.30972752405746,6.283185307169918,0.16757192008022176,-0.642712370226422
13.620000000000001,-0.000389808615363875,0.0009749272371757746,-1.6646219328446477,1.476970720745145,-0.00040000272257649126,0.001442450407963739,2.626390242103775e-12,1.8524697974114306e-13,0,0.5999999999991128,1.7743584379559252e-12,82.43539123020086,6.283185307170298,0.15497136383006288,-0.6175112577261043
13.64,-0.000389660840700601,0.0009767889974660604,-1.6796894465469558,1.4619032070428375,-0.00038553989940900334,0.0014424426869764785,2.6302724281933583e-12,2.0296073567713351e-13,0,0.5999999999991475,1.7048584766143904e-12,82.56105493634428,6.283185307170662,0.14286488245746543,-0.5932982949809094
13.66,-0.0003894594328886196,0.0009788064148805854,-1.6926637050552393,1.4489289485345536,-0.0003712090931136537,0.0014419158093836196,2.634505417674554e-12,2.2003139434829543e-13,0,0.599999999999181,1.638023050531956e-12,82.68671864248769,6.283185307171012,0.13123310300937951,-0.5700347360847375
13.68,-0.00038920381026566757,0.0009809642852290725,-1.7033525984712412,1.438240055118552,-0.0003572410405074142,0.001440979482211344,2.6390648559956957e-12,2.3534751256206963e-13,0,0.599999999999213,1.573852159708622e-12,82.81238234863112,6.2831853071713475,0.12005741215710952,-0.5476833543801976
13.700000000000001,-0.00038889904688165313,0.0009832398006478357,-1.7116008346504266,1.4299918189393663,-0.0003438443503606013,0.0014397724241892492,2.643905793555324e-12,2.4797178569515514e-13,0,0.5999999999992439,1.5121237595394632e-12,82.93804605477455,6.28318530717167,0.10931992641101729,-0.5262083828880131
13.72,-0.0003885555024875466,0.0009856045557230736,-1.7172905364509368,1.424302117138856,-0.00033120498825865734,0.0014384540246156847,2.6489665472075536e-12,2.571740692936248e-13,0,0.5999999999992736,1.4528378500244798e-12,83.06370976091799,6.283185307171981,0.09900346350312328,-0.5055754570722251
13.74,-0.0003881878036380882,0.0009880263721186947,-1.7203411771461854,1.421251476443608,-0.0003194880850303127,0.0014371950971278774,2.6541730415633256e-12,2.6244777668748216e-13,0,0.5999999999993021,1.3957723865587468e-12,83.18937346706143,6.283185307172279,0.08909151489181202,-0.48575155984960255
13.76,-0.00038781335449604464,0.0009904708597192771,-1.720709265490301,1.420883388099492,-0.00030884139255700103,0.0014361681842816527,2.6594433577040296e-12,2.635157837860516e-13,0,0.5999999999993294,1.341149413747189e-12,83.31503717320487,6.283185307172566,0.07956821934464364,-0.4667049687552658
13.780000000000001,-0.000387450561196743,0.0009929027575841807,-1.7183881404521784,1.4232045131376143,-0.0002993995132835375,0.0014355377653258823,2.6646923394296162e-12,2.6033148846527036e-13,0,0.5999999999993557,1.2885248423799567e-12,83.44070087934833,6.283185307172841,0.07041833755699792,-0.44840520517997434
13.8,-0.00038711694443575753,0.0009952871845187931,-1.7134081047616716,1.4281845488281215,-0.0002912879550753401,0.0014354506591944234,2.6698362023530914e-12,2.416297112640888e-13,0,0.599999999999381,1.2378986724570495e-12,83.56636458549178,6.283185307173106,0.06162722776593571,-0.6937015673989716
13.82,-0.00038682964249013433,0.0009975376497034637,-1.7058058954420354,1.4357867581477581,-0.00028497573006098544,0.0014362681926750327,2.6745763579564956e-12,2.3156795273006106e-13,0,0.5999999999994053,1.1892709039784677e-12,83.69202829163525,6.28318530717336,0.048027014006622626,-0.6665011398803454
13.84,-0.0003865937551468666,0.0009996813915125007,-1.6957005517408164,1.445892101848977,-0.00028022085994682786,0.001437851100301978,2.6790842863532045e-12,2.1859269898039321e-13,0,0.5999999999994287,1.1426415369442111e-12,83.81769199777872,6.283185307173604,0.03496007225646053,-0.6403672563800212
13.86,-0.0003864139477994174,0.0010016941020386328,-1.6832428197105942,1.4583498338791987,-0.0002771367036010353,0.0014402291990347309,2.683309662465425e-12,2.0354814526469275e-13,0,0.5999999999994511,1.0977885267493548e-12,83.9433557039222,6.283185307173839,0.022405492620886203,-0.6152580971088726
13.88,-0.000386289195587727,0.001003558664300537,-1.6686228581878653,1.4729697954019283,-0.00027582598803943515,0.0014433854095860562,2.6872209442824255e-12,1.8745822162608455e-13,0,0.5999999999994726,1.0547118733938987e-12,84.06901941006568,6.283185307174064,0.010343185094029539,-0.5911334820551593
13.9,-0.00038621307007092595,0.0010052671622440912,-1.6520689138852924,1.4895237397045005,-0.00027637449298617474,0.0014472538254963138,2.690808508609701e-12,1.7147541207525711e-13,0,0.5999999999994933,1.0134115768778429e-12,84.19468311620916,6.28318530717428,-0.0012461525895818837,-0.5679548066879364
13.92,-0.00038617486846478786,0.0010068225494721198,-1.6338447572766743,1.507747896313119,-0.0002788431763322906,0.001451721069217922,2.6940865498208313e-12,1.5680833653695027e-13,0,0.5999999999995131,9.736655925962623e-13,84.32034682235265,6.283185307174488,-0.012381065842765826,-0.5456849801815685
13.94,-0.00038616150984134383,0.0010082395842611544,-1.6142457184781127,1.5273469351116802,-0.00028325971786434946,0.0014566312588719349,2.6970933332611615e-12,1.4463100984740653e-13,0,0.5999999999995322,9.35473920549157e-13,84.44601052849615,6.283185307174689,-0.023079372902302164,-0.5242883660624958
13.96,-0.0003861599518862153,0.001009544666919137,-1.5935933319042097,1.5479993216855839,-0.00028961066660580207,0.0014617945488840385,2.699889504946223e-12,1.359818453710844e-13,0,0.5999999999995506,8.988365607365267e-13,84.57167423463964,6.283185307174881,-0.03335819334191342,-0.5037307251832733
13.98,-0.000386159727424238,0.001010774355640736,-1.5722287656683056,1.5693638879214875,-0.00029783541153277594,0.001466998784364243,2.7025543679050297e-12,1.3166482020238024e-13,0,0.5999999999995682,8.635314685534468e-13,84.69733794078314,6.283185307175065,-0.04323397546723498,-0.4839791609326302
14.0,-0.0003861551162095507,0.001011972570881088,-1.5505053513054043,1.5910873022843885,-0.0003078230331134329,0.0014720234007577025,2.705180312259928e-12,1.316358330886583e-13,0,0.5999999999995851,8.29780688604842e-13,84.82300164692664,6.283185307175242,-0.05272252263661323,0.18660894723119442
14.02,-0.0003861887827962907,0.0010131749963733232,-1.5287816581470923,1.6128109954427003,-0.0003184335954078271,0.0014761782883189643,2.7078140611494878e-12,1.3305853825343343e-13,0,0.5999999999996014,7.971401316808624e-13,84.94866535307015,6.283185307175413,-0.0490640018965484,0.17929190575106477
14.040000000000001,-0.00038621926993030514,0.0010144201478679332,-1.5074157301934064,1.634176923396387,-0.0003304449910586653,0.0014799096896344365,2.710528363790371e-12,1.3959905495379472e-13,0,0.5999999999996171,7.65831842386433e-13,85.07432905921367,6.283185307175577,-0.04554893380657436,0.1722617695711167
14.06,-0.0003862559880199527,0.0010157527107681828,-1.486758005490334,1.6548346480994596,-0.0003436249463303856,0.0014830718452764394,2.713420954790121e-12,1.5070546007061083e-13,0,0.599999999999632,7.358558207215538e-13,85.19999276535718,6.283185307175734,-0.042171693507825986,0.16550728897361994
14.08,-0.00038631272924332863,0.001017209288285571,-1.4671440824762787,1.6744485711135146,-0.00035771442728229757,0.001485556310251124,2.716575112758366e-12,1.6550328597685722e-13,0,0.5999999999996465,7.069900220812997e-13,85.3256564715007,6.283185307175885,-0.03892687669530891,0.15901765534858578
14.1,-0.0003864051666336705,0.0010188157537403915,-1.4488875023864485,1.692705151203345,-0.00037243860088702287,0.0014872992289059518,2.720054045329405e-12,1.8288490359140092e-13,0,0.5999999999996604,6.792344464656708e-13,85.4513201776442,6.28318530717603,-0.03580929096985859,0.15278248389768515
14.120000000000001,-0.00038654808716287795,0.0010205859903960161,-1.4322737463949622,1.709318907194831,-0.00038751833242842967,0.0014882851121574684,2.7238972539751794e-12,2.016141242657568e-13,0,0.5999999999996737,6.52589093874667e-13,85.57698388378773,6.283185307176169,-0.03281394752919389,0.14679179701635575
14.14,-0.00038675286131639253,0.0010225219770000514,-1.4175557020605625,1.7240369515292304,-0.0004026809814511311,0.0014885470438038215,2.7281190239655607e-12,2.2043041325941265e-13,0,0.5999999999996865,6.270539643082884e-13,85.70264758993126,6.2831853071763035,-0.029936053184769065,0.1410360083275061
14.16,-0.00038702554174254675,0.0010246149441824155,-1.4049506883049103,1.7366419652848828,-0.0004176694000991751,0.0014881635970401554,2.7327088926120458e-12,2.381398352888597e-13,0,0.5999999999996988,6.024070131616099e-13,85.82831129607479,6.283185307176432,-0.0271710026916495,0.13550590734126697
14.18,-0.0003873658106916146,0.0010268471986881525,-1.3946389525800924,1.7469537010097005,-0.0004322483358084767,0.0014872530099392606,2.7376337372270587e-12,2.5368480825109817e-13,0,0.5999999999997105,5.788702850395566e-13,85.95397500221831,6.283185307176556,-0.024514371379137298,0.13019264471624256
14.200000000000001,-0.0003877668182951873,0.0010291942008598164,-1.3867633904856451,1.7548292631041482,-0.0004462078396561581,0.0014859653136301296,2.742841022286107e-12,2.374401911826442e-13,0,0.5999999999997219,5.562217353372034e-13,86.07963870836184,6.283185307176675,-0.021961908070354197,0.780055561377715
14.22,-0.0003881980234142306,0.0010314919311591624,-1.3814374824309104,1.7601551711588828,-0.0004584328511132702,0.0014847822370299428,2.7476901951061536e-12,2.4657855174318456e-13,0,0.5999999999997327,5.344613640545504e-13,86.20530241450538,6.283185307176789,-0.006668700043369391,0.7494691453237454
14.24,-0.0003886577355158844,0.0010338460819055225,-1.3787896688568837,1.7628029847329092,-0.00046974762247845795,0.0014837141784889846,2.7526850289825867e-12,2.5190485632012213e-13,0,0.5999999999997432,5.135891711915974e-13,86.33096612064892,6.2831853071768995,0.008024852719717146,0.7200820397975723
14.26,-0.000389128259591784,0.0010362231815808933,-1.3788541372450973,1.7627385163446956,-0.0004800026595162712,0.0014829229969438023,2.7577458260903235e-12,2.531334832980004e-13,0,0.5999999999997533,4.933831121434196e-13,86.45662982679247,6.283185307177004,0.022142263038118115,0.6918472191607704
14.280000000000001,-0.0003895906587457589,0.0010385890178522172,-1.381626169507918,1.7599664840818754,-0.0004890609833191565,0.0014825611734646266,2.7627895745718447e-12,2.5021814904446125e-13,0,0.599999999999763,4.740652315149418e-13,86.582293532936,6.2831853071771055,0.035706121780217814,0.664719501676571
14.3,-0.0003900266474723954,0.0010409098829526236,-1.387062700215947,1.7545299533738463,-0.0004967943426277973,0.0014827623999914968,2.7677347104225196e-12,2.4334899503231584e-13,0,0.5999999999997723,4.554134847012392e-13,86.70795723907955,6.283185307177202,0.04873813401378113,0.6386554772094444
14.32,-0.0003904204212231924,0.0010431538671084827,-1.3950826222017376,1.7465100313880555,-0.0005030805696119663,0.0014836326953312413,2.7725058042078777e-12,2.329477948246565e-13,0,0.5999999999997812,4.376499163072367e-13,86.83362094522309,6.2831853071772965,0.06125915373869262,0.6136134377596214
14.34,-0.00039076024979413853,0.0010452923399676278,-1.4055669615482793,1.7360256920415136,-0.0005078027943887837,0.0014852424644906746,2.7770381198013756e-12,2.1965904305023708e-13,0,0.5999999999997897,4.205524817280093e-13,86.95928465136663,6.283185307177387,0.07328921725780552,0.5895533107213956
14.36,-0.00039103965199739144,0.00104730168385714,-1.4183591909171978,1.7232334626725958,-0.0005108509712060691,0.001487620028311946,2.781281921278528e-12,2.0433234264691095e-13,0,0.5999999999997979,4.04121180963557e-13,87.08494835751019,6.283185307177473,0.08484757523930081,0.566436594758405
14.38,-0.00039125796872148,0.001049165225295512,-1.4332660243123276,1.7083266292774653,-0.0005121258327719341,0.0014907472397324034,2.785206299138938e-12,1.879906101653869e-13,0,0.5999999999998058,3.8835601401387976e-13,87.21061206365374,6.283185307177556,0.09595272352186346,0.5442262981932797
14.4,-0.00039142018309095105,0.0010508751748716507,-1.4500590266668094,1.6915336269229835,-0.0005115450097187604,0.0014945578153873055,2.7888021823277657e-12,1.7882922646129242e-13,0,0.5999999999998135,3.730349362740526e-13,87.3362757697973,6.283185307177635,0.1066224327119702,0.2697043350884073
14.42,-0.0003915277557615014,0.0010524671198023083,-1.46846274812914,1.6731299054606534,-0.0005093954574452195,0.0014986861626841027,2.7922104184689225e-12,1.6246630849787417e-13,0,0.5999999999998208,3.5837999234900053e-13,87.46193947594085,6.283185307177712,0.11191006183290331,0.2591290768465411
14.44,-0.00039159849585462364,0.0010539150755764946,-1.4881974588440443,1.653395194745749,-0.0005053119343385337,0.001503257700196008,2.795313214492055e-12,1.4857135935244544e-13,0,0.5999999999998278,3.4439118223872356e-13,87.58760318208441,6.283185307177785,0.11699036005045012,0.24896848041144745
14.46,-0.0003916464876767713,0.0010552442861338437,-1.5089532843363234,1.6326393692534698,-0.0004993100537674794,0.001508097547094879,2.7981709917199174e-12,1.3820590442952757e-13,0,0.5999999999998346,3.3084646133829665e-13,87.71326688822796,6.283185307177855,0.12187145692561346,0.23920628666112076
14.48,-0.00039168411298722293,0.0010564902997634161,-1.5304009557296294,1.6111916978601641,-0.0004914499676667835,0.0015130078358853178,2.8008633707926708e-12,1.322048428465607e-13,0,0.599999999999841,3.1796787425264483e-13,87.83893059437152,6.283185307177923,0.1265611632547498,0.22982687400284807
14.5,-0.0003917197382771501,0.0010576963857548735,-1.5521983948089266,1.5893942587808665,-0.0004818396123310311,0.0015177809034376958,2.803483745474223e-12,1.3109262679267921e-13,0,0.5999999999998472,3.055333763768431e-13,87.96459430051507,6.283185307177988,0.13106698356850982,0.22081523337532805
14.52,-0.00039175612348198337,0.0010589098764166131,-1.5739978886790211,1.5675947649107718,-0.00047063461121416093,0.0015222135658506388,2.80613243517018e-12,1.350280211204916e-13,0,0.5999999999998532,2.935429677108914e-13,88.09025800665863,6.283185307178051,0.13539612814068847,0.21215694423097076
14.540000000000001,-0.0003917898883971203,0.0010601779144558791,-1.5954534733000303,1.5461391802897628,-0.0004580345579976468,0.0015261212323791223,2.8089090981829086e-12,1.437870889269889e-13,0,0.599999999999859,2.8199664825478976e-13,88.21592171280219,6.283185307178111,0.1395555245262013,0.2038381514599451
14.56,-0.00039181215302447813,0.0010615432260087602,-1.6162281293001373,1.5253645242896559,-0.0004442758927187197,0.001529350620690667,2.8119052191036053e-12,1.567874375599112e-13,0,0.5999999999998645,2.708944180085382e-13,88.34158541894575,6.283185307178169,0.14355182864665036,0.19584554321904696
14.58,-0.00039181021471537165,0.0010630405330725801,-1.6360004175002991,1.5055922360894938,-0.0004296220452643685,0.001531790002746065,2.8151974693964052e-12,1.7314930004203647e-13,0,0.5999999999998699,2.602362769721367e-13,88.46724912508932,6.283185307178225,0.14739143544121874,0.1881663296299102
14.6,-0.0003917699114702924,0.0010646940679709333,-1.6544702408574996,1.487122412732294,-0.0004143518810854522,0.0015333762067795537,2.8188425836063203e-12,1.6839008591202785e-13,0,0.599999999999875,2.5002222514558525e-13,88.5929128312329,6.283185307178278,0.15108048909993754,-0.6368566344502873
14.620000000000001,-0.0003916613478548689,0.0010663947697125975,-1.6713660492863953,1.4702266043033978,-0.00039999983464326173,0.0015339851667604404,2.822378819570587e-12,1.855374885713345e-13,0,0.5999999999998799,2.402522625288839e-13,88.71857653737646,6.2831853071783295,0.13859473619175772,-0.6118851286339276
14.64,-0.00039150393538451097,0.001068256719148342,-1.686389077971398,1.4552035756183948,-0.0003855313837178485,0.0015340000720298172,2.8262669556676074e-12,2.032623150184731e-13,0,0.5999999999998845,2.3092638912203256e-13,88.84424024352003,6.283185307178378,0.12659855665771313,-0.5878927695658385
14.66,-0.00039129171284240266,0.0010702741500920336,-1.6993122188331062,1.4422804347566869,-0.0003711965536818208,0.0015334946460215221,2.8305059975462995e-12,2.2033196189258316e-13,0,0.5999999999998891,2.2182256032010628e-13,88.9699039496636,6.283185307178425,0.11507275405122785,-0.5648411643528679
14.68,-0.00039102405689998653,0.001072431750999955,-1.7099439919679156,1.4316486616218773,-0.0003572263404617476,0.0015325785578436718,2.8350713446762086e-12,2.3563483996343973e-13,0,0.5999999999998934,2.1316282072803006e-13,89.09556765580717,6.283185307178471,0.10399888462916246,-0.5426934255087371
14.700000000000001,-0.0003907060863545846,0.0010747066472584902,-1.7181301096760044,1.4234625439137885,-0.0003438294976314462,0.001531390503990728,2.8399178099123745e-12,2.4823461116613747e-13,0,0.5999999999998976,2.0472512574087887e-13,89.22123136195074,6.283185307178515,0.09335922783789019,-0.5214141119261926
14.72,-0.00039034827661732334,0.0010770704157987106,-1.7237539907551405,1.4178386628346527,-0.000331192026092272,0.001530089832032644,2.8449835019799855e-12,2.574030514077403e-13,0,0.5999999999999016,1.9673151996357774e-13,89.34689506809431,6.283185307178557,0.0831367579566305,-0.5009691721636732
14.74,-0.00038996542449016615,0.0010794909106447799,-1.7267366072158876,1.414856046373906,-0.0003194789929756784,0.001528847266543443,2.850194183465708e-12,2.626361925232532e-13,0,0.5999999999999055,1.8895995879120164e-13,89.47255877423788,6.283185307178597,0.07331511685266351,-0.4813258899557392
14.76,-0.0003895751443385767,0.001081933818706965,-1.727036080888527,1.4145565727012661,-0.0003088379996770913,0.0015278351956092206,2.8554678305508356e-12,2.6365992704315935e-13,0,0.5999999999999092,1.816324868286756e-13,89.59822248038145,6.283185307178636,0.06387858780482766,-0.4624528318600675
14.780000000000001,-0.0003891960806493147,0.0010843639908393711,-1.7246473925213863,1.416945261068407,-0.00029940342273106544,0.0015272178715369136,2.8607192441279033e-12,2.6043075904797267e-13,0,0.5999999999999127,1.745270594710746e-13,89.72388618652502,6.283185307178673,0.054812070353412845,-0.4443197969572379
14.8,-0.00038884601151704305,0.0010867466795726065,-1.719602432411197,1.4219902211785964,-0.00029130047825303806,0.0015271418182353704,2.8658646576615035e-12,2.4179104051467344e-13,0,0.5999999999999162,1.6764367671839864e-13,89.84954989266859,6.283185307178709,0.046101056136203244,-0.6874265347376071
14.82,-0.00038854273966289644,0.0010889960835351313,-1.7119415122933745,1.4296511412964188,-0.0002849942901600662,0.001527965180768312,2.870607615161989e-12,2.316877470794824e-13,0,0.5999999999999195,1.609823385706477e-13,89.97521359881216,6.2831853071787425,0.03262386615188495,-0.6604721547689705
14.84,-0.00038829127354575584,0.0010911389848217699,-1.7017827972002126,1.43980985638958,-0.00028024598271190115,0.0015295510208339748,2.875117555565244e-12,2.1867532791870249e-13,0,0.5999999999999226,1.5476508963274682e-13,90.10087730495573,6.283185307178775,0.019675124345502504,-0.6345746711562056
14.86,-0.0003880965452476356,0.0010931511723007664,-1.689277898028064,1.452314755561729,-0.0002771684491046114,0.0015319289149259752,2.8793442504197584e-12,2.0359866693242302e-13,0,0.5999999999999256,1.4876988529977098e-13,90.2265410110993,6.283185307178807,0.007234109967620028,-0.6096926424004406
14.88,-0.0003879577765340497,0.0010950155891353756,-1.6746174645298186,1.4669751890599745,-0.00027586394453972974,0.0015350815975665847,2.883256258647434e-12,1.874814380088981e-13,0,0.5999999999999285,1.4299672557172016e-13,90.35220471724287,6.2831853071788375,-0.004719085258991618,-0.5857862519472173
14.9,-0.0003878687495951073,0.0010967243327931597,-1.6580298133728861,1.4835628402169068,-0.00027641779813712897,0.0015389430670757274,2.886844043828761e-12,1.7147500441058792e-13,0,0.5999999999999313,1.3744561044859438e-13,90.47786842338645,6.283185307178867,-0.016203588996846097,-0.5628172444715084
14.92,-0.00038781891764988084,0.0010982803193038714,-1.6397783423280308,1.5018143112617626,-0.0002788905699477038,0.001543399971278044,2.8901218576055776e-12,1.5678623296849287e-13,0,0.5999999999999339,1.3211653993039363e-13,90.60353212953004,6.283185307178895,-0.02723777890208201,-0.5407488646610366
14.94,-0.00038779528193716586,0.0010996982212435023,-1.6201575766819099,1.521435076907883,-0.00028330962765003636,0.0015482965911919819,2.893127983838704e-12,1.4458712241400073e-13,0,0.5999999999999365,1.270095140171179e-13,90.72919583567362,6.283185307178922,-0.037839312032633854,-0.5195457983999329
14.96,-0.00038778479215546016,0.0011010043164789611,-1.5994878603032334,1.5421047932865601,-0.0002896613240984888,0.0015534433818846912,2.895923047451978e-12,1.3591425813202359e-13,0,0.5999999999999389,1.2212453270876722e-13,90.8548595418172,6.283185307178948,-0.04802515310329156,-0.49917411625861746
14.98,-0.00038777687370051753,0.0011022350231051886,-1.5781088662236196,1.5634837873661738,-0.00029788499067030994,0.0015586286090591532,2.8985862991253485e-12,1.3157042181567287e-13,0,0.5999999999999414,1.1723955140041653e-13,90.98052324796079,6.283185307178973,-0.057811601632863474,-0.4796012191994736
15.0,-0.00038776560085347503,0.0011034341277958324,-1.55637223601899,1.5852204175708033,-0.0003078697994503759,0.0015636322149262668,2.901210061790315e-12,1.3153030187475805e-13,0,0.5999999999999437,1.1257661469699087e-13,91.10618695410437,6.2831853071789965,-0.06721431802688396,0.19212499915739506
15.02,-0.0003877928226923365,0.0011046374819344154,-1.534635168392574,1.6069574851972188,-0.0003184751178128731,0.0015677652164272987,2.90384135044294e-12,1.3291745356681075e-13,0,0.5999999999999459,1.0813572259849025e-13,91.23185066024796,6.28318530717902,-0.06344765354197351,0.18459167018757416
15.040000000000001,-0.00038781742681000665,0.0011058832648217388,-1.5132543276739878,1.6283383259158057,-0.0003304800100582274,0.001571473950777797,2.906552461753396e-12,1.3942084725259562e-13,0,0.599999999999948,1.0391687510491465e-13,91.35751436639154,6.283185307179042,-0.059828682084041435,0.17735372727171
15.06,-0.000387848445235135,0.0011072161420767432,-1.4925785317288505,1.6490141218609429,-0.0003436526324394693,0.0015746131928632777,2.9094411186905163e-12,1.5049075408143587e-13,0,0.59999999999995,9.992007221626409e-14,91.48317807253513,6.283185307179064,-0.05635161252666661,0.17039958815696035
15.08,-0.0003878992964414005,0.0011086727599029192,-1.4729420399688518,1.6686506136209411,-0.00035773444725744876,0.001577074941741935,2.9125906397916734e-12,1.652555531263468e-13,0,0.599999999999952,9.592326932761353e-14,91.60884177867871,6.283185307179084,-0.05301088081674282,0.16371812473711278
15.1,-0.0003879853195246766,0.0011102790883126075,-1.454657422060174,1.6869352315296187,-0.00037245113585366847,0.0015787956764739689,2.9160643323755653e-12,1.826106126872079e-13,0,0.5999999999999539,9.214851104388799e-14,91.7345054848223,6.283185307179104,-0.04980114107080677,0.15729864524524068
15.120000000000001,-0.0003881210344369508,0.001112049142548701,-1.4380096054092035,1.7035830481805894,-0.0003875240504734314,0.0015797601319074586,2.9199018551622762e-12,2.0132238382646054e-13,0,0.5999999999999557,8.859579736508749e-14,91.86016919096588,6.283185307179123,-0.046717257020483946,0.15113087714459503
15.14,-0.00038831762750122774,0.001113985045250992,-1.4232513542910998,1.718341299298693,-0.00040268097338160507,0.0015800015195007247,2.924117696610205e-12,2.2013220124669492e-13,0,0.5999999999999575,8.504308368628699e-14,91.98583289710946,6.28318530717914,-0.043754293793363486,0.1452049506903541
15.16,-0.00038858105431765187,0.0011160781594413594,-1.410600273435509,1.7309923801542837,-0.00041766509075737287,0.001579598470001805,2.928701624800165e-12,2.378469786708802e-13,0,0.5999999999999591,8.171241461241152e-14,92.11149660325304,6.283185307179158,-0.040907510016149465,0.13951138313592606
15.18,-0.00038891098174213823,0.0011183108934430125,-1.4002372572758732,1.74135539631392,-0.00043224138405244066,0.0015786692411777555,2.9336207538577618e-12,2.5340889381798345e-13,0,0.5999999999999607,7.860379014346108e-14,92.23716030939663,6.283185307179175,-0.03817235022745208,0.1340410635585313
15.200000000000001,-0.00038930061439704575,0.0011206587656555117,-1.392306144580261,1.749286509009532,-0.0004462000381941158,0.0015773638788582202,2.938822769881875e-12,2.371635075841467e-13,0,0.5999999999999622,7.549516567451064e-14,92.36282401554021,6.283185307179191,-0.035544437588077515,0.7850496040346967
15.22,-0.00038972011804805205,0.0011229574825077462,-1.3869256968981671,1.7546669566916258,-0.00045842394226337096,0.0015761660785121694,2.9436666291100535e-12,2.4632585353866674e-13,0,0.5999999999999637,7.260858581048524e-14,92.4884877216838,6.283185307179206,-0.020153319954353988,0.7542673687672496
15.24,-0.0003901674048893184,0.0011253129231801166,-1.3842215372891662,1.757371116300627,-0.0004697392688732974,0.0015750846259883617,2.948656702543526e-12,2.5168290016384603e-13,0,0.5999999999999651,6.972200594645983e-14,92.61415142782738,6.28318530717922,-0.005365696675121323,0.7246921222087843
15.26,-0.00039062495468041714,0.00112769155511609,-1.3842292300232633,1.75736342356653,-0.00047999639835652827,0.0015742814913954043,2.953713403289804e-12,2.52946553140752e-13,0,0.5999999999999664,6.705747068735946e-14,92.73981513397096,6.2831853071792345,0.008842095601728495,0.6962765376550847
15.280000000000001,-0.00039107402814706686,0.0011300590738041196,-1.386945442069868,1.7546472115199254,-0.0004890581631425367,0.0015739093237111723,2.958753779556781e-12,2.5006798281801133e-13,0,0.5999999999999678,6.439293542825908e-14,92.86547884011455,6.283185307179249,0.02249279237499574,0.6689751441085502
15.3,-0.00039149655232565295,0.0011323816594825025,-1.3923284274671193,1.7492642261226736,-0.0004967960701615177,0.0015741020349862936,2.9636962777319072e-12,2.432349707490926e-13,0,0.599999999999969,6.195044477408373e-14,92.99114254625813,6.283185307179262,0.035608237671821585,0.6427442535148985
15.32,-0.00039187694376056307,0.0011346272832911549,-1.4002982632732708,1.7412943903165221,-0.0005030876656604107,0.0015749659022417034,2.9684654351940656e-12,2.3286734500887214e-13,0,0.5999999999999702,5.950795411990839e-14,93.11680625240172,6.2831853071792745,0.04820941900279185,0.617541890852958
15.34,-0.00039220369569060586,0.0011367672019438572,-1.4107369589101377,1.7308556946796552,-0.0005078157590783255,0.0015765716042728535,2.9729964493269734e-12,2.1960825562817052e-13,0,0.5999999999999714,5.706546346573305e-14,93.2424699585453,6.283185307179287,0.060316500946431484,0.5933277269656787
15.36,-0.0003924705452206144,0.001138777703916111,-1.423488709259151,1.7181039443306423,-0.0005108699606531938,0.0015789477223416652,2.977239497879407e-12,2.0430668900156795e-13,0,0.5999999999999726,5.484501741648273e-14,93.36813366468888,6.2831853071792985,0.07194885741683227,0.5700630140248771
15.38,-0.00039267703641521857,0.0011406420525174512,-1.4383606381733847,1.7032320154164085,-0.0005121506507362748,0.0015820763241670994,2.9811635804238623e-12,1.8798571642787258e-13,0,0.5999999999999737,5.262457136723242e-14,93.49379737083247,6.283185307179309,0.0831251026660485,0.5477105235264447
15.4,-0.00039282832753364844,0.0011423524345312319,-1.4551243712004522,1.6864682823893409,-0.0005115751184917122,0.0015858912640541306,2.984759545447064e-12,1.7879189476925075e-13,0,0.5999999999999747,5.062616992290714e-14,93.61946107697605,6.283185307179321,0.0938631210708718,0.2749615802360337
15.42,-0.00039292572685238543,0.0011439442331605788,-1.4735033799147723,1.6680892736750206,-0.0005094277956857944,0.001590028305860159,2.988167298580953e-12,1.6245486221909522e-13,0,0.5999999999999757,4.8627768478581856e-14,93.74512478311964,6.283185307179331,0.099253819957181,0.2641801824634153
15.44,-0.0003929874457671402,0.001145391776428779,-1.493218322694937,1.648374330894856,-0.0005053454013125239,0.0015946113060818362,2.991270114349464e-12,1.4858471067775567e-13,0,0.5999999999999767,4.6629367034256575e-14,93.87078848926322,6.283185307179341,0.10443314651679705,0.25382152934418317
15.46,-0.0003930275683591835,0.0011467204060503825,-1.5139583279439097,1.6276343256458832,-0.000499343358013153,0.001599465092643723,2.9941284081691042e-12,1.382444817140523e-13,0,0.5999999999999776,4.4853010194856324e-14,93.9964521954068,6.283185307179351,0.10940938877719729,0.2438690448233827
15.48,-0.0003930583927014684,0.00114796578722835,-1.5353928786100477,1.6061997749797454,-0.0004914817408955118,0.001604391407912899,2.9968218214661794e-12,1.3227014442409094e-13,0,0.5999999999999784,4.3076653355456074e-14,94.12211590155039,6.283185307179361,0.11419050978765333,0.23430680280247063
15.5,-0.0003930881185079914,0.00114917130551545,-1.5571784843035188,1.5844141692862745,-0.0004818685342353194,0.0016091821280672422,2.9994437834680415e-12,1.3118649310504052e-13,0,0.5999999999999793,4.1300296516055823e-14,94.24777960769397,6.28318530717937,0.11878416036180878,0.22511950165415973
15.52,-0.0003931192666250803,0.001150384388276695,-1.5789659581860453,1.5626266954037478,-0.0004706595329694714,0.0016136335756899392,3.0020946473220953e-12,1.3515176340495194e-13,0,0.5999999999999801,3.9745984281580604e-14,94.37344331383756,6.283185307179379,0.12319769132061334,0.2162924397365506
15.540000000000001,-0.00039314816615830945,0.00115165223496215,-1.6004079077914926,1.5411847457983008,-0.0004580546113403913,0.0016175606748237866,3.0048740857778615e-12,1.4394064796167423e-13,0,0.5999999999999809,3.8191672047105385e-14,94.49910701998114,6.283185307179387,0.12743816525520457,0.20781149186736814
15.56,-0.0003931656226637647,0.001153017580170235,-1.6211660323066555,1.5204266212831374,-0.0004442905728549421,0.001620809704069152,3.0078735633572986e-12,1.5696874103985609e-13,0,0.5999999999999817,3.6637359812630166e-14,94.62477072612472,6.283185307179395,0.13151236782856054,0.1996630867206562
15.58,-0.00039315862576368523,0.001154515105343055,-1.6409178438396745,1.5006748097501186,-0.0004296312594027904,0.0016232685710967296,3.0111696870885473e-12,1.7335394346679446e-13,0,0.5999999999999823,3.530509218307998e-14,94.7504344322683,6.283185307179402,0.13542681863400818,0.1918341851097609
15.6,-0.00039311274052895417,0.001156168961619434,-1.65936249192333,1.4822301616664628,-0.00041435595940609237,0.0016248738301156524,3.0148190800771245e-12,1.6858653297081538e-13,0,0.599999999999983,3.397282455352979e-14,94.87609813841189,6.2831853071794095,0.13918778162796358,-0.6326402237696621
15.620000000000001,-0.00039299799497559006,0.0011578698086088621,-1.6762311430606722,1.465361510529121,-0.00039999880878381,0.0016254999386162638,3.0183594243626688e-12,1.857500860011063e-13,0,0.5999999999999837,3.26405569239796e-14,95.00176184455547,6.283185307179417,0.12678469263355946,-0.6078340457808539
15.64,-0.00039283365132207807,0.0011597318703795774,-1.6912220754590277,1.4503705781307659,-0.00038552613622551467,0.001625531213619697,3.022251916562163e-12,2.0348321208881456e-13,0,0.5999999999999843,3.1308289294429414e-14,95.12742555069906,6.283185307179424,0.11486793571486958,-0.5840005319434741
15.66,-0.0003926136485195546,0.0011617492837315293,-1.7041083215357804,1.4374843320540123,-0.0003711882349077573,0.0016250413128677224,3.0264953940506543e-12,2.2055237676221713e-13,0,0.599999999999985,2.9976021664879227e-14,95.25308925684264,6.28318530717943,0.10341844151844698,-0.5611015435506289
15.68,-0.0003923373337955094,0.0011639066582289908,-1.714698861993678,1.4268937915961146,-0.00035721628920687274,0.001624139878492312,3.0310650774336683e-12,2.358458778362399e-13,0,0.5999999999999855,2.886579864025407e-14,95.37875296298623,6.283185307179436,0.09241788841088833,-0.5391004373355116
15.700000000000001,-0.0003920098587573594,0.0011661810702363765,-1.7228401397426205,1.4187525138471724,-0.00034381915834429426,0.0016229655908970768,3.035915606729342e-12,2.4842807542643855e-13,0,0.5999999999999861,2.7755575615628914e-14,95.50441666912981,6.2831853071794415,0.08184867316031169,-0.5179620068343583
15.72,-0.0003916417825589695,0.0011685440836183099,-1.7284165135860285,1.413176140003765,-0.00033118286980431236,0.0016216777671077536,3.0409849391212056e-12,2.575721365196289e-13,0,0.5999999999999867,2.6645352591003757e-14,95.6300803752734,6.283185307179447,0.07169388276743,-0.49765242604859494
15.74,-0.00039124802482700207,0.0011709635758650155,-1.7313500403704059,1.4102426132193875,-0.00031947244602757057,0.0016204470667173642,3.046198719050819e-12,2.627759891316074e-13,0,0.5999999999999872,2.55351295663786e-14,95.75574408141698,6.283185307179452,0.061937267401143775,-0.4781391953160225
15.76,-0.0003908463512688374,0.00117340528992394,-1.7316000074205733,1.4099926461692203,-0.00030883538144444627,0.0016194457654992139,3.0514748459025722e-12,2.6376770821457625e-13,0,0.5999999999999878,2.4424906541753444e-14,95.88140778756056,6.2831853071794574,0.0525632143953447,-0.45939108930442435
15.780000000000001,-0.0003904555777527711,0.001175834158023683,-1.7291625797288737,1.4124300738609197,-0.00029940589166515885,0.0016188379511727958,3.056728088597969e-12,2.605060427209495e-13,0,0.5999999999999882,2.353672812205332e-14,96.00707149370415,6.283185307179462,0.04355672326531887,-0.4413781070443727
15.8,-0.00039009366729882144,0.0011782155300682435,-1.724070790854788,1.417521862735005,-0.000291308984888001,0.0016187699340902044,3.061874692520063e-12,2.4191075639366246e-13,0,0.5999999999999887,2.2648549702353193e-14,96.13273519984773,6.283185307179467,0.03490338170377094,-0.682904619647108
15.82,-0.00038977889561870953,0.0011804641041138078,-1.7163675029450944,1.4252251506446987,-0.00028500699254553185,0.001619597569591429,3.0666197355382935e-12,2.3177724784292357e-13,0,0.5999999999999891,2.1760371282653068e-14,96.25839890599131,6.283185307179472,0.021514845132854676,-0.6561275465052755
15.84,-0.00038951620991999275,0.0011826063334402126,-1.7061702706506257,1.4354223829391675,-0.00028026327265621976,0.0016211855916213273,3.0711311862522255e-12,2.1873773262420656e-13,0,0.5999999999999895,2.0872192862952943e-14,96.3840626121349,6.283185307179476,0.008651280589813681,-0.6304004174191935
15.860000000000001,-0.0003893107339181309,0.0011846180779438648,-1.6936313243803331,1.44796132920946,-0.00027719038599562746,0.001623563403269758,3.0753588853134964e-12,2.0363759839027331e-13,0,0.59999999999999,1.9984014443252818e-14,96.50972631827848,6.2831853071794805,-0.0037078963729944014,-0.6056820634935773
15.88,-0.00038916186662447255,0.0011864823253979926,-1.6789416640674135,1.4626509895223796,-0.00027589025090129273,0.001626713604903172,3.0792714640413773e-12,1.8750034649793696e-13,0,0.5999999999999904,1.9095836023552692e-14,96.63539002442207,6.283185307179484,-0.015582463075475061,-0.581932930088616
15.9,-0.00038906354165094175,0.0011881911842371812,-1.6623296540226005,1.4792629995671929,-0.0002764478746417043,0.0016305701262934655,3.0828594485092393e-12,1.7147655043177313e-13,0,0.5999999999999908,1.84297022087776e-14,96.76105373056565,6.2831853071794885,-0.026991421357728307,-0.5591150135241095
15.92,-0.0003890053244249578,0.0011897475445670042,-1.6440584220734034,1.49753423151639,-0.0002789235328862397,0.0016350196335890269,3.0861371320033363e-12,1.5677183698210327e-13,0,0.5999999999999911,1.7763568394002505e-14,96.88671743670923,6.283185307179492,-0.037953027987046695,-0.5371918002654728
15.94,-0.0003889742753696993,0.0011911660182479249,-1.6244219139313332,1.51717073965846,-0.00028334436989417046,0.0016399065251557904,3.0891428126071727e-12,1.4455677834571621e-13,0,0.5999999999999914,1.709743457922741e-14,97.01238114285282,6.283185307179496,-0.04848482387263786,-0.5161282084942904
15.96,-0.0003889573386051261,0.0011924727957846899,-1.6037396177569698,1.537853035832823,-0.00028969659763378533,0.0016450414725961034,3.0919371014525794e-12,1.3586666781433526e-13,0,0.5999999999999918,1.6431300764452317e-14,97.1380448489964,6.283185307179499,-0.058603662134821766,-0.4958905319699226
15.98,-0.00038894386248811635,0.001193704194928854,-1.5823501329498544,1.5592425206399385,-0.0002979195053587684,0.0016502130445808611,3.094599213357645e-12,1.3150344469245504e-13,0,0.5999999999999921,1.5765166949677223e-14,97.26370855513998,6.283185307179503,-0.0683257350736185,-0.47644638609232914
16.0,-0.00038892777376752766,0.0011949039062098326,-1.5606038879529112,1.5809887656368815,-0.00030790232953157876,0.0016552015484883151,3.0972214249808008e-12,1.3145532577057867e-13,0,0.5999999999999924,1.509903313490213e-14,97.38937226128357,6.283185307179506,-0.07766660007988299,0.19610295552770757
16.02,-0.0003889503319613274,0.0011961078977093303,-1.5388570988353698,1.6027355547544229,-0.00031850392050836255,0.0016593188186084247,3.0998509627618755e-12,1.3281694294758463e-13,0,0.5999999999999928,1.4432899320127035e-14,97.51503596742715,6.28318530717951,-0.07382194664481877,0.18841364865757912
16.04,-0.0003889706765566446,0.001197354110237948,-1.5174654403476413,1.6241272132421516,-0.00033050419740568264,0.00166301125543298,3.102559799116985e-12,1.3929376890221187e-13,0,0.5999999999999931,1.3766765505351941e-14,97.64069967357074,6.283185307179513,-0.07012804422720836,0.1810258438223583
16.06,-0.00038899756758324085,0.0011986871940244143,-1.496776566137384,1.6448160874524094,-0.00034367162300222737,0.0016661340194873402,3.105445650328997e-12,1.503376284469707e-13,0,0.5999999999999933,1.3322676295501878e-14,97.76636337971432,6.283185307179516,-0.06657898179510906,0.1739277189581597
16.080000000000002,-0.00038904415459262056,0.001200143824720537,-1.4771237722990145,1.6644688812907784,-0.0003577480139632654,0.0016685794306799855,3.1085918647905464e-12,1.6507891919411614e-13,0,0.5999999999999935,1.2878587085651816e-14,97.8920270858579,6.283185307179519,-0.06316908009145578,0.16710791555085314
16.1,-0.0003891255360639866,0.0012017500402691686,-1.4588189279976793,1.6827737255921136,-0.00037245941945210495,0.0016702842102887822,3.1120618220714456e-12,1.824151370649094e-13,0,0.5999999999999938,1.2434497875801753e-14,98.01769079200149,6.283185307179521,-0.059892882546038195,0.16055552046001798
16.12,-0.0003892560392250497,0.0012035199492671936,-1.4421465593154021,1.699446094274391,-0.0003875275403583779,0.0016712332555632785,3.11589529402108e-12,2.011146083597014e-13,0,0.599999999999994,1.199040866595169e-14,98.14335449814507,6.283185307179524,-0.05674514654382422,0.15426004845559002
16.14,-0.00038944671714912643,0.0012054557764761486,-1.4273593379126315,1.7142333156771619,-0.0004026804619096197,0.0016714598708464123,3.1201069148708204e-12,2.199199961579132e-13,0,0.5999999999999942,1.1546319456101628e-14,98.26901820428866,6.283185307179526,-0.05372083503565747,0.14821142543925653
16.16,-0.0003897034548699292,0.0012075489790672742,-1.4146750697992678,1.7269175837905255,-0.0004176616098654904,0.0016710427289783625,3.1246866180628605e-12,2.376388159513036e-13,0,0.5999999999999944,1.1102230246251565e-14,98.39468191043224,6.283185307179528,-0.050815108477904034,0.14239997232374965
16.18,-0.0003900259075746551,0.001209782037683067,-1.4042751107354376,1.7373175428543552,-0.0004322361335373448,0.0016701001021904335,3.1296016873175785e-12,2.5321306971216533e-13,0,0.5999999999999946,1.0658141036401503e-14,98.52034561657582,6.283185307179529,-0.048023317088150094,0.13681638954424177
16.2,-0.00039040731875789855,0.0012121305120506088,-1.3963039746793755,1.745288678910418,-0.00044619431367871795,0.0016687820468250663,3.13479996738526e-12,2.3696690715523344e-13,0,0.5999999999999949,1.021405182655144e-14,98.64600932271941,6.283185307179532,-0.045340993404558105,0.7886513952712004
16.22,-0.0003908183659228947,0.0012144299119472752,-1.3908842356899909,1.7507084178998022,-0.0004584175514299991,0.0016675736777904014,3.13964005351445e-12,2.4614655776109126e-13,0,0.5999999999999951,9.769962616701378e-15,98.77167302886299,6.283185307179534,-0.029879261643614763,0.7577279317493137
16.240000000000002,-0.0003912566732317323,0.0012167862505154503,-1.3881394781895133,1.7534531754002796,-0.00046973341054423816,0.0016664826150882919,3.1446267524289794e-12,2.5152573573394723e-13,0,0.5999999999999953,9.325873406851315e-15,98.89733673500658,6.283185307179536,-0.015023793056694379,0.728016994575473
16.26,-0.0003917048465998459,0.0012191659515309922,-1.3881062575879435,1.7534863960018496,-0.0004799921796753294,0.0016656709085477353,3.149680556380263e-12,2.52814569408942e-13,0,0.5999999999999955,8.881784197001252e-15,99.02300044115016,6.283185307179537,-0.0007508157247221869,0.6994710399115286
16.28,-0.00039214428960549196,0.0012215346445255593,-1.3907822393636138,1.7508104142261791,-0.0004890565536986535,0.0016652913277745772,3.15471855613763e-12,2.499623971698115e-13,0,0.5999999999999958,8.43769498715119e-15,99.14866414729374,6.283185307179539,0.012962510161097174,0.6720443881398899
16.3,-0.0003925570830622745,0.001223858429595779,-1.3961266300886492,1.7454660235011437,-0.0004967978633524341,0.0016654779431737063,3.1596592048919185e-12,2.431553011354067e-13,0,0.5999999999999959,8.215650382226158e-15,99.27432785343733,6.283185307179542,0.02613812884784661,0.645693150766391
16.32,-0.0003929278035642669,0.0012261051926888377,-1.4040603629216823,1.7375322906681108,-0.0005030934465843842,0.001666337217741135,3.16442701543614e-12,2.328117080368896e-13,0,0.599999999999996,7.993605777301127e-15,99.39999155958091,6.283185307179544,0.038797124136373484,0.6203751601893372
16.34,-0.0003932451061420418,0.0012282461097995834,-1.4144661592553096,1.7271264943344837,-0.0005078258792374801,0.0016679400276470434,3.168957136587482e-12,2.1957380061749054e-13,0,0.5999999999999961,7.771561172376096e-15,99.5256552657245,6.283185307179545,0.05095975311986911,0.596049902222346
16.36,-0.00039350288597292236,0.0012302574024694746,-1.4271887379198562,1.714403915669937,-0.0005108845210036107,0.0016703151420397171,3.17319968329066e-12,2.0429012552089203e-13,0,0.5999999999999962,7.549516567451064e-15,99.65131897186808,6.283185307179546,0.06264547859953967,0.5726784512630049
16.38,-0.0003937008342409369,0.0012321222891902382,-1.4420355212219422,1.6995571323678504,-0.0005121694956974321,0.0016734447837133994,3.1771235891315804e-12,1.879838746115725e-13,0,0.5999999999999963,7.327471962526033e-15,99.77698267801166,6.283185307179548,0.07387300022924037,0.5502234080036035
16.4,-0.0003938442360081626,0.0012338329403586647,-1.4587781805739728,1.6828144730158208,-0.000511597844015573,0.0016772629064667369,3.180719644388136e-12,1.787664785424289e-13,0,0.5999999999999964,7.105427357601002e-15,99.90264638415525,6.283185307179549,0.08466028443891105,0.27875201600587296
16.42,-0.0003939342927809904,0.0012354245912174387,-1.4771394161343072,1.6644532374554863,-0.0005094521780193496,0.0016814062578741967,3.184127076692435e-12,1.6244785982941097e-13,0,0.5999999999999965,6.8833827526759706e-15,100.02831009029885,6.283185307179551,0.09012529588141649,0.2678219931208621
16.44,-0.0003939895034354715,0.0012368717977894906,-1.4968401583466993,1.644752495243094,-0.0005053706270529452,0.0016859975623970255,3.1872299295134632e-12,1.4859538169677333e-13,0,0.5999999999999966,6.661338147750939e-15,100.15397379644244,6.2831853071795525,0.09537602116022231,0.25732054256325043
16.46,-0.00039402395179205155,0.0012381999730530036,-1.5175688148420117,1.6240238387477817,-0.0004993684758691371,0.0016908614378795019,3.1900886150843766e-12,1.3827319792318652e-13,0,0.5999999999999968,6.439293542825908e-15,100.27963750258604,6.283185307179554,0.10042086255598909,0.24723085977171688
16.48,-0.000394049875244983,0.0012394448671118744,-1.538993965475271,1.6025986881145222,-0.0004915057446590035,0.0016957993452274783,3.19278279123726e-12,1.3231806344567722e-13,0,0.5999999999999969,6.217248937900877e-15,100.40530120872964,6.283185307179555,0.10526789289124026,0.23753679910121453
16.5,-0.0003940753527077904,0.0012406499496941201,-1.5607710976627458,1.5808215559270469,-0.0004818904535790416,0.0017006028282904237,3.195405914401862e-12,1.3125502555717303e-13,0,0.599999999999997,5.995204332975845e-15,100.53096491487324,6.283185307179556,0.10992486844860054,0.22822284798649398
16.52,-0.00039410273194508003,0.001241862716707972,-1.5825499575900523,1.5590426959997412,-0.0004706785231581535,0.0017050678537590728,3.1980583637160065e-12,1.352419347141644e-13,0,0.5999999999999971,5.773159728050814e-15,100.65662862101684,6.283185307179558,0.1143992413825028,0.21927410211868945
16.54,-0.000394128131734152,0.001243130408130382,-1.6039821190400072,1.5376105345497857,-0.00045807003231329243,0.0017090089959528093,3.2008398238344712e-12,1.4405248204925892e-13,0,0.5999999999999972,5.551115123125783e-15,100.78229232716043,6.283185307179559,0.1186981716442251,0.21067624159524487
16.56,-0.0003941421302472492,0.0012444957638917912,-1.6247283544120696,1.5168642991777235,-0.000444302049167936,0.001712272217238314,3.20384174594756e-12,1.5710078954745504e-13,0,0.5999999999999973,5.329070518200751e-15,100.90795603330403,6.2831853071795605,0.1228285384393402,0.20241550800501465
16.580000000000002,-0.0003941314947381909,0.0012459934351116417,-1.6444654182164338,1.497127235373359,-0.00042963871512110495,0.0017147451631648006,3.207140691299329e-12,1.735030520187771e-13,0,0.5999999999999974,5.10702591327572e-15,101.03361973944763,6.283185307179561,0.12679695123591223,0.1944786824118706
16.6,-0.0003940815932319053,0.0012476475131227595,-1.6628919168511054,1.4787007367386877,-0.00041435962570397924,0.0017163641910235184,3.210793202826713e-12,1.6872966698112595e-13,0,0.5999999999999975,4.884981308350689e-15,101.15928344559123,6.283185307179562,0.13060976034105554,-0.6296018809069464
16.62,-0.0003939623992462047,0.001249348453208996,-1.6797409810868726,1.4618516725029203,-0.00039999871240382743,0.001717002696090233,3.214336541144235e-12,1.8590506098231352e-13,0,0.5999999999999976,4.6629367034256575e-15,101.28494715173483,6.283185307179563,0.11826623891049876,-0.6049148380458328
16.64,-0.0003937930663144378,0.0012512105836857228,-1.694708753179942,1.4468839004098513,-0.00038552290930275827,0.0017170458067588962,3.218232209705492e-12,2.0364433907650569e-13,0,0.5999999999999978,4.440892098500626e-15,101.41061085787842,6.283185307179564,0.10640671387806938,-0.581195787980974
16.66,-0.0003935674616471826,0.001253227970330412,-1.7075683697572073,1.4340242838325858,-0.0003711827038936415,0.001716567133777249,3.22247892386851e-12,2.2071328520417529e-13,0,0.5999999999999979,4.218847493575595e-15,101.53627456402202,6.283185307179565,0.09501220747354866,-0.5584067751719326
16.68,-0.0003932849115638,0.0012553851650413373,-1.7181291470662126,1.4234635065235803,-0.000357209417311818,0.0017156763000151422,3.227051774447853e-12,2.360001118600584e-13,0,0.599999999999998,3.9968028886505635e-15,101.66193827016562,6.283185307179565,0.08406448605573164,-0.5365113323362986
16.7,-0.0003929505916292799,0.0012576592083685726,-1.7262380582921204,1.4153545952976732,-0.00034381198562024814,0.001714511974245679,3.2319052759913847e-12,2.4856968346462997e-13,0,0.5999999999999981,3.774758283725532e-15,101.78760197630922,6.283185307179565,0.07354603093471135,-0.515474422094258
16.72,-0.0003925751215802703,0.0012600216545818866,-1.7317801431169504,1.4098125104728432,-0.0003311764560608565,0.001713233451233595,3.236977275617639e-12,2.576961736959789e-13,0,0.5999999999999982,3.552713678800501e-15,101.91326568245282,6.283185307179565,0.06344001033823737,-0.49526238090131003
16.740000000000002,-0.00039217350966381414,0.0012624403981658253,-1.7346782429845111,1.4069144106052818,-0.00031946781949151234,0.0017120113433156067,3.242193331870258e-12,2.6287888239846293e-13,0,0.5999999999999983,3.3306690738754696e-15,102.03892938859642,6.283185307179565,0.053730252477289325,-0.47584286517941393
16.76,-0.000391763630618891,0.0012648812227396599,-1.7348924870524116,1.406700166537382,-0.0003088334940060963,0.001711017844783847,3.2474712881400605e-12,2.638474623341386e-13,0,0.5999999999999984,3.1086244689504383e-15,102.16459309474001,6.283185307179565,0.04440121966776417,-0.4571847995603636
16.78,-0.0003913644236616958,0.0012673091196131615,-1.732419894649262,1.4091727589405316,-0.0002994075801834342,0.0017104169241658838,3.2527258897498627e-12,2.6056228416753146e-13,0,0.5999999999999985,2.886579864025407e-15,102.29025680088361,6.283185307179565,0.035437983466866885,-0.43925832715856905
16.8,-0.0003909939848267734,0.0012696895094040867,-1.7272943231268936,1.4142983304628993,-0.0002913149375475631,0.0017103547373680647,3.257873390178907e-12,2.419988812564305e-13,0,0.5999999999999986,2.6645352591003757e-15,102.41592050702721,6.283185307179565,0.026826200784416998,-0.6796443868968229
16.82,-0.0003906709277576867,0.00127193745153491,-1.7195604599803787,1.4220321936094145,-0.00028501588921993755,0.0017111854906258664,3.262619971623884e-12,2.3184344069394394e-13,0,0.5999999999999986,2.6645352591003757e-15,102.54158421317081,6.283185307179565,0.01350158199081708,-0.6529951493096231
16.84,-0.0003904001578773056,0.0012740791622367481,-1.7093354299984287,1.432257223591364,-0.0002802754026129767,0.0017127751209907757,3.2671325429353875e-12,2.1878422638869094e-13,0,0.5999999999999986,2.6645352591003757e-15,102.6672479193144,6.283185307179565,0.0006994289731956926,-0.6273908432743803
16.86,-0.000390186936754083,0.0012760905532725759,-1.6967719082705803,1.4448207453192126,-0.00027720580049096647,0.0017151529064918696,3.271360994304078e-12,2.036669930811736e-13,0,0.5999999999999986,2.6645352591003757e-15,102.792911625458,6.283185307179565,-0.011600744444547006,-0.6027904964388949
16.88,-0.00039003079091632276,0.0012779546452273845,-1.6820611453125223,1.459531508277271,-0.00027590875996358084,0.0017183013508009497,3.2752740090631412e-12,1.8751512406379907e-13,0,0.5999999999999986,2.6645352591003757e-15,102.9185753316016,6.283185307179565,-0.023418621164056297,-0.5791547429998763
16.9,-0.0003899257629358336,0.001279663555072479,-1.665431538338704,1.476161115251089,-0.0002764690577492859,0.0017221543343217231,3.278862158315473e-12,1.714786328015163e-13,0,0.5999999999999986,2.6645352591003757e-15,103.0442390377452,6.283185307179565,-0.03477311230936492,-0.5564457607092591
16.92,-0.0003898614990106558,0.001281220154820568,-1.6471460198542915,1.4944466337355014,-0.00027894676569011154,0.0017265985364477035,3.2821397655637415e-12,1.567622642852514e-13,0,0.5999999999999986,2.6645352591003757e-15,103.1699027438888,6.283185307179565,-0.04568238748872605,-0.5346272103505368
16.94,-0.000389825102206458,0.0012826390131036878,-1.62749811794516,1.5140945356446327,-0.0002833688677406345,0.0017314784401379513,3.2851451396025913e-12,1.4453557604296535e-13,0,0.5999999999999986,2.6645352591003757e-15,103.2955664500324,6.283185307179565,-0.05616390386986275,-0.5136641775882634
16.96,-0.00038980351270578964,0.0012839462579023581,-1.606806705020409,1.5347859485693842,-0.0002897214745377195,0.0017366048730571083,3.287938882353985e-12,1.358329430287079e-13,0,0.5999999999999986,2.6645352591003757e-15,103.421230156176,6.283185307179565,-0.066234434115161,-0.49352311709766694
16.98,-0.00038978602351848364,0.001285178134954808,-1.5854096084151938,1.556183045174599,-0.0002979438446371284,0.001741766622246165,3.2906001837532424e-12,1.314557072107645e-13,0,0.5999999999999986,2.6645352591003757e-15,103.54689386231959,6.283185307179565,-0.0759100932215076,-0.47417179888497374
17.0,-0.0003897664553133342,0.0012863782656218903,-1.5636563844224318,1.5779362691673615,-0.0003079252600515476,0.0017467442583463015,3.2932212882192015e-12,1.3140183312754047e-13,0,0.5999999999999986,2.6645352591003757e-15,103.67255756846319,6.283185307179565,-0.08520636430772341,0.19897249810530665
17.02,-0.0003897856416369412,0.0012875826999605832,-1.5419025433326907,1.599690110257102,-0.0003185241905295737,0.0017508502077359506,3.295849575230632e-12,1.3274508478743938e-13,0,0.5999999999999986,2.6645352591003757e-15,103.79822127460679,6.283185307179565,-0.08130545268573722,0.19117067486133427
17.04,-0.00038980290529294447,0.001288829208940124,-1.5205030488925886,1.6210896046972048,-0.00033052117700172736,0.0017545309139763165,3.298556784392314e-12,1.3920285157769188e-13,0,0.5999999999999986,2.6645352591003757e-15,103.92388498075039,6.283185307179565,-0.07755749799626632,0.18367476548239248
17.06,-0.00038982681058301755,0.0012901624311129271,-1.4998047171678615,1.6417879364219319,-0.000343684901494419,0.00175764181592969,3.301440628059063e-12,1.5022806407573653e-13,0,0.5999999999999986,2.6645352591003757e-15,104.04954868689398,6.283185307179565,-0.07395650271220126,0.17647277491426236
17.080000000000002,-0.00038987031340016135,0.0012916190625686006,-1.480140150627808,1.6614525029619855,-0.0003577574344570264,0.0017600754652621238,3.304584476717412e-12,1.6495255801176132e-13,0,0.5999999999999986,2.6645352591003757e-15,104.17521239303758,6.283185307179565,-0.07049670447283424,0.1695531784355283
17.1,-0.0003899483387901246,0.0012932251893145695,-1.4618207132596523,1.6797719403301405,-0.00037246508874191095,0.0017617687584012829,3.308051762248215e-12,1.8227534627868527e-13,0,0.5999999999999986,2.6645352591003757e-15,104.30087609918118,6.283185307179565,-0.0671725668628526,0.16290490321556503
17.12,-0.00039007507490209075,0.0012949949863339109,-1.4451306406665643,1.696462012923229,-0.00038752981539846274,0.00176270671021129,3.3118823379666106e-12,2.0096609294968483e-13,0,0.5999999999999986,2.6645352591003757e-15,104.42653980532478,6.283185307179565,-0.0639787705528932,0.15651731059564622
17.14,-0.0003902614784833941,0.001296930751187457,-1.4303225358017948,1.7112701177879988,-0.0004026799171983242,0.0017629226924588256,3.316090942860983e-12,2.1976840888208462e-13,0,0.5999999999999986,2.6645352591003757e-15,104.55220351146838,6.283185307179565,-0.060910204787480535,0.1503801790648209
17.16,-0.0003905133833795254,0.0012990240082604437,-1.4176143473678557,1.7239783062219374,-0.0004176589920255392,0.0017624954086487093,3.3206676291008283e-12,2.374902380657152e-13,0,0.5999999999999986,2.6645352591003757e-15,104.67786721761198,6.283185307179565,-0.057961959206727684,0.1444836879033152
17.18,-0.000390830436075115,0.0013012572898666705,-1.4071877611668613,1.7344048924229316,-0.0004322323097969089,0.0017615431415790128,3.3255798021204007e-12,2.530734543017406e-13,0,0.5999999999999986,2.6645352591003757e-15,104.80353092375557,6.283185307179565,-0.055129315988712846,0.13881840146728552
17.2,-0.0003912059078877452,0.0013036061852561825,-1.399187775589351,1.7424048780004426,-0.0004461902200202549,0.0017602159551261527,3.33077542049466e-12,2.3682661548406994e-13,0,0.5999999999999986,2.6645352591003757e-15,104.92919462989917,6.283185307179565,-0.052407742299957705,0.791249689422098
17.22,-0.0003916108464361118,0.0013059060628676784,-1.3937397167086865,1.7478529368811069,-0.0004584130457327113,0.0017589999886884848,3.3356128155154822e-12,2.4601875188901014e-13,0,0.5999999999999986,2.6645352591003757e-15,105.05485833604277,6.283185307179565,-0.03689507025356242,0.7602243453293074
17.240000000000002,-0.00039204266733537793,0.0013082630320609713,-1.3909656949275768,1.7506269586622167,-0.0004697293574288777,0.0017579020197829864,3.340597110649218e-12,2.514138732796747e-13,0,0.5999999999999986,2.6645352591003757e-15,105.18052204218637,6.283185307179565,-0.02199065877835238,0.7304155223788873
17.26,-0.0003924840675561308,0.0013106434852984807,-1.390902979648582,1.7506896739412117,-0.0004799893770020689,0.0017570841554998449,3.345648854788742e-12,2.5272082905514317e-13,0,0.5999999999999986,2.6645352591003757e-15,105.30618574832997,6.283185307179565,-0.007670657636189848,0.7017755200945622
17.28,-0.00039291655388514293,0.001313013004811045,-1.3935499563853269,1.7480426972044665,-0.0004890556993345396,0.001756699252207678,3.3506851690108175e-12,2.4988763837529053e-13,0,0.5999999999999986,2.6645352591003757e-15,105.43184945447356,6.283185307179565,0.006087848229849091,0.6742585083624844
17.3,-0.00039332231830894326,0.0013153376332201072,-1.398866519271894,1.7427261343178992,-0.0004967995271405013,0.0017568814943266548,3.3556245110555657e-12,2.4309915886160585e-13,0,0.5999999999999986,2.6645352591003757e-15,105.55751316061716,6.283185307179565,0.01930687536445458,0.6478204540932734
17.32,-0.0003936860531728558,0.0013175851953885899,-1.4067742200433986,1.734818433546394,-0.0005030980470301289,0.0017577374788642361,3.3603913756445857e-12,2.327728073486382e-13,0,0.5999999999999986,2.6645352591003757e-15,105.68317686676076,6.283185307179565,0.032007577031251566,0.6224190507596794
17.34,-0.0003939965305391982,0.0013197268094738293,-1.4171562950972294,1.7244363584925635,-0.0005078336651392926,0.0017593382243116188,3.3649208762456398e-12,2.195500701270084e-13,0,0.5999999999999986,2.6645352591003757e-15,105.80884057290436,6.283185307179565,0.04421027706253439,0.5980136506971138
17.36,-0.00039424775993117953,0.0013217386491347148,-1.4298578428013953,1.711734810788398,-0.0005108955591600662,0.0017617126353735172,3.3691630822200047e-12,2.0427917917945522e-13,0,0.5999999999999986,2.6645352591003757e-15,105.93450427904796,6.283185307179565,0.05593450238173464,0.5745652000587133
17.38,-0.00039443953895128444,0.0013236039009411693,-1.4446865022366047,1.696906151353188,-0.0005121836665989323,0.001764843046786759,3.3730868793445884e-12,1.8798341797924074e-13,0,0.5999999999999986,2.6645352591003757e-15,106.06016798519155,6.283185307179565,0.06719901425066455,0.5520361763208534
17.400000000000002,-0.0003945772443770277,0.0013253147238818054,-1.4614139790178073,1.6801786745719856,-0.0005116148477751764,0.0017686634842164497,3.3766830158165655e-12,1.787489231824668e-13,0,0.5999999999999986,2.6645352591003757e-15,106.18583169133515,6.283185307179565,0.07802183829153836,0.28148571452527926
17.42,-0.00039466200233528626,0.0013269062460542296,-1.4797624202397484,1.6618302333500452,-0.0005094704022655946,0.0017728114076373466,3.3800902309002968e-12,1.6244345546354022e-13,0,0.5999999999999986,2.6645352591003757e-15,106.31149539747875,6.283185307179565,0.08354044466011099,0.270448501788134
17.44,-0.0003947125176695172,0.0013283531892891844,-1.4994529484463484,1.6421397051434443,-0.000505389474889656,0.001777408722096426,3.383193122226685e-12,1.486036172055265e-13,0,0.5999999999999986,2.6645352591003757e-15,106.43715910362235,6.283185307179565,0.0888426633778743,0.2598440643526074
17.46,-0.0003947428739555332,0.0013296810183568819,-1.5201734504953346,1.621419203094458,-0.0004993872507574338,0.0017822798938756227,3.3860521002927966e-12,1.382943741763961e-13,0,0.5999999999999986,2.6645352591003757e-15,106.56282280976595,6.283185307179565,0.09393697912597708,0.24965543285640182
17.48,-0.0003947652646470384,0.0013309255449019462,-1.5415918532981632,1.60000080029163,-0.0004915237106983749,0.0017872261807980018,3.3887468355002794e-12,1.3235305550183544e-13,0,0.5999999999999986,2.6645352591003757e-15,106.68848651590955,6.283185307179565,0.0988315438964616,0.2398663033154328
17.5,-0.00039478768125024335,0.0013321302995348626,-1.5633629049884805,1.5782297486013128,-0.00048190690141254074,0.0017920388869482585,3.3913708047456385e-12,1.3130489419507454e-13,0,0.5999999999999986,2.6645352591003757e-15,106.81415022205314,6.283185307179565,0.10353419003719014,0.2304610110339757
17.52,-0.0003948123463462417,0.0013333428275940603,-1.5851355800463651,1.5564570735434282,-0.0004706928350187093,0.001796513722312655,3.3940244067739975e-12,1.3530746099537546e-13,0,0.5999999999999986,2.6645352591003757e-15,106.93981392819674,6.283185307179565,0.10805244278527255,0.22142450553781087
17.54,-0.0003948352266483863,0.0013346103980779686,-1.6065607047261972,1.5350319488635957,-0.00045808173928487094,0.0018004650090519604,3.3968073355984556e-12,1.441337177652591e-13,0,0.5999999999999986,2.6645352591003757e-15,107.06547763434034,6.283185307179565,0.1123935323090511,0.2127423264902538
17.56,-0.00039484673600534144,0.0013359757543575,-1.6272983815582827,1.5142942720315107,-0.0004443108745003697,0.0018037384816424892,3.3998110333843504e-12,1.5719671384523733e-13,0,0.5999999999999986,2.6645352591003757e-15,107.19114134048394,6.283185307179565,0.11656440527791231,0.20440058055253135
17.580000000000002,-0.00039483348105625124,0.0013374735251179136,-1.6470248179295761,1.4945678356602166,-0.00042964459934142027,0.0018062215968725833,3.4031120287050954e-12,1.736114009495882e-13,0,0.5999999999999986,2.6645352591003757e-15,107.31680504662754,6.283185307179565,0.12057173597844006,0.19638591915147585
17.6,-0.00039478068759517753,0.0013391277578985597,-1.6654382285976352,1.476154424992158,-0.0004143627319353115,0.001807850570361228,3.406766806772245e-12,1.688336738553878e-13,0,0.5999999999999986,2.6645352591003757e-15,107.44246875277113,6.283185307179565,0.124421936994698,-0.6274114812003498
17.62,-0.0003946582902180175,0.0013408287591420574,-1.6822731638406063,1.4593194897491868,-0.00039999906194156576,0.001808498032550624,3.4103123210101383e-12,1.8601770998720921e-13,0,0.5999999999999986,2.6645352591003757e-15,107.56813245891473,6.283185307179565,0.11212135896462933,-0.6028103251402125
17.64,-0.00039448536352900825,0.00134269093284461,-1.6972242234701107,1.4443684301196829,-0.00038552095584908086,0.0018085496961021152,3.414210298905406e-12,2.0376151245722993e-13,0,0.5999999999999986,2.6645352591003757e-15,107.69379616505833,6.283185307179565,0.10030309349787025,-0.5791737942066943
17.66,-0.0003942557231340058,0.0013447082930067987,-1.7100646207955779,1.4315280327942155,-0.0003711790419247891,0.001808079138066842,3.4184593674583205e-12,2.2083036837853799e-13,0,0.5999999999999986,2.6645352591003757e-15,107.81945987120193,6.283185307179565,0.08894822884830955,-0.5564640649075729
17.68,-0.0003939686804472634,0.0013468653495342215,-1.720603915855301,1.4209887377344916,-0.00035720474039110386,0.001807195967522872,3.4230345234483566e-12,2.3611242674604865e-13,0,0.5999999999999986,2.6645352591003757e-15,107.94512357734553,6.283185307179565,0.07803859481000758,-0.534644796830969
17.7,-0.0003936294284718484,0.0013491391169069735,-1.7286894660844836,1.412903187505309,-0.00034380704307512713,0.0018060388448426449,3.4278901904921824e-12,2.486729161838853e-13,0,0.5999999999999986,2.6645352591003757e-15,108.07078728348912,6.283185307179565,0.0675567336409903,-0.5136810744929344
17.72,-0.0003932486307424881,0.0013515011423864303,-1.734206803827302,1.4073858497624911,-0.0003311720117761761,0.0018047670486150648,3.4329641359142745e-12,2.577867383209473e-13,0,0.5999999999999986,2.6645352591003757e-15,108.19645098963272,6.283185307179565,0.05748587212713768,-0.4935393514652292
17.740000000000002,-0.00039284135944896804,0.0013539193327523364,-1.7370793376171545,1.4045133159726388,-0.00031946461491059335,0.0018035511568890677,3.4381818559388232e-12,2.629541847577983e-13,0,0.5999999999999986,2.6645352591003757e-15,108.32211469577632,6.283185307179565,0.04780989474146252,-0.4741873966938789
17.76,-0.0003924255679133681,0.001356359501093859,-1.7372678044952752,1.4043248490945182,-0.00030883221593278363,0.0018025633049363813,3.4434611532511274e-12,2.639060483366933e-13,0,0.5999999999999986,2.6645352591003757e-15,108.44777840191992,6.283185307179565,0.03851331785582912,-0.4555942429226121
17.78,-0.00039202028418931653,0.0013587866815388371,-1.73476984016031,1.406822813429483,-0.00029940883298637343,0.0018019673750582375,3.448716755869475e-12,2.6060387086885563e-13,0,0.5999999999999986,2.6645352591003757e-15,108.57344210806352,6.283185307179565,0.029581264963844944,-0.4377301371386437
17.8,-0.0003916437000678136,0.0013611663459615882,-1.7296198957872944,1.4119727578024985,-0.00029131921902251763,0.001801909411538926,3.4538649228516956e-12,2.420633823849729e-13,0,0.5999999999999986,2.6645352591003757e-15,108.69910581420712,6.283185307179565,0.020999442875276553,-0.6772931617201452
17.82,-0.0003913146712751396,0.0013634138150408408,-1.721863968225352,1.4197286853644409,-0.0002850222514617339,0.0018027424322728763,3.4586126319813634e-12,2.3189204834011716e-13,0,0.5999999999999986,2.6645352591003757e-15,108.82476952035071,6.283185307179565,0.007720920510604967,-0.650736116990802
17.84,-0.00039103807433748416,0.0013655551340738111,-1.7116188775755508,1.4299737760142426,-0.0002802840577798281,0.001804333240609252,3.4631260280285176e-12,2.1881854248803075e-13,0,0.5999999999999986,2.6645352591003757e-15,108.95043322649431,6.283185307179565,-0.005036943544919403,-0.6252203888797533
17.86,-0.0003908192700683074,0.0013675662525646896,-1.6990376185762872,1.4425550350135055,-0.00027721678996144364,0.0018067110243734767,3.4673550367598917e-12,2.0368888632608993e-13,0,0.5999999999999986,2.6645352591003757e-15,109.07609693263791,6.283185307179565,-0.01729456459560824,-0.6007051467783756
17.88,-0.00039065787680636697,0.0013694302150949204,-1.6843116214643448,1.4572810321254481,-0.0002759219520087066,0.0018098582175260774,3.4712683789216858e-12,1.875263813130052e-13,0,0.5999999999999986,2.6645352591003757e-15,109.20176063878151,6.283185307179565,-0.029071557450241314,-0.5771511610691095
17.900000000000002,-0.0003905480155837519,0.0013711391451173894,-1.6676693064288095,1.4739233471609836,-0.00027648415515552397,0.0018137086649018962,3.4748566580748754e-12,1.7148064196685715e-13,0,0.5999999999999986,2.6645352591003757e-15,109.3274243449251,6.283185307179565,-0.04038676780994516,-0.5545207403497018
17.92,-0.00039047939077378356,0.001372695901907201,-1.649373464753842,1.4922191888359508,-0.0002789633248773296,0.0018181490554692113,3.4781342196117773e-12,1.5675578376649301e-13,0,0.5999999999999986,2.6645352591003757e-15,109.4530880510687,6.283185307179565,-0.05125830242533552,-0.532777671118921
17.94,-0.0003904391361748377,0.001374115023206717,-1.629717323476661,1.5118753301131322,-0.0002833863299244162,0.001823023933190632,3.481139380288997e-12,1.445206397353393e-13,0,0.5999999999999986,2.6645352591003757e-15,109.5787517572123,6.283185307179565,-0.06170355807118155,-0.511887159827229
17.96,-0.00039041418917108603,0.0013754225921490935,-1.6090193115783082,1.532573342011485,-0.0002897392079816375,0.0018281442382519365,3.483932735769058e-12,1.3580892947855722e-13,0,0.5999999999999986,2.6645352591003757e-15,109.7044154633559,6.283185307179565,-0.07173924938495657,-0.49181577719967895
17.98,-0.00039039380295970865,0.0013766548027155385,-1.5876167006594404,1.5539759529303527,-0.00029796119529308993,0.0018332989151439623,3.4865934585501423e-12,1.3142156942453742e-13,0,0.5999999999999986,2.6645352591003757e-15,109.8300791694995,6.283185307179565,-0.0813814356138243,-0.4725314047419435
18.0,-0.00039037172186006666,0.001377855226466912,-1.5658584193574903,1.5757342342323026,-0.00030794160626770726,0.00183826872435682,3.48921377038674e-12,1.3136355095073447e-13,0,0.5999999999999986,2.6645352591003757e-15,109.9557428756431,6.283185307179565,-0.0906455463128604,0.2010427223753451
18.02,-0.0003903884717758466,0.001379059971446334,-1.5440994703827562,1.5974931832070371,-0.0003185386320638041,0.001842366520712685,3.4918411614364146e-12,1.3269358074799518e-13,0,0.5999999999999986,2.6645352591003757e-15,110.0814065817867,6.283185307179565,-0.08670404736351986,0.19315972447666402
18.04,-0.0003904035085799866,0.0013803066872488657,-1.5226943060221048,1.6188983475676881,-0.0003305332649338011,0.0018460387775081444,3.4945472039106263e-12,1.3913765225505145e-13,0,0.5999999999999986,2.6645352591003757e-15,110.20707028793029,6.283185307179565,-0.0829170967985635,0.1855858233467513
18.06,-0.0003904252556270458,0.0013816400037078211,-1.5019891392570015,1.6396035143327916,-0.00034369434410305434,0.0018491411344851514,3.497429607798369e-12,1.5014948599307327e-13,0,0.5999999999999986,2.6645352591003757e-15,110.33273399407389,6.283185307179565,-0.0792786346891615,0.1783088991279473
18.080000000000002,-0.0003904665292794055,0.0013830966312404103,-1.4823160728278126,1.659276580761981,-0.0003577641221489256,0.001851566310666539,3.50057175981782e-12,1.6486194583296082e-13,0,0.5999999999999986,2.6645352591003757e-15,110.45839770021749,6.283185307179565,-0.07578283871969219,0.17131730718900867
18.1,-0.0003905421295430929,0.001384702690041707,-1.4639861063538293,1.677606547235964,-0.00037246910129926395,0.001853251329057294,3.5040371296905055e-12,1.8217512976482703e-13,0,0.5999999999999986,2.6645352591003757e-15,110.58406140636109,6.283185307179565,-0.07242411487079481,0.16459985949121392
18.12,-0.00039066614421164205,0.0013864724024892933,-1.447283265380473,1.6943093882093203,-0.00038753141237631147,0.0018541812896123947,3.50786562943131e-12,2.0085965915432344e-13,0,0.5999999999999986,2.6645352591003757e-15,110.70972511250469,6.283185307179565,-0.06919708846774517,0.15814580668511463
18.14,-0.00039084946044050666,0.0013884081182098697,-1.4324601023158794,1.709132551273914,-0.00040267951456994283,0.001854389612957368,3.5120720733970136e-12,2.1965982312688517e-13,0,0.5999999999999986,2.6645352591003757e-15,110.83538881864828,6.283185307179565,-0.06609659557982936,0.15194482090928302
18.16,-0.0003910978750039939,0.0013905014097107008,-1.4197346675096996,1.721857986080094,-0.00041765712957262334,0.00185395502487486,3.516646599119958e-12,2.3738387185198577e-13,0,0.5999999999999986,2.6645352591003757e-15,110.96105252479188,6.283185307179565,-0.06311767475695296,0.14598697926353021
18.18,-0.0003914110279635764,0.0013927348463212061,-1.409288883442347,1.7323037701474462,-0.00043222961405641906,0.0018529958158541875,3.5215566995161477e-12,2.529735859098067e-13,0,0.5999999999999986,2.6645352591003757e-15,111.08671623093548,6.283185307179565,-0.06025555909026237,0.14026274793014903
18.2,-0.0003917822105973694,0.0013950840384374518,-1.4012680966207123,1.7403245569690808,-0.00044618736693643205,0.0018516620551800819,3.526750414952931e-12,2.367261983713892e-13,0,0.5999999999999986,2.6645352591003757e-15,111.21237993707908,6.283185307179565,-0.05750566858407363,0.7931242578648844
18.22,-0.0003921827380298486,0.0013973842528043213,-1.395799619407871,1.745793034181922,-0.0004584099310035613,0.0018504406216281277,3.5315858844452365e-12,2.459273437821766e-13,0,0.5999999999999986,2.6645352591003757e-15,111.33804364322268,6.283185307179565,-0.041956245097683864,0.7620254108921048
18.240000000000002,-0.0003926098750289183,0.0013997416679786797,-1.3930044970485032,1.74858815654129,-0.0004697266047264657,0.001849337684154567,3.536568461233926e-12,2.5133395599157943e-13,0,0.5999999999999986,2.6645352591003757e-15,111.46370734936627,6.283185307179565,-0.027016523227053446,0.732145967150844
18.26,-0.00039304638427910233,0.0014021226539306098,-1.392920513518948,1.7486721400708447,-0.0004799875615112725,0.0018485153910285813,3.5416187348400417e-12,2.526539634082344e-13,0,0.5999999999999986,2.6645352591003757e-15,111.58937105550987,6.283185307179565,-0.012662596229878753,0.7034381131564946
18.28,-0.00039347384710471806,0.0014044927589134484,-1.395546573642742,1.7460460799470514,-0.000489055323706083,0.0018481266610763994,3.546653847999579e-12,2.4983443468193494e-13,0,0.5999999999999986,2.6645352591003757e-15,111.71503476165347,6.283185307179565,0.0011285052393700812,0.675855910217997
18.3,-0.0003938745358185299,0.0014068179842621714,-1.4008430677962378,1.740749585793555,-0.0004968010011862582,0.0018483057608557594,3.5515922615486832e-12,2.4305934480753916e-13,0,0.5999999999999986,2.6645352591003757e-15,111.84069846779707,6.283185307179565,0.01437884988530247,0.6493552209261322
18.32,-0.00039423322642247286,0.0014090661109680902,-1.4087319944907422,1.7328606590990514,-0.0005031016708246102,0.0018491593839742404,3.5563584569978792e-12,2.3274538258300817e-13,0,0.5999999999999986,2.6645352591003757e-15,111.96636217394067,6.283185307179565,0.02710964108624281,0.6238936385242515
18.34,-0.00039453877557136136,0.001411208215669563,-1.4190969623896454,1.7224956912001481,-0.0005078396157037421,0.0018507586515625865,3.5608875221501434e-12,2.195335325536127e-13,0,0.5999999999999986,2.6645352591003757e-15,112.09202588008426,6.283185307179565,0.039341250824159624,0.5994304190484179
18.36,-0.0003947852754415898,0.0014132204376938085,-1.4317833444859196,1.709809309103873,-0.000510903881559261,0.0018531325661265345,3.565129493337941e-12,2.0427180102963443e-13,0,0.5999999999999986,2.6645352591003757e-15,112.21768958622786,6.283185307179565,0.05109325228418282,0.5759264161283715
18.38,-0.00039497260055613114,0.0014150859407966606,-1.4465989370144035,1.6949937165753894,-0.0005121942708389099,0.0018562635431970688,3.5690532217402346e-12,1.8798353997718217e-13,0,0.5999999999999986,2.6645352591003757e-15,112.34335329237146,6.283185307179565,0.06238445117587582,0.5533440183449855
18.400000000000002,-0.0003951061939814301,0.0014167968759531695,-1.4633154708459533,1.67827718274384,-0.000511627513138312,0.0018600856603314493,3.572649425149762e-12,1.7873666143226633e-13,0,0.5999999999999986,2.6645352591003757e-15,112.46901699851506,6.283185307179565,0.07323291582638286,0.28345759214300836
18.42,-0.0003951871283217634,0.0014183882937551214,-1.481654695867946,1.659937957721847,-0.0005094839612600065,0.0018642368928844292,3.5760564908803023e-12,1.6244061276210055e-13,0,0.5999999999999986,2.6645352591003757e-15,112.59468070465866,6.283185307179565,0.07879018140861255,0.272343060978549
18.44,-0.0003952342562650903,0.0014198350363427519,-1.5013378710365897,1.6402547825532032,-0.0005054034916326509,0.001868838553303078,3.579159416078961e-12,1.486098367995811e-13,0,0.5999999999999986,2.6645352591003757e-15,112.72034441080226,6.283185307179565,0.08412954349058352,0.26166433681460705
18.46,-0.0003952616611793555,0.0014211626060495715,-1.5220525070797133,1.6195401465100794,-0.0004994012173893585,0.0018737149985170347,3.582018610281949e-12,1.3830989011984188e-13,0,0.5999999999999986,2.6645352591003757e-15,112.84600811694585,6.283185307179565,0.0892595461907516,0.2514043314142709
18.48,-0.00039528150472977917,0.0014224068590694364,-1.543466059090086,1.598126594499707,-0.0004915370910937196,0.0018786673398145277,3.5847137533410767e-12,1.3237851986955416e-13,0,0.5999999999999986,2.6645352591003757e-15,112.97167182308945,6.283185307179565,0.09418839860789599,0.2415466265799821
18.5,-0.00039530171522704494,0.0014236113700165263,-1.5652327408755584,1.576359912714235,-0.00048191917893749035,0.001883486708288909,3.5873383373565878e-12,1.3134109470556748e-13,0,0.5999999999999986,2.6645352591003757e-15,113.09733552923305,6.283185307179565,0.09892398795742872,0.23207544788091664
18.52,-0.00039532442477309437,0.0014248237198793466,-1.5870009691389653,1.5545916844508278,-0.00047070355962982756,0.0018879686287455659,3.58999277566478e-12,1.3535498259753906e-13,0,0.5999999999999986,2.6645352591003757e-15,113.22299923537665,6.283185307179565,0.10347389219262199,0.2229756394105301
18.54,-0.0003953454902050355,0.001426091198479888,-1.6084210299097585,1.533171623680035,-0.0004580905689498013,0.0018919272414943912,3.5927767694298887e-12,1.4419261574152047e-13,0,0.5999999999999986,2.6645352591003757e-15,113.34866294152025,6.283185307179565,0.10784539213095011,0.21423263953387386
18.56,-0.0003953552066747459,0.0014274565514582095,-1.629152541779811,1.5124401118099824,-0.0004443176064847165,0.0018952081167263196,3.595781754613451e-12,1.5726626413644155e-13,0,0.5999999999999986,2.6645352591003757e-15,113.47432664766384,6.283185307179565,0.1120454831049508,0.20583245758587249
18.580000000000002,-0.0003953400648483337,0.0014289543910225209,-1.648871317114104,1.4927213364756895,-0.00042964918829343276,0.0018976985752230079,3.5990842364040395e-12,1.7368997623801745e-13,0,0.5999999999999986,2.6645352591003757e-15,113.59999035380744,6.283185307179565,0.11608088615624966,0.19776165148327476
18.6,-0.0003952851878704854,0.0014306087327796001,-1.6672752882217448,1.474317365368048,-0.00041436529363766993,0.0018993347305953261,3.602740658422993e-12,1.6890910011843599e-13,0,0.5999999999999986,2.6645352591003757e-15,113.72565405995104,6.283185307179565,0.11995805879066068,-0.6258319632887142
18.62,-0.00039516048246920394,0.0014323097750470316,-1.6841000307647156,1.457492622825077,-0.0003999996127860942,0.0018999886622574833,3.6062877508230466e-12,1.860994232339022e-13,0,0.5999999999999986,2.6645352591003757e-15,113.85131776609464,6.283185307179565,0.1076884476521841,-0.601292741011761
18.64,-0.0003949849660315776,0.0014341719766631637,-1.6990390309645846,1.4425536226252085,-0.00038551982194663507,0.0019000465038349595,3.6101874041114605e-12,2.038465347797451e-13,0,0.5999999999999986,2.6645352591003757e-15,113.97698147223824,6.283185307179565,0.0958999348478301,-0.577715715403053
18.66,-0.00039475241701456324,0.0014361893139940385,-1.7118655582413336,1.4297270953484595,-0.00037117665125455893,0.0018995818081761397,3.6144381813688136e-12,2.2091536079016702e-13,0,0.5999999999999986,2.6645352591003757e-15,114.10264517838183,6.283185307179565,0.08457365624209484,-0.5550631581915825
18.68,-0.0003944621361742604,0.001438346266447111,-1.722389349416628,1.4192033041731653,-0.00035720159264021205,0.0018987041744639487,3.6190150113234285e-12,2.361940034534403e-13,0,0.5999999999999986,2.6645352591003757e-15,114.22830888452543,6.283185307179565,0.07369148737280751,-0.5332988204530078
18.7,-0.00039411932917626894,0.001440619829574152,-1.7304580400297025,1.4111346135600904,-0.0003438036783329421,0.0018975522570056206,3.6238722517736393e-12,2.4874795436467126e-13,0,0.5999999999999986,2.6645352591003757e-15,114.35397259066903,6.283185307179565,0.06323601444812404,-0.5123878746036409
18.72,-0.00039373469120205373,0.0014429815455359787,-1.7359575186179046,1.405635134971888,-0.0003311689807929496,0.0018962853226603617,3.6289476122729e-12,2.578526412266741e-13,0,0.5999999999999986,2.6645352591003757e-15,114.47963629681263,6.283185307179565,0.05319050648074511,-0.492296858668883
18.740000000000002,-0.0003933233405779628,0.0014453993300011074,-1.73881160339493,1.4027810501948634,-0.00031946245242536997,0.0018950739246391772,3.634166543902318e-12,2.6300907223089247e-13,0,0.5999999999999986,2.6645352591003757e-15,114.60530000295623,6.283185307179565,0.04353888851476692,-0.47299362273692663
18.76,-0.00039290328728023606,0.0014478390173860852,-1.7389814702532347,1.4026111833365587,-0.0003088314174905071,0.0018940901555108225,3.639446819818402e-12,2.6394886366973305e-13,0,0.5999999999999986,2.6645352591003757e-15,114.73096370909983,6.283185307179565,0.03426571590232225,-0.4544472775120373
18.78,-0.000392493623375809,0.001450265672810608,-1.7364651995865197,1.4051274540032734,-0.00029940983494710255,0.0018934978352457543,3.644703155409099e-12,2.606344028989712e-13,0,0.5999999999999986,2.6645352591003757e-15,114.85662741524342,6.283185307179565,0.025356149588848853,-0.4366281448850905
18.8,-0.0003921126096319012,0.0014526448052525323,-1.7312976707318148,1.4102949828579785,-0.0002913223812165117,0.0018934429274952672,3.649851813619978e-12,2.421104009414724e-13,0,0.5999999999999986,2.6645352591003757e-15,114.98229112138702,6.283185307179565,0.016795932367436317,-0.6755972404825449
18.82,-0.0003917792755320189,0.0014548919241592275,-1.7235258212737892,1.4180668323160042,-0.0002850268923456445,0.0018942775935348619,3.654600345642449e-12,2.3192756332158574e-13,0,0.5999999999999986,2.6645352591003757e-15,115.10795482753062,6.283185307179565,0.003550659014204649,-0.6491066937760815
18.84,-0.00039149847740385944,0.001457032951549648,-1.7132662543166057,1.4283263992731872,-0.0002802903322313319,0.0018958692608468226,3.659114345226687e-12,2.1884370492331842e-13,0,0.5999999999999986,2.6645352591003757e-15,115.23361853367422,6.283185307179565,-0.009175259742266018,-0.6236548562631402
18.86,-0.0003912756475522,0.0014590438643231258,-1.7006721946073968,1.4409204589823963,-0.00027722473013145536,0.0018982470521903458,3.6633437637206e-12,2.037050407027889e-13,0,0.5999999999999986,2.6645352591003757e-15,115.35928223981782,6.283185307179565,-0.021402188086993512,-0.5992009995736852
18.88,-0.00039111047045493647,0.0014609077245412803,-1.6859352014929823,1.455657452096811,-0.0002759314656374967,0.0019013933512587902,3.667257348803695e-12,1.8753481482351524e-13,0,0.5999999999999986,2.6645352591003757e-15,115.48494594596141,6.283185307179565,-0.03314969171387988,-0.5757059923199125
18.900000000000002,-0.0003909971236713163,0.0014626166605002577,-1.6692837113401566,1.4723089422496365,-0.000276495031030061,0.001905241977251938,3.6708457274392415e-12,1.714823566261475e-13,0,0.5999999999999986,2.6645352591003757e-15,115.61060965210501,6.283185307179565,-0.04443656913499594,-0.5531322374776804
18.92,-0.0003909253534941456,0.0014641735224490584,-1.6509804133871178,1.4906122402026751,-0.000278975246540144,0.0019096796260578796,3.674123260858865e-12,1.5675133089072609e-13,0,0.5999999999999986,2.6645352591003757e-15,115.73627335824861,6.283185307179565,-0.05528088176221102,-0.5314436122232502
18.94,-0.00039088231587644057,0.001465592825998901,-1.6313183176019392,1.5102743359878534,-0.0002833988980327937,0.001914550885639875,3.6771282716853786e-12,1.445100518580891e-13,0,0.5999999999999986,2.6645352591003757e-15,115.86193706439221,6.283185307179565,-0.0656999828093055,-0.5106054101290612
18.96,-0.0003908549462043154,0.0014669006220631102,-1.6106155334643386,1.5309771201254545,-0.00028975197063852863,0.001919666777329948,3.679921351265728e-12,1.3579177006553454e-13,0,0.5999999999999986,2.6645352591003757e-15,115.9876007705358,6.283185307179565,-0.07571054506081476,-0.4905842856260427
18.98,-0.00039083246901193094,0.001468133067385168,-1.5892089322898306,1.5523837212999627,-0.00029797368441736023,0.001924816359167719,3.682581659785683e-12,1.3139709774831612e-13,0,0.5999999999999986,2.6645352591003757e-15,116.1132644766794,6.283185307179565,-0.08532858755204176,-0.47134820064358873
19.0,-0.0003908085736297112,0.0014693336976507954,-1.5674469906905142,1.5741456628992792,-0.00030795337690787413,0.0019297805285726512,3.685201402958e-12,1.3133609311207728e-13,0,0.5999999999999986,2.6645352591003757e-15,116.238928182823,6.283185307179565,-0.09456950120293098,0.20253634682339233
19.02,-0.00039082356384434935,0.0014705386621355948,-1.5456843460060812,1.595908307583712,-0.00031854903618097716,0.0019338724501441655,3.687828150933946e-12,1.3265659802721278e-13,0,0.5999999999999986,2.6645352591003757e-15,116.3645918889666,6.283185307179565,-0.09059871932743857,0.19459478307240752
19.04,-0.0003908369919520887,0.001471785523473369,-1.5242750822974644,1.617317571292329,-0.00033054198152885397,0.0019375386179378519,3.69053335544927e-12,1.3909081718832085e-13,0,0.5999999999999986,2.6645352591003757e-15,116.4902555951102,6.283185307179565,-0.08678363403628801,0.1869646124901064
19.06,-0.0003908571797562683,0.0014731189050545069,-1.5035649780590217,1.6380276755307719,-0.0003437011650826173,0.001940634816663109,3.6934147250305185e-12,1.5009303697859054e-13,0,0.5999999999999986,2.6645352591003757e-15,116.6159193012538,6.283185307179565,-0.0831181403790852,0.17963362517570078
19.080000000000002,-0.0003908968430506741,0.00147457552741685,-1.4838857758516784,1.6577068777381143,-0.00035776897031734314,0.0019430538861665819,3.696555658259369e-12,1.6479685815568362e-13,0,0.5999999999999986,2.6645352591003757e-15,116.7415830073974,6.283185307179565,-0.0795963727839649,0.1725900899854602
19.1,-0.0003909706916754675,0.001476181535166869,-1.4655482124659471,1.676044441123846,-0.00037247203563999453,0.001944732940886931,3.700019652211597e-12,1.821031567176536e-13,0,0.5999999999999986,2.6645352591003757e-15,116.867246713541,6.283185307179565,-0.07621269567142445,0.1658227357603793
19.12,-0.0003910927410143781,0.0014779511846154602,-1.4488361616449332,1.69275649194486,-0.0003875326212058928,0.001945657142293008,3.703846661214493e-12,2.0078324059462725e-13,0,0.5999999999999986,2.6645352591003757e-15,116.99291041968459,6.283185307179565,-0.07296169443619416,0.1593207332899187
19.14,-0.00039127382796619856,0.001479886862715658,-1.4340021388256494,1.707590514764144,-0.0004026792987797483,0.001945859946372501,3.708051553892745e-12,2.1958188538216642e-13,0,0.5999999999999986,2.6645352591003757e-15,117.11857412582819,6.283185307179565,-0.06983816678271373,0.15307367798295785
19.16,-0.00039151972248786815,0.0014819801765000354,-1.4212642670202498,1.720328386569543,-0.000417655879184264,0.0019454200950610049,3.712624529213067e-12,2.373075605943575e-13,0,0.5999999999999986,2.6645352591003757e-15,117.24423783197179,6.283185307179565,-0.0668371144003495,0.1470715732182294
19.18,-0.0003918300599327717,0.0014842137218659818,-1.4108046387225097,1.730788014867283,-0.00043222778154918456,0.0019444558844317666,3.717533143035701e-12,2.5290197915304216e-13,0,0.5999999999999986,2.6645352591003757e-15,117.36990153811539,6.283185307179565,-0.06395373496503104,0.14130481434759246
19.2,-0.00039219814592212975,0.0014865631243851994,-1.4027688508779705,1.7388238027118224,-0.00044618544033347306,0.0019431173876569485,3.7227254945685544e-12,2.366541639403458e-13,0,0.5999999999999986,2.6645352591003757e-15,117.49556524425898,6.283185307179565,-0.061183414454508034,0.7944767325767192
19.22,-0.00039259548882745305,0.0014888635775773774,-1.3972856493285386,1.7443070042612545,-0.0004584078341305737,0.0019418920170819962,3.7275595831431824e-12,2.4586180963395323e-13,0,0.5999999999999986,2.6645352591003757e-15,117.62122895040258,6.283185307179565,-0.045607475322126556,0.7633248543119563
19.240000000000002,-0.0003930192443834102,0.0014912213098092226,-1.3944753099483145,1.747117343641479,-0.0004697247874866054,0.0019407855022160058,3.732540928433419e-12,2.512767060695585e-13,0,0.5999999999999986,2.6645352591003757e-15,117.74689265654618,6.283185307179565,-0.030642277498855064,0.7333944586654133
19.26,-0.0003934522226958693,0.0014936026748749763,-1.3943759876803392,1.7472166659094537,-0.0004799864386584185,0.001939960020967824,3.737590149149479e-12,2.526061180785241e-13,0,0.5999999999999986,2.6645352591003757e-15,117.87255636268978,6.283185307179565,-0.016263873475430457,0.7046376506185641
19.28,-0.00039387605890504326,0.001495973196591804,-1.3969869619272022,1.7446056916625912,-0.0004890552574587819,0.0019395685371522246,3.742624403546644e-12,2.49796429202189e-13,0,0.5999999999999986,2.6645352591003757e-15,117.99822006883338,6.283185307179565,-0.0024492547378588414,0.6770084131434209
19.3,-0.00039427308333797546,0.001498298846601941,-1.4022689811890785,1.7393236724007144,-0.0004968022865360161,0.0019397453765234635,3.7475621545981474e-12,2.4303097806539113e-13,0,0.5999999999999986,2.6645352591003757e-15,118.12388377497697,6.283185307179565,0.01082368505111575,0.6504625335654717
19.32,-0.0003946281324277051,0.0015005473743487524,-1.4101443665711284,1.7314482870186652,-0.0005031045233029826,0.001940597302338665,3.752327874193246e-12,2.3272592850486344e-13,0,0.5999999999999986,2.6645352591003757e-15,118.24954748112057,6.283185307179565,0.023576185426867236,0.6249575328139687
19.34,-0.00039493012394153454,0.001502689826625413,-1.4204969956846258,1.7210956579051668,-0.0005078441617422544,0.0019421955097584508,3.756856631534776e-12,2.1952190344551885e-13,0,0.5999999999999986,2.6645352591003757e-15,118.37521118726417,6.283185307179565,0.03582865311067529,0.6004525974463526
19.36,-0.0003951732097683037,0.0015047023181020721,-1.4331724400741102,1.7084202135156827,-0.000510910152047721,0.001944569071849342,3.761098439052232e-12,2.0426674707912851e-13,0,0.5999999999999986,2.6645352591003757e-15,118.50087489340777,6.283185307179565,0.04760069466483319,0.5769085143380368
19.38,-0.00039535732000047527,0.0015065679961882752,-1.4479786097520173,1.6936140438377763,-0.0005122021988900006,0.0019477004624485236,3.765022122908479e-12,1.8798386203359568e-13,0,0.5999999999999986,2.6645352591003757e-15,118.62653859955137,6.283185307179565,0.05891114786733043,0.5542876079330423
19.400000000000002,-0.00039548794559121127,0.0015082790061911099,-1.4646872541125815,1.6769053994772118,-0.0005116369372441764,0.0019515237965733742,3.768618378937204e-12,1.7872802412926362e-13,0,0.5999999999999986,2.6645352591003757e-15,118.75220230569496,6.283185307179565,0.06977811185631633,0.2848800670166285
19.42,-0.000395566120979037,0.0015098703426792515,-1.483019837412379,1.658572816177414,-0.0005094940369018927,0.0019556774221432564,3.772025340728773e-12,1.6243873536089545e-13,0,0.5999999999999986,2.6645352591003757e-15,118.87786601183856,6.283185307179565,0.0753632654573392,0.27370975981458273
19.44,-0.0003956108051221043,0.001511316934948587,-1.5026977158874142,1.6388949377023785,-0.000505413901604954,0.0019602822233191317,3.775128293522554e-12,1.4861446816017515e-13,0,0.5999999999999986,2.6645352591003757e-15,119.00352971798216,6.283185307179565,0.08072942205324557,0.26297744662277
19.46,-0.0003956360812213083,0.0015126443125359397,-1.5234081286831274,1.618184524906666,-0.0004994115925102176,0.0019651624781316405,3.777987646313318e-12,1.3832120794402884e-13,0,0.5999999999999986,2.6645352591003757e-15,119.12919342412576,6.283185307179565,0.08588516863942997,0.2526659534504012
19.48,-0.0003956540879616535,0.001513888363853703,-1.544818190099699,1.5967744634900942,-0.0004915470418563664,0.0019701191921373735,3.780683085969453e-12,1.3239700540459424e-13,0,0.5999999999999986,2.6645352591003757e-15,119.25485713026936,6.283185307179565,0.09083875551038158,0.242758779708498
19.5,-0.0003956727079900248,0.0015150926953040546,-1.5665817279424312,1.5750109256473621,-0.0004819283300752441,0.001974943371614773,3.783308115787902e-12,1.3136732791746952e-13,0,0.5999999999999986,2.6645352591003757e-15,119.38052083641296,6.283185307179565,0.09559810946191549,0.23324007180543016
19.52,-0.00039569400804526116,0.0015163049135890237,-1.5883467559613123,1.5532458976284804,-0.00047071158418529623,0.0019794304077766743,3.78596315986352e-12,1.3538939665312611e-13,0,0.5999999999999986,2.6645352591003757e-15,119.50618454255655,6.283185307179565,0.10017084647573715,0.22409459777778684
19.54,-0.00039571376560532557,0.0015175723234939508,-1.6097631699539576,1.5318294836358355,-0.00045809721821558067,0.0019833943097693897,3.788747924727399e-12,1.4423525982916016e-13,0,0.5999999999999986,2.6645352591003757e-15,119.63184824870015,6.283185307179565,0.10456428390663794,0.21530772291598527
19.56,-0.00039572219011221746,0.0015189376721845458,-1.6304902390246827,1.5111024145651104,-0.00044432273259519217,0.0019866805293231827,3.791753842024728e-12,1.5731662232282376e-13,0,0.5999999999999986,2.6645352591003757e-15,119.75751195484375,6.283185307179565,0.10878545219182394,0.20686538634561327
19.580000000000002,-0.00039570568851249695,0.0015204355598291471,-1.6502034903897451,1.491389163200048,-0.0004296527572555175,0.001989176289186702,3.795057400168801e-12,1.7374687757764742e-13,0,0.5999999999999986,2.6645352591003757e-15,119.88317566098735,6.283185307179565,0.11284110610111536,0.19875407852703042
19.6,-0.00039564930987554133,0.0015220899788205011,-1.668600652636229,1.472992000953564,-0.0004143673879929008,0.0019908176294805117,3.7987150128037475e-12,1.689637210573352e-13,0,0.5999999999999986,2.6645352591003757e-15,120.00883936713095,6.283185307179565,0.1167377355460194,-0.6246927744573691
19.62,-0.00039552294093696694,0.0015237910490828574,-1.6854180418692803,1.4561746117205132,-0.0004000002448904334,0.0019914762324687485,3.80226324814165e-12,1.861586071716627e-13,0,0.5999999999999986,2.6645352591003757e-15,120.13450307327454,6.283185307179565,0.10449045852403704,-0.6001982204134044
19.64,-0.0003953455576606015,0.0015256532691451993,-1.7003483404866966,1.4412443131030965,-0.00038551922644568904,0.001991538535197843,3.806164115027129e-12,2.039081295260058e-13,0,0.5999999999999986,2.6645352591003757e-15,120.26016677941814,6.283185307179565,0.0927234041029435,-0.5766641115712173
19.66,-0.00039511091174542043,0.0015276705880762863,-1.7131648588021142,1.4284277947876785,-0.00037117513644749486,0.0019910780731110813,3.8104161303342596e-12,2.2097695228251757e-13,0,0.5999999999999986,2.6645352591003757e-15,120.38583048556174,6.283185307179565,0.08141774248522615,-0.5540527883357826
19.68,-0.0003948182963084525,0.0015298274631753831,-1.7236774616497523,1.4179151919400406,-0.00035719951867582033,0.0019902044382812756,3.814994173585833e-12,2.362531433499021e-13,0,0.5999999999999986,2.6645352591003757e-15,120.51149419170534,6.283185307179565,0.07055538220029356,-0.5323280677659175
19.7,-0.00039447292619391723,0.0015321008762760845,-1.7317339856725065,1.4098586679172866,-0.00034380143459770583,0.0019890562806377733,3.819852554982292e-12,2.4880238416445035e-13,0,0.5999999999999986,2.6645352591003757e-15,120.63715789784894,6.283185307179565,0.060118941154262695,-0.5114551856738557
19.72,-0.00039408551944063955,0.0015344623658365226,-1.7372205767839666,1.404372076805826,-0.00033116696444734055,0.0019877928585465545,3.824928942291571e-12,2.579004824384779e-13,0,0.5999999999999986,2.6645352591003757e-15,120.76282160399253,6.283185307179565,0.050091718814900404,-0.49140074099513115
19.740000000000002,-0.00039367122766322107,0.0015368798539477316,-1.7400613490537213,1.4015313045360713,-0.00031946104917196706,0.0019865847072468657,3.830148753930708e-12,2.630489639218787e-13,0,0.5999999999999986,2.6645352591003757e-15,120.88848531013613,6.283185307179565,0.04045766948720886,-0.47213264233974805
19.76,-0.00039324810169070264,0.0015393191904474503,-1.7402177951399882,1.4013748584498051,-0.00030883098487269876,0.00198560388843558,3.835429741668109e-12,2.639800394804299e-13,0,0.5999999999999986,2.6645352591003757e-15,121.01414901627973,6.283185307179565,0.031201376636890293,-0.4536200566391109
19.78,-0.0003928352797317655,0.0015417454628668065,-1.7376883162729597,1.403904337316833,-0.00029941068795910544,0.001985014177050636,3.840686611703341e-12,2.606567068164546e-13,0,0.5999999999999986,2.6645352591003757e-15,121.13981272242333,6.283185307179565,0.02230802822060307,-0.4358333598065365
19.8,-0.00039245107226078854,0.0015441242070165962,-1.7325081005593315,1.4090845530304614,-0.00029132477982573066,0.0019849614785167205,3.845835629715378e-12,2.421445758263443e-13,0,0.5999999999999986,2.6645352591003757e-15,121.26547642856693,6.283185307179565,0.013763392983532241,-0.674373881024805
19.82,-0.00039211463365367385,0.001546371068679633,-1.7247247622584339,1.4168678913313588,-0.00028503034605484757,0.0019857973364634713,3.85058476029196e-12,2.319534194134349e-13,0,0.5999999999999986,2.6645352591003757e-15,121.39114013471053,6.283185307179565,0.0005421039355286705,-0.6479313029287979
19.84,-0.0003918308060033751,0.0015485118809568914,-1.7144547493864801,1.4271379042033132,-0.00028029495372671647,0.001987389628214415,3.855099199759995e-12,2.1886207019178017e-13,0,0.5999999999999986,2.6645352591003757e-15,121.51680384085412,6.283185307179565,-0.012160770953773381,-0.6225255531501938
19.86,-0.00039160507313522943,0.0015505226405983618,-1.70185145231878,1.439741201271013,-0.0002772305438076834,0.0019897674295926053,3.8593289178786135e-12,2.0371688321490576e-13,0,0.5999999999999986,2.6645352591003757e-15,121.64246754699772,6.283185307179565,-0.02436555899428805,-0.5981159770691644
19.88,-0.0003914371671922785,0.001552386422363788,-1.68710652326341,1.4544861303263836,-0.00027593840638032944,0.0019929130880399185,3.863242681728068e-12,1.8754106221959434e-13,0,0.5999999999999986,2.6645352591003757e-15,121.76813125314132,6.283185307179565,-0.03609179045070715,-0.5746635141563262
19.900000000000002,-0.00039132130647444167,0.0015540953581301426,-1.670448410051805,1.4711442435379878,-0.0002765029481314304,0.001996760404275779,3.866831135147687e-12,1.7148373218066891e-13,0,0.5999999999999986,2.6645352591003757e-15,121.89379495928492,6.283185307179565,-0.047358229795090356,-0.5521306354675598
19.92,-0.0003912472674904466,0.0015556522917193282,-1.6521397282157082,1.489452925374085,-0.0002789839135448147,0.002001196079187681,3.870108650820897e-12,1.5674823452234483e-13,0,0.5999999999999986,2.6645352591003757e-15,122.01945866542852,6.283185307179565,-0.05818290573402396,-0.5304812835896926
19.94,-0.00039120222216730663,0.0015570717228560983,-1.6324733311801456,1.5091193224096475,-0.00028340802880564675,0.0020060647324789526,3.873113555666227e-12,1.4450251124322785e-13,0,0.5999999999999986,2.6645352591003757e-15,122.14512237157211,6.283185307179565,-0.06858314005839761,-0.5096808149409453
19.96,-0.00039117310446004514,0.0015583796792790663,-1.611767098130561,1.5298255554592322,-0.0002897612411680477,0.002011177444009411,3.8759064380213715e-12,1.3577947641282583e-13,0,0.5999999999999986,2.6645352591003757e-15,122.27078607771571,6.283185307179565,-0.07857557536196533,-0.48969594433380986
19.98,-0.0003911491182545471,0.0015596122909198099,-1.5903576119305298,1.5512350416592628,-0.000297982758969962,0.0020163233537176953,3.878566449328536e-12,1.3137952426955312e-13,0,0.5999999999999986,2.6645352591003757e-15,122.39644978385931,6.283185307179565,-0.08817620167304605,-0.4704946917116484
20.0,-0.0003911239132575824,0.0015608130676096294,-1.568593023488327,1.5729996301014664,-0.00030796193631052644,0.002021283457793603,3.881185783888188e-12,1.3131636718182082e-13,0,0.5999999999999986,2.6645352591003757e-15,122.52211349000291,6.283185307179565,-0.09740038204198032,0.2036139773102399
20.02,-0.00039113763292283936,0.001562018188057947,-1.5468277069714162,1.594764946618377,-0.00031855661364511666,0.002025371144680828,3.883812069639911e-12,1.3263000748876773e-13,0,0.5999999999999986,2.6645352591003757e-15,122.6477771961465,6.283185307179565,-0.0934084729186,0.19563015906347925
20.04,-0.00039114989932841944,0.001563265152475426,-1.5254154811793859,1.6161771724104073,-0.0003305483469625439,0.0020290329230513737,3.8865166715512655e-12,1.3905713313453923e-13,0,0.5999999999999986,2.6645352591003757e-15,122.7734409022901,6.283185307179565,-0.08957308879080036,0.18795939080788
20.06,-0.0003911689610836363,0.0015645985795252426,-1.5047018114585573,1.636890842131236,-0.00034370616958784663,0.0020321246822253003,3.88939729722119e-12,1.5005243664706935e-13,0,0.5999999999999986,2.6645352591003757e-15,122.8991046084337,6.283185307179565,-0.08588809222571804,0.18058939767771534
20.080000000000002,-0.0003912074614769188,0.0015660551969347565,-1.4850181806979956,1.6565744728917977,-0.000357772559174002,0.0020345393492626593,3.892537353870459e-12,1.6475004788614563e-13,0,0.5999999999999986,2.6645352591003757e-15,123.0247683145773,6.283185307179565,-0.08234758644267436,0.17350838611162797
20.1,-0.0003912800453213993,0.001567661166790564,-1.4666751360922958,1.674917517497497,-0.00037247425214349475,0.002036214104627313,3.896000358338302e-12,1.8205140163244497e-13,0,0.5999999999999986,2.6645352591003757e-15,123.1504320207209,6.283185307179565,-0.07894590587706826,0.16670502498041578
20.12,-0.00039140067575684596,0.0015694307697499456,-1.4499564417334783,1.6916362118563146,-0.0003875336017704874,0.0020371341542328434,3.8998262954599455e-12,2.0072829902008269e-13,0,0.5999999999999986,2.6645352591003757e-15,123.2760957268645,6.283185307179565,-0.07567760711426422,0.1601684274548077
20.14,-0.0003915801533990321,0.0015713664195719768,-1.435114586123773,1.70647806746602,-0.00040267926089541245,0.0020373329796379326,3.904030072956842e-12,2.1952586511603213e-13,0,0.5999999999999986,2.6645352591003757e-15,123.4017594330081,6.283185307179565,-0.07253746017896749,0.15388813358421424
20.16,-0.00039182422882033235,0.0015734597480973839,-1.4223677443503462,1.719224909239447,-0.0004176551045449255,0.002036889334473678,3.908601934039767e-12,2.372527268713703e-13,0,0.5999999999999986,2.6645352591003757e-15,123.5274231391517,6.283185307179565,-0.06952044016614786,0.14785409355857498
20.18,-0.00039213253393936945,0.001575693370319627,-1.4118981311811383,1.7296945224086553,-0.00043222659684057546,0.0020359215188600205,3.91350947989243e-12,2.528505481808367e-13,0,0.5999999999999986,2.6645352591003757e-15,123.65308684529529,6.283185307179565,-0.06662171920011956,0.14205665162651837
20.2,-0.00039249838469569925,0.001578042922717005,-1.4038515238735998,1.737741129716193,-0.0004461841978321131,0.002034579608766096,3.918700852085991e-12,2.366024078194731e-13,0,0.5999999999999986,2.6645352591003757e-15,123.77875055143889,6.283185307179565,-0.06383665870891014,0.7954525291030065
20.22,-0.00039289342901226203,0.0015803435460542692,-1.3983577027072704,1.7432349508825222,-0.00045840647839693444,0.002033351401561342,3.923533948673415e-12,2.458147435761059e-13,0,0.5999999999999986,2.6645352591003757e-15,123.90441425758249,6.283185307179565,-0.048241588811994196,0.7642623893091746
20.240000000000002,-0.0003933147438549912,0.001582701504575517,-1.3955363880143787,1.7460562655754144,-0.0004697236430838497,0.0020322423095033007,3.9285144097483905e-12,2.5123561370063437e-13,0,0.5999999999999986,2.6645352591003757e-15,124.03007796372609,6.283185307179565,-0.033258010352195055,0.7342952323895763
20.26,-0.00039374517354828645,0.0015850831404315674,-1.3954260022322111,1.7461666513575818,-0.0004799858047036694,0.002031414531848397,3.933562875016401e-12,2.5257180473589005e-13,0,0.5999999999999986,2.6645352591003757e-15,124.15574166986968,6.283185307179565,-0.018861946407309815,0.7055031044998058
20.28,-0.0003941663920791455,0.0015874539598501659,-1.3980260949652688,1.743566558624524,-0.000489055395060423,0.002031021064831149,3.9385965138737194e-12,2.497692062798759e-13,0,0.5999999999999986,2.6645352591003757e-15,124.28140537601328,6.283185307179565,-0.005030360203702566,0.6778399320925913
20.3,-0.00039456077166178847,0.0015897799131004253,-1.4032976731410955,1.738294980448698,-0.0004968034081719357,0.002031196276881086,3.943533790785243e-12,2.430106980541807e-13,0,0.5999999999999986,2.6645352591003757e-15,124.40706908215688,6.283185307179565,0.008258881747448266,0.6512614481902896
20.32,-0.00039491319236736064,0.001592028726919334,-1.4111632907408065,1.7304293628489864,-0.0005031067839734173,0.0020320469814818828,3.948299170652107e-12,2.327120653060528e-13,0,0.5999999999999986,2.6645352591003757e-15,124.53273278830048,6.283185307179565,0.021027045068453987,0.6257251215482782
20.34,-0.00039521261609603957,0.0015941714266250284,-1.4215070196054542,1.720085633984339,-0.0005078476519974535,0.0020336444271929774,3.952827709214232e-12,2.195136702567985e-13,0,0.5999999999999986,2.6645352591003757e-15,124.65839649444408,6.283185307179565,0.03329456154464838,0.6011900885958894
20.36,-0.000395453237858963,0.0015961841091570788,-1.4341745747460046,1.707418078843789,-0.0005109148933308114,0.002036017737988173,3.957069401617601e-12,2.0426324049689056e-13,0,0.5999999999999986,2.6645352591003757e-15,124.78406020058767,6.283185307179565,0.04508106181960303,0.5776170880459801
20.38,-0.00039563502787822493,0.0015980499101910062,-1.4489739484679245,1.6926187051218688,-0.000512208141925523,0.0020391494297786012,3.960993055948331e-12,1.8798421585262482e-13,0,0.5999999999999986,2.6645352591003757e-15,124.90972390673127,6.283185307179565,0.05640540680834544,0.5549683980684953
20.400000000000002,-0.00039576351168727094,0.0015997609710039897,-1.4656769036867214,1.675915749903072,-0.0005116439643304265,0.002042973644618778,3.964589352185328e-12,1.7872190108755048e-13,0,0.5999999999999986,2.6645352591003757e-15,125.03538761287487,6.283185307179565,0.06728571787884668,0.285906256675008
20.42,-0.000395839696423423,0.0016013522456916776,-1.4840046990762517,1.6575879545135415,-0.000509501537591735,0.0020471289996036235,3.967996240967096e-12,1.6243747089748465e-13,0,0.5999999999999986,2.6645352591003757e-15,125.16105131901847,6.283185307179565,0.07289099021589013,0.27469571200092113
20.44,-0.00039588261750866905,0.0016027987266150757,-1.503678760463861,1.6379138931259316,-0.0005054216456238071,0.0020517360695111444,3.971099215308167e-12,1.4861788433693214e-13,0,0.5999999999999986,2.6645352591003757e-15,125.28671502516207,6.283185307179565,0.07827647668089413,0.26392473907091313
20.46,-0.0003959063580142116,0.001604125962990661,-1.524386130943553,1.6172065226462404,-0.0004994193120593663,0.00205661907544577,3.973958683891678e-12,1.3832943756685414e-13,0,0.5999999999999986,2.6645352591003757e-15,125.41237873130567,6.283185307179565,0.08345079520116777,0.25357610203036585
20.48,-0.0003959230400215231,0.0016053698665157484,-1.5457936787405107,1.5957989748492825,-0.0004915544545084626,0.0020615789466755176,3.976654338751582e-12,1.3241040129466808e-13,0,0.5999999999999986,2.6645352591003757e-15,125.53804243744926,6.283185307179565,0.08842222579025695,0.2436332408521875
20.5,-0.0003959405131958983,0.0016065740665475118,-1.5675549529085853,1.5740377006812079,-0.00048193516376894465,0.002066406599424518,3.979279691381321e-12,1.3138631456229317e-13,0,0.5999999999999986,2.6645352591003757e-15,125.66370614359286,6.283185307179565,0.09319872379773265,0.23408024483723608
20.52,-0.0003959607970744805,0.001607786188335623,-1.5893176762012458,1.5522749773885476,-0.0004707176018515498,0.0020708973285272717,3.981935173758087e-12,1.3541429236322196e-13,0,0.5999999999999986,2.6645352591003757e-15,125.78936984973646,6.283185307179565,0.09778793263944742,0.22490182715380655
20.54,-0.00039597961183512333,0.0016090535474294091,-1.6107314626275753,1.5308611909622183,-0.000458102239408627,0.0020748650485180728,3.984720496392868e-12,1.4426610492672998e-13,0,0.5999999999999986,2.6645352591003757e-15,125.91503355588006,6.283185307179565,0.10219719602863143,0.21608330037543852
20.56,-0.00039598710504477213,0.0016104188920370473,-1.6314553289698344,1.5101373246199588,-0.00044432664980190563,0.00207815512569563,3.98772708789958e-12,1.5735304792721173e-13,0,0.5999999999999986,2.6645352591003757e-15,126.04069726202366,6.283185307179565,0.10643356972740041,0.20761055297790057
20.580000000000002,-0.00039596962322413216,0.0016119168135611277,-1.6511645966390829,1.4904280569507105,-0.0004296555452879084,0.0020806547121283324,3.99103142463853e-12,1.7378804049900636e-13,0,0.5999999999999986,2.6645352591003757e-15,126.16636096816725,6.283185307179565,0.11050383283748032,0.19947002675774075
20.6,-0.0003959121619912674,0.001613571287554721,-1.6695568472728148,1.4720358063169785,-0.00041436910588541474,0.002082299794970559,3.9946898986410426e-12,1.690032343512529e-13,0,0.5999999999999986,2.6645352591003757e-15,126.29202467431085,6.283185307179565,0.1144144986482164,-0.623871079208105
20.62,-0.000395784593717968,0.0016152723771842552,-1.686368931527437,1.4552237220623558,-0.0004000009018312616,0.002082961770162654,3.998238960837797e-12,1.862014266715498e-13,0,0.5999999999999986,2.6645352591003757e-15,126.41768838045445,6.283185307179565,0.10218333119201878,-0.5994087442957098
20.64,-0.0003956058644078038,0.0016171346096779456,-1.7012929516576163,1.4402997019321768,-0.00038551899139488313,0.002083027293508327,4.0021407058263676e-12,2.0395270054795515e-13,0,0.5999999999999986,2.6645352591003757e-15,126.54335208659805,6.283185307179565,0.09043175467160053,-0.5759055912548733
20.66,-0.00039536970647793883,0.0016191519143350151,-1.7141022476954721,1.4274904058943214,-0.00037117423158637914,0.0020825698879230843,4.006393617097076e-12,2.210215305027144e-13,0,0.5999999999999986,2.6645352591003757e-15,126.66901579274165,6.283185307179565,0.0791409640573923,-0.5533240100264568
20.68,-0.0003950754075606336,0.001621308732450022,-1.7246067770768705,1.416985876512923,-0.0003571982036531667,0.0020816991403651668,4.010972538615783e-12,2.36295959450206e-13,0,0.5999999999999986,2.6645352591003757e-15,126.79467949888524,6.283185307179565,0.06829289167558084,-0.5316278652628339
20.7,-0.00039472818914476165,0.0016235820359272206,-1.7326545217745717,1.408938131815221,-0.0003437999902025222,0.0020805536976044644,4.015831746184213e-12,2.4884180585346546e-13,0,0.5999999999999986,2.6645352591003757e-15,126.92034320502884,6.283185307179565,0.057870178295976404,-0.510782438503625
20.72,-0.0003943387857732085,0.0016259433605416076,-1.738131813596147,1.4034608399936461,-0.0003311656771202967,0.0020792928118635555,4.020908877368429e-12,2.5793515183195766e-13,0,0.5999999999999986,2.6645352591003757e-15,127.04600691117244,6.283185307179565,0.047856145353540824,-0.4907543726187539
20.740000000000002,-0.000393922373078087,0.0016283606330228457,-1.740962980209701,1.4006296733800916,-0.0003194601971360929,0.0020780870053887343,4.026129326970065e-12,2.6307789682931955e-13,0,0.5999999999999986,2.6645352591003757e-15,127.17167061731604,6.283185307179565,0.03823476825912528,-0.4715116184299228
20.76,-0.0003934970313511785,0.0016307997143522794,-1.7411097428867754,1.4004829107030172,-0.00030883082609669665,0.0020771083175711736,4.031410831282949e-12,2.6400268092604597e-13,0,0.5999999999999986,2.6645352591003757e-15,127.29733432345964,6.283185307179565,0.028990650756708758,-0.45302338342508974
20.78,-0.00039308193206900226,0.001633225708256968,-1.7385707343319905,1.403021919257803,-0.0002994114497925076,0.0020765204908268003,4.036668089837938e-12,2.606729423315023e-13,0,0.5999999999999986,2.6645352591003757e-15,127.42299802960324,6.283185307179565,0.020109000286103795,-0.4352600824838798
20.8,-0.0003926954215381618,0.0016356041699398557,-1.733381365348391,1.408211288241402,-0.00029132665001550817,0.0020764693885446167,4.041817370248805e-12,2.4216936363432286e-13,0,0.5999999999999986,2.6645352591003757e-15,127.54866173574683,6.283185307179565,0.01157560431170429,-0.673491362837387
20.82,-0.00039235674399627215,0.0016378508436199887,-1.725589737334558,1.416002916255235,-0.00028503297135530343,0.0020773061089396083,4.046566935200144e-12,2.3197219540205535e-13,0,0.5999999999999986,2.6645352591003757e-15,127.67432544189043,6.283185307179565,-0.0016283827197557943,-0.6470833887744668
20.84,-0.0003920707314421585,0.001639991498259242,-1.7153121871796422,1.4262804664101507,-0.00028029841593119807,0.002078898853646627,4.0510816943525075e-12,2.1887543042899266e-13,0,0.5999999999999986,2.6645352591003757e-15,127.79998914803403,6.283185307179565,-0.014314634014286842,-0.6217108861854047
20.86,-0.0003918429048409945,0.0016420021449737043,-1.702702224589715,1.438890429000078,-0.0002772348611411443,0.0020812766646297652,4.055311630724734e-12,2.0372552511685428e-13,0,0.5999999999999986,2.6645352591003757e-15,127.92565285417763,6.283185307179565,-0.02650345028050477,-0.5973332536529689
20.88,-0.0003916730306972297,0.0016438658677293489,-1.6879515686194648,1.4536410849703287,-0.0002759435326196618,0.002084421863184539,4.0592255253779865e-12,1.875456545101322e-13,0,0.5999999999999986,2.6645352591003757e-15,128.05131656032123,6.283185307179565,-0.03821433622485504,-0.5739114817642683
20.900000000000002,-0.000391555356681762,0.0016455748010315127,-1.6712886752638798,1.470303978325913,-0.0002765087754184224,0.002088268236705224,4.062814034322928e-12,1.7148479685992875e-13,0,0.5999999999999986,2.6645352591003757e-15,128.17698026646482,6.283185307179565,-0.049466031763304164,-0.5514080906873701
20.92,-0.00039147968108846316,0.0016471317841092962,-1.6529761068343922,1.4886165467554004,-0.0002789902794673318,0.0020927024896901353,4.066091538517666e-12,1.5674606124239945e-13,0,0.5999999999999986,2.6645352591003757e-15,128.30264397260842,6.283185307179565,-0.06027654200920335,-0.5297870701955717
20.94,-0.0003914331873637071,0.0016485513052677551,-1.6333066038493251,1.5082860497404678,-0.00028341472795624857,0.002097569264739708,4.069096368012951e-12,1.4449712215980885e-13,0,0.5999999999999986,2.6645352591003757e-15,128.42830767875202,6.283185307179565,-0.07066316608531131,-0.5090138220433558
20.96,-0.00039140280843531224,0.0016498593755626563,-1.6125978794564988,1.5289947741332943,-0.0002897680408332454,0.0021026796839312854,4.0718891090296896e-12,1.3577065194682706e-13,0,0.5999999999999986,2.6645352591003757e-15,128.55397138489562,6.283185307179565,-0.08064252480608108,-0.4890551046018162
20.98,-0.00039137773330825894,0.001651092105609851,-1.5911863085881601,1.5504063450016332,-0.0002979894179551895,0.002107822946279388,4.074548906774494e-12,1.3136688832959962e-13,0,0.5999999999999986,2.6645352591003757e-15,128.67963509103922,6.283185307179565,-0.0902305872745093,-0.4698789796649598
21.0,-0.0003913515831277228,0.0016522929866024311,-1.569419807385303,1.5721728462044897,-0.0003079682253030382,0.002112780119223319,4.077167947398234e-12,1.3130217932923995e-13,0,0.5999999999999986,2.6645352591003757e-15,128.80529879718281,6.283185307179565,-0.0994426964361079,0.2043914705105902
21.02,-0.0003913643856304112,0.0016534982183216485,-1.5476525603693454,1.5939400932204482,-0.0003185621962612606,0.0021168647528853573,4.07979390057246e-12,1.3261087080501878e-13,0,0.5999999999999986,2.6645352591003757e-15,128.9309625033264,6.283185307179565,-0.09543554434050708,0.19637716631938856
21.04,-0.0003913758133509909,0.0016547452561072506,-1.5262381951715653,1.6153544584182278,-0.0003305530579784914,0.002120523366295354,4.082498068742683e-12,1.3903288629986657e-13,0,0.5999999999999986,2.6645352591003757e-15,129.05662620947,6.283185307179565,-0.0915855149259767,0.18867710749032782
21.06,-0.0003913940621294081,0.0016560787151710266,-1.5055219513791822,1.6360707022106107,-0.0003437099022211605,0.0021236119242577017,4.085378158905074e-12,1.5002321026632685e-13,0,0.5999999999999986,2.6645352591003757e-15,129.1822899156136,6.283185307179565,-0.08788644732407012,0.18127897228651466
21.080000000000002,-0.0003914317229711047,0.0016575353283690667,-1.4858351246336903,1.6557575289561033,-0.00035777527445286317,0.002126023416776415,4.088517584554972e-12,1.647163529732021e-13,0,0.5999999999999986,2.6645352591003757e-15,129.3079536217572,6.283185307179565,-0.08433242223744777,0.17417092211326995
21.1,-0.0003915033937876286,0.0016591412703306921,-1.4674881253567766,1.6741045282330163,-0.00037247598168956177,0.002127695071980918,4.09197987680511e-12,1.820141510295245e-13,0,0.5999999999999986,2.6645352591003757e-15,129.4336173279008,6.283185307179565,-0.0809177524677386,0.1673415825738516
21.12,-0.00039162300002548316,0.0016609108392077886,-1.4507646384633848,1.6908280151264083,-0.00038753444428818917,0.0021286121278836973,4.095805042491337e-12,2.006887602896793e-13,0,0.5999999999999986,2.6645352591003757e-15,129.5592810340444,6.283185307179565,-0.07763697381480932,0.16078002526799304
21.14,-0.0003918013161110617,0.0016628464680346266,-1.4359171328877078,1.7056755207020853,-0.00040267937350788843,0.002128808084522367,4.100008017513163e-12,2.1948555716953453e-13,0,0.5999999999999986,2.6645352591003757e-15,129.684944740188,6.283185307179565,-0.07448483633287849,0.15447575030413138
21.16,-0.0003920440786125924,0.0016649398064976307,-1.4231638211062738,1.7184288324835197,-0.000417654690643856,0.0021283617039875736,4.1045790769609715e-12,2.372132817806462e-13,0,0.5999999999999986,2.6645352591003757e-15,129.8106084463316,6.283185307179565,-0.07145629592948315,0.1484186694973407
21.18,-0.00039235091695102593,0.0016671734833299094,-1.4126870059036611,1.7289056476861315,-0.00043222589224154037,0.002127391289328167,4.1094858546716484e-12,2.528135625335299e-13,0,0.5999999999999986,2.6645352591003757e-15,129.9362721524752,6.283185307179565,-0.0685465062938548,0.142599090226084
21.2,-0.0003927151544948665,0.0016695231428564743,-1.4046325944330833,1.7369600591567096,-0.00044618345678600497,0.0021260469185271497,4.114676522734038e-12,2.365651789326723e-13,0,0.5999999999999986,2.6645352591003757e-15,130.0619358586188,6.283185307179565,-0.06575081114178816,0.7961565517308284
21.22,-0.0003931085399159866,0.0016718238878200959,-1.3991311134043913,1.7424615401854018,-0.000458405660654573,0.002124816666772375,4.1195089058707806e-12,2.4578089857697223e-13,0,0.5999999999999986,2.6645352591003757e-15,130.1875995647624,6.283185307179565,-0.050141938683829046,0.7649388068149102
21.240000000000002,-0.0003935280932970249,0.0016741820083186558,-1.3963018821032167,1.7452907714865766,-0.00046972298279246254,0.0021237057173285286,4.124488731233685e-12,2.5120607689596294e-13,0,0.5999999999999986,2.6645352591003757e-15,130.313263270906,6.283185307179565,-0.03514509886914635,0.7349451271855448
21.26,-0.00039395668365270405,0.0016765638381166848,-1.3961835158784965,1.745409137711297,-0.0004799855176068462,0.002122876284834481,4.129536653642425e-12,2.5254715560383466e-13,0,0.5999999999999986,2.6645352591003757e-15,130.4389269770496,6.283185307179565,-0.020736293554540153,0.7061275165563324
21.28,-0.0003943760130071271,0.0016789348707729147,-1.398775759252598,1.7428168943371949,-0.0004890556694245702,0.0021224813888945588,4.1345698505021626e-12,2.497496681130392e-13,0,0.5999999999999986,2.6645352591003757e-15,130.5645906831932,6.283185307179565,-0.006892465577464646,0.6784398606021814
21.3,-0.00039476848381105826,0.0016812610411622237,-1.4040398056266512,1.7375528479631424,-0.0004968043971115074,0.002122655428709663,4.1395067873279026e-12,2.4299616317585824e-13,0,0.5999999999999986,2.6645352591003757e-15,130.6902543893368,6.283185307179565,0.006408538140350972,0.6518378531665502
21.32,-0.0003951190076391831,0.0016835100596682092,-1.4118983770637428,1.7296942765260503,-0.0005031085990567852,0.0021235052539878897,4.1442719239548415e-12,2.3270215298038803e-13,0,0.5999999999999986,2.6645352591003757e-15,130.81591809548038,6.283185307179565,0.019188002042553998,0.6262789253621441
21.34,-0.00039541657825381386,0.0016856529361454792,-1.4222356856350695,1.7193569679547238,-0.000507850358207551,0.002125102151808021,4.148800306387267e-12,2.195078117602994e-13,0,0.5999999999999986,2.6645352591003757e-15,130.94158180162398,6.283185307179565,0.031466375997818985,0.6017221774516142
21.36,-0.000395655421798861,0.0016876657547722997,-1.4348975499709733,1.70669510361882,-0.000510918505700094,0.002127475282871521,4.1530419172818335e-12,2.042607831704706e-13,0,0.5999999999999986,2.6645352591003757e-15,131.06724550776758,6.283185307179565,0.043263308024000524,0.5781283133992511
21.38,-0.0003958355374681787,0.001689531642789483,-1.4496920218557692,1.6919006317340237,-0.0005122126243739868,0.00213060719344838,4.15696555166815e-12,1.8798453421111064e-13,0,0.5999999999999986,2.6645352591003757e-15,131.19290921391118,6.283185307179565,0.05459767572915358,0.555459577988945
21.400000000000002,-0.0003959624757599449,0.0016912427385977478,-1.466390874041949,1.6752017795478444,-0.0005116492313271974,0.0021344320451049704,4.1605618780802135e-12,1.787175398607265e-13,0,0.5999999999999986,2.6645352591003757e-15,131.31857292005478,6.283185307179565,0.06548761651973378,0.28664657797232396
21.42,-0.00039603722423665866,0.0016928339670649094,-1.4847152171383444,1.656877436451449,-0.0005095071481188455,0.0021385886493357565,4.163968715215459e-12,1.6243660537708805e-13,0,0.5999999999999986,2.6645352591003757e-15,131.44423662619838,6.283185307179565,0.07110740306341484,0.27540700488496184
21.44,-0.000396078873378251,0.0016942803661474768,-1.5043865268710372,1.6372061267187554,-0.0005054274328067307,0.0021431973575074086,4.167071705952952e-12,1.4862038783925886e-13,0,0.5999999999999986,2.6645352591003757e-15,131.56990033234197,6.283185307179565,0.07650683462487395,0.2646081417620436
21.46,-0.000396101506157476,0.0016956074992878403,-1.5250917048305173,1.6165009487592759,-0.0004994250819381186,0.0021480823496522485,4.169931258792109e-12,1.3833540830041632e-13,0,0.5999999999999986,2.6645352591003757e-15,131.69556403848557,6.283185307179565,0.08169455144654961,0.2542327081186923
21.48,-0.00039611723266435895,0.0016968512950034714,-1.546497441600992,1.5950952119888013,-0.000491560002587205,0.0021530444999951067,4.172627069547425e-12,1.3242009673001598e-13,0,0.5999999999999986,2.6645352591003757e-15,131.82122774462917,6.283185307179565,0.08667885498212843,0.24426410104753465
21.5,-0.0003961338787500527,0.0016980553992235975,-1.5682570849897333,1.5733355686000596,-0.0004819402930785095,0.002157874659786598,4.175252655687449e-12,1.314000441050983e-13,0,0.5999999999999986,2.6645352591003757e-15,131.94689145077277,6.283185307179565,0.09146772118064216,0.2346863686505072
21.52,-0.00039615342987430396,0.0016992674505772617,-1.5900181476609627,1.55157450592883,-0.0004707221407406623,0.0021623680543297343,4.177908454938824e-12,1.3543228867696605e-13,0,0.5999999999999986,2.6645352591003757e-15,132.07255515691637,6.283185307179565,0.09606881324968768,0.22548418451241617
21.54,-0.00039617156485160035,0.0017005347723630857,-1.6114300401935473,1.5301626133962456,-0.0004581060571654236,0.0021663385299089256,4.180694180739983e-12,1.4428839961561064e-13,0,0.5999999999999986,2.6645352591003757e-15,132.19821886305996,6.283185307179565,0.10048949391819412,0.2166428231754033
21.56,-0.00039617838658850536,0.001701900113510953,-1.6321515972355238,1.5094410563542695,-0.00044432966842581007,0.0021696313912046095,4.183701259560934e-12,1.5737937659614056e-13,0,0.5999999999999986,2.6645352591003757e-15,132.32388256920356,6.283185307179565,0.10473683721835994,0.20814813657507164
21.580000000000002,-0.0003961601979978203,0.0017033980590579108,-1.6518579916753853,1.489734661914408,-0.0004296577462614237,0.0021721337393164606,4.187006159092043e-12,1.7381779565025099e-13,0,0.5999999999999986,2.6645352591003757e-15,132.44954627534716,6.283185307179565,0.10881763980561364,0.19998653140056424
21.6,-0.0003961019561302195,0.0017050525723601568,-1.6702466991470888,1.4713459544427039,-0.00041437053153080093,0.0021737815232140637,4.1906652557793825e-12,1.6903179707693493e-13,0,0.5999999999999986,2.6645352591003757e-15,132.57520998149076,6.283185307179565,0.11273843183471244,-0.6232783530781938
21.62,-0.000395973523026128,0.0017067536755317246,-1.6870549561470238,1.4545376974427695,-0.00040000155891921975,0.0021744459323729376,4.1942149157067985e-12,1.8623238208082772e-13,0,0.5999999999999986,2.6645352591003757e-15,132.70087368763436,6.283185307179565,0.10051888494050626,-0.5988392592897814
21.64,-0.00039579382303484294,0.0017086159165392066,-1.7019744462677917,1.4396182073220016,-0.0003855190016528663,0.0021745137803439022,4.198117295535463e-12,2.039849259741404e-13,0,0.5999999999999986,2.6645352591003757e-15,132.82653739377795,6.283185307179565,0.08877847333332639,-0.5753584360754217
21.66,-0.0003955565746746273,0.001710633210379596,-1.7147785310945474,1.4268141224952462,-0.0003711737551820764,0.0021740585810194665,4.202370854645848e-12,2.2105376609339784e-13,0,0.5999999999999986,2.6645352591003757e-15,132.95220109992155,6.283185307179565,0.07749840984984663,-0.5527983091084622
21.68,-0.00039526106163462654,0.00171278998677239,-1.7252772349995664,1.4163154185902265,-0.00035719742781671214,0.002173189917675807,4.2069504113211895e-12,2.3632692718475763e-13,0,0.5999999999999986,2.6645352591003757e-15,133.07786480606515,6.283185307179565,0.06666064398195154,-0.531122777372672
21.7,-0.00039491251020941885,0.0017150632104415155,-1.7333186449310487,1.4082740086587444,-0.0003437991174400123,0.002172046434802922,4.211810216515354e-12,2.4887032660448317e-13,0,0.5999999999999986,2.6645352591003757e-15,133.20352851220875,6.283185307179565,0.05624783299207242,-0.5102971553929138
21.72,-0.00039452166685588795,0.0017174244152200928,-1.7387892269193983,1.4028034266703946,-0.00033116491403768685,0.0021707873801829576,4.216887885976209e-12,2.5796024457371536e-13,0,0.5999999999999986,2.6645352591003757e-15,133.32919221835235,6.283185307179565,0.0462433141611073,-0.4902881177309835
21.740000000000002,-0.0003941037245344948,0.0017198415311869952,-1.7416134628134827,1.3999791907763104,-0.00031945974443607004,0.0021695832666743077,4.222108797442031e-12,2.630988502948774e-13,0,0.5999999999999986,2.6645352591003757e-15,133.45485592449594,6.283185307179565,0.036631078124515465,-0.47106364565779985
21.76,-0.00039367678478745093,0.001722280427372477,-1.7417532388612385,1.3998394147285547,-0.00030883086990129657,0.002168606117558453,4.2273906760195145e-12,2.6401909364107636e-13,0,0.5999999999999986,2.6645352591003757e-15,133.58051963063954,6.283185307179565,0.027395743253918636,-0.4525929759166062
21.78,-0.0003932600430813524,0.0017247062192022812,-1.739207354768371,1.4023852988214216,-0.0002994121541741414,0.002168019651771009,4.2326482164076605e-12,2.606847307155635e-13,0,0.5999999999999986,2.6645352591003757e-15,133.70618333678314,6.283185307179565,0.018522531043214024,-0.43484655149519696
21.8,-0.0003928718715588404,0.0017270844758872186,-1.7340113819683187,1.4075812716214742,-0.0002913281505255613,0.002167969702359725,4.237797687596706e-12,2.4218731583905506e-13,0,0.5999999999999986,2.6645352591003757e-15,133.83184704292674,6.283185307179565,0.009997242459811595,-0.6728547056133127
21.82,-0.0003925315791622882,0.001729331012703115,-1.7262137727618136,1.41537888082798,-0.00028503501346862503,0.0021688070462913887,4.2425475672569054e-12,2.3198580504009917e-13,0,0.5999999999999986,2.6645352591003757e-15,133.95751074907034,6.283185307179565,-0.003194262728236641,-0.6464716952372163
21.84,-0.00039224399069943586,0.0017314715523442656,-1.7159307842612244,1.425661869328569,-0.00028030105891624075,0.0021704001190578797,4.2470625582610485e-12,2.1888512687149738e-13,0,0.5999999999999986,2.6645352591003757e-15,134.08317445521394,6.283185307179565,-0.01586852159943647,-0.6211231774948166
21.86,-0.0003920146539144927,0.0017334821163144543,-1.703316012179751,1.4382766414100416,-0.0002772381184722501,0.0021727779381974107,4.25129265318217e-12,2.0373181099595547e-13,0,0.5999999999999986,2.6645352591003757e-15,134.20883816135753,6.283185307179565,-0.0280458156719679,-0.5967685893497537
21.88,-0.00039184336008803324,0.0017353457952449384,-1.688561223721527,1.4530314298682665,-0.0002759473713416655,0.0021759228061460495,4.255206643159751e-12,1.8754901200461924e-13,0,0.5999999999999986,2.6645352591003757e-15,134.33450186750113,6.283185307179565,-0.0397456312143083,-0.573368958265073
21.900000000000002,-0.00039172437806945533,0.0017370547255606485,-1.6718948807151206,1.4696977728746727,-0.0002765131181700167,0.0021797685006886315,4.2587951929834324e-12,1.7148560266757808e-13,0,0.5999999999999986,2.6645352591003757e-15,134.46016557364473,6.283185307179565,-0.05098669042741916,-0.5508868398388512
21.92,-0.0003916475218621008,0.0017386117432000884,-1.653579507052769,1.4880131465370239,-0.00027899500957796763,0.002184201728930687,4.262072689587744e-12,1.5674452492122648e-13,0,0.5999999999999986,2.6645352591003757e-15,134.58582927978833,6.283185307179565,-0.061786981404261976,-0.5292862578851656
21.94,-0.0003915999832202779,0.0017400313282512029,-1.633907761812341,1.5076848917774521,-0.00028341969776787276,0.0021890671499909973,4.26507746530039e-12,1.4449326083314492e-13,0,0.5999999999999986,2.6645352591003757e-15,134.71149298593193,6.283185307179565,-0.0721637869145847,-0.5085326468645202
21.96,-0.00039156869433340334,0.0017413394797529402,-1.6131972384098234,1.5283954151799701,-0.0002897730829980775,0.002194175916401086,4.267870104843351e-12,1.3576430886399184e-13,0,0.5999999999999986,2.6645352591003757e-15,134.83715669207552,6.283185307179565,-0.08213371206104039,-0.48859279657160876
21.98,-0.0003915428334787985,0.001742572294400265,-1.5917841618547164,1.5498084917350763,-0.0002979943589941093,0.0021993172697906743,4.270529748962278e-12,1.3135779422059316e-13,0,0.5999999999999986,2.6645352591003757e-15,134.96282039821912,6.283185307179565,-0.09171271085089422,-0.4694347989919011
22.0,-0.00039151600120879506,0.0017437732499472924,-1.5700162790249406,1.5715763745648523,-0.00030797290027480045,0.0022042723289978803,4.273148577972134e-12,1.312919660918726e-13,0,0.5999999999999986,2.6645352591003757e-15,135.08848410436272,6.283185307179565,-0.10091611172583867,0.20495241453150043
22.02,-0.00039152814175302813,0.001744978561292549,-1.5482476377356842,1.5933450158541085,-0.0003185663626789964,0.002208354760885182,4.275774291673307e-12,1.3259708910748865e-13,0,0.5999999999999986,2.6645352591003757e-15,135.21414781050632,6.283185307179565,-0.09689796216540583,0.19691611541063475
22.04,-0.00039153896410630426,0.0017462256514892867,-1.526831727805949,1.6147609257838447,-0.0003305565970450987,0.002212011091857788,4.27847814744456e-12,1.3901542175070943e-13,0,0.5999999999999986,2.6645352591003757e-15,135.33981151664992,6.283185307179565,-0.0930373665028074,0.1891949240854379
22.06,-0.00039155662605711467,0.0017475591332380468,-1.5061136260328412,1.6354790275569524,-0.0003437127372314064,0.002215097341185161,4.281357851881831e-12,1.500021585173094e-13,0,0.5999999999999986,2.6645352591003757e-15,135.46547522279351,6.283185307179565,-0.08932814696134557,0.18177648500251423
22.080000000000002,-0.00039159368090493083,0.0017490157430648304,-1.4864244930161767,1.6551681605736164,-0.0003577773775538229,0.002217506544294754,4.2844968230291e-12,1.6469208344008633e-13,0,0.5999999999999986,2.6645352591003757e-15,135.5911389289371,6.283185307179565,-0.08576436799841163,0.17464892707664634
22.1,-0.00039166469273056384,0.001750621664612389,-1.468074640508558,1.6735180130812353,-0.00037247737589569583,0.002219175963720865,4.287958602304674e-12,1.8198732234805596e-13,0,0.5999999999999986,2.6645352591003757e-15,135.7168026350807,6.283185307179565,-0.08234032680735147,0.16780084469452602
22.12,-0.00039178355978583556,0.0017523912086176226,-1.45134769626664,1.690244957323153,-0.0003875352009599749,0.002220090860651592,4.291783212411967e-12,2.0066028643508323e-13,0,0.5999999999999986,2.6645352591003757e-15,135.8424663412243,6.283185307179565,-0.07905054419175833,0.16122127946333975
22.14,-0.0003919610375961402,0.0017543268219875614,-1.4364961150366697,1.7050965385531232,-0.00040267960611383764,0.002220284748472179,4.2959856095648825e-12,2.1945653304779981e-13,0,0.5999999999999986,2.6645352591003757e-15,135.9681300473679,6.283185307179565,-0.07588975579758954,0.15489970267500217
22.16,-0.00039220285261652943,0.0017564201672562463,-1.4237381361761736,1.7178545174136195,-0.00041765454600619175,0.0022198363953877696,4.300556091832442e-12,2.371848837169591e-13,0,0.5999999999999986,2.6645352591003757e-15,136.0937937535115,6.283185307179565,-0.07285290368907693,0.14882599845797695
22.18,-0.000392508632455841,0.001758653883049857,-1.4132561258664667,1.728336527723327,-0.00043222554055628105,0.0022188641065651583,4.305462316585559e-12,2.5278694119323327e-13,0,0.5999999999999986,2.6645352591003757e-15,136.2194574596551,6.283185307179565,-0.06993512825495055,0.14299044758972418
22.2,-0.000392871705834322,0.001761003619343014,-1.4051960848752338,1.736396568714559,-0.0004461830815352042,0.0022175179614381474,4.310652477906522e-12,2.3653837759221167e-13,0,0.5999999999999986,2.6645352591003757e-15,136.3451211657987,6.283185307179565,-0.06713176043202385,0.7966644885426977
22.22,-0.00039326389414534726,0.0017633044514673262,-1.399689078495457,1.7419035750943364,-0.00045840523266891305,0.002216286235649256,4.3154843474768255e-12,2.4575653867161377e-13,0,0.5999999999999986,2.6645352591003757e-15,136.4707848719423,6.283185307179565,-0.05151292973043048,0.7654268271395109
22.240000000000002,-0.00039368217640418864,0.001765662688157346,-1.3968541365468714,1.7447385170429222,-0.0004697226709931583,0.0022151739471978423,4.320463715350889e-12,2.511848243492012e-13,0,0.5999999999999986,2.6645352591003757e-15,136.5964485780859,6.283185307179565,-0.036506522140431485,0.735414011959513
22.26,-0.0003941094394401469,0.0017680446571345335,-1.3967300135171132,1.7448626400726797,-0.00047998547761408976,0.0022143433218106477,4.325511247235441e-12,2.525294276833928e-13,0,0.5999999999999986,2.6645352591003757e-15,136.7221122842295,6.283185307179565,-0.022088524208345173,0.7065780160953403
22.28,-0.00039452740551044986,0.0017704158428284433,-1.3993165945420685,1.7422760590477244,-0.0004890560370061192,0.0022139473959420105,4.3305441262986956e-12,2.497356252048892e-13,0,0.5999999999999986,2.6645352591003757e-15,136.8477759903731,6.283185307179565,-0.008235864061476639,0.6788726958016033
22.3,-0.00039491849888885765,0.0017727421690210364,-1.4045752075705058,1.737017446019287,-0.0004968052826396249,0.0022141205909841167,4.3354808187997095e-12,2.429857269435275e-13,0,0.5999999999999986,2.6645352591003757e-15,136.9734396965167,6.283185307179565,0.005073625511800961,0.652253716655048
22.32,-0.0003952676538890904,0.001774991334312435,-1.412428695966608,1.729163957623185,-0.0005031100828892751,0.0022149697827731425,4.340245780906192e-12,2.3269504812747446e-13,0,0.5999999999999986,2.6645352591003757e-15,137.0991034026603,6.283185307179565,0.017861242534314037,0.6266784826100219
22.34,-0.000395563887272053,0.0017771343374165555,-1.4227613730242943,1.7188312805654986,-0.0005078524870473281,0.0022165662861748947,4.344774051586801e-12,2.195036274171215e-13,0,0.5999999999999986,2.6645352591003757e-15,137.2247671088039,6.283185307179565,0.03014744992146906,0.6021060678357119
22.36,-0.00039580144765389934,0.0017791472533208999,-1.43541913219027,1.7061735213995233,-0.0005109212901647763,0.0022189392883882933,4.349015604477291e-12,2.0425904800891236e-13,0,0.5999999999999986,2.6645352591003757e-15,137.3504308149475,6.283185307179565,0.041951908226282864,0.5784971512260842
22.38,-0.0003959803551406459,0.0017810132031971337,-1.4502100682163874,1.6913825853734057,-0.0005122160381578811,0.002222071357588083,4.352939225179834e-12,1.8798479668298486e-13,0,0.5999999999999986,2.6645352591003757e-15,137.47609452109108,6.283185307179565,0.05329350710046188,0.5558139534777262
22.400000000000002,-0.00039610617824996526,0.0017827243233868764,-1.466905960994751,1.674686692595042,-0.0005116532124040867,0.002225896669420499,4.356535573968131e-12,1.7871442267418633e-13,0,0.5999999999999986,2.6645352591003757e-15,137.60175822723468,6.283185307179565,0.064190395521875,0.2871806721568322
22.42,-0.0003961798904854617,0.0017843155176567288,-1.4852278144442284,1.6563648391455645,-0.0005095113779977716,0.0022300541757351708,4.359942374376286e-12,1.6243600522720882e-13,0,0.5999999999999986,2.6645352591003757e-15,137.72742193337828,6.283185307179565,0.0698206531318161,0.27592015693695
22.44,-0.00039622062199283286,0.0017857618569086236,-1.5048971401299367,1.6366955134598564,-0.0005054317907093456,0.0022346640666107247,4.363045377385279e-12,1.486222142096146e-13,0,0.5999999999999986,2.6645352591003757e-15,137.85308563952188,6.283185307179565,0.07523014518315452,0.26510117283427315
22.46,-0.00039624245567122617,0.00178708891486282,-1.5256007375221474,1.615991916067646,-0.0004994294275380939,0.0022395504924465136,4.365904991383378e-12,1.3833973329037426e-13,0,0.5999999999999986,2.6645352591003757e-15,137.97874934566548,6.283185307179565,0.08042752801725889,0.2547064071660644
22.48,-0.0003962574929527309,0.001788332632182734,-1.5470051689884772,1.5945874846013162,-0.0004915641879664366,0.0022445142877538585,4.36860091494057e-12,1.3242710761528686e-13,0,0.5999999999999986,2.6645352591003757e-15,138.10441305180908,6.283185307179565,0.08542111855549794,0.2447192260895863
22.5,-0.00039627354249758423,0.0017895366667592869,-1.5687636370731042,1.572829016516689,-0.00048194417577403914,0.0022493462569061324,4.371226669868277e-12,1.314099657502241e-13,0,0.5999999999999986,2.6645352591003757e-15,138.23007675795267,6.283185307179565,0.090218907608089,0.2351236479844042
22.52,-0.0003962925651680435,0.001790748666873085,-1.5905235027932147,1.5510691507965788,-0.0004707255965929747,0.002253841575043103,4.373882698073721e-12,1.3544529050724213e-13,0,0.5999999999999986,2.6645352591003757e-15,138.35574046409627,6.283185307179565,0.0948285726610991,0.22590431787838397
22.54,-0.00039631020992441957,0.0017920159614049158,-1.6119340298931237,1.529658623696669,-0.00045810899159684856,0.0022578140392143613,4.37666871513655e-12,1.4430450573913133e-13,0,0.5999999999999986,2.6645352591003757e-15,138.48140417023987,6.283185307179565,0.09925749016206076,0.21704648287646067
22.56,-0.0003963165474423475,0.0017933812997894929,-1.6326539215698284,1.5089387320199652,-0.00044433202493621274,0.002261108909654277,4.379676146002408e-12,1.5739839716610113e-13,0,0.5999999999999986,2.6645352591003757e-15,138.60706787638347,6.283185307179565,0.1035127473238616,0.20853596855285897
22.580000000000002,-0.0003962978491666448,0.0017948792624498226,-1.6523582435370758,1.4892344100527168,-0.0004296595113114077,0.002263613250703369,4.382981452120067e-12,1.7383929281344506e-13,0,0.5999999999999986,2.6645352591003757e-15,138.73273158252707,6.283185307179565,0.10760115346579716,0.20035915626898787
22.6,-0.0003962390443210359,0.001796533803917733,-1.6707443949594978,1.4708482586302951,-0.00041437173551416235,0.0022652629837971745,4.386640998695392e-12,1.69052432769372e-13,0,0.5999999999999986,2.6645352591003757e-15,138.85839528867066,6.283185307179565,0.11152925090993432,-0.6228507744782744
22.62,-0.00039610998750887503,0.0017982349166357132,-1.68754989079582,1.4540427627939732,-0.0004000022067942518,0.0022659291495109083,4.390191090477549e-12,1.862547478413188e-13,0,0.5999999999999986,2.6645352591003757e-15,138.98405899481426,6.283185307179565,0.09931808681408283,-0.5984284462865714
22.64,-0.0003959295874364033,0.0018000971635493024,-1.7024661125335085,1.4391265410562841,-0.00038551918115205757,0.0022659986751629286,4.394093929006104e-12,2.0400821131195325e-13,0,0.5999999999999986,2.6645352591003757e-15,139.10972270095786,6.283185307179565,0.0875857293110327,-0.5749637312804712
22.66,-0.000395691552600805,0.0018021144493166072,-1.7152664373658941,1.4263262162238988,-0.0003711735817933948,0.002265545068144007,4.398347956254368e-12,2.210770613529549e-13,0,0.5999999999999986,2.6645352591003757e-15,139.23538640710146,6.283185307179565,0.07631340412574261,-0.552419080909891
22.68,-0.00039539516385372935,0.001804271195291502,-1.725760938023745,1.415831715566048,-0.0003571970365687494,0.0022646779090779888,4.40292797196117e-12,2.363493095325845e-13,0,0.5999999999999986,2.6645352591003757e-15,139.36105011324506,6.283185307179565,0.0654830731330251,-0.530758418924456
22.7,-0.0003950456509630619,0.0018065443610089389,-1.733797777256081,1.4077948763337123,-0.0003437986543948719,0.0022635358408097978,4.407788209137793e-12,2.4889094457230523e-13,0,0.5999999999999986,2.6645352591003757e-15,139.48671381938865,6.283185307179565,0.05507740549269802,-0.5099470836438018
22.72,-0.00039465376898477095,0.0018089054788978957,-1.739263517985472,1.4023291356043206,-0.00033116452822701595,0.002262278107913742,4.412866267776238e-12,2.579783896819024e-13,0,0.5999999999999986,2.6645352591003757e-15,139.61237752553225,6.283185307179565,0.045079749916542705,-0.4899517724914912
22.740000000000002,-0.00039423472338132937,0.0018113224814549271,-1.7420827533362118,1.3995099002535811,-0.0003194595806458089,0.0022610752164679746,4.418087513290876e-12,2.6311400876328284e-13,0,0.5999999999999986,2.6645352591003757e-15,139.73804123167585,6.283185307179565,0.035474108022690354,-0.4707404887037865
22.76,-0.0003938066310232153,0.001813761243522035,-1.7422174886009925,1.3993751649888004,-0.00030883106241476137,0.002260099178122687,4.423369662705462e-12,2.640309752599905e-13,0,0.5999999999999986,2.6645352591003757e-15,139.86370493781945,6.283185307179565,0.02624510873479788,-0.45228249012800154
22.78,-0.00039338870467891775,0.001816186888972314,-1.7396666439704376,1.4019260096193555,-0.000299412821388086,0.00225951369486464,4.428627407222268e-12,2.606932746665932e-13,0,0.5999999999999986,2.6645352591003757e-15,139.98936864396305,6.283185307179565,0.017377983685046478,-0.43454824002849873
22.8,-0.0003929993351225901,0.001818564997131577,-1.7344659067471138,1.4071267468426791,-0.00029132939028641614,0.002259464577844312,4.4337770168144796e-12,2.4220030343980335e-13,0,0.5999999999999986,2.6645352591003757e-15,140.11503235010665,6.283185307179565,0.008858543581602318,-0.6723954069720743
22.82,-0.00039265787791221534,0.0018208114345602652,-1.7266639821067962,1.414928671482997,-0.00028503664231779315,0.002260302372314056,4.438527124214139e-12,2.3199565691353626e-13,0,0.5999999999999986,2.6645352591003757e-15,140.24069605625024,6.283185307179565,-0.004323956927786143,-0.6460304059532974
22.84,-0.00039236915271505,0.0018229518905758467,-1.7163770698128566,1.4252155837769367,-0.00028030311974772766,0.0022618956824208654,4.443042283121262e-12,2.188921524422892e-13,0,0.5999999999999986,2.6645352591003757e-15,140.36635976239384,6.283185307179565,-0.01698956419882669,-0.6206991914112163
22.86,-0.0003921387265869316,0.0018249623941883908,-1.7037588275845723,1.437833826005221,-0.00027724062117692136,0.0022642735080818043,4.4472724929954925e-12,2.0373637261754911e-13,0,0.5999999999999986,2.6645352591003757e-15,140.49202346853744,6.283185307179565,-0.02915854590529332,-0.5963612279982831
22.88,-0.0003919664086758884,0.001826826040850001,-1.689001057323383,1.4525915962664104,-0.0002759502923484335,0.0022674181381288263,4.451186552243034e-12,1.8755145740289734e-13,0,0.5999999999999986,2.6645352591003757e-15,140.61768717468104,6.283185307179565,-0.04085037501410427,-0.5729775697806612
22.900000000000002,-0.0003918464831046823,0.0018285349683826388,-1.672332225037333,1.4692604285524604,-0.00027651640190244186,0.0022712633434161487,4.4547751319860566e-12,1.7148620366332061e-13,0,0.5999999999999986,2.6645352591003757e-15,140.74335088082464,6.283185307179565,-0.05208376094622358,-0.5505107979164225
22.92,-0.00039176877520635356,0.0018300920103627044,-1.6540148268889432,1.48757782670085,-0.00027899857212526137,0.002275695832931459,4.458052623474234e-12,1.5674343300623243e-13,0,0.5999999999999986,2.6645352591003757e-15,140.86901458696823,6.283185307179565,-0.06287667951572606,-0.5289249607774176
22.94,-0.0003917204827275298,0.0018315116409611642,-1.6343414632092235,1.50725119038057,-0.00028342343287964786,0.0022805602777103357,4.4610573606869405e-12,1.4449048895388963e-13,0,0.5999999999999986,2.6645352591003757e-15,140.99467829311183,6.283185307179565,-0.07324640169493507,-0.5081855164189996
22.96,-0.0003916885373262784,0.001832819850557341,-1.6136296410627544,1.5279630125270387,-0.00028977687022408035,0.002285667852253616,4.463849927279447e-12,1.357597447992164e-13,0,0.5999999999999986,2.6645352591003757e-15,141.12034199925543,6.283185307179565,-0.0832095212516627,-0.4882592773055443
22.98,-0.00039166210954469176,0.0018340527258105094,-1.5922154773437176,1.5493771762460753,-0.00029799807345401344,0.0022908078289331493,4.466509460798677e-12,1.3135124477843531e-13,0,0.5999999999999986,2.6645352591003757e-15,141.24600570539903,6.283185307179565,-0.09278198130277857,-0.46911435720331257
23.0,-0.00039163478508511847,0.0018352537347831892,-1.5704465968722865,1.5711460567175068,-0.000307976423230082,0.002295761363666613,4.469128137371983e-12,1.3128460951218302e-13,0,0.5999999999999986,2.6645352591003757e-15,141.37166941154263,6.283185307179565,-0.1019790998265982,0.20535711934363754
23.02,-0.0003916464479191595,0.0018364591032359952,-1.5486769488961853,1.592915704693608,-0.00031856951928983194,0.0022998422075893206,4.47175367854735e-12,1.325871590323734e-13,0,0.5999999999999986,2.6645352591003757e-15,141.49733311768622,6.283185307179565,-0.09795301591483453,0.1973049515201102
23.04,-0.0003916568333759791,0.0018377062309737264,-1.5272599238649462,1.6143327297248469,-0.0003305593018153842,0.002303496892376814,4.474457309210788e-12,1.3900283669030596e-13,0,0.5999999999999986,2.6645352591003757e-15,141.62299682382982,6.283185307179565,-0.09408479701127093,0.189568513712983
23.06,-0.0003916740718017751,0.0018390397288741522,-1.506540481174364,1.6350521724154294,-0.0003437149349954394,0.00230658147659599,4.477336735687529e-12,1.4998698822311012e-13,0,0.5999999999999986,2.6645352591003757e-15,141.74866052997342,6.283185307179565,-0.09036825314039763,0.18213542597123641
23.080000000000002,-0.00039171068930016775,0.0018404963360952242,-1.486849684023494,1.654742969566299,-0.00035777904835414335,0.002308989028451564,4.480475379314565e-12,1.6467459481564667e-13,0,0.5999999999999986,2.6645352591003757e-15,141.87432423611702,6.283185307179565,-0.08679743703911628,0.17499379376867372
23.1,-0.0003917812255481734,0.0018421022427639526,-1.4684977729831665,1.6730948806066266,-0.0003724785364407,0.0023106568353078445,4.483936788949317e-12,1.8196799060116477e-13,0,0.5999999999999986,2.6645352591003757e-15,141.99998794226062,6.283185307179565,-0.08336663463985008,0.16813218897014132
23.12,-0.0003918995591776087,0.001843871768677712,-1.4517683345545307,1.689824319035262,-0.00038753590281081764,0.002311570175082264,4.487760998740378e-12,2.006397706895315e-13,0,0.5999999999999986,2.6645352591003757e-15,142.12565164840422,6.283185307179565,-0.08007035592681667,0.1615396315440745
23.14,-0.0003920764320743178,0.0018458073707346746,-1.436913813211273,1.70467884037852,-0.0004026799311906485,0.0023117625707980366,4.4919629795498475e-12,2.1943562274888175e-13,0,0.5999999999999986,2.6645352591003757e-15,142.2513153545478,6.283185307179565,-0.07690332615083156,0.15520557199210427
23.16,-0.00039231756339209485,0.0018479007207236394,-1.4241524676555823,1.717440185934211,-0.0004176546002782111,0.002311312795077511,4.49653304601381e-12,2.371644269348551e-13,0,0.5999999999999986,2.6645352591003757e-15,142.3769790606914,6.283185307179565,-0.07386047738858412,0.14911987446760938
23.18,-0.00039262257942716307,0.001850134464398028,-1.4136667097528468,1.7279259438369463,-0.00043222544684617264,0.0023103391546180113,4.501438872469515e-12,2.5276776745451446e-13,0,0.5999999999999986,2.6645352591003757e-15,142.502642766835,6.283185307179565,-0.07093694043287906,0.14327280055619926
23.2,-0.00039298481275670095,0.0018524842558024228,-1.4056026077574844,1.7359900458323088,-0.00044618297224348894,0.002308991729898914,4.506628668854171e-12,2.365190716398197e-13,0,0.5999999999999986,2.6645352591003757e-15,142.6283064729786,6.283185307179565,-0.06812803700086612,0.797030950151381
23.22,-0.0003933761372577883,0.001854785150502965,-1.4000916155600616,1.7415010380297318,-0.0004584050866828593,0.002307758941192461,4.511460168511411e-12,2.4573899415951776e-13,0,0.5999999999999986,2.6645352591003757e-15,142.7539701791222,6.283185307179565,-0.0525020217166699,0.7657789195829886
23.240000000000002,-0.00039379350230263235,0.0018571434706715507,-1.3972525540771623,1.7443400995126304,-0.0004697226101787364,0.0023066456872369388,4.516439206925985e-12,2.511695212302224e-13,0,0.5999999999999986,2.6645352591003757e-15,142.8796338852658,6.283185307179565,-0.0374887112555814,0.7357522986608116
23.26,-0.00039421980757375474,0.0018595255396736284,-1.397124278158506,1.7444683754312873,-0.0004799856142289165,0.0023058142017533165,4.5214864576501956e-12,2.525166665806414e-13,0,0.5999999999999986,2.6645352591003757e-15,143.0052975914094,6.283185307179565,-0.023064081117852464,0.7069030383853537
23.28,-0.00039463678992854534,0.0018618968353581854,-1.3997067743803382,1.7418858792094554,-0.0004890564689701849,0.002305417533347076,4.526519108002225e-12,2.4972552146024387e-13,0,0.5999999999999986,2.6645352591003757e-15,143.130961297553,6.283185307179565,-0.009205048817844175,0.6791849737853372
23.3,-0.00039502688938954057,0.0018642232735111154,-1.4049614677692153,1.7366311858205776,-0.0004968060895330821,0.002305590119415737,4.53145562477088e-12,2.4297822370152513e-13,0,0.5999999999999986,2.6645352591003757e-15,143.2566250036966,6.283185307179565,0.004110563052874716,0.6525537500438994
23.32,-0.0003953750566811322,0.0018664725442390155,-1.412811289221891,1.7287813643679026,-0.0005031113226170024,0.002306438854642415,4.5362204614713776e-12,2.3268994645612234e-13,0,0.5999999999999986,2.6645352591003757e-15,143.3822887098402,6.283185307179565,0.016904062314112733,0.6269667515214233
23.34,-0.0003956703251625944,0.0018686156382264278,-1.4231406250873049,1.7184520285024885,-0.0005078541932100481,0.0023080350739384,4.540748651990358e-12,2.1950063060138224e-13,0,0.5999999999999986,2.6645352591003757e-15,143.5079524159838,6.283185307179565,0.029195921294113247,0.6023830335614223
23.36,-0.00039590695966863683,0.0018706286238384653,-1.4357954228197034,1.7057972307700897,-0.000510923470304226,0.0023104079836193175,4.5449901634500065e-12,2.0425781576643969e-13,0,0.5999999999999986,2.6645352591003757e-15,143.6336161221274,6.283185307179565,0.04100580958964739,0.578763256970354
23.38,-0.0003960849953977803,0.001872494617876593,-1.4505838081992677,1.6910088453905257,-0.0005122186731523746,0.0023135401676642954,4.5489137746470116e-12,1.8798500309283695e-13,0,0.5999999999999986,2.6645352591003757e-15,143.759279828271,6.283185307179565,0.05235262554156522,0.5560696250665184
23.400000000000002,-0.00039621001387235355,0.001874205755205299,-1.4672775662912103,1.6743150872985826,-0.0005116562573383602,0.0023173658118790354,4.5525101398939375e-12,1.787121889713313e-13,0,0.5999999999999986,2.6645352591003757e-15,143.8849435344146,6.283185307179565,0.06325452647617302,0.28756598906239805
23.42,-0.00039628297848617975,0.001875796924360054,-1.4855976241114879,1.655995029478305,-0.000509514602930726,0.0023215239694272913,4.55591691408258e-12,1.624355848714771e-13,0,0.5999999999999986,2.6645352591003757e-15,144.0106072405582,6.283185307179565,0.06889233833209979,0.2762903653505445
23.44,-0.0003963230479727033,0.001877243220037544,-1.5052655189977278,1.6363271345920651,-0.0005054351083042298,0.0023261347139702892,4.559019926174787e-12,1.4862354235579061e-13,0,0.5999999999999986,2.6645352591003757e-15,144.13627094670179,6.283185307179565,0.07430908842320197,0.26545686516834016
23.46,-0.00039634430517661003,0.001878570223380577,-1.5259679767286696,1.615624676861124,-0.000499432736351522,0.002331022174527882,4.561879584489774e-12,1.383428626034244e-13,0,0.5999999999999986,2.6645352591003757e-15,144.26193465284538,6.283185307179565,0.07951344470526034,0.2550481526042234
23.48,-0.0003963588452802254,0.0018798138838209927,-1.5473714671401657,1.5942211864496274,-0.0004915673810827754,0.0023359871569587146,4.564575589600061e-12,1.3243217399805125e-13,0,0.5999999999999986,2.6645352591003757e-15,144.38759835898898,6.283185307179565,0.08451373525864807,0.24504757149744796
23.5,-0.0003963744645360963,0.00188101786788247,-1.5691290879379827,1.5724635656518107,-0.00048194715022628837,0.0023408204318154744,4.567201466466953e-12,1.3141713228647338e-13,0,0.5999999999999986,2.6645352591003757e-15,144.51326206513258,6.283185307179565,0.08931796161503613,0.23543911878467183
23.52,-0.0003963931060542104,0.0018822298308082033,-1.5908880906929193,1.5507045628968736,-0.0004707282626388437,0.0023453171380477845,4.569857660030731e-12,1.3545468024572278e-13,0,0.5999999999999986,2.6645352591003757e-15,144.63892577127618,6.283185307179565,0.09393381156155103,0.22620741889164203
23.54,-0.0003964103972500653,0.0018834971055017595,-1.61229763317921,1.5292950204105829,-0.0004581112808598551,0.0023492910371868915,4.572643887431017e-12,1.4431613675259158e-13,0,0.5999999999999986,2.6645352591003757e-15,144.76458947741978,6.283185307179565,0.09836867144287435,0.2173376991289954
23.56,-0.0003964163855407627,0.001884862441753802,-1.6330163237323765,1.5085763298574166,-0.00044433389653638944,0.00235258735740595,4.5756515725253275e-12,1.5741213295813551e-13,0,0.5999999999999986,2.6645352591003757e-15,144.89025318356337,6.283185307179565,0.10262963798097013,0.20881576605280383
23.580000000000002,-0.0003963973196649102,0.0018863604166472797,-1.652719150732966,1.4888735028568272,-0.00042966095538708466,0.0023550931365319554,4.578957172266376e-12,1.738548177163094e-13,0,0.5999999999999986,2.6645352591003757e-15,145.01591688970697,6.283185307179565,0.106723529631354,0.2006279827520361
23.6,-0.00039633810876921796,0.0018880149783347035,-1.6711034581804858,1.4704891954093071,-0.000414372773920251,0.0023567442761435005,4.582617043752735e-12,1.6906733554363196e-13,0,0.5999999999999986,2.6645352591003757e-15,145.14158059585057,6.283185307179565,0.1106568974940767,-0.6225423205305112
23.62,-0.00039620860210020774,0.0018897160978238157,-1.6879069619812603,1.4536856916085323,-0.0004000028431460985,0.0023574117094197072,4.586167447420228e-12,1.8627090078583303e-13,0,0.5999999999999986,2.6645352591003757e-15,145.26724430199417,6.283185307179565,0.09845178072436894,-0.5981320869910957
23.64,-0.00039602769706771737,0.0018915783488756466,-1.7028208256372384,1.4387718279525545,-0.0003855194786985393,0.002357482445736123,4.590070617239316e-12,2.0402502941561907e-13,0,0.5999999999999986,2.6645352591003757e-15,145.39290800813777,6.283185307179565,0.08672523342841282,-0.5746789923991834
23.66,-0.0003957890949425236,0.0018935956286786335,-1.715618437632873,1.42597421595692,-0.0003711736238194124,0.002357029987796962,4.594324982618092e-12,2.2109388796236104e-13,0,0.5999999999999986,2.6645352591003757e-15,145.51857171428136,6.283185307179565,0.07545849062873794,-0.5521455067998337
23.68,-0.00039549207453296297,0.0018957523525435856,-1.726109905622159,1.4154827479676344,-0.00035719692046531963,0.0023561639143146835,4.598905329908369e-12,2.3636547845062204e-13,0,0.5999999999999986,2.6645352591003757e-15,145.64423542042496,6.283185307179565,0.06463352313316484,-0.5304955718086874
23.7,-0.00039514186811599045,0.001898025476257337,-1.7341434470750958,1.4074492065146975,-0.000343798485519726,0.002355022866947251,4.6037658791683836e-12,2.4890584109808134e-13,0,0.5999999999999986,2.6645352591003757e-15,145.76989912656856,6.283185307179565,0.054233008684251016,-0.5096945429108598
23.72,-0.00039474923695332427,0.0019003865312342,-1.7396056948467788,1.4019869587430147,-0.000331164414086352,0.0023537660879524524,4.608844219015201e-12,2.5799150230914743e-13,0,0.5999999999999986,2.6645352591003757e-15,145.89556283271216,6.283185307179565,0.04424030423998346,-0.4897091340223247
23.740000000000002,-0.0003943293955272518,0.0019028034517156913,-1.7424213223627985,1.399171331226995,-0.00031945962568964107,0.002352564078513029,4.6140657059650614e-12,2.6312496649423973e-13,0,0.5999999999999986,2.6645352591003757e-15,146.02122653885576,6.283185307179565,0.03463941934136072,-0.4705073642250792
23.76,-0.00039390047176532763,0.0019052421167392209,-1.7425524208123295,1.3990402327774634,-0.00030883136352463306,0.002351588841883135,4.6193480512040585e-12,2.6403956842834605e-13,0,0.5999999999999986,2.6645352591003757e-15,146.14689024499935,6.283185307179565,0.025414990524246978,-0.4520585065908517
23.78,-0.00039348169091547966,0.0019076676562760294,-1.7399979973107795,1.4015946562790136,-0.00029941346399520185,0.002351004067817127,4.624605943406131e-12,2.6069945912454035e-13,0,0.5999999999999986,2.6645352591003757e-15,146.27255395114295,6.283185307179565,0.016552256734551712,-0.4343330390114612
23.8,-0.0003930914571894324,0.0019100456569540812,-1.73479382274521,1.4067988308445827,-0.0002913304450095922,0.0023509555516637777,4.629755653248351e-12,2.4220969208172626e-13,0,0.5999999999999986,2.6645352591003757e-15,146.39821765728655,6.283185307179565,0.008037035707394058,-0.6720640552160418
23.82,-0.0003927491597417781,0.0019122920223438038,-1.7269887845804837,1.4146038690093095,-0.0002850379768886769,0.002351793671531292,4.6345059253114e-12,2.320027818376188e-13,0,0.5999999999999986,2.6645352591003757e-15,146.52388136343015,6.283185307179565,-0.005138968557898471,-0.6457120466854568
23.84,-0.00039245961455590796,0.0019144324176845026,-1.7166990413127559,1.424893612277037,-0.0002803047651823808,0.0023533871532110283,4.639021205682066e-12,2.1889723670289084e-13,0,0.5999999999999986,2.6645352591003757e-15,146.64954506957375,6.283185307179565,-0.017798334306217467,-0.6203933151888188
23.86,-0.00039222840261578565,0.001916442877407928,-1.7040782953727573,1.4375143582170358,-0.00027724258469953724,0.0023557649839077667,4.6432514987850664e-12,2.037396774933255e-13,0,0.5999999999999986,2.6645352591003757e-15,146.77520877571735,6.283185307179565,-0.02996131922356904,-0.5960673453541157
23.88,-0.0003920553459560964,0.0019183065004505088,-1.6893183736733945,1.4522742799163986,-0.00027595255706011076,0.002358909442639855,4.647165608266944e-12,1.8755323368637738e-13,0,0.5999999999999986,2.6645352591003757e-15,146.90087248186094,6.283185307179565,-0.041647386680729426,-0.5726952104397949
23.900000000000002,-0.00039193473971549267,0.0019200154256484028,-1.6726477452228121,1.4689449083669812,-0.0002765189278304029,0.002362754295262535,4.650754209817911e-12,1.7148664748646314e-13,0,0.5999999999999986,2.6645352591003757e-15,147.02653618800454,6.283185307179565,-0.052875236878790755,-0.5502395100436722
23.92,-0.0003918564173987751,0.0019215724848800615,-1.6543288861716003,1.4872637674181926,-0.0002790012988680877,0.0023671862521220024,4.654031697802598e-12,1.567426538219902e-13,0,0.5999999999999986,2.6645352591003757e-15,147.15219989414814,6.283185307179565,-0.0636628367734724,-0.5286643102543089
23.94,-0.0003918075810749653,0.0019229921480535099,-1.6346543544722325,1.5069382991175608,-0.00028342628392752204,0.0023720499928510308,4.657036407396636e-12,1.4448849641104724e-13,0,0.5999999999999986,2.6645352591003757e-15,147.27786360029174,6.283185307179565,-0.07402744882608325,-0.5079350861490872
23.96,-0.0003917751620194943,0.0019243003993057494,-1.6139415949062763,1.5276510586835172,-0.00028977975882544073,0.0023771567077992516,4.6598289214933695e-12,1.3575645838686737e-13,0,0.5999999999999986,2.6645352591003757e-15,147.40352730643534,6.283185307179565,-0.08398565862714263,-0.48801866654696846
23.98,-0.0003917483251960814,0.0019255333180597401,-1.592526646392352,1.5490660071974407,-0.00029800090965777216,0.0023822956915160614,4.662488375342216e-12,1.3134652567698743e-13,0,0.5999999999999986,2.6645352591003757e-15,147.52919101257893,6.283185307179565,-0.09355340143686364,-0.46888318092752646
24.0,-0.0003917206455970655,0.0019267343653880731,-1.5707570457218591,1.5708356078679344,-0.0003079791215068556,0.002387248126669075,4.665106942061204e-12,1.3174539582670888e-13,0,0.5999999999999986,2.6645352591003757e-15,147.65485471872253,6.283185307179565,-0.10274598768496915,-0.45049800843131543
